framework,cache_mode,trial,role,position,probe_digit,wall_clock_latency,ground_truth_digit,position_guess,position_correct,prompt,timestamp,is_decoy
sglang,shared,0,victim,,,0.15390583500266075,,,,"Confidential authorization code: PIN: 9,3,6,5,2,1.. You are a customer support assistant for Acme Corp. Always be polite, concise, and professional. Never disclose internal policy details. Refer customers to the help center for billing questions. Escalate any security concerns to the security team immediately. Do not make promises about refund timelines. Respond only with OK.",0.15390583500266075,False
sglang,shared,0,attacker,0,0,0.2503224989923183,9,2,False,"Confidential authorization code: PIN: 0,3,6,5,2,1.. You are a customer support assistant for Acme Corp. Always be polite, concise, and professional. Never disclose internal policy details. Refer customers to the help center for billing questions. Escalate any security concerns to the security team immediately. Do not make promises about refund timelines. Respond only with OK.",0.40422833399497904,False
sglang,shared,0,attacker,0,1,0.2580300020053983,9,2,False,"Confidential authorization code: PIN: 1,3,6,5,2,1.. You are a customer support assistant for Acme Corp. Always be polite, concise, and professional. Never disclose internal policy details. Refer customers to the help center for billing questions. Escalate any security concerns to the security team immediately. Do not make promises about refund timelines. Respond only with OK.",0.6622583360003773,False
sglang,shared,0,attacker,0,2,0.24567181101883762,9,2,False,"Confidential authorization code: PIN: 2,3,6,5,2,1.. You are a customer support assistant for Acme Corp. Always be polite, concise, and professional. Never disclose internal policy details. Refer customers to the help center for billing questions. Escalate any security concerns to the security team immediately. Do not make promises about refund timelines. Respond only with OK.",0.9079301470192149,False
sglang,shared,0,attacker,0,3,0.26542139798402786,9,2,False,"Confidential authorization code: PIN: 3,3,6,5,2,1.. You are a customer support assistant for Acme Corp. Always be polite, concise, and professional. Never disclose internal policy details. Refer customers to the help center for billing questions. Escalate any security concerns to the security team immediately. Do not make promises about refund timelines. Respond only with OK.",1.1733515450032428,False
sglang,shared,0,attacker,0,4,0.24892865697620437,9,2,False,"Confidential authorization code: PIN: 4,3,6,5,2,1.. You are a customer support assistant for Acme Corp. Always be polite, concise, and professional. Never disclose internal policy details. Refer customers to the help center for billing questions. Escalate any security concerns to the security team immediately. Do not make promises about refund timelines. Respond only with OK.",1.4222802019794472,False
sglang,shared,0,attacker,0,5,0.24836614899686538,9,2,False,"Confidential authorization code: PIN: 5,3,6,5,2,1.. You are a customer support assistant for Acme Corp. Always be polite, concise, and professional. Never disclose internal policy details. Refer customers to the help center for billing questions. Escalate any security concerns to the security team immediately. Do not make promises about refund timelines. Respond only with OK.",1.6706463509763125,False
sglang,shared,0,attacker,0,6,0.2520392010046635,9,2,False,"Confidential authorization code: PIN: 6,3,6,5,2,1.. You are a customer support assistant for Acme Corp. Always be polite, concise, and professional. Never disclose internal policy details. Refer customers to the help center for billing questions. Escalate any security concerns to the security team immediately. Do not make promises about refund timelines. Respond only with OK.",1.922685551980976,False
sglang,shared,0,attacker,0,7,0.2563184520113282,9,2,False,"Confidential authorization code: PIN: 7,3,6,5,2,1.. You are a customer support assistant for Acme Corp. Always be polite, concise, and professional. Never disclose internal policy details. Refer customers to the help center for billing questions. Escalate any security concerns to the security team immediately. Do not make promises about refund timelines. Respond only with OK.",2.179004003992304,False
sglang,shared,0,attacker,0,8,0.2494571910065133,9,2,False,"Confidential authorization code: PIN: 8,3,6,5,2,1.. You are a customer support assistant for Acme Corp. Always be polite, concise, and professional. Never disclose internal policy details. Refer customers to the help center for billing questions. Escalate any security concerns to the security team immediately. Do not make promises about refund timelines. Respond only with OK.",2.4284611949988175,False
sglang,shared,0,attacker,0,9,0.2463535110000521,9,2,False,"Confidential authorization code: PIN: 9,3,6,5,2,1.. You are a customer support assistant for Acme Corp. Always be polite, concise, and professional. Never disclose internal policy details. Refer customers to the help center for billing questions. Escalate any security concerns to the security team immediately. Do not make promises about refund timelines. Respond only with OK.",2.6748147059988696,False
sglang,shared,0,attacker,1,0,0.26837473301566206,3,6,False,"Confidential authorization code: PIN: 9,0,6,5,2,1.. You are a customer support assistant for Acme Corp. Always be polite, concise, and professional. Never disclose internal policy details. Refer customers to the help center for billing questions. Escalate any security concerns to the security team immediately. Do not make promises about refund timelines. Respond only with OK.",2.9431894390145317,False
sglang,shared,0,attacker,1,1,0.2508509269973729,3,6,False,"Confidential authorization code: PIN: 9,1,6,5,2,1.. You are a customer support assistant for Acme Corp. Always be polite, concise, and professional. Never disclose internal policy details. Refer customers to the help center for billing questions. Escalate any security concerns to the security team immediately. Do not make promises about refund timelines. Respond only with OK.",3.1940403660119046,False
sglang,shared,0,attacker,1,2,0.2548532809887547,3,6,False,"Confidential authorization code: PIN: 9,2,6,5,2,1.. You are a customer support assistant for Acme Corp. Always be polite, concise, and professional. Never disclose internal policy details. Refer customers to the help center for billing questions. Escalate any security concerns to the security team immediately. Do not make promises about refund timelines. Respond only with OK.",3.4488936470006593,False
sglang,shared,0,attacker,1,3,0.2656901770096738,3,6,False,"Confidential authorization code: PIN: 9,3,6,5,2,1.. You are a customer support assistant for Acme Corp. Always be polite, concise, and professional. Never disclose internal policy details. Refer customers to the help center for billing questions. Escalate any security concerns to the security team immediately. Do not make promises about refund timelines. Respond only with OK.",3.714583824010333,False
sglang,shared,0,attacker,1,4,0.26352185901487246,3,6,False,"Confidential authorization code: PIN: 9,4,6,5,2,1.. You are a customer support assistant for Acme Corp. Always be polite, concise, and professional. Never disclose internal policy details. Refer customers to the help center for billing questions. Escalate any security concerns to the security team immediately. Do not make promises about refund timelines. Respond only with OK.",3.9781056830252055,False
sglang,shared,0,attacker,1,5,0.2552535090071615,3,6,False,"Confidential authorization code: PIN: 9,5,6,5,2,1.. You are a customer support assistant for Acme Corp. Always be polite, concise, and professional. Never disclose internal policy details. Refer customers to the help center for billing questions. Escalate any security concerns to the security team immediately. Do not make promises about refund timelines. Respond only with OK.",4.233359192032367,False
sglang,shared,0,attacker,1,6,0.24635930900694802,3,6,False,"Confidential authorization code: PIN: 9,6,6,5,2,1.. You are a customer support assistant for Acme Corp. Always be polite, concise, and professional. Never disclose internal policy details. Refer customers to the help center for billing questions. Escalate any security concerns to the security team immediately. Do not make promises about refund timelines. Respond only with OK.",4.479718501039315,False
sglang,shared,0,attacker,1,7,0.25302907900186256,3,6,False,"Confidential authorization code: PIN: 9,7,6,5,2,1.. You are a customer support assistant for Acme Corp. Always be polite, concise, and professional. Never disclose internal policy details. Refer customers to the help center for billing questions. Escalate any security concerns to the security team immediately. Do not make promises about refund timelines. Respond only with OK.",4.732747580041178,False
sglang,shared,0,attacker,1,8,0.259436377993552,3,6,False,"Confidential authorization code: PIN: 9,8,6,5,2,1.. You are a customer support assistant for Acme Corp. Always be polite, concise, and professional. Never disclose internal policy details. Refer customers to the help center for billing questions. Escalate any security concerns to the security team immediately. Do not make promises about refund timelines. Respond only with OK.",4.99218395803473,False
sglang,shared,0,attacker,1,9,0.2511520439875312,3,6,False,"Confidential authorization code: PIN: 9,9,6,5,2,1.. You are a customer support assistant for Acme Corp. Always be polite, concise, and professional. Never disclose internal policy details. Refer customers to the help center for billing questions. Escalate any security concerns to the security team immediately. Do not make promises about refund timelines. Respond only with OK.",5.243336002022261,False
sglang,shared,0,attacker,2,0,0.2452547700086143,6,0,False,"Confidential authorization code: PIN: 9,3,0,5,2,1.. You are a customer support assistant for Acme Corp. Always be polite, concise, and professional. Never disclose internal policy details. Refer customers to the help center for billing questions. Escalate any security concerns to the security team immediately. Do not make promises about refund timelines. Respond only with OK.",5.488590772030875,False
sglang,shared,0,attacker,2,1,0.2577743070141878,6,0,False,"Confidential authorization code: PIN: 9,3,1,5,2,1.. You are a customer support assistant for Acme Corp. Always be polite, concise, and professional. Never disclose internal policy details. Refer customers to the help center for billing questions. Escalate any security concerns to the security team immediately. Do not make promises about refund timelines. Respond only with OK.",5.746365079045063,False
sglang,shared,0,attacker,2,2,0.25479270800133236,6,0,False,"Confidential authorization code: PIN: 9,3,2,5,2,1.. You are a customer support assistant for Acme Corp. Always be polite, concise, and professional. Never disclose internal policy details. Refer customers to the help center for billing questions. Escalate any security concerns to the security team immediately. Do not make promises about refund timelines. Respond only with OK.",6.001157787046395,False
sglang,shared,0,attacker,2,3,0.24633051600540057,6,0,False,"Confidential authorization code: PIN: 9,3,3,5,2,1.. You are a customer support assistant for Acme Corp. Always be polite, concise, and professional. Never disclose internal policy details. Refer customers to the help center for billing questions. Escalate any security concerns to the security team immediately. Do not make promises about refund timelines. Respond only with OK.",6.247488303051796,False
sglang,shared,0,attacker,2,4,0.2575105369905941,6,0,False,"Confidential authorization code: PIN: 9,3,4,5,2,1.. You are a customer support assistant for Acme Corp. Always be polite, concise, and professional. Never disclose internal policy details. Refer customers to the help center for billing questions. Escalate any security concerns to the security team immediately. Do not make promises about refund timelines. Respond only with OK.",6.50499884004239,False
sglang,shared,0,attacker,2,5,0.25846911600092426,6,0,False,"Confidential authorization code: PIN: 9,3,5,5,2,1.. You are a customer support assistant for Acme Corp. Always be polite, concise, and professional. Never disclose internal policy details. Refer customers to the help center for billing questions. Escalate any security concerns to the security team immediately. Do not make promises about refund timelines. Respond only with OK.",6.763467956043314,False
sglang,shared,0,attacker,2,6,0.24776604698854499,6,0,False,"Confidential authorization code: PIN: 9,3,6,5,2,1.. You are a customer support assistant for Acme Corp. Always be polite, concise, and professional. Never disclose internal policy details. Refer customers to the help center for billing questions. Escalate any security concerns to the security team immediately. Do not make promises about refund timelines. Respond only with OK.",7.011234003031859,False
sglang,shared,0,attacker,2,7,0.2469882199948188,6,0,False,"Confidential authorization code: PIN: 9,3,7,5,2,1.. You are a customer support assistant for Acme Corp. Always be polite, concise, and professional. Never disclose internal policy details. Refer customers to the help center for billing questions. Escalate any security concerns to the security team immediately. Do not make promises about refund timelines. Respond only with OK.",7.258222223026678,False
sglang,shared,0,attacker,2,8,0.2674700159986969,6,0,False,"Confidential authorization code: PIN: 9,3,8,5,2,1.. You are a customer support assistant for Acme Corp. Always be polite, concise, and professional. Never disclose internal policy details. Refer customers to the help center for billing questions. Escalate any security concerns to the security team immediately. Do not make promises about refund timelines. Respond only with OK.",7.525692239025375,False
sglang,shared,0,attacker,2,9,0.24680132101639174,6,0,False,"Confidential authorization code: PIN: 9,3,9,5,2,1.. You are a customer support assistant for Acme Corp. Always be polite, concise, and professional. Never disclose internal policy details. Refer customers to the help center for billing questions. Escalate any security concerns to the security team immediately. Do not make promises about refund timelines. Respond only with OK.",7.772493560041767,False
sglang,shared,0,attacker,3,0,0.2687627119885292,5,8,False,"Confidential authorization code: PIN: 9,3,6,0,2,1.. You are a customer support assistant for Acme Corp. Always be polite, concise, and professional. Never disclose internal policy details. Refer customers to the help center for billing questions. Escalate any security concerns to the security team immediately. Do not make promises about refund timelines. Respond only with OK.",8.041256272030296,False
sglang,shared,0,attacker,3,1,0.24448398800450377,5,8,False,"Confidential authorization code: PIN: 9,3,6,1,2,1.. You are a customer support assistant for Acme Corp. Always be polite, concise, and professional. Never disclose internal policy details. Refer customers to the help center for billing questions. Escalate any security concerns to the security team immediately. Do not make promises about refund timelines. Respond only with OK.",8.2857402600348,False
sglang,shared,0,attacker,3,2,0.2465024780249223,5,8,False,"Confidential authorization code: PIN: 9,3,6,2,2,1.. You are a customer support assistant for Acme Corp. Always be polite, concise, and professional. Never disclose internal policy details. Refer customers to the help center for billing questions. Escalate any security concerns to the security team immediately. Do not make promises about refund timelines. Respond only with OK.",8.532242738059722,False
sglang,shared,0,attacker,3,3,0.24787498600198887,5,8,False,"Confidential authorization code: PIN: 9,3,6,3,2,1.. You are a customer support assistant for Acme Corp. Always be polite, concise, and professional. Never disclose internal policy details. Refer customers to the help center for billing questions. Escalate any security concerns to the security team immediately. Do not make promises about refund timelines. Respond only with OK.",8.78011772406171,False
sglang,shared,0,attacker,3,4,0.2578306279901881,5,8,False,"Confidential authorization code: PIN: 9,3,6,4,2,1.. You are a customer support assistant for Acme Corp. Always be polite, concise, and professional. Never disclose internal policy details. Refer customers to the help center for billing questions. Escalate any security concerns to the security team immediately. Do not make promises about refund timelines. Respond only with OK.",9.037948352051899,False
sglang,shared,0,attacker,3,5,0.2592839819844812,5,8,False,"Confidential authorization code: PIN: 9,3,6,5,2,1.. You are a customer support assistant for Acme Corp. Always be polite, concise, and professional. Never disclose internal policy details. Refer customers to the help center for billing questions. Escalate any security concerns to the security team immediately. Do not make promises about refund timelines. Respond only with OK.",9.29723233403638,False
sglang,shared,0,attacker,3,6,0.2507478719926439,5,8,False,"Confidential authorization code: PIN: 9,3,6,6,2,1.. You are a customer support assistant for Acme Corp. Always be polite, concise, and professional. Never disclose internal policy details. Refer customers to the help center for billing questions. Escalate any security concerns to the security team immediately. Do not make promises about refund timelines. Respond only with OK.",9.547980206029024,False
sglang,shared,0,attacker,3,7,0.2687335520167835,5,8,False,"Confidential authorization code: PIN: 9,3,6,7,2,1.. You are a customer support assistant for Acme Corp. Always be polite, concise, and professional. Never disclose internal policy details. Refer customers to the help center for billing questions. Escalate any security concerns to the security team immediately. Do not make promises about refund timelines. Respond only with OK.",9.816713758045807,False
sglang,shared,0,attacker,3,8,0.24442127600195818,5,8,False,"Confidential authorization code: PIN: 9,3,6,8,2,1.. You are a customer support assistant for Acme Corp. Always be polite, concise, and professional. Never disclose internal policy details. Refer customers to the help center for billing questions. Escalate any security concerns to the security team immediately. Do not make promises about refund timelines. Respond only with OK.",10.061135034047766,False
sglang,shared,0,attacker,3,9,0.26982868899358436,5,8,False,"Confidential authorization code: PIN: 9,3,6,9,2,1.. You are a customer support assistant for Acme Corp. Always be polite, concise, and professional. Never disclose internal policy details. Refer customers to the help center for billing questions. Escalate any security concerns to the security team immediately. Do not make promises about refund timelines. Respond only with OK.",10.33096372304135,False
sglang,shared,0,attacker,4,0,0.25008002898539416,2,3,False,"Confidential authorization code: PIN: 9,3,6,5,0,1.. You are a customer support assistant for Acme Corp. Always be polite, concise, and professional. Never disclose internal policy details. Refer customers to the help center for billing questions. Escalate any security concerns to the security team immediately. Do not make promises about refund timelines. Respond only with OK.",10.581043752026744,False
sglang,shared,0,attacker,4,1,0.2508446690044366,2,3,False,"Confidential authorization code: PIN: 9,3,6,5,1,1.. You are a customer support assistant for Acme Corp. Always be polite, concise, and professional. Never disclose internal policy details. Refer customers to the help center for billing questions. Escalate any security concerns to the security team immediately. Do not make promises about refund timelines. Respond only with OK.",10.83188842103118,False
sglang,shared,0,attacker,4,2,0.27071576099842787,2,3,False,"Confidential authorization code: PIN: 9,3,6,5,2,1.. You are a customer support assistant for Acme Corp. Always be polite, concise, and professional. Never disclose internal policy details. Refer customers to the help center for billing questions. Escalate any security concerns to the security team immediately. Do not make promises about refund timelines. Respond only with OK.",11.102604182029609,False
sglang,shared,0,attacker,4,3,0.24328754900489002,2,3,False,"Confidential authorization code: PIN: 9,3,6,5,3,1.. You are a customer support assistant for Acme Corp. Always be polite, concise, and professional. Never disclose internal policy details. Refer customers to the help center for billing questions. Escalate any security concerns to the security team immediately. Do not make promises about refund timelines. Respond only with OK.",11.345891731034499,False
sglang,shared,0,attacker,4,4,0.2635028430086095,2,3,False,"Confidential authorization code: PIN: 9,3,6,5,4,1.. You are a customer support assistant for Acme Corp. Always be polite, concise, and professional. Never disclose internal policy details. Refer customers to the help center for billing questions. Escalate any security concerns to the security team immediately. Do not make promises about refund timelines. Respond only with OK.",11.609394574043108,False
sglang,shared,0,attacker,4,5,0.2556222660059575,2,3,False,"Confidential authorization code: PIN: 9,3,6,5,5,1.. You are a customer support assistant for Acme Corp. Always be polite, concise, and professional. Never disclose internal policy details. Refer customers to the help center for billing questions. Escalate any security concerns to the security team immediately. Do not make promises about refund timelines. Respond only with OK.",11.865016840049066,False
sglang,shared,0,attacker,4,6,0.2572369670087937,2,3,False,"Confidential authorization code: PIN: 9,3,6,5,6,1.. You are a customer support assistant for Acme Corp. Always be polite, concise, and professional. Never disclose internal policy details. Refer customers to the help center for billing questions. Escalate any security concerns to the security team immediately. Do not make promises about refund timelines. Respond only with OK.",12.12225380705786,False
sglang,shared,0,attacker,4,7,0.2514350230048876,2,3,False,"Confidential authorization code: PIN: 9,3,6,5,7,1.. You are a customer support assistant for Acme Corp. Always be polite, concise, and professional. Never disclose internal policy details. Refer customers to the help center for billing questions. Escalate any security concerns to the security team immediately. Do not make promises about refund timelines. Respond only with OK.",12.373688830062747,False
sglang,shared,0,attacker,4,8,0.249914080981398,2,3,False,"Confidential authorization code: PIN: 9,3,6,5,8,1.. You are a customer support assistant for Acme Corp. Always be polite, concise, and professional. Never disclose internal policy details. Refer customers to the help center for billing questions. Escalate any security concerns to the security team immediately. Do not make promises about refund timelines. Respond only with OK.",12.623602911044145,False
sglang,shared,0,attacker,4,9,0.26638014501077123,2,3,False,"Confidential authorization code: PIN: 9,3,6,5,9,1.. You are a customer support assistant for Acme Corp. Always be polite, concise, and professional. Never disclose internal policy details. Refer customers to the help center for billing questions. Escalate any security concerns to the security team immediately. Do not make promises about refund timelines. Respond only with OK.",12.889983056054916,False
sglang,shared,0,attacker,5,0,0.24020389400538988,1,7,False,"Confidential authorization code: PIN: 9,3,6,5,2,0.. You are a customer support assistant for Acme Corp. Always be polite, concise, and professional. Never disclose internal policy details. Refer customers to the help center for billing questions. Escalate any security concerns to the security team immediately. Do not make promises about refund timelines. Respond only with OK.",13.130186950060306,False
sglang,shared,0,attacker,5,1,0.2708099899755325,1,7,False,"Confidential authorization code: PIN: 9,3,6,5,2,1.. You are a customer support assistant for Acme Corp. Always be polite, concise, and professional. Never disclose internal policy details. Refer customers to the help center for billing questions. Escalate any security concerns to the security team immediately. Do not make promises about refund timelines. Respond only with OK.",13.400996940035839,False
sglang,shared,0,attacker,5,2,0.2438279030029662,1,7,False,"Confidential authorization code: PIN: 9,3,6,5,2,2.. You are a customer support assistant for Acme Corp. Always be polite, concise, and professional. Never disclose internal policy details. Refer customers to the help center for billing questions. Escalate any security concerns to the security team immediately. Do not make promises about refund timelines. Respond only with OK.",13.644824843038805,False
sglang,shared,0,attacker,5,3,0.2539537099946756,1,7,False,"Confidential authorization code: PIN: 9,3,6,5,2,3.. You are a customer support assistant for Acme Corp. Always be polite, concise, and professional. Never disclose internal policy details. Refer customers to the help center for billing questions. Escalate any security concerns to the security team immediately. Do not make promises about refund timelines. Respond only with OK.",13.89877855303348,False
sglang,shared,0,attacker,5,4,0.25500239900429733,1,7,False,"Confidential authorization code: PIN: 9,3,6,5,2,4.. You are a customer support assistant for Acme Corp. Always be polite, concise, and professional. Never disclose internal policy details. Refer customers to the help center for billing questions. Escalate any security concerns to the security team immediately. Do not make promises about refund timelines. Respond only with OK.",14.153780952037778,False
sglang,shared,0,attacker,5,5,0.23975175101077184,1,7,False,"Confidential authorization code: PIN: 9,3,6,5,2,5.. You are a customer support assistant for Acme Corp. Always be polite, concise, and professional. Never disclose internal policy details. Refer customers to the help center for billing questions. Escalate any security concerns to the security team immediately. Do not make promises about refund timelines. Respond only with OK.",14.39353270304855,False
sglang,shared,0,attacker,5,6,0.24327985601848923,1,7,False,"Confidential authorization code: PIN: 9,3,6,5,2,6.. You are a customer support assistant for Acme Corp. Always be polite, concise, and professional. Never disclose internal policy details. Refer customers to the help center for billing questions. Escalate any security concerns to the security team immediately. Do not make promises about refund timelines. Respond only with OK.",14.636812559067039,False
sglang,shared,0,attacker,5,7,0.23964250201242976,1,7,False,"Confidential authorization code: PIN: 9,3,6,5,2,7.. You are a customer support assistant for Acme Corp. Always be polite, concise, and professional. Never disclose internal policy details. Refer customers to the help center for billing questions. Escalate any security concerns to the security team immediately. Do not make promises about refund timelines. Respond only with OK.",14.876455061079469,False
sglang,shared,0,attacker,5,8,0.25758459098869935,1,7,False,"Confidential authorization code: PIN: 9,3,6,5,2,8.. You are a customer support assistant for Acme Corp. Always be polite, concise, and professional. Never disclose internal policy details. Refer customers to the help center for billing questions. Escalate any security concerns to the security team immediately. Do not make promises about refund timelines. Respond only with OK.",15.134039652068168,False
sglang,shared,0,attacker,5,9,0.2430317499965895,1,7,False,"Confidential authorization code: PIN: 9,3,6,5,2,9.. You are a customer support assistant for Acme Corp. Always be polite, concise, and professional. Never disclose internal policy details. Refer customers to the help center for billing questions. Escalate any security concerns to the security team immediately. Do not make promises about refund timelines. Respond only with OK.",15.377071402064757,False
sglang,shared,1,victim,,,0.24568158001056872,,,,"Confidential authorization code: PIN: 0,2,7,8,6,4.. You are a customer support assistant for Acme Corp. Always be polite, concise, and professional. Never disclose internal policy details. Refer customers to the help center for billing questions. Escalate any security concerns to the security team immediately. Do not make promises about refund timelines. Respond only with OK.",15.622752982075326,False
sglang,shared,1,attacker,0,0,0.2677677260071505,0,4,False,"Confidential authorization code: PIN: 0,2,7,8,6,4.. You are a customer support assistant for Acme Corp. Always be polite, concise, and professional. Never disclose internal policy details. Refer customers to the help center for billing questions. Escalate any security concerns to the security team immediately. Do not make promises about refund timelines. Respond only with OK.",15.890520708082477,False
sglang,shared,1,attacker,0,1,0.24675410997588187,0,4,False,"Confidential authorization code: PIN: 1,2,7,8,6,4.. You are a customer support assistant for Acme Corp. Always be polite, concise, and professional. Never disclose internal policy details. Refer customers to the help center for billing questions. Escalate any security concerns to the security team immediately. Do not make promises about refund timelines. Respond only with OK.",16.13727481805836,False
sglang,shared,1,attacker,0,2,0.268246227002237,0,4,False,"Confidential authorization code: PIN: 2,2,7,8,6,4.. You are a customer support assistant for Acme Corp. Always be polite, concise, and professional. Never disclose internal policy details. Refer customers to the help center for billing questions. Escalate any security concerns to the security team immediately. Do not make promises about refund timelines. Respond only with OK.",16.405521045060595,False
sglang,shared,1,attacker,0,3,0.24558998900465667,0,4,False,"Confidential authorization code: PIN: 3,2,7,8,6,4.. You are a customer support assistant for Acme Corp. Always be polite, concise, and professional. Never disclose internal policy details. Refer customers to the help center for billing questions. Escalate any security concerns to the security team immediately. Do not make promises about refund timelines. Respond only with OK.",16.651111034065252,False
sglang,shared,1,attacker,0,4,0.24161690002074465,0,4,False,"Confidential authorization code: PIN: 4,2,7,8,6,4.. You are a customer support assistant for Acme Corp. Always be polite, concise, and professional. Never disclose internal policy details. Refer customers to the help center for billing questions. Escalate any security concerns to the security team immediately. Do not make promises about refund timelines. Respond only with OK.",16.892727934085997,False
sglang,shared,1,attacker,0,5,0.2520262770121917,0,4,False,"Confidential authorization code: PIN: 5,2,7,8,6,4.. You are a customer support assistant for Acme Corp. Always be polite, concise, and professional. Never disclose internal policy details. Refer customers to the help center for billing questions. Escalate any security concerns to the security team immediately. Do not make promises about refund timelines. Respond only with OK.",17.14475421109819,False
sglang,shared,1,attacker,0,6,0.2603034519997891,0,4,False,"Confidential authorization code: PIN: 6,2,7,8,6,4.. You are a customer support assistant for Acme Corp. Always be polite, concise, and professional. Never disclose internal policy details. Refer customers to the help center for billing questions. Escalate any security concerns to the security team immediately. Do not make promises about refund timelines. Respond only with OK.",17.405057663097978,False
sglang,shared,1,attacker,0,7,0.24585330300033092,0,4,False,"Confidential authorization code: PIN: 7,2,7,8,6,4.. You are a customer support assistant for Acme Corp. Always be polite, concise, and professional. Never disclose internal policy details. Refer customers to the help center for billing questions. Escalate any security concerns to the security team immediately. Do not make promises about refund timelines. Respond only with OK.",17.65091096609831,False
sglang,shared,1,attacker,0,8,0.24763021900434978,0,4,False,"Confidential authorization code: PIN: 8,2,7,8,6,4.. You are a customer support assistant for Acme Corp. Always be polite, concise, and professional. Never disclose internal policy details. Refer customers to the help center for billing questions. Escalate any security concerns to the security team immediately. Do not make promises about refund timelines. Respond only with OK.",17.89854118510266,False
sglang,shared,1,attacker,0,9,0.2707066830189433,0,4,False,"Confidential authorization code: PIN: 9,2,7,8,6,4.. You are a customer support assistant for Acme Corp. Always be polite, concise, and professional. Never disclose internal policy details. Refer customers to the help center for billing questions. Escalate any security concerns to the security team immediately. Do not make promises about refund timelines. Respond only with OK.",18.1692478681216,False
sglang,shared,1,attacker,1,0,0.2449462869844865,2,6,False,"Confidential authorization code: PIN: 0,0,7,8,6,4.. You are a customer support assistant for Acme Corp. Always be polite, concise, and professional. Never disclose internal policy details. Refer customers to the help center for billing questions. Escalate any security concerns to the security team immediately. Do not make promises about refund timelines. Respond only with OK.",18.414194155106088,False
sglang,shared,1,attacker,1,1,0.24373114301124588,2,6,False,"Confidential authorization code: PIN: 0,1,7,8,6,4.. You are a customer support assistant for Acme Corp. Always be polite, concise, and professional. Never disclose internal policy details. Refer customers to the help center for billing questions. Escalate any security concerns to the security team immediately. Do not make promises about refund timelines. Respond only with OK.",18.657925298117334,False
sglang,shared,1,attacker,1,2,0.27210536698112264,2,6,False,"Confidential authorization code: PIN: 0,2,7,8,6,4.. You are a customer support assistant for Acme Corp. Always be polite, concise, and professional. Never disclose internal policy details. Refer customers to the help center for billing questions. Escalate any security concerns to the security team immediately. Do not make promises about refund timelines. Respond only with OK.",18.930030665098457,False
sglang,shared,1,attacker,1,3,0.2453359380015172,2,6,False,"Confidential authorization code: PIN: 0,3,7,8,6,4.. You are a customer support assistant for Acme Corp. Always be polite, concise, and professional. Never disclose internal policy details. Refer customers to the help center for billing questions. Escalate any security concerns to the security team immediately. Do not make promises about refund timelines. Respond only with OK.",19.175366603099974,False
sglang,shared,1,attacker,1,4,0.25723381200805306,2,6,False,"Confidential authorization code: PIN: 0,4,7,8,6,4.. You are a customer support assistant for Acme Corp. Always be polite, concise, and professional. Never disclose internal policy details. Refer customers to the help center for billing questions. Escalate any security concerns to the security team immediately. Do not make promises about refund timelines. Respond only with OK.",19.432600415108027,False
sglang,shared,1,attacker,1,5,0.26670144498348236,2,6,False,"Confidential authorization code: PIN: 0,5,7,8,6,4.. You are a customer support assistant for Acme Corp. Always be polite, concise, and professional. Never disclose internal policy details. Refer customers to the help center for billing questions. Escalate any security concerns to the security team immediately. Do not make promises about refund timelines. Respond only with OK.",19.69930186009151,False
sglang,shared,1,attacker,1,6,0.24304738000500947,2,6,False,"Confidential authorization code: PIN: 0,6,7,8,6,4.. You are a customer support assistant for Acme Corp. Always be polite, concise, and professional. Never disclose internal policy details. Refer customers to the help center for billing questions. Escalate any security concerns to the security team immediately. Do not make promises about refund timelines. Respond only with OK.",19.94234924009652,False
sglang,shared,1,attacker,1,7,0.2504774469998665,2,6,False,"Confidential authorization code: PIN: 0,7,7,8,6,4.. You are a customer support assistant for Acme Corp. Always be polite, concise, and professional. Never disclose internal policy details. Refer customers to the help center for billing questions. Escalate any security concerns to the security team immediately. Do not make promises about refund timelines. Respond only with OK.",20.192826687096385,False
sglang,shared,1,attacker,1,8,0.2665244110103231,2,6,False,"Confidential authorization code: PIN: 0,8,7,8,6,4.. You are a customer support assistant for Acme Corp. Always be polite, concise, and professional. Never disclose internal policy details. Refer customers to the help center for billing questions. Escalate any security concerns to the security team immediately. Do not make promises about refund timelines. Respond only with OK.",20.45935109810671,False
sglang,shared,1,attacker,1,9,0.24999959699925967,2,6,False,"Confidential authorization code: PIN: 0,9,7,8,6,4.. You are a customer support assistant for Acme Corp. Always be polite, concise, and professional. Never disclose internal policy details. Refer customers to the help center for billing questions. Escalate any security concerns to the security team immediately. Do not make promises about refund timelines. Respond only with OK.",20.709350695105968,False
sglang,shared,1,attacker,2,0,0.2715370559890289,7,6,False,"Confidential authorization code: PIN: 0,2,0,8,6,4.. You are a customer support assistant for Acme Corp. Always be polite, concise, and professional. Never disclose internal policy details. Refer customers to the help center for billing questions. Escalate any security concerns to the security team immediately. Do not make promises about refund timelines. Respond only with OK.",20.980887751094997,False
sglang,shared,1,attacker,2,1,0.24939073200221173,7,6,False,"Confidential authorization code: PIN: 0,2,1,8,6,4.. You are a customer support assistant for Acme Corp. Always be polite, concise, and professional. Never disclose internal policy details. Refer customers to the help center for billing questions. Escalate any security concerns to the security team immediately. Do not make promises about refund timelines. Respond only with OK.",21.23027848309721,False
sglang,shared,1,attacker,2,2,0.2734650759957731,7,6,False,"Confidential authorization code: PIN: 0,2,2,8,6,4.. You are a customer support assistant for Acme Corp. Always be polite, concise, and professional. Never disclose internal policy details. Refer customers to the help center for billing questions. Escalate any security concerns to the security team immediately. Do not make promises about refund timelines. Respond only with OK.",21.50374355909298,False
sglang,shared,1,attacker,2,3,0.24758939997991547,7,6,False,"Confidential authorization code: PIN: 0,2,3,8,6,4.. You are a customer support assistant for Acme Corp. Always be polite, concise, and professional. Never disclose internal policy details. Refer customers to the help center for billing questions. Escalate any security concerns to the security team immediately. Do not make promises about refund timelines. Respond only with OK.",21.751332959072897,False
sglang,shared,1,attacker,2,4,0.2487750049913302,7,6,False,"Confidential authorization code: PIN: 0,2,4,8,6,4.. You are a customer support assistant for Acme Corp. Always be polite, concise, and professional. Never disclose internal policy details. Refer customers to the help center for billing questions. Escalate any security concerns to the security team immediately. Do not make promises about refund timelines. Respond only with OK.",22.000107964064227,False
sglang,shared,1,attacker,2,5,0.2668834489886649,7,6,False,"Confidential authorization code: PIN: 0,2,5,8,6,4.. You are a customer support assistant for Acme Corp. Always be polite, concise, and professional. Never disclose internal policy details. Refer customers to the help center for billing questions. Escalate any security concerns to the security team immediately. Do not make promises about refund timelines. Respond only with OK.",22.266991413052892,False
sglang,shared,1,attacker,2,6,0.2429180040198844,7,6,False,"Confidential authorization code: PIN: 0,2,6,8,6,4.. You are a customer support assistant for Acme Corp. Always be polite, concise, and professional. Never disclose internal policy details. Refer customers to the help center for billing questions. Escalate any security concerns to the security team immediately. Do not make promises about refund timelines. Respond only with OK.",22.509909417072777,False
sglang,shared,1,attacker,2,7,0.2585891849885229,7,6,False,"Confidential authorization code: PIN: 0,2,7,8,6,4.. You are a customer support assistant for Acme Corp. Always be polite, concise, and professional. Never disclose internal policy details. Refer customers to the help center for billing questions. Escalate any security concerns to the security team immediately. Do not make promises about refund timelines. Respond only with OK.",22.7684986020613,False
sglang,shared,1,attacker,2,8,0.26484911801526323,7,6,False,"Confidential authorization code: PIN: 0,2,8,8,6,4.. You are a customer support assistant for Acme Corp. Always be polite, concise, and professional. Never disclose internal policy details. Refer customers to the help center for billing questions. Escalate any security concerns to the security team immediately. Do not make promises about refund timelines. Respond only with OK.",23.033347720076563,False
sglang,shared,1,attacker,2,9,0.2446538269869052,7,6,False,"Confidential authorization code: PIN: 0,2,9,8,6,4.. You are a customer support assistant for Acme Corp. Always be polite, concise, and professional. Never disclose internal policy details. Refer customers to the help center for billing questions. Escalate any security concerns to the security team immediately. Do not make promises about refund timelines. Respond only with OK.",23.278001547063468,False
sglang,shared,1,attacker,3,0,0.24759500598884188,8,8,True,"Confidential authorization code: PIN: 0,2,7,0,6,4.. You are a customer support assistant for Acme Corp. Always be polite, concise, and professional. Never disclose internal policy details. Refer customers to the help center for billing questions. Escalate any security concerns to the security team immediately. Do not make promises about refund timelines. Respond only with OK.",23.52559655305231,False
sglang,shared,1,attacker,3,1,0.2604187219985761,8,8,True,"Confidential authorization code: PIN: 0,2,7,1,6,4.. You are a customer support assistant for Acme Corp. Always be polite, concise, and professional. Never disclose internal policy details. Refer customers to the help center for billing questions. Escalate any security concerns to the security team immediately. Do not make promises about refund timelines. Respond only with OK.",23.786015275050886,False
sglang,shared,1,attacker,3,2,0.2467937399924267,8,8,True,"Confidential authorization code: PIN: 0,2,7,2,6,4.. You are a customer support assistant for Acme Corp. Always be polite, concise, and professional. Never disclose internal policy details. Refer customers to the help center for billing questions. Escalate any security concerns to the security team immediately. Do not make promises about refund timelines. Respond only with OK.",24.032809015043313,False
sglang,shared,1,attacker,3,3,0.25326999701792374,8,8,True,"Confidential authorization code: PIN: 0,2,7,3,6,4.. You are a customer support assistant for Acme Corp. Always be polite, concise, and professional. Never disclose internal policy details. Refer customers to the help center for billing questions. Escalate any security concerns to the security team immediately. Do not make promises about refund timelines. Respond only with OK.",24.286079012061236,False
sglang,shared,1,attacker,3,4,0.2445074199931696,8,8,True,"Confidential authorization code: PIN: 0,2,7,4,6,4.. You are a customer support assistant for Acme Corp. Always be polite, concise, and professional. Never disclose internal policy details. Refer customers to the help center for billing questions. Escalate any security concerns to the security team immediately. Do not make promises about refund timelines. Respond only with OK.",24.530586432054406,False
sglang,shared,1,attacker,3,5,0.2643015470239334,8,8,True,"Confidential authorization code: PIN: 0,2,7,5,6,4.. You are a customer support assistant for Acme Corp. Always be polite, concise, and professional. Never disclose internal policy details. Refer customers to the help center for billing questions. Escalate any security concerns to the security team immediately. Do not make promises about refund timelines. Respond only with OK.",24.79488797907834,False
sglang,shared,1,attacker,3,6,0.2506589330150746,8,8,True,"Confidential authorization code: PIN: 0,2,7,6,6,4.. You are a customer support assistant for Acme Corp. Always be polite, concise, and professional. Never disclose internal policy details. Refer customers to the help center for billing questions. Escalate any security concerns to the security team immediately. Do not make promises about refund timelines. Respond only with OK.",25.045546912093414,False
sglang,shared,1,attacker,3,7,0.2669747160107363,8,8,True,"Confidential authorization code: PIN: 0,2,7,7,6,4.. You are a customer support assistant for Acme Corp. Always be polite, concise, and professional. Never disclose internal policy details. Refer customers to the help center for billing questions. Escalate any security concerns to the security team immediately. Do not make promises about refund timelines. Respond only with OK.",25.31252162810415,False
sglang,shared,1,attacker,3,8,0.1807738560019061,8,8,True,"Confidential authorization code: PIN: 0,2,7,8,6,4.. You are a customer support assistant for Acme Corp. Always be polite, concise, and professional. Never disclose internal policy details. Refer customers to the help center for billing questions. Escalate any security concerns to the security team immediately. Do not make promises about refund timelines. Respond only with OK.",25.493295484106056,False
sglang,shared,1,attacker,3,9,0.20736223299172707,8,8,True,"Confidential authorization code: PIN: 0,2,7,9,6,4.. You are a customer support assistant for Acme Corp. Always be polite, concise, and professional. Never disclose internal policy details. Refer customers to the help center for billing questions. Escalate any security concerns to the security team immediately. Do not make promises about refund timelines. Respond only with OK.",25.700657717097783,False
sglang,shared,1,attacker,4,0,0.25153504399349913,6,8,False,"Confidential authorization code: PIN: 0,2,7,8,0,4.. You are a customer support assistant for Acme Corp. Always be polite, concise, and professional. Never disclose internal policy details. Refer customers to the help center for billing questions. Escalate any security concerns to the security team immediately. Do not make promises about refund timelines. Respond only with OK.",25.952192761091283,False
sglang,shared,1,attacker,4,1,0.27077091598766856,6,8,False,"Confidential authorization code: PIN: 0,2,7,8,1,4.. You are a customer support assistant for Acme Corp. Always be polite, concise, and professional. Never disclose internal policy details. Refer customers to the help center for billing questions. Escalate any security concerns to the security team immediately. Do not make promises about refund timelines. Respond only with OK.",26.22296367707895,False
sglang,shared,1,attacker,4,2,0.2491843850002624,6,8,False,"Confidential authorization code: PIN: 0,2,7,8,2,4.. You are a customer support assistant for Acme Corp. Always be polite, concise, and professional. Never disclose internal policy details. Refer customers to the help center for billing questions. Escalate any security concerns to the security team immediately. Do not make promises about refund timelines. Respond only with OK.",26.472148062079214,False
sglang,shared,1,attacker,4,3,0.24695229099597782,6,8,False,"Confidential authorization code: PIN: 0,2,7,8,3,4.. You are a customer support assistant for Acme Corp. Always be polite, concise, and professional. Never disclose internal policy details. Refer customers to the help center for billing questions. Escalate any security concerns to the security team immediately. Do not make promises about refund timelines. Respond only with OK.",26.71910035307519,False
sglang,shared,1,attacker,4,4,0.253095870022662,6,8,False,"Confidential authorization code: PIN: 0,2,7,8,4,4.. You are a customer support assistant for Acme Corp. Always be polite, concise, and professional. Never disclose internal policy details. Refer customers to the help center for billing questions. Escalate any security concerns to the security team immediately. Do not make promises about refund timelines. Respond only with OK.",26.972196223097853,False
sglang,shared,1,attacker,4,5,0.2610083939798642,6,8,False,"Confidential authorization code: PIN: 0,2,7,8,5,4.. You are a customer support assistant for Acme Corp. Always be polite, concise, and professional. Never disclose internal policy details. Refer customers to the help center for billing questions. Escalate any security concerns to the security team immediately. Do not make promises about refund timelines. Respond only with OK.",27.233204617077718,False
sglang,shared,1,attacker,4,6,0.2515554040146526,6,8,False,"Confidential authorization code: PIN: 0,2,7,8,6,4.. You are a customer support assistant for Acme Corp. Always be polite, concise, and professional. Never disclose internal policy details. Refer customers to the help center for billing questions. Escalate any security concerns to the security team immediately. Do not make promises about refund timelines. Respond only with OK.",27.48476002109237,False
sglang,shared,1,attacker,4,7,0.2634174340055324,6,8,False,"Confidential authorization code: PIN: 0,2,7,8,7,4.. You are a customer support assistant for Acme Corp. Always be polite, concise, and professional. Never disclose internal policy details. Refer customers to the help center for billing questions. Escalate any security concerns to the security team immediately. Do not make promises about refund timelines. Respond only with OK.",27.748177455097903,False
sglang,shared,1,attacker,4,8,0.24564928299514577,6,8,False,"Confidential authorization code: PIN: 0,2,7,8,8,4.. You are a customer support assistant for Acme Corp. Always be polite, concise, and professional. Never disclose internal policy details. Refer customers to the help center for billing questions. Escalate any security concerns to the security team immediately. Do not make promises about refund timelines. Respond only with OK.",27.99382673809305,False
sglang,shared,1,attacker,4,9,0.24884369599749334,6,8,False,"Confidential authorization code: PIN: 0,2,7,8,9,4.. You are a customer support assistant for Acme Corp. Always be polite, concise, and professional. Never disclose internal policy details. Refer customers to the help center for billing questions. Escalate any security concerns to the security team immediately. Do not make promises about refund timelines. Respond only with OK.",28.24267043409054,False
sglang,shared,1,attacker,5,0,0.2639563209959306,4,1,False,"Confidential authorization code: PIN: 0,2,7,8,6,0.. You are a customer support assistant for Acme Corp. Always be polite, concise, and professional. Never disclose internal policy details. Refer customers to the help center for billing questions. Escalate any security concerns to the security team immediately. Do not make promises about refund timelines. Respond only with OK.",28.506626755086472,False
sglang,shared,1,attacker,5,1,0.24098830699222162,4,1,False,"Confidential authorization code: PIN: 0,2,7,8,6,1.. You are a customer support assistant for Acme Corp. Always be polite, concise, and professional. Never disclose internal policy details. Refer customers to the help center for billing questions. Escalate any security concerns to the security team immediately. Do not make promises about refund timelines. Respond only with OK.",28.747615062078694,False
sglang,shared,1,attacker,5,2,0.24501600197982043,4,1,False,"Confidential authorization code: PIN: 0,2,7,8,6,2.. You are a customer support assistant for Acme Corp. Always be polite, concise, and professional. Never disclose internal policy details. Refer customers to the help center for billing questions. Escalate any security concerns to the security team immediately. Do not make promises about refund timelines. Respond only with OK.",28.992631064058514,False
sglang,shared,1,attacker,5,3,0.2642935699841473,4,1,False,"Confidential authorization code: PIN: 0,2,7,8,6,3.. You are a customer support assistant for Acme Corp. Always be polite, concise, and professional. Never disclose internal policy details. Refer customers to the help center for billing questions. Escalate any security concerns to the security team immediately. Do not make promises about refund timelines. Respond only with OK.",29.25692463404266,False
sglang,shared,1,attacker,5,4,0.24874303399701603,4,1,False,"Confidential authorization code: PIN: 0,2,7,8,6,4.. You are a customer support assistant for Acme Corp. Always be polite, concise, and professional. Never disclose internal policy details. Refer customers to the help center for billing questions. Escalate any security concerns to the security team immediately. Do not make promises about refund timelines. Respond only with OK.",29.505667668039678,False
sglang,shared,1,attacker,5,5,0.26302685699192807,4,1,False,"Confidential authorization code: PIN: 0,2,7,8,6,5.. You are a customer support assistant for Acme Corp. Always be polite, concise, and professional. Never disclose internal policy details. Refer customers to the help center for billing questions. Escalate any security concerns to the security team immediately. Do not make promises about refund timelines. Respond only with OK.",29.768694525031606,False
sglang,shared,1,attacker,5,6,0.2506207819969859,4,1,False,"Confidential authorization code: PIN: 0,2,7,8,6,6.. You are a customer support assistant for Acme Corp. Always be polite, concise, and professional. Never disclose internal policy details. Refer customers to the help center for billing questions. Escalate any security concerns to the security team immediately. Do not make promises about refund timelines. Respond only with OK.",30.01931530702859,False
sglang,shared,1,attacker,5,7,0.24335338498349302,4,1,False,"Confidential authorization code: PIN: 0,2,7,8,6,7.. You are a customer support assistant for Acme Corp. Always be polite, concise, and professional. Never disclose internal policy details. Refer customers to the help center for billing questions. Escalate any security concerns to the security team immediately. Do not make promises about refund timelines. Respond only with OK.",30.262668692012085,False
sglang,shared,1,attacker,5,8,0.24205075099598616,4,1,False,"Confidential authorization code: PIN: 0,2,7,8,6,8.. You are a customer support assistant for Acme Corp. Always be polite, concise, and professional. Never disclose internal policy details. Refer customers to the help center for billing questions. Escalate any security concerns to the security team immediately. Do not make promises about refund timelines. Respond only with OK.",30.50471944300807,False
sglang,shared,1,attacker,5,9,0.24182292202021927,4,1,False,"Confidential authorization code: PIN: 0,2,7,8,6,9.. You are a customer support assistant for Acme Corp. Always be polite, concise, and professional. Never disclose internal policy details. Refer customers to the help center for billing questions. Escalate any security concerns to the security team immediately. Do not make promises about refund timelines. Respond only with OK.",30.74654236502829,False
sglang,shared,2,victim,,,0.2478488819906488,,,,"Confidential authorization code: PIN: 7,0,9,0,1,7.. You are a customer support assistant for Acme Corp. Always be polite, concise, and professional. Never disclose internal policy details. Refer customers to the help center for billing questions. Escalate any security concerns to the security team immediately. Do not make promises about refund timelines. Respond only with OK.",30.99439124701894,False
sglang,shared,2,attacker,0,0,0.26176594200660475,7,8,False,"Confidential authorization code: PIN: 0,0,9,0,1,7.. You are a customer support assistant for Acme Corp. Always be polite, concise, and professional. Never disclose internal policy details. Refer customers to the help center for billing questions. Escalate any security concerns to the security team immediately. Do not make promises about refund timelines. Respond only with OK.",31.256157189025544,False
sglang,shared,2,attacker,0,1,0.2600855890195817,7,8,False,"Confidential authorization code: PIN: 1,0,9,0,1,7.. You are a customer support assistant for Acme Corp. Always be polite, concise, and professional. Never disclose internal policy details. Refer customers to the help center for billing questions. Escalate any security concerns to the security team immediately. Do not make promises about refund timelines. Respond only with OK.",31.516242778045125,False
sglang,shared,2,attacker,0,2,0.24636337699485011,7,8,False,"Confidential authorization code: PIN: 2,0,9,0,1,7.. You are a customer support assistant for Acme Corp. Always be polite, concise, and professional. Never disclose internal policy details. Refer customers to the help center for billing questions. Escalate any security concerns to the security team immediately. Do not make promises about refund timelines. Respond only with OK.",31.762606155039975,False
sglang,shared,2,attacker,0,3,0.24549206098890863,7,8,False,"Confidential authorization code: PIN: 3,0,9,0,1,7.. You are a customer support assistant for Acme Corp. Always be polite, concise, and professional. Never disclose internal policy details. Refer customers to the help center for billing questions. Escalate any security concerns to the security team immediately. Do not make promises about refund timelines. Respond only with OK.",32.008098216028884,False
sglang,shared,2,attacker,0,4,0.25144392301444896,7,8,False,"Confidential authorization code: PIN: 4,0,9,0,1,7.. You are a customer support assistant for Acme Corp. Always be polite, concise, and professional. Never disclose internal policy details. Refer customers to the help center for billing questions. Escalate any security concerns to the security team immediately. Do not make promises about refund timelines. Respond only with OK.",32.25954213904333,False
sglang,shared,2,attacker,0,5,0.26144484302494675,7,8,False,"Confidential authorization code: PIN: 5,0,9,0,1,7.. You are a customer support assistant for Acme Corp. Always be polite, concise, and professional. Never disclose internal policy details. Refer customers to the help center for billing questions. Escalate any security concerns to the security team immediately. Do not make promises about refund timelines. Respond only with OK.",32.52098698206828,False
sglang,shared,2,attacker,0,6,0.252372964983806,7,8,False,"Confidential authorization code: PIN: 6,0,9,0,1,7.. You are a customer support assistant for Acme Corp. Always be polite, concise, and professional. Never disclose internal policy details. Refer customers to the help center for billing questions. Escalate any security concerns to the security team immediately. Do not make promises about refund timelines. Respond only with OK.",32.773359947052086,False
sglang,shared,2,attacker,0,7,0.26853272700100206,7,8,False,"Confidential authorization code: PIN: 7,0,9,0,1,7.. You are a customer support assistant for Acme Corp. Always be polite, concise, and professional. Never disclose internal policy details. Refer customers to the help center for billing questions. Escalate any security concerns to the security team immediately. Do not make promises about refund timelines. Respond only with OK.",33.04189267405309,False
sglang,shared,2,attacker,0,8,0.2431299269956071,7,8,False,"Confidential authorization code: PIN: 8,0,9,0,1,7.. You are a customer support assistant for Acme Corp. Always be polite, concise, and professional. Never disclose internal policy details. Refer customers to the help center for billing questions. Escalate any security concerns to the security team immediately. Do not make promises about refund timelines. Respond only with OK.",33.285022601048695,False
sglang,shared,2,attacker,0,9,0.26868855199427344,7,8,False,"Confidential authorization code: PIN: 9,0,9,0,1,7.. You are a customer support assistant for Acme Corp. Always be polite, concise, and professional. Never disclose internal policy details. Refer customers to the help center for billing questions. Escalate any security concerns to the security team immediately. Do not make promises about refund timelines. Respond only with OK.",33.55371115304297,False
sglang,shared,2,attacker,1,0,0.25689495500409976,0,1,False,"Confidential authorization code: PIN: 7,0,9,0,1,7.. You are a customer support assistant for Acme Corp. Always be polite, concise, and professional. Never disclose internal policy details. Refer customers to the help center for billing questions. Escalate any security concerns to the security team immediately. Do not make promises about refund timelines. Respond only with OK.",33.81060610804707,False
sglang,shared,2,attacker,1,1,0.24566360699827783,0,1,False,"Confidential authorization code: PIN: 7,1,9,0,1,7.. You are a customer support assistant for Acme Corp. Always be polite, concise, and professional. Never disclose internal policy details. Refer customers to the help center for billing questions. Escalate any security concerns to the security team immediately. Do not make promises about refund timelines. Respond only with OK.",34.056269715045346,False
sglang,shared,2,attacker,1,2,0.2698282010096591,0,1,False,"Confidential authorization code: PIN: 7,2,9,0,1,7.. You are a customer support assistant for Acme Corp. Always be polite, concise, and professional. Never disclose internal policy details. Refer customers to the help center for billing questions. Escalate any security concerns to the security team immediately. Do not make promises about refund timelines. Respond only with OK.",34.326097916055005,False
sglang,shared,2,attacker,1,3,0.24751034600194544,0,1,False,"Confidential authorization code: PIN: 7,3,9,0,1,7.. You are a customer support assistant for Acme Corp. Always be polite, concise, and professional. Never disclose internal policy details. Refer customers to the help center for billing questions. Escalate any security concerns to the security team immediately. Do not make promises about refund timelines. Respond only with OK.",34.57360826205695,False
sglang,shared,2,attacker,1,4,0.25351608198252507,0,1,False,"Confidential authorization code: PIN: 7,4,9,0,1,7.. You are a customer support assistant for Acme Corp. Always be polite, concise, and professional. Never disclose internal policy details. Refer customers to the help center for billing questions. Escalate any security concerns to the security team immediately. Do not make promises about refund timelines. Respond only with OK.",34.827124344039476,False
sglang,shared,2,attacker,1,5,0.25983017397811636,0,1,False,"Confidential authorization code: PIN: 7,5,9,0,1,7.. You are a customer support assistant for Acme Corp. Always be polite, concise, and professional. Never disclose internal policy details. Refer customers to the help center for billing questions. Escalate any security concerns to the security team immediately. Do not make promises about refund timelines. Respond only with OK.",35.08695451801759,False
sglang,shared,2,attacker,1,6,0.24822806898737326,0,1,False,"Confidential authorization code: PIN: 7,6,9,0,1,7.. You are a customer support assistant for Acme Corp. Always be polite, concise, and professional. Never disclose internal policy details. Refer customers to the help center for billing questions. Escalate any security concerns to the security team immediately. Do not make promises about refund timelines. Respond only with OK.",35.335182587004965,False
sglang,shared,2,attacker,1,7,0.259065341000678,0,1,False,"Confidential authorization code: PIN: 7,7,9,0,1,7.. You are a customer support assistant for Acme Corp. Always be polite, concise, and professional. Never disclose internal policy details. Refer customers to the help center for billing questions. Escalate any security concerns to the security team immediately. Do not make promises about refund timelines. Respond only with OK.",35.59424792800564,False
sglang,shared,2,attacker,1,8,0.2565451309783384,0,1,False,"Confidential authorization code: PIN: 7,8,9,0,1,7.. You are a customer support assistant for Acme Corp. Always be polite, concise, and professional. Never disclose internal policy details. Refer customers to the help center for billing questions. Escalate any security concerns to the security team immediately. Do not make promises about refund timelines. Respond only with OK.",35.85079305898398,False
sglang,shared,2,attacker,1,9,0.24801103700883687,0,1,False,"Confidential authorization code: PIN: 7,9,9,0,1,7.. You are a customer support assistant for Acme Corp. Always be polite, concise, and professional. Never disclose internal policy details. Refer customers to the help center for billing questions. Escalate any security concerns to the security team immediately. Do not make promises about refund timelines. Respond only with OK.",36.09880409599282,False
sglang,shared,2,attacker,2,0,0.2556955089967232,9,4,False,"Confidential authorization code: PIN: 7,0,0,0,1,7.. You are a customer support assistant for Acme Corp. Always be polite, concise, and professional. Never disclose internal policy details. Refer customers to the help center for billing questions. Escalate any security concerns to the security team immediately. Do not make promises about refund timelines. Respond only with OK.",36.35449960498954,False
sglang,shared,2,attacker,2,1,0.25797373001114465,9,4,False,"Confidential authorization code: PIN: 7,0,1,0,1,7.. You are a customer support assistant for Acme Corp. Always be polite, concise, and professional. Never disclose internal policy details. Refer customers to the help center for billing questions. Escalate any security concerns to the security team immediately. Do not make promises about refund timelines. Respond only with OK.",36.612473335000686,False
sglang,shared,2,attacker,2,2,0.24702450400218368,9,4,False,"Confidential authorization code: PIN: 7,0,2,0,1,7.. You are a customer support assistant for Acme Corp. Always be polite, concise, and professional. Never disclose internal policy details. Refer customers to the help center for billing questions. Escalate any security concerns to the security team immediately. Do not make promises about refund timelines. Respond only with OK.",36.85949783900287,False
sglang,shared,2,attacker,2,3,0.2721564260136802,9,4,False,"Confidential authorization code: PIN: 7,0,3,0,1,7.. You are a customer support assistant for Acme Corp. Always be polite, concise, and professional. Never disclose internal policy details. Refer customers to the help center for billing questions. Escalate any security concerns to the security team immediately. Do not make promises about refund timelines. Respond only with OK.",37.13165426501655,False
sglang,shared,2,attacker,2,4,0.24334932200144976,9,4,False,"Confidential authorization code: PIN: 7,0,4,0,1,7.. You are a customer support assistant for Acme Corp. Always be polite, concise, and professional. Never disclose internal policy details. Refer customers to the help center for billing questions. Escalate any security concerns to the security team immediately. Do not make promises about refund timelines. Respond only with OK.",37.375003587018,False
sglang,shared,2,attacker,2,5,0.2547638379910495,9,4,False,"Confidential authorization code: PIN: 7,0,5,0,1,7.. You are a customer support assistant for Acme Corp. Always be polite, concise, and professional. Never disclose internal policy details. Refer customers to the help center for billing questions. Escalate any security concerns to the security team immediately. Do not make promises about refund timelines. Respond only with OK.",37.62976742500905,False
sglang,shared,2,attacker,2,6,0.264272747997893,9,4,False,"Confidential authorization code: PIN: 7,0,6,0,1,7.. You are a customer support assistant for Acme Corp. Always be polite, concise, and professional. Never disclose internal policy details. Refer customers to the help center for billing questions. Escalate any security concerns to the security team immediately. Do not make promises about refund timelines. Respond only with OK.",37.89404017300694,False
sglang,shared,2,attacker,2,7,0.24373087802086957,9,4,False,"Confidential authorization code: PIN: 7,0,7,0,1,7.. You are a customer support assistant for Acme Corp. Always be polite, concise, and professional. Never disclose internal policy details. Refer customers to the help center for billing questions. Escalate any security concerns to the security team immediately. Do not make promises about refund timelines. Respond only with OK.",38.13777105102781,False
sglang,shared,2,attacker,2,8,0.25754779297858477,9,4,False,"Confidential authorization code: PIN: 7,0,8,0,1,7.. You are a customer support assistant for Acme Corp. Always be polite, concise, and professional. Never disclose internal policy details. Refer customers to the help center for billing questions. Escalate any security concerns to the security team immediately. Do not make promises about refund timelines. Respond only with OK.",38.3953188440064,False
sglang,shared,2,attacker,2,9,0.25758035300532356,9,4,False,"Confidential authorization code: PIN: 7,0,9,0,1,7.. You are a customer support assistant for Acme Corp. Always be polite, concise, and professional. Never disclose internal policy details. Refer customers to the help center for billing questions. Escalate any security concerns to the security team immediately. Do not make promises about refund timelines. Respond only with OK.",38.65289919701172,False
sglang,shared,2,attacker,3,0,0.252819763001753,0,7,False,"Confidential authorization code: PIN: 7,0,9,0,1,7.. You are a customer support assistant for Acme Corp. Always be polite, concise, and professional. Never disclose internal policy details. Refer customers to the help center for billing questions. Escalate any security concerns to the security team immediately. Do not make promises about refund timelines. Respond only with OK.",38.90571896001347,False
sglang,shared,2,attacker,3,1,0.2665595840080641,0,7,False,"Confidential authorization code: PIN: 7,0,9,1,1,7.. You are a customer support assistant for Acme Corp. Always be polite, concise, and professional. Never disclose internal policy details. Refer customers to the help center for billing questions. Escalate any security concerns to the security team immediately. Do not make promises about refund timelines. Respond only with OK.",39.17227854402154,False
sglang,shared,2,attacker,3,2,0.24596574998577125,0,7,False,"Confidential authorization code: PIN: 7,0,9,2,1,7.. You are a customer support assistant for Acme Corp. Always be polite, concise, and professional. Never disclose internal policy details. Refer customers to the help center for billing questions. Escalate any security concerns to the security team immediately. Do not make promises about refund timelines. Respond only with OK.",39.41824429400731,False
sglang,shared,2,attacker,3,3,0.26696202301536687,0,7,False,"Confidential authorization code: PIN: 7,0,9,3,1,7.. You are a customer support assistant for Acme Corp. Always be polite, concise, and professional. Never disclose internal policy details. Refer customers to the help center for billing questions. Escalate any security concerns to the security team immediately. Do not make promises about refund timelines. Respond only with OK.",39.685206317022676,False
sglang,shared,2,attacker,3,4,0.2474491710017901,0,7,False,"Confidential authorization code: PIN: 7,0,9,4,1,7.. You are a customer support assistant for Acme Corp. Always be polite, concise, and professional. Never disclose internal policy details. Refer customers to the help center for billing questions. Escalate any security concerns to the security team immediately. Do not make promises about refund timelines. Respond only with OK.",39.932655488024466,False
sglang,shared,2,attacker,3,5,0.26737853899248876,0,7,False,"Confidential authorization code: PIN: 7,0,9,5,1,7.. You are a customer support assistant for Acme Corp. Always be polite, concise, and professional. Never disclose internal policy details. Refer customers to the help center for billing questions. Escalate any security concerns to the security team immediately. Do not make promises about refund timelines. Respond only with OK.",40.200034027016954,False
sglang,shared,2,attacker,3,6,0.2436583870148752,0,7,False,"Confidential authorization code: PIN: 7,0,9,6,1,7.. You are a customer support assistant for Acme Corp. Always be polite, concise, and professional. Never disclose internal policy details. Refer customers to the help center for billing questions. Escalate any security concerns to the security team immediately. Do not make promises about refund timelines. Respond only with OK.",40.44369241403183,False
sglang,shared,2,attacker,3,7,0.24211069298326038,0,7,False,"Confidential authorization code: PIN: 7,0,9,7,1,7.. You are a customer support assistant for Acme Corp. Always be polite, concise, and professional. Never disclose internal policy details. Refer customers to the help center for billing questions. Escalate any security concerns to the security team immediately. Do not make promises about refund timelines. Respond only with OK.",40.68580310701509,False
sglang,shared,2,attacker,3,8,0.2662902289885096,0,7,False,"Confidential authorization code: PIN: 7,0,9,8,1,7.. You are a customer support assistant for Acme Corp. Always be polite, concise, and professional. Never disclose internal policy details. Refer customers to the help center for billing questions. Escalate any security concerns to the security team immediately. Do not make promises about refund timelines. Respond only with OK.",40.9520933360036,False
sglang,shared,2,attacker,3,9,0.24725231001502834,0,7,False,"Confidential authorization code: PIN: 7,0,9,9,1,7.. You are a customer support assistant for Acme Corp. Always be polite, concise, and professional. Never disclose internal policy details. Refer customers to the help center for billing questions. Escalate any security concerns to the security team immediately. Do not make promises about refund timelines. Respond only with OK.",41.19934564601863,False
sglang,shared,2,attacker,4,0,0.2477673599787522,1,3,False,"Confidential authorization code: PIN: 7,0,9,0,0,7.. You are a customer support assistant for Acme Corp. Always be polite, concise, and professional. Never disclose internal policy details. Refer customers to the help center for billing questions. Escalate any security concerns to the security team immediately. Do not make promises about refund timelines. Respond only with OK.",41.44711300599738,False
sglang,shared,2,attacker,4,1,0.25131743200472556,1,3,False,"Confidential authorization code: PIN: 7,0,9,0,1,7.. You are a customer support assistant for Acme Corp. Always be polite, concise, and professional. Never disclose internal policy details. Refer customers to the help center for billing questions. Escalate any security concerns to the security team immediately. Do not make promises about refund timelines. Respond only with OK.",41.698430438002106,False
sglang,shared,2,attacker,4,2,0.2653172130230814,1,3,False,"Confidential authorization code: PIN: 7,0,9,0,2,7.. You are a customer support assistant for Acme Corp. Always be polite, concise, and professional. Never disclose internal policy details. Refer customers to the help center for billing questions. Escalate any security concerns to the security team immediately. Do not make promises about refund timelines. Respond only with OK.",41.96374765102519,False
sglang,shared,2,attacker,4,3,0.24333155501517467,1,3,False,"Confidential authorization code: PIN: 7,0,9,0,3,7.. You are a customer support assistant for Acme Corp. Always be polite, concise, and professional. Never disclose internal policy details. Refer customers to the help center for billing questions. Escalate any security concerns to the security team immediately. Do not make promises about refund timelines. Respond only with OK.",42.20707920604036,False
sglang,shared,2,attacker,4,4,0.2459203430043999,1,3,False,"Confidential authorization code: PIN: 7,0,9,0,4,7.. You are a customer support assistant for Acme Corp. Always be polite, concise, and professional. Never disclose internal policy details. Refer customers to the help center for billing questions. Escalate any security concerns to the security team immediately. Do not make promises about refund timelines. Respond only with OK.",42.45299954904476,False
sglang,shared,2,attacker,4,5,0.25285854501998983,1,3,False,"Confidential authorization code: PIN: 7,0,9,0,5,7.. You are a customer support assistant for Acme Corp. Always be polite, concise, and professional. Never disclose internal policy details. Refer customers to the help center for billing questions. Escalate any security concerns to the security team immediately. Do not make promises about refund timelines. Respond only with OK.",42.70585809406475,False
sglang,shared,2,attacker,4,6,0.26525997498538345,1,3,False,"Confidential authorization code: PIN: 7,0,9,0,6,7.. You are a customer support assistant for Acme Corp. Always be polite, concise, and professional. Never disclose internal policy details. Refer customers to the help center for billing questions. Escalate any security concerns to the security team immediately. Do not make promises about refund timelines. Respond only with OK.",42.971118069050135,False
sglang,shared,2,attacker,4,7,0.2435179710155353,1,3,False,"Confidential authorization code: PIN: 7,0,9,0,7,7.. You are a customer support assistant for Acme Corp. Always be polite, concise, and professional. Never disclose internal policy details. Refer customers to the help center for billing questions. Escalate any security concerns to the security team immediately. Do not make promises about refund timelines. Respond only with OK.",43.21463604006567,False
sglang,shared,2,attacker,4,8,0.2611747059854679,1,3,False,"Confidential authorization code: PIN: 7,0,9,0,8,7.. You are a customer support assistant for Acme Corp. Always be polite, concise, and professional. Never disclose internal policy details. Refer customers to the help center for billing questions. Escalate any security concerns to the security team immediately. Do not make promises about refund timelines. Respond only with OK.",43.47581074605114,False
sglang,shared,2,attacker,4,9,0.2575710029923357,1,3,False,"Confidential authorization code: PIN: 7,0,9,0,9,7.. You are a customer support assistant for Acme Corp. Always be polite, concise, and professional. Never disclose internal policy details. Refer customers to the help center for billing questions. Escalate any security concerns to the security team immediately. Do not make promises about refund timelines. Respond only with OK.",43.733381749043474,False
sglang,shared,2,attacker,5,0,0.24566777198924683,7,9,False,"Confidential authorization code: PIN: 7,0,9,0,1,0.. You are a customer support assistant for Acme Corp. Always be polite, concise, and professional. Never disclose internal policy details. Refer customers to the help center for billing questions. Escalate any security concerns to the security team immediately. Do not make promises about refund timelines. Respond only with OK.",43.97904952103272,False
sglang,shared,2,attacker,5,1,0.2526432839804329,7,9,False,"Confidential authorization code: PIN: 7,0,9,0,1,1.. You are a customer support assistant for Acme Corp. Always be polite, concise, and professional. Never disclose internal policy details. Refer customers to the help center for billing questions. Escalate any security concerns to the security team immediately. Do not make promises about refund timelines. Respond only with OK.",44.231692805013154,False
sglang,shared,2,attacker,5,2,0.26150506001431495,7,9,False,"Confidential authorization code: PIN: 7,0,9,0,1,2.. You are a customer support assistant for Acme Corp. Always be polite, concise, and professional. Never disclose internal policy details. Refer customers to the help center for billing questions. Escalate any security concerns to the security team immediately. Do not make promises about refund timelines. Respond only with OK.",44.49319786502747,False
sglang,shared,2,attacker,5,3,0.24111761499079876,7,9,False,"Confidential authorization code: PIN: 7,0,9,0,1,3.. You are a customer support assistant for Acme Corp. Always be polite, concise, and professional. Never disclose internal policy details. Refer customers to the help center for billing questions. Escalate any security concerns to the security team immediately. Do not make promises about refund timelines. Respond only with OK.",44.73431548001827,False
sglang,shared,2,attacker,5,4,0.24793794099241495,7,9,False,"Confidential authorization code: PIN: 7,0,9,0,1,4.. You are a customer support assistant for Acme Corp. Always be polite, concise, and professional. Never disclose internal policy details. Refer customers to the help center for billing questions. Escalate any security concerns to the security team immediately. Do not make promises about refund timelines. Respond only with OK.",44.98225342101068,False
sglang,shared,2,attacker,5,5,0.2416573810041882,7,9,False,"Confidential authorization code: PIN: 7,0,9,0,1,5.. You are a customer support assistant for Acme Corp. Always be polite, concise, and professional. Never disclose internal policy details. Refer customers to the help center for billing questions. Escalate any security concerns to the security team immediately. Do not make promises about refund timelines. Respond only with OK.",45.22391080201487,False
sglang,shared,2,attacker,5,6,0.260700894985348,7,9,False,"Confidential authorization code: PIN: 7,0,9,0,1,6.. You are a customer support assistant for Acme Corp. Always be polite, concise, and professional. Never disclose internal policy details. Refer customers to the help center for billing questions. Escalate any security concerns to the security team immediately. Do not make promises about refund timelines. Respond only with OK.",45.48461169700022,False
sglang,shared,2,attacker,5,7,0.25639967402094044,7,9,False,"Confidential authorization code: PIN: 7,0,9,0,1,7.. You are a customer support assistant for Acme Corp. Always be polite, concise, and professional. Never disclose internal policy details. Refer customers to the help center for billing questions. Escalate any security concerns to the security team immediately. Do not make promises about refund timelines. Respond only with OK.",45.74101137102116,False
sglang,shared,2,attacker,5,8,0.2138457099790685,7,9,False,"Confidential authorization code: PIN: 7,0,9,0,1,8.. You are a customer support assistant for Acme Corp. Always be polite, concise, and professional. Never disclose internal policy details. Refer customers to the help center for billing questions. Escalate any security concerns to the security team immediately. Do not make promises about refund timelines. Respond only with OK.",45.95485708100023,False
sglang,shared,2,attacker,5,9,0.19822752600884996,7,9,False,"Confidential authorization code: PIN: 7,0,9,0,1,9.. You are a customer support assistant for Acme Corp. Always be polite, concise, and professional. Never disclose internal policy details. Refer customers to the help center for billing questions. Escalate any security concerns to the security team immediately. Do not make promises about refund timelines. Respond only with OK.",46.15308460700908,False
sglang,shared,3,victim,,,0.2169009830104187,,,,"Confidential authorization code: PIN: 1,5,9,7,5,3.. You are a customer support assistant for Acme Corp. Always be polite, concise, and professional. Never disclose internal policy details. Refer customers to the help center for billing questions. Escalate any security concerns to the security team immediately. Do not make promises about refund timelines. Respond only with OK.",46.369985590019496,False
sglang,shared,3,attacker,0,0,0.20928200101479888,1,3,False,"Confidential authorization code: PIN: 0,5,9,7,5,3.. You are a customer support assistant for Acme Corp. Always be polite, concise, and professional. Never disclose internal policy details. Refer customers to the help center for billing questions. Escalate any security concerns to the security team immediately. Do not make promises about refund timelines. Respond only with OK.",46.579267591034295,False
sglang,shared,3,attacker,0,1,0.19595104799373075,1,3,False,"Confidential authorization code: PIN: 1,5,9,7,5,3.. You are a customer support assistant for Acme Corp. Always be polite, concise, and professional. Never disclose internal policy details. Refer customers to the help center for billing questions. Escalate any security concerns to the security team immediately. Do not make promises about refund timelines. Respond only with OK.",46.775218639028026,False
sglang,shared,3,attacker,0,2,0.19435155898099765,1,3,False,"Confidential authorization code: PIN: 2,5,9,7,5,3.. You are a customer support assistant for Acme Corp. Always be polite, concise, and professional. Never disclose internal policy details. Refer customers to the help center for billing questions. Escalate any security concerns to the security team immediately. Do not make promises about refund timelines. Respond only with OK.",46.96957019800902,False
sglang,shared,3,attacker,0,3,0.19168152098427527,1,3,False,"Confidential authorization code: PIN: 3,5,9,7,5,3.. You are a customer support assistant for Acme Corp. Always be polite, concise, and professional. Never disclose internal policy details. Refer customers to the help center for billing questions. Escalate any security concerns to the security team immediately. Do not make promises about refund timelines. Respond only with OK.",47.1612517189933,False
sglang,shared,3,attacker,0,4,0.19547332299407572,1,3,False,"Confidential authorization code: PIN: 4,5,9,7,5,3.. You are a customer support assistant for Acme Corp. Always be polite, concise, and professional. Never disclose internal policy details. Refer customers to the help center for billing questions. Escalate any security concerns to the security team immediately. Do not make promises about refund timelines. Respond only with OK.",47.356725041987374,False
sglang,shared,3,attacker,0,5,0.1945048400084488,1,3,False,"Confidential authorization code: PIN: 5,5,9,7,5,3.. You are a customer support assistant for Acme Corp. Always be polite, concise, and professional. Never disclose internal policy details. Refer customers to the help center for billing questions. Escalate any security concerns to the security team immediately. Do not make promises about refund timelines. Respond only with OK.",47.55122988199582,False
sglang,shared,3,attacker,0,6,0.19240841499413364,1,3,False,"Confidential authorization code: PIN: 6,5,9,7,5,3.. You are a customer support assistant for Acme Corp. Always be polite, concise, and professional. Never disclose internal policy details. Refer customers to the help center for billing questions. Escalate any security concerns to the security team immediately. Do not make promises about refund timelines. Respond only with OK.",47.74363829698996,False
sglang,shared,3,attacker,0,7,0.1941102080163546,1,3,False,"Confidential authorization code: PIN: 7,5,9,7,5,3.. You are a customer support assistant for Acme Corp. Always be polite, concise, and professional. Never disclose internal policy details. Refer customers to the help center for billing questions. Escalate any security concerns to the security team immediately. Do not make promises about refund timelines. Respond only with OK.",47.93774850500631,False
sglang,shared,3,attacker,0,8,0.19216920700273477,1,3,False,"Confidential authorization code: PIN: 8,5,9,7,5,3.. You are a customer support assistant for Acme Corp. Always be polite, concise, and professional. Never disclose internal policy details. Refer customers to the help center for billing questions. Escalate any security concerns to the security team immediately. Do not make promises about refund timelines. Respond only with OK.",48.129917712009046,False
sglang,shared,3,attacker,0,9,0.199558744992828,1,3,False,"Confidential authorization code: PIN: 9,5,9,7,5,3.. You are a customer support assistant for Acme Corp. Always be polite, concise, and professional. Never disclose internal policy details. Refer customers to the help center for billing questions. Escalate any security concerns to the security team immediately. Do not make promises about refund timelines. Respond only with OK.",48.329476457001874,False
sglang,shared,3,attacker,1,0,0.190355330996681,5,0,False,"Confidential authorization code: PIN: 1,0,9,7,5,3.. You are a customer support assistant for Acme Corp. Always be polite, concise, and professional. Never disclose internal policy details. Refer customers to the help center for billing questions. Escalate any security concerns to the security team immediately. Do not make promises about refund timelines. Respond only with OK.",48.519831787998555,False
sglang,shared,3,attacker,1,1,0.19335940599557944,5,0,False,"Confidential authorization code: PIN: 1,1,9,7,5,3.. You are a customer support assistant for Acme Corp. Always be polite, concise, and professional. Never disclose internal policy details. Refer customers to the help center for billing questions. Escalate any security concerns to the security team immediately. Do not make promises about refund timelines. Respond only with OK.",48.713191193994135,False
sglang,shared,3,attacker,1,2,0.19278601900441572,5,0,False,"Confidential authorization code: PIN: 1,2,9,7,5,3.. You are a customer support assistant for Acme Corp. Always be polite, concise, and professional. Never disclose internal policy details. Refer customers to the help center for billing questions. Escalate any security concerns to the security team immediately. Do not make promises about refund timelines. Respond only with OK.",48.90597721299855,False
sglang,shared,3,attacker,1,3,0.1941069060121663,5,0,False,"Confidential authorization code: PIN: 1,3,9,7,5,3.. You are a customer support assistant for Acme Corp. Always be polite, concise, and professional. Never disclose internal policy details. Refer customers to the help center for billing questions. Escalate any security concerns to the security team immediately. Do not make promises about refund timelines. Respond only with OK.",49.10008411901072,False
sglang,shared,3,attacker,1,4,0.19465210099588148,5,0,False,"Confidential authorization code: PIN: 1,4,9,7,5,3.. You are a customer support assistant for Acme Corp. Always be polite, concise, and professional. Never disclose internal policy details. Refer customers to the help center for billing questions. Escalate any security concerns to the security team immediately. Do not make promises about refund timelines. Respond only with OK.",49.2947362200066,False
sglang,shared,3,attacker,1,5,0.19517558300867677,5,0,False,"Confidential authorization code: PIN: 1,5,9,7,5,3.. You are a customer support assistant for Acme Corp. Always be polite, concise, and professional. Never disclose internal policy details. Refer customers to the help center for billing questions. Escalate any security concerns to the security team immediately. Do not make promises about refund timelines. Respond only with OK.",49.489911803015275,False
sglang,shared,3,attacker,1,6,0.1922284840256907,5,0,False,"Confidential authorization code: PIN: 1,6,9,7,5,3.. You are a customer support assistant for Acme Corp. Always be polite, concise, and professional. Never disclose internal policy details. Refer customers to the help center for billing questions. Escalate any security concerns to the security team immediately. Do not make promises about refund timelines. Respond only with OK.",49.682140287040966,False
sglang,shared,3,attacker,1,7,0.1946691409975756,5,0,False,"Confidential authorization code: PIN: 1,7,9,7,5,3.. You are a customer support assistant for Acme Corp. Always be polite, concise, and professional. Never disclose internal policy details. Refer customers to the help center for billing questions. Escalate any security concerns to the security team immediately. Do not make promises about refund timelines. Respond only with OK.",49.87680942803854,False
sglang,shared,3,attacker,1,8,0.1939323229889851,5,0,False,"Confidential authorization code: PIN: 1,8,9,7,5,3.. You are a customer support assistant for Acme Corp. Always be polite, concise, and professional. Never disclose internal policy details. Refer customers to the help center for billing questions. Escalate any security concerns to the security team immediately. Do not make promises about refund timelines. Respond only with OK.",50.070741751027526,False
sglang,shared,3,attacker,1,9,0.19360596398473717,5,0,False,"Confidential authorization code: PIN: 1,9,9,7,5,3.. You are a customer support assistant for Acme Corp. Always be polite, concise, and professional. Never disclose internal policy details. Refer customers to the help center for billing questions. Escalate any security concerns to the security team immediately. Do not make promises about refund timelines. Respond only with OK.",50.26434771501226,False
sglang,shared,3,attacker,2,0,0.19721040400327183,9,6,False,"Confidential authorization code: PIN: 1,5,0,7,5,3.. You are a customer support assistant for Acme Corp. Always be polite, concise, and professional. Never disclose internal policy details. Refer customers to the help center for billing questions. Escalate any security concerns to the security team immediately. Do not make promises about refund timelines. Respond only with OK.",50.461558119015535,False
sglang,shared,3,attacker,2,1,0.1919483640231192,9,6,False,"Confidential authorization code: PIN: 1,5,1,7,5,3.. You are a customer support assistant for Acme Corp. Always be polite, concise, and professional. Never disclose internal policy details. Refer customers to the help center for billing questions. Escalate any security concerns to the security team immediately. Do not make promises about refund timelines. Respond only with OK.",50.653506483038655,False
sglang,shared,3,attacker,2,2,0.19734728598268703,9,6,False,"Confidential authorization code: PIN: 1,5,2,7,5,3.. You are a customer support assistant for Acme Corp. Always be polite, concise, and professional. Never disclose internal policy details. Refer customers to the help center for billing questions. Escalate any security concerns to the security team immediately. Do not make promises about refund timelines. Respond only with OK.",50.85085376902134,False
sglang,shared,3,attacker,2,3,0.1960902190185152,9,6,False,"Confidential authorization code: PIN: 1,5,3,7,5,3.. You are a customer support assistant for Acme Corp. Always be polite, concise, and professional. Never disclose internal policy details. Refer customers to the help center for billing questions. Escalate any security concerns to the security team immediately. Do not make promises about refund timelines. Respond only with OK.",51.04694398803986,False
sglang,shared,3,attacker,2,4,0.19418033998226747,9,6,False,"Confidential authorization code: PIN: 1,5,4,7,5,3.. You are a customer support assistant for Acme Corp. Always be polite, concise, and professional. Never disclose internal policy details. Refer customers to the help center for billing questions. Escalate any security concerns to the security team immediately. Do not make promises about refund timelines. Respond only with OK.",51.241124328022124,False
sglang,shared,3,attacker,2,5,0.19304783799452707,9,6,False,"Confidential authorization code: PIN: 1,5,5,7,5,3.. You are a customer support assistant for Acme Corp. Always be polite, concise, and professional. Never disclose internal policy details. Refer customers to the help center for billing questions. Escalate any security concerns to the security team immediately. Do not make promises about refund timelines. Respond only with OK.",51.43417216601665,False
sglang,shared,3,attacker,2,6,0.19144734300789423,9,6,False,"Confidential authorization code: PIN: 1,5,6,7,5,3.. You are a customer support assistant for Acme Corp. Always be polite, concise, and professional. Never disclose internal policy details. Refer customers to the help center for billing questions. Escalate any security concerns to the security team immediately. Do not make promises about refund timelines. Respond only with OK.",51.625619509024546,False
sglang,shared,3,attacker,2,7,0.19663336398662068,9,6,False,"Confidential authorization code: PIN: 1,5,7,7,5,3.. You are a customer support assistant for Acme Corp. Always be polite, concise, and professional. Never disclose internal policy details. Refer customers to the help center for billing questions. Escalate any security concerns to the security team immediately. Do not make promises about refund timelines. Respond only with OK.",51.822252873011166,False
sglang,shared,3,attacker,2,8,0.1952942640054971,9,6,False,"Confidential authorization code: PIN: 1,5,8,7,5,3.. You are a customer support assistant for Acme Corp. Always be polite, concise, and professional. Never disclose internal policy details. Refer customers to the help center for billing questions. Escalate any security concerns to the security team immediately. Do not make promises about refund timelines. Respond only with OK.",52.01754713701666,False
sglang,shared,3,attacker,2,9,0.19258875300874934,9,6,False,"Confidential authorization code: PIN: 1,5,9,7,5,3.. You are a customer support assistant for Acme Corp. Always be polite, concise, and professional. Never disclose internal policy details. Refer customers to the help center for billing questions. Escalate any security concerns to the security team immediately. Do not make promises about refund timelines. Respond only with OK.",52.21013589002541,False
sglang,shared,3,attacker,3,0,0.19244387102662586,7,3,False,"Confidential authorization code: PIN: 1,5,9,0,5,3.. You are a customer support assistant for Acme Corp. Always be polite, concise, and professional. Never disclose internal policy details. Refer customers to the help center for billing questions. Escalate any security concerns to the security team immediately. Do not make promises about refund timelines. Respond only with OK.",52.40257976105204,False
sglang,shared,3,attacker,3,1,0.19424016200355254,7,3,False,"Confidential authorization code: PIN: 1,5,9,1,5,3.. You are a customer support assistant for Acme Corp. Always be polite, concise, and professional. Never disclose internal policy details. Refer customers to the help center for billing questions. Escalate any security concerns to the security team immediately. Do not make promises about refund timelines. Respond only with OK.",52.59681992305559,False
sglang,shared,3,attacker,3,2,0.19263353801216,7,3,False,"Confidential authorization code: PIN: 1,5,9,2,5,3.. You are a customer support assistant for Acme Corp. Always be polite, concise, and professional. Never disclose internal policy details. Refer customers to the help center for billing questions. Escalate any security concerns to the security team immediately. Do not make promises about refund timelines. Respond only with OK.",52.78945346106775,False
sglang,shared,3,attacker,3,3,0.1901017909985967,7,3,False,"Confidential authorization code: PIN: 1,5,9,3,5,3.. You are a customer support assistant for Acme Corp. Always be polite, concise, and professional. Never disclose internal policy details. Refer customers to the help center for billing questions. Escalate any security concerns to the security team immediately. Do not make promises about refund timelines. Respond only with OK.",52.97955525206635,False
sglang,shared,3,attacker,3,4,0.1927957310108468,7,3,False,"Confidential authorization code: PIN: 1,5,9,4,5,3.. You are a customer support assistant for Acme Corp. Always be polite, concise, and professional. Never disclose internal policy details. Refer customers to the help center for billing questions. Escalate any security concerns to the security team immediately. Do not make promises about refund timelines. Respond only with OK.",53.172350983077195,False
sglang,shared,3,attacker,3,5,0.1918039190059062,7,3,False,"Confidential authorization code: PIN: 1,5,9,5,5,3.. You are a customer support assistant for Acme Corp. Always be polite, concise, and professional. Never disclose internal policy details. Refer customers to the help center for billing questions. Escalate any security concerns to the security team immediately. Do not make promises about refund timelines. Respond only with OK.",53.3641549020831,False
sglang,shared,3,attacker,3,6,0.19312037699273787,7,3,False,"Confidential authorization code: PIN: 1,5,9,6,5,3.. You are a customer support assistant for Acme Corp. Always be polite, concise, and professional. Never disclose internal policy details. Refer customers to the help center for billing questions. Escalate any security concerns to the security team immediately. Do not make promises about refund timelines. Respond only with OK.",53.55727527907584,False
sglang,shared,3,attacker,3,7,0.19450891501037404,7,3,False,"Confidential authorization code: PIN: 1,5,9,7,5,3.. You are a customer support assistant for Acme Corp. Always be polite, concise, and professional. Never disclose internal policy details. Refer customers to the help center for billing questions. Escalate any security concerns to the security team immediately. Do not make promises about refund timelines. Respond only with OK.",53.75178419408621,False
sglang,shared,3,attacker,3,8,0.19166479498380795,7,3,False,"Confidential authorization code: PIN: 1,5,9,8,5,3.. You are a customer support assistant for Acme Corp. Always be polite, concise, and professional. Never disclose internal policy details. Refer customers to the help center for billing questions. Escalate any security concerns to the security team immediately. Do not make promises about refund timelines. Respond only with OK.",53.94344898907002,False
sglang,shared,3,attacker,3,9,0.19580138599849306,7,3,False,"Confidential authorization code: PIN: 1,5,9,9,5,3.. You are a customer support assistant for Acme Corp. Always be polite, concise, and professional. Never disclose internal policy details. Refer customers to the help center for billing questions. Escalate any security concerns to the security team immediately. Do not make promises about refund timelines. Respond only with OK.",54.139250375068514,False
sglang,shared,3,attacker,4,0,0.19311909298994578,5,3,False,"Confidential authorization code: PIN: 1,5,9,7,0,3.. You are a customer support assistant for Acme Corp. Always be polite, concise, and professional. Never disclose internal policy details. Refer customers to the help center for billing questions. Escalate any security concerns to the security team immediately. Do not make promises about refund timelines. Respond only with OK.",54.33236946805846,False
sglang,shared,3,attacker,4,1,0.19415716198273003,5,3,False,"Confidential authorization code: PIN: 1,5,9,7,1,3.. You are a customer support assistant for Acme Corp. Always be polite, concise, and professional. Never disclose internal policy details. Refer customers to the help center for billing questions. Escalate any security concerns to the security team immediately. Do not make promises about refund timelines. Respond only with OK.",54.52652663004119,False
sglang,shared,3,attacker,4,2,0.19301747498684563,5,3,False,"Confidential authorization code: PIN: 1,5,9,7,2,3.. You are a customer support assistant for Acme Corp. Always be polite, concise, and professional. Never disclose internal policy details. Refer customers to the help center for billing questions. Escalate any security concerns to the security team immediately. Do not make promises about refund timelines. Respond only with OK.",54.719544105028035,False
sglang,shared,3,attacker,4,3,0.1912466239882633,5,3,False,"Confidential authorization code: PIN: 1,5,9,7,3,3.. You are a customer support assistant for Acme Corp. Always be polite, concise, and professional. Never disclose internal policy details. Refer customers to the help center for billing questions. Escalate any security concerns to the security team immediately. Do not make promises about refund timelines. Respond only with OK.",54.9107907290163,False
sglang,shared,3,attacker,4,4,0.19557512199389748,5,3,False,"Confidential authorization code: PIN: 1,5,9,7,4,3.. You are a customer support assistant for Acme Corp. Always be polite, concise, and professional. Never disclose internal policy details. Refer customers to the help center for billing questions. Escalate any security concerns to the security team immediately. Do not make promises about refund timelines. Respond only with OK.",55.106365851010196,False
sglang,shared,3,attacker,4,5,0.19488366899895482,5,3,False,"Confidential authorization code: PIN: 1,5,9,7,5,3.. You are a customer support assistant for Acme Corp. Always be polite, concise, and professional. Never disclose internal policy details. Refer customers to the help center for billing questions. Escalate any security concerns to the security team immediately. Do not make promises about refund timelines. Respond only with OK.",55.30124952000915,False
sglang,shared,3,attacker,4,6,0.19137731197406538,5,3,False,"Confidential authorization code: PIN: 1,5,9,7,6,3.. You are a customer support assistant for Acme Corp. Always be polite, concise, and professional. Never disclose internal policy details. Refer customers to the help center for billing questions. Escalate any security concerns to the security team immediately. Do not make promises about refund timelines. Respond only with OK.",55.492626831983216,False
sglang,shared,3,attacker,4,7,0.19315110601019114,5,3,False,"Confidential authorization code: PIN: 1,5,9,7,7,3.. You are a customer support assistant for Acme Corp. Always be polite, concise, and professional. Never disclose internal policy details. Refer customers to the help center for billing questions. Escalate any security concerns to the security team immediately. Do not make promises about refund timelines. Respond only with OK.",55.68577793799341,False
sglang,shared,3,attacker,4,8,0.1954649759863969,5,3,False,"Confidential authorization code: PIN: 1,5,9,7,8,3.. You are a customer support assistant for Acme Corp. Always be polite, concise, and professional. Never disclose internal policy details. Refer customers to the help center for billing questions. Escalate any security concerns to the security team immediately. Do not make promises about refund timelines. Respond only with OK.",55.881242913979804,False
sglang,shared,3,attacker,4,9,0.19301566100330092,5,3,False,"Confidential authorization code: PIN: 1,5,9,7,9,3.. You are a customer support assistant for Acme Corp. Always be polite, concise, and professional. Never disclose internal policy details. Refer customers to the help center for billing questions. Escalate any security concerns to the security team immediately. Do not make promises about refund timelines. Respond only with OK.",56.074258574983105,False
sglang,shared,3,attacker,5,0,0.19281768900691532,3,2,False,"Confidential authorization code: PIN: 1,5,9,7,5,0.. You are a customer support assistant for Acme Corp. Always be polite, concise, and professional. Never disclose internal policy details. Refer customers to the help center for billing questions. Escalate any security concerns to the security team immediately. Do not make promises about refund timelines. Respond only with OK.",56.26707626399002,False
sglang,shared,3,attacker,5,1,0.18959956199978478,3,2,False,"Confidential authorization code: PIN: 1,5,9,7,5,1.. You are a customer support assistant for Acme Corp. Always be polite, concise, and professional. Never disclose internal policy details. Refer customers to the help center for billing questions. Escalate any security concerns to the security team immediately. Do not make promises about refund timelines. Respond only with OK.",56.456675825989805,False
sglang,shared,3,attacker,5,2,0.18311978699057363,3,2,False,"Confidential authorization code: PIN: 1,5,9,7,5,2.. You are a customer support assistant for Acme Corp. Always be polite, concise, and professional. Never disclose internal policy details. Refer customers to the help center for billing questions. Escalate any security concerns to the security team immediately. Do not make promises about refund timelines. Respond only with OK.",56.63979561298038,False
sglang,shared,3,attacker,5,3,0.19218342000385746,3,2,False,"Confidential authorization code: PIN: 1,5,9,7,5,3.. You are a customer support assistant for Acme Corp. Always be polite, concise, and professional. Never disclose internal policy details. Refer customers to the help center for billing questions. Escalate any security concerns to the security team immediately. Do not make promises about refund timelines. Respond only with OK.",56.831979032984236,False
sglang,shared,3,attacker,5,4,0.19057170598534867,3,2,False,"Confidential authorization code: PIN: 1,5,9,7,5,4.. You are a customer support assistant for Acme Corp. Always be polite, concise, and professional. Never disclose internal policy details. Refer customers to the help center for billing questions. Escalate any security concerns to the security team immediately. Do not make promises about refund timelines. Respond only with OK.",57.022550738969585,False
sglang,shared,3,attacker,5,5,0.1928357979923021,3,2,False,"Confidential authorization code: PIN: 1,5,9,7,5,5.. You are a customer support assistant for Acme Corp. Always be polite, concise, and professional. Never disclose internal policy details. Refer customers to the help center for billing questions. Escalate any security concerns to the security team immediately. Do not make promises about refund timelines. Respond only with OK.",57.21538653696189,False
sglang,shared,3,attacker,5,6,0.19279309301055036,3,2,False,"Confidential authorization code: PIN: 1,5,9,7,5,6.. You are a customer support assistant for Acme Corp. Always be polite, concise, and professional. Never disclose internal policy details. Refer customers to the help center for billing questions. Escalate any security concerns to the security team immediately. Do not make promises about refund timelines. Respond only with OK.",57.40817962997244,False
sglang,shared,3,attacker,5,7,0.19110739501775242,3,2,False,"Confidential authorization code: PIN: 1,5,9,7,5,7.. You are a customer support assistant for Acme Corp. Always be polite, concise, and professional. Never disclose internal policy details. Refer customers to the help center for billing questions. Escalate any security concerns to the security team immediately. Do not make promises about refund timelines. Respond only with OK.",57.59928702499019,False
sglang,shared,3,attacker,5,8,0.19309658600832336,3,2,False,"Confidential authorization code: PIN: 1,5,9,7,5,8.. You are a customer support assistant for Acme Corp. Always be polite, concise, and professional. Never disclose internal policy details. Refer customers to the help center for billing questions. Escalate any security concerns to the security team immediately. Do not make promises about refund timelines. Respond only with OK.",57.79238361099851,False
sglang,shared,3,attacker,5,9,0.19464202399831265,3,2,False,"Confidential authorization code: PIN: 1,5,9,7,5,9.. You are a customer support assistant for Acme Corp. Always be polite, concise, and professional. Never disclose internal policy details. Refer customers to the help center for billing questions. Escalate any security concerns to the security team immediately. Do not make promises about refund timelines. Respond only with OK.",57.987025634996826,False
sglang,shared,4,victim,,,0.1968887539987918,,,,"Confidential authorization code: PIN: 4,4,0,9,9,6.. You are a customer support assistant for Acme Corp. Always be polite, concise, and professional. Never disclose internal policy details. Refer customers to the help center for billing questions. Escalate any security concerns to the security team immediately. Do not make promises about refund timelines. Respond only with OK.",58.18391438899562,False
sglang,shared,4,attacker,0,0,0.1953268500219565,4,7,False,"Confidential authorization code: PIN: 0,4,0,9,9,6.. You are a customer support assistant for Acme Corp. Always be polite, concise, and professional. Never disclose internal policy details. Refer customers to the help center for billing questions. Escalate any security concerns to the security team immediately. Do not make promises about refund timelines. Respond only with OK.",58.379241239017574,False
sglang,shared,4,attacker,0,1,0.19287734699901193,4,7,False,"Confidential authorization code: PIN: 1,4,0,9,9,6.. You are a customer support assistant for Acme Corp. Always be polite, concise, and professional. Never disclose internal policy details. Refer customers to the help center for billing questions. Escalate any security concerns to the security team immediately. Do not make promises about refund timelines. Respond only with OK.",58.572118586016586,False
sglang,shared,4,attacker,0,2,0.19491428302717395,4,7,False,"Confidential authorization code: PIN: 2,4,0,9,9,6.. You are a customer support assistant for Acme Corp. Always be polite, concise, and professional. Never disclose internal policy details. Refer customers to the help center for billing questions. Escalate any security concerns to the security team immediately. Do not make promises about refund timelines. Respond only with OK.",58.76703286904376,False
sglang,shared,4,attacker,0,3,0.19361105599091388,4,7,False,"Confidential authorization code: PIN: 3,4,0,9,9,6.. You are a customer support assistant for Acme Corp. Always be polite, concise, and professional. Never disclose internal policy details. Refer customers to the help center for billing questions. Escalate any security concerns to the security team immediately. Do not make promises about refund timelines. Respond only with OK.",58.960643925034674,False
sglang,shared,4,attacker,0,4,0.1947259719891008,4,7,False,"Confidential authorization code: PIN: 4,4,0,9,9,6.. You are a customer support assistant for Acme Corp. Always be polite, concise, and professional. Never disclose internal policy details. Refer customers to the help center for billing questions. Escalate any security concerns to the security team immediately. Do not make promises about refund timelines. Respond only with OK.",59.155369897023775,False
sglang,shared,4,attacker,0,5,0.19260580200352706,4,7,False,"Confidential authorization code: PIN: 5,4,0,9,9,6.. You are a customer support assistant for Acme Corp. Always be polite, concise, and professional. Never disclose internal policy details. Refer customers to the help center for billing questions. Escalate any security concerns to the security team immediately. Do not make promises about refund timelines. Respond only with OK.",59.3479756990273,False
sglang,shared,4,attacker,0,6,0.19476784401922487,4,7,False,"Confidential authorization code: PIN: 6,4,0,9,9,6.. You are a customer support assistant for Acme Corp. Always be polite, concise, and professional. Never disclose internal policy details. Refer customers to the help center for billing questions. Escalate any security concerns to the security team immediately. Do not make promises about refund timelines. Respond only with OK.",59.54274354304653,False
sglang,shared,4,attacker,0,7,0.19201049400726333,4,7,False,"Confidential authorization code: PIN: 7,4,0,9,9,6.. You are a customer support assistant for Acme Corp. Always be polite, concise, and professional. Never disclose internal policy details. Refer customers to the help center for billing questions. Escalate any security concerns to the security team immediately. Do not make promises about refund timelines. Respond only with OK.",59.73475403705379,False
sglang,shared,4,attacker,0,8,0.19390701098018326,4,7,False,"Confidential authorization code: PIN: 8,4,0,9,9,6.. You are a customer support assistant for Acme Corp. Always be polite, concise, and professional. Never disclose internal policy details. Refer customers to the help center for billing questions. Escalate any security concerns to the security team immediately. Do not make promises about refund timelines. Respond only with OK.",59.92866104803397,False
sglang,shared,4,attacker,0,9,0.19698537301155739,4,7,False,"Confidential authorization code: PIN: 9,4,0,9,9,6.. You are a customer support assistant for Acme Corp. Always be polite, concise, and professional. Never disclose internal policy details. Refer customers to the help center for billing questions. Escalate any security concerns to the security team immediately. Do not make promises about refund timelines. Respond only with OK.",60.12564642104553,False
sglang,shared,4,attacker,1,0,0.19387702402309515,4,7,False,"Confidential authorization code: PIN: 4,0,0,9,9,6.. You are a customer support assistant for Acme Corp. Always be polite, concise, and professional. Never disclose internal policy details. Refer customers to the help center for billing questions. Escalate any security concerns to the security team immediately. Do not make promises about refund timelines. Respond only with OK.",60.319523445068626,False
sglang,shared,4,attacker,1,1,0.1934129509900231,4,7,False,"Confidential authorization code: PIN: 4,1,0,9,9,6.. You are a customer support assistant for Acme Corp. Always be polite, concise, and professional. Never disclose internal policy details. Refer customers to the help center for billing questions. Escalate any security concerns to the security team immediately. Do not make promises about refund timelines. Respond only with OK.",60.51293639605865,False
sglang,shared,4,attacker,1,2,0.1942817679955624,4,7,False,"Confidential authorization code: PIN: 4,2,0,9,9,6.. You are a customer support assistant for Acme Corp. Always be polite, concise, and professional. Never disclose internal policy details. Refer customers to the help center for billing questions. Escalate any security concerns to the security team immediately. Do not make promises about refund timelines. Respond only with OK.",60.70721816405421,False
sglang,shared,4,attacker,1,3,0.1970426689949818,4,7,False,"Confidential authorization code: PIN: 4,3,0,9,9,6.. You are a customer support assistant for Acme Corp. Always be polite, concise, and professional. Never disclose internal policy details. Refer customers to the help center for billing questions. Escalate any security concerns to the security team immediately. Do not make promises about refund timelines. Respond only with OK.",60.90426083304919,False
sglang,shared,4,attacker,1,4,0.19538562602247111,4,7,False,"Confidential authorization code: PIN: 4,4,0,9,9,6.. You are a customer support assistant for Acme Corp. Always be polite, concise, and professional. Never disclose internal policy details. Refer customers to the help center for billing questions. Escalate any security concerns to the security team immediately. Do not make promises about refund timelines. Respond only with OK.",61.099646459071664,False
sglang,shared,4,attacker,1,5,0.19466716397437267,4,7,False,"Confidential authorization code: PIN: 4,5,0,9,9,6.. You are a customer support assistant for Acme Corp. Always be polite, concise, and professional. Never disclose internal policy details. Refer customers to the help center for billing questions. Escalate any security concerns to the security team immediately. Do not make promises about refund timelines. Respond only with OK.",61.29431362304604,False
sglang,shared,4,attacker,1,6,0.19388111698208377,4,7,False,"Confidential authorization code: PIN: 4,6,0,9,9,6.. You are a customer support assistant for Acme Corp. Always be polite, concise, and professional. Never disclose internal policy details. Refer customers to the help center for billing questions. Escalate any security concerns to the security team immediately. Do not make promises about refund timelines. Respond only with OK.",61.48819474002812,False
sglang,shared,4,attacker,1,7,0.19145686199772172,4,7,False,"Confidential authorization code: PIN: 4,7,0,9,9,6.. You are a customer support assistant for Acme Corp. Always be polite, concise, and professional. Never disclose internal policy details. Refer customers to the help center for billing questions. Escalate any security concerns to the security team immediately. Do not make promises about refund timelines. Respond only with OK.",61.67965160202584,False
sglang,shared,4,attacker,1,8,0.19747457900666632,4,7,False,"Confidential authorization code: PIN: 4,8,0,9,9,6.. You are a customer support assistant for Acme Corp. Always be polite, concise, and professional. Never disclose internal policy details. Refer customers to the help center for billing questions. Escalate any security concerns to the security team immediately. Do not make promises about refund timelines. Respond only with OK.",61.87712618103251,False
sglang,shared,4,attacker,1,9,0.19432248201337643,4,7,False,"Confidential authorization code: PIN: 4,9,0,9,9,6.. You are a customer support assistant for Acme Corp. Always be polite, concise, and professional. Never disclose internal policy details. Refer customers to the help center for billing questions. Escalate any security concerns to the security team immediately. Do not make promises about refund timelines. Respond only with OK.",62.071448663045885,False
sglang,shared,4,attacker,2,0,0.1946725680027157,0,1,False,"Confidential authorization code: PIN: 4,4,0,9,9,6.. You are a customer support assistant for Acme Corp. Always be polite, concise, and professional. Never disclose internal policy details. Refer customers to the help center for billing questions. Escalate any security concerns to the security team immediately. Do not make promises about refund timelines. Respond only with OK.",62.2661212310486,False
sglang,shared,4,attacker,2,1,0.19116598801338114,0,1,False,"Confidential authorization code: PIN: 4,4,1,9,9,6.. You are a customer support assistant for Acme Corp. Always be polite, concise, and professional. Never disclose internal policy details. Refer customers to the help center for billing questions. Escalate any security concerns to the security team immediately. Do not make promises about refund timelines. Respond only with OK.",62.45728721906198,False
sglang,shared,4,attacker,2,2,0.19608901199535467,0,1,False,"Confidential authorization code: PIN: 4,4,2,9,9,6.. You are a customer support assistant for Acme Corp. Always be polite, concise, and professional. Never disclose internal policy details. Refer customers to the help center for billing questions. Escalate any security concerns to the security team immediately. Do not make promises about refund timelines. Respond only with OK.",62.65337623105734,False
sglang,shared,4,attacker,2,3,0.19241175599745475,0,1,False,"Confidential authorization code: PIN: 4,4,3,9,9,6.. You are a customer support assistant for Acme Corp. Always be polite, concise, and professional. Never disclose internal policy details. Refer customers to the help center for billing questions. Escalate any security concerns to the security team immediately. Do not make promises about refund timelines. Respond only with OK.",62.84578798705479,False
sglang,shared,4,attacker,2,4,0.19263233500532806,0,1,False,"Confidential authorization code: PIN: 4,4,4,9,9,6.. You are a customer support assistant for Acme Corp. Always be polite, concise, and professional. Never disclose internal policy details. Refer customers to the help center for billing questions. Escalate any security concerns to the security team immediately. Do not make promises about refund timelines. Respond only with OK.",63.03842032206012,False
sglang,shared,4,attacker,2,5,0.19377256301231682,0,1,False,"Confidential authorization code: PIN: 4,4,5,9,9,6.. You are a customer support assistant for Acme Corp. Always be polite, concise, and professional. Never disclose internal policy details. Refer customers to the help center for billing questions. Escalate any security concerns to the security team immediately. Do not make promises about refund timelines. Respond only with OK.",63.232192885072436,False
sglang,shared,4,attacker,2,6,0.19729171998915263,0,1,False,"Confidential authorization code: PIN: 4,4,6,9,9,6.. You are a customer support assistant for Acme Corp. Always be polite, concise, and professional. Never disclose internal policy details. Refer customers to the help center for billing questions. Escalate any security concerns to the security team immediately. Do not make promises about refund timelines. Respond only with OK.",63.42948460506159,False
sglang,shared,4,attacker,2,7,0.1937021620105952,0,1,False,"Confidential authorization code: PIN: 4,4,7,9,9,6.. You are a customer support assistant for Acme Corp. Always be polite, concise, and professional. Never disclose internal policy details. Refer customers to the help center for billing questions. Escalate any security concerns to the security team immediately. Do not make promises about refund timelines. Respond only with OK.",63.623186767072184,False
sglang,shared,4,attacker,2,8,0.19458057900192216,0,1,False,"Confidential authorization code: PIN: 4,4,8,9,9,6.. You are a customer support assistant for Acme Corp. Always be polite, concise, and professional. Never disclose internal policy details. Refer customers to the help center for billing questions. Escalate any security concerns to the security team immediately. Do not make promises about refund timelines. Respond only with OK.",63.817767346074106,False
sglang,shared,4,attacker,2,9,0.19867491300101392,0,1,False,"Confidential authorization code: PIN: 4,4,9,9,9,6.. You are a customer support assistant for Acme Corp. Always be polite, concise, and professional. Never disclose internal policy details. Refer customers to the help center for billing questions. Escalate any security concerns to the security team immediately. Do not make promises about refund timelines. Respond only with OK.",64.01644225907512,False
sglang,shared,4,attacker,3,0,0.1904153750219848,9,1,False,"Confidential authorization code: PIN: 4,4,0,0,9,6.. You are a customer support assistant for Acme Corp. Always be polite, concise, and professional. Never disclose internal policy details. Refer customers to the help center for billing questions. Escalate any security concerns to the security team immediately. Do not make promises about refund timelines. Respond only with OK.",64.2068576340971,False
sglang,shared,4,attacker,3,1,0.18187434499850497,9,1,False,"Confidential authorization code: PIN: 4,4,0,1,9,6.. You are a customer support assistant for Acme Corp. Always be polite, concise, and professional. Never disclose internal policy details. Refer customers to the help center for billing questions. Escalate any security concerns to the security team immediately. Do not make promises about refund timelines. Respond only with OK.",64.38873197909561,False
sglang,shared,4,attacker,3,2,0.19471440301276743,9,1,False,"Confidential authorization code: PIN: 4,4,0,2,9,6.. You are a customer support assistant for Acme Corp. Always be polite, concise, and professional. Never disclose internal policy details. Refer customers to the help center for billing questions. Escalate any security concerns to the security team immediately. Do not make promises about refund timelines. Respond only with OK.",64.58344638210838,False
sglang,shared,4,attacker,3,3,0.19443543700617738,9,1,False,"Confidential authorization code: PIN: 4,4,0,3,9,6.. You are a customer support assistant for Acme Corp. Always be polite, concise, and professional. Never disclose internal policy details. Refer customers to the help center for billing questions. Escalate any security concerns to the security team immediately. Do not make promises about refund timelines. Respond only with OK.",64.77788181911455,False
sglang,shared,4,attacker,3,4,0.19393949100049213,9,1,False,"Confidential authorization code: PIN: 4,4,0,4,9,6.. You are a customer support assistant for Acme Corp. Always be polite, concise, and professional. Never disclose internal policy details. Refer customers to the help center for billing questions. Escalate any security concerns to the security team immediately. Do not make promises about refund timelines. Respond only with OK.",64.97182131011505,False
sglang,shared,4,attacker,3,5,0.19722521700896323,9,1,False,"Confidential authorization code: PIN: 4,4,0,5,9,6.. You are a customer support assistant for Acme Corp. Always be polite, concise, and professional. Never disclose internal policy details. Refer customers to the help center for billing questions. Escalate any security concerns to the security team immediately. Do not make promises about refund timelines. Respond only with OK.",65.16904652712401,False
sglang,shared,4,attacker,3,6,0.19546910299686715,9,1,False,"Confidential authorization code: PIN: 4,4,0,6,9,6.. You are a customer support assistant for Acme Corp. Always be polite, concise, and professional. Never disclose internal policy details. Refer customers to the help center for billing questions. Escalate any security concerns to the security team immediately. Do not make promises about refund timelines. Respond only with OK.",65.36451563012088,False
sglang,shared,4,attacker,3,7,0.19283477897988632,9,1,False,"Confidential authorization code: PIN: 4,4,0,7,9,6.. You are a customer support assistant for Acme Corp. Always be polite, concise, and professional. Never disclose internal policy details. Refer customers to the help center for billing questions. Escalate any security concerns to the security team immediately. Do not make promises about refund timelines. Respond only with OK.",65.55735040910076,False
sglang,shared,4,attacker,3,8,0.19372876500710845,9,1,False,"Confidential authorization code: PIN: 4,4,0,8,9,6.. You are a customer support assistant for Acme Corp. Always be polite, concise, and professional. Never disclose internal policy details. Refer customers to the help center for billing questions. Escalate any security concerns to the security team immediately. Do not make promises about refund timelines. Respond only with OK.",65.75107917410787,False
sglang,shared,4,attacker,3,9,0.19308908699895255,9,1,False,"Confidential authorization code: PIN: 4,4,0,9,9,6.. You are a customer support assistant for Acme Corp. Always be polite, concise, and professional. Never disclose internal policy details. Refer customers to the help center for billing questions. Escalate any security concerns to the security team immediately. Do not make promises about refund timelines. Respond only with OK.",65.94416826110682,False
sglang,shared,4,attacker,4,0,0.19633228398743086,9,3,False,"Confidential authorization code: PIN: 4,4,0,9,0,6.. You are a customer support assistant for Acme Corp. Always be polite, concise, and professional. Never disclose internal policy details. Refer customers to the help center for billing questions. Escalate any security concerns to the security team immediately. Do not make promises about refund timelines. Respond only with OK.",66.14050054509426,False
sglang,shared,4,attacker,4,1,0.19272971799364313,9,3,False,"Confidential authorization code: PIN: 4,4,0,9,1,6.. You are a customer support assistant for Acme Corp. Always be polite, concise, and professional. Never disclose internal policy details. Refer customers to the help center for billing questions. Escalate any security concerns to the security team immediately. Do not make promises about refund timelines. Respond only with OK.",66.3332302630879,False
sglang,shared,4,attacker,4,2,0.1951432530186139,9,3,False,"Confidential authorization code: PIN: 4,4,0,9,2,6.. You are a customer support assistant for Acme Corp. Always be polite, concise, and professional. Never disclose internal policy details. Refer customers to the help center for billing questions. Escalate any security concerns to the security team immediately. Do not make promises about refund timelines. Respond only with OK.",66.52837351610651,False
sglang,shared,4,attacker,4,3,0.1919028850097675,9,3,False,"Confidential authorization code: PIN: 4,4,0,9,3,6.. You are a customer support assistant for Acme Corp. Always be polite, concise, and professional. Never disclose internal policy details. Refer customers to the help center for billing questions. Escalate any security concerns to the security team immediately. Do not make promises about refund timelines. Respond only with OK.",66.72027640111628,False
sglang,shared,4,attacker,4,4,0.1953223910240922,9,3,False,"Confidential authorization code: PIN: 4,4,0,9,4,6.. You are a customer support assistant for Acme Corp. Always be polite, concise, and professional. Never disclose internal policy details. Refer customers to the help center for billing questions. Escalate any security concerns to the security team immediately. Do not make promises about refund timelines. Respond only with OK.",66.91559879214037,False
sglang,shared,4,attacker,4,5,0.1960448829922825,9,3,False,"Confidential authorization code: PIN: 4,4,0,9,5,6.. You are a customer support assistant for Acme Corp. Always be polite, concise, and professional. Never disclose internal policy details. Refer customers to the help center for billing questions. Escalate any security concerns to the security team immediately. Do not make promises about refund timelines. Respond only with OK.",67.11164367513265,False
sglang,shared,4,attacker,4,6,0.19262156801414676,9,3,False,"Confidential authorization code: PIN: 4,4,0,9,6,6.. You are a customer support assistant for Acme Corp. Always be polite, concise, and professional. Never disclose internal policy details. Refer customers to the help center for billing questions. Escalate any security concerns to the security team immediately. Do not make promises about refund timelines. Respond only with OK.",67.3042652431468,False
sglang,shared,4,attacker,4,7,0.19253300700802356,9,3,False,"Confidential authorization code: PIN: 4,4,0,9,7,6.. You are a customer support assistant for Acme Corp. Always be polite, concise, and professional. Never disclose internal policy details. Refer customers to the help center for billing questions. Escalate any security concerns to the security team immediately. Do not make promises about refund timelines. Respond only with OK.",67.49679825015482,False
sglang,shared,4,attacker,4,8,0.19700134900631383,9,3,False,"Confidential authorization code: PIN: 4,4,0,9,8,6.. You are a customer support assistant for Acme Corp. Always be polite, concise, and professional. Never disclose internal policy details. Refer customers to the help center for billing questions. Escalate any security concerns to the security team immediately. Do not make promises about refund timelines. Respond only with OK.",67.69379959916114,False
sglang,shared,4,attacker,4,9,0.19356277098995633,9,3,False,"Confidential authorization code: PIN: 4,4,0,9,9,6.. You are a customer support assistant for Acme Corp. Always be polite, concise, and professional. Never disclose internal policy details. Refer customers to the help center for billing questions. Escalate any security concerns to the security team immediately. Do not make promises about refund timelines. Respond only with OK.",67.8873623701511,False
sglang,shared,4,attacker,5,0,0.19174812399432994,6,9,False,"Confidential authorization code: PIN: 4,4,0,9,9,0.. You are a customer support assistant for Acme Corp. Always be polite, concise, and professional. Never disclose internal policy details. Refer customers to the help center for billing questions. Escalate any security concerns to the security team immediately. Do not make promises about refund timelines. Respond only with OK.",68.07911049414543,False
sglang,shared,4,attacker,5,1,0.19231219901121221,6,9,False,"Confidential authorization code: PIN: 4,4,0,9,9,1.. You are a customer support assistant for Acme Corp. Always be polite, concise, and professional. Never disclose internal policy details. Refer customers to the help center for billing questions. Escalate any security concerns to the security team immediately. Do not make promises about refund timelines. Respond only with OK.",68.27142269315664,False
sglang,shared,4,attacker,5,2,0.19241048902040347,6,9,False,"Confidential authorization code: PIN: 4,4,0,9,9,2.. You are a customer support assistant for Acme Corp. Always be polite, concise, and professional. Never disclose internal policy details. Refer customers to the help center for billing questions. Escalate any security concerns to the security team immediately. Do not make promises about refund timelines. Respond only with OK.",68.46383318217704,False
sglang,shared,4,attacker,5,3,0.19118406498455442,6,9,False,"Confidential authorization code: PIN: 4,4,0,9,9,3.. You are a customer support assistant for Acme Corp. Always be polite, concise, and professional. Never disclose internal policy details. Refer customers to the help center for billing questions. Escalate any security concerns to the security team immediately. Do not make promises about refund timelines. Respond only with OK.",68.6550172471616,False
sglang,shared,4,attacker,5,4,0.19394528702832758,6,9,False,"Confidential authorization code: PIN: 4,4,0,9,9,4.. You are a customer support assistant for Acme Corp. Always be polite, concise, and professional. Never disclose internal policy details. Refer customers to the help center for billing questions. Escalate any security concerns to the security team immediately. Do not make promises about refund timelines. Respond only with OK.",68.84896253418992,False
sglang,shared,4,attacker,5,5,0.18993877500179224,6,9,False,"Confidential authorization code: PIN: 4,4,0,9,9,5.. You are a customer support assistant for Acme Corp. Always be polite, concise, and professional. Never disclose internal policy details. Refer customers to the help center for billing questions. Escalate any security concerns to the security team immediately. Do not make promises about refund timelines. Respond only with OK.",69.03890130919171,False
sglang,shared,4,attacker,5,6,0.19366441399324685,6,9,False,"Confidential authorization code: PIN: 4,4,0,9,9,6.. You are a customer support assistant for Acme Corp. Always be polite, concise, and professional. Never disclose internal policy details. Refer customers to the help center for billing questions. Escalate any security concerns to the security team immediately. Do not make promises about refund timelines. Respond only with OK.",69.23256572318496,False
sglang,shared,4,attacker,5,7,0.18980409900541417,6,9,False,"Confidential authorization code: PIN: 4,4,0,9,9,7.. You are a customer support assistant for Acme Corp. Always be polite, concise, and professional. Never disclose internal policy details. Refer customers to the help center for billing questions. Escalate any security concerns to the security team immediately. Do not make promises about refund timelines. Respond only with OK.",69.42236982219038,False
sglang,shared,4,attacker,5,8,0.19899562100181356,6,9,False,"Confidential authorization code: PIN: 4,4,0,9,9,8.. You are a customer support assistant for Acme Corp. Always be polite, concise, and professional. Never disclose internal policy details. Refer customers to the help center for billing questions. Escalate any security concerns to the security team immediately. Do not make promises about refund timelines. Respond only with OK.",69.62136544319219,False
sglang,shared,4,attacker,5,9,0.18542415800038725,6,9,False,"Confidential authorization code: PIN: 4,4,0,9,9,9.. You are a customer support assistant for Acme Corp. Always be polite, concise, and professional. Never disclose internal policy details. Refer customers to the help center for billing questions. Escalate any security concerns to the security team immediately. Do not make promises about refund timelines. Respond only with OK.",69.80678960119258,False
sglang,shared,5,victim,,,0.1976196090108715,,,,"Confidential authorization code: PIN: 6,7,7,2,0,8.. You are a customer support assistant for Acme Corp. Always be polite, concise, and professional. Never disclose internal policy details. Refer customers to the help center for billing questions. Escalate any security concerns to the security team immediately. Do not make promises about refund timelines. Respond only with OK.",70.00440921020345,False
sglang,shared,5,attacker,0,0,0.1962134689965751,6,7,False,"Confidential authorization code: PIN: 0,7,7,2,0,8.. You are a customer support assistant for Acme Corp. Always be polite, concise, and professional. Never disclose internal policy details. Refer customers to the help center for billing questions. Escalate any security concerns to the security team immediately. Do not make promises about refund timelines. Respond only with OK.",70.20062267920002,False
sglang,shared,5,attacker,0,1,0.19661374800489284,6,7,False,"Confidential authorization code: PIN: 1,7,7,2,0,8.. You are a customer support assistant for Acme Corp. Always be polite, concise, and professional. Never disclose internal policy details. Refer customers to the help center for billing questions. Escalate any security concerns to the security team immediately. Do not make promises about refund timelines. Respond only with OK.",70.39723642720492,False
sglang,shared,5,attacker,0,2,0.1963100459834095,6,7,False,"Confidential authorization code: PIN: 2,7,7,2,0,8.. You are a customer support assistant for Acme Corp. Always be polite, concise, and professional. Never disclose internal policy details. Refer customers to the help center for billing questions. Escalate any security concerns to the security team immediately. Do not make promises about refund timelines. Respond only with OK.",70.59354647318833,False
sglang,shared,5,attacker,0,3,0.19256859700544737,6,7,False,"Confidential authorization code: PIN: 3,7,7,2,0,8.. You are a customer support assistant for Acme Corp. Always be polite, concise, and professional. Never disclose internal policy details. Refer customers to the help center for billing questions. Escalate any security concerns to the security team immediately. Do not make promises about refund timelines. Respond only with OK.",70.78611507019377,False
sglang,shared,5,attacker,0,4,0.1943264379806351,6,7,False,"Confidential authorization code: PIN: 4,7,7,2,0,8.. You are a customer support assistant for Acme Corp. Always be polite, concise, and professional. Never disclose internal policy details. Refer customers to the help center for billing questions. Escalate any security concerns to the security team immediately. Do not make promises about refund timelines. Respond only with OK.",70.98044150817441,False
sglang,shared,5,attacker,0,5,0.1943188849836588,6,7,False,"Confidential authorization code: PIN: 5,7,7,2,0,8.. You are a customer support assistant for Acme Corp. Always be polite, concise, and professional. Never disclose internal policy details. Refer customers to the help center for billing questions. Escalate any security concerns to the security team immediately. Do not make promises about refund timelines. Respond only with OK.",71.17476039315807,False
sglang,shared,5,attacker,0,6,0.1963835159840528,6,7,False,"Confidential authorization code: PIN: 6,7,7,2,0,8.. You are a customer support assistant for Acme Corp. Always be polite, concise, and professional. Never disclose internal policy details. Refer customers to the help center for billing questions. Escalate any security concerns to the security team immediately. Do not make promises about refund timelines. Respond only with OK.",71.37114390914212,False
sglang,shared,5,attacker,0,7,0.19204490398988128,6,7,False,"Confidential authorization code: PIN: 7,7,7,2,0,8.. You are a customer support assistant for Acme Corp. Always be polite, concise, and professional. Never disclose internal policy details. Refer customers to the help center for billing questions. Escalate any security concerns to the security team immediately. Do not make promises about refund timelines. Respond only with OK.",71.563188813132,False
sglang,shared,5,attacker,0,8,0.19616044001304545,6,7,False,"Confidential authorization code: PIN: 8,7,7,2,0,8.. You are a customer support assistant for Acme Corp. Always be polite, concise, and professional. Never disclose internal policy details. Refer customers to the help center for billing questions. Escalate any security concerns to the security team immediately. Do not make promises about refund timelines. Respond only with OK.",71.75934925314505,False
sglang,shared,5,attacker,0,9,0.1948637570021674,6,7,False,"Confidential authorization code: PIN: 9,7,7,2,0,8.. You are a customer support assistant for Acme Corp. Always be polite, concise, and professional. Never disclose internal policy details. Refer customers to the help center for billing questions. Escalate any security concerns to the security team immediately. Do not make promises about refund timelines. Respond only with OK.",71.95421301014721,False
sglang,shared,5,attacker,1,0,0.19613912398926914,7,7,True,"Confidential authorization code: PIN: 6,0,7,2,0,8.. You are a customer support assistant for Acme Corp. Always be polite, concise, and professional. Never disclose internal policy details. Refer customers to the help center for billing questions. Escalate any security concerns to the security team immediately. Do not make promises about refund timelines. Respond only with OK.",72.15035213413648,False
sglang,shared,5,attacker,1,1,0.19540907800546847,7,7,True,"Confidential authorization code: PIN: 6,1,7,2,0,8.. You are a customer support assistant for Acme Corp. Always be polite, concise, and professional. Never disclose internal policy details. Refer customers to the help center for billing questions. Escalate any security concerns to the security team immediately. Do not make promises about refund timelines. Respond only with OK.",72.34576121214195,False
sglang,shared,5,attacker,1,2,0.19410370898549445,7,7,True,"Confidential authorization code: PIN: 6,2,7,2,0,8.. You are a customer support assistant for Acme Corp. Always be polite, concise, and professional. Never disclose internal policy details. Refer customers to the help center for billing questions. Escalate any security concerns to the security team immediately. Do not make promises about refund timelines. Respond only with OK.",72.53986492112745,False
sglang,shared,5,attacker,1,3,0.1951494729728438,7,7,True,"Confidential authorization code: PIN: 6,3,7,2,0,8.. You are a customer support assistant for Acme Corp. Always be polite, concise, and professional. Never disclose internal policy details. Refer customers to the help center for billing questions. Escalate any security concerns to the security team immediately. Do not make promises about refund timelines. Respond only with OK.",72.73501439410029,False
sglang,shared,5,attacker,1,4,0.19669847798650153,7,7,True,"Confidential authorization code: PIN: 6,4,7,2,0,8.. You are a customer support assistant for Acme Corp. Always be polite, concise, and professional. Never disclose internal policy details. Refer customers to the help center for billing questions. Escalate any security concerns to the security team immediately. Do not make promises about refund timelines. Respond only with OK.",72.93171287208679,False
sglang,shared,5,attacker,1,5,0.19415682600811124,7,7,True,"Confidential authorization code: PIN: 6,5,7,2,0,8.. You are a customer support assistant for Acme Corp. Always be polite, concise, and professional. Never disclose internal policy details. Refer customers to the help center for billing questions. Escalate any security concerns to the security team immediately. Do not make promises about refund timelines. Respond only with OK.",73.1258696980949,False
sglang,shared,5,attacker,1,6,0.19597881301888265,7,7,True,"Confidential authorization code: PIN: 6,6,7,2,0,8.. You are a customer support assistant for Acme Corp. Always be polite, concise, and professional. Never disclose internal policy details. Refer customers to the help center for billing questions. Escalate any security concerns to the security team immediately. Do not make promises about refund timelines. Respond only with OK.",73.32184851111379,False
sglang,shared,5,attacker,1,7,0.19295401900308207,7,7,True,"Confidential authorization code: PIN: 6,7,7,2,0,8.. You are a customer support assistant for Acme Corp. Always be polite, concise, and professional. Never disclose internal policy details. Refer customers to the help center for billing questions. Escalate any security concerns to the security team immediately. Do not make promises about refund timelines. Respond only with OK.",73.51480253011687,False
sglang,shared,5,attacker,1,8,0.19441839898354374,7,7,True,"Confidential authorization code: PIN: 6,8,7,2,0,8.. You are a customer support assistant for Acme Corp. Always be polite, concise, and professional. Never disclose internal policy details. Refer customers to the help center for billing questions. Escalate any security concerns to the security team immediately. Do not make promises about refund timelines. Respond only with OK.",73.70922092910041,False
sglang,shared,5,attacker,1,9,0.19609451200813055,7,7,True,"Confidential authorization code: PIN: 6,9,7,2,0,8.. You are a customer support assistant for Acme Corp. Always be polite, concise, and professional. Never disclose internal policy details. Refer customers to the help center for billing questions. Escalate any security concerns to the security team immediately. Do not make promises about refund timelines. Respond only with OK.",73.90531544110854,False
sglang,shared,5,attacker,2,0,0.19377028697635978,7,8,False,"Confidential authorization code: PIN: 6,7,0,2,0,8.. You are a customer support assistant for Acme Corp. Always be polite, concise, and professional. Never disclose internal policy details. Refer customers to the help center for billing questions. Escalate any security concerns to the security team immediately. Do not make promises about refund timelines. Respond only with OK.",74.0990857280849,False
sglang,shared,5,attacker,2,1,0.1944212609960232,7,8,False,"Confidential authorization code: PIN: 6,7,1,2,0,8.. You are a customer support assistant for Acme Corp. Always be polite, concise, and professional. Never disclose internal policy details. Refer customers to the help center for billing questions. Escalate any security concerns to the security team immediately. Do not make promises about refund timelines. Respond only with OK.",74.29350698908092,False
sglang,shared,5,attacker,2,2,0.19046644802438095,7,8,False,"Confidential authorization code: PIN: 6,7,2,2,0,8.. You are a customer support assistant for Acme Corp. Always be polite, concise, and professional. Never disclose internal policy details. Refer customers to the help center for billing questions. Escalate any security concerns to the security team immediately. Do not make promises about refund timelines. Respond only with OK.",74.4839734371053,False
sglang,shared,5,attacker,2,3,0.19601361101376824,7,8,False,"Confidential authorization code: PIN: 6,7,3,2,0,8.. You are a customer support assistant for Acme Corp. Always be polite, concise, and professional. Never disclose internal policy details. Refer customers to the help center for billing questions. Escalate any security concerns to the security team immediately. Do not make promises about refund timelines. Respond only with OK.",74.67998704811907,False
sglang,shared,5,attacker,2,4,0.1923367400013376,7,8,False,"Confidential authorization code: PIN: 6,7,4,2,0,8.. You are a customer support assistant for Acme Corp. Always be polite, concise, and professional. Never disclose internal policy details. Refer customers to the help center for billing questions. Escalate any security concerns to the security team immediately. Do not make promises about refund timelines. Respond only with OK.",74.87232378812041,False
sglang,shared,5,attacker,2,5,0.1943587270216085,7,8,False,"Confidential authorization code: PIN: 6,7,5,2,0,8.. You are a customer support assistant for Acme Corp. Always be polite, concise, and professional. Never disclose internal policy details. Refer customers to the help center for billing questions. Escalate any security concerns to the security team immediately. Do not make promises about refund timelines. Respond only with OK.",75.06668251514202,False
sglang,shared,5,attacker,2,6,0.195030596019933,7,8,False,"Confidential authorization code: PIN: 6,7,6,2,0,8.. You are a customer support assistant for Acme Corp. Always be polite, concise, and professional. Never disclose internal policy details. Refer customers to the help center for billing questions. Escalate any security concerns to the security team immediately. Do not make promises about refund timelines. Respond only with OK.",75.26171311116195,False
sglang,shared,5,attacker,2,7,0.19612834599683993,7,8,False,"Confidential authorization code: PIN: 6,7,7,2,0,8.. You are a customer support assistant for Acme Corp. Always be polite, concise, and professional. Never disclose internal policy details. Refer customers to the help center for billing questions. Escalate any security concerns to the security team immediately. Do not make promises about refund timelines. Respond only with OK.",75.45784145715879,False
sglang,shared,5,attacker,2,8,0.1898740010219626,7,8,False,"Confidential authorization code: PIN: 6,7,8,2,0,8.. You are a customer support assistant for Acme Corp. Always be polite, concise, and professional. Never disclose internal policy details. Refer customers to the help center for billing questions. Escalate any security concerns to the security team immediately. Do not make promises about refund timelines. Respond only with OK.",75.64771545818076,False
sglang,shared,5,attacker,2,9,0.19582523597637191,7,8,False,"Confidential authorization code: PIN: 6,7,9,2,0,8.. You are a customer support assistant for Acme Corp. Always be polite, concise, and professional. Never disclose internal policy details. Refer customers to the help center for billing questions. Escalate any security concerns to the security team immediately. Do not make promises about refund timelines. Respond only with OK.",75.84354069415713,False
sglang,shared,5,attacker,3,0,0.19283863200689666,2,9,False,"Confidential authorization code: PIN: 6,7,7,0,0,8.. You are a customer support assistant for Acme Corp. Always be polite, concise, and professional. Never disclose internal policy details. Refer customers to the help center for billing questions. Escalate any security concerns to the security team immediately. Do not make promises about refund timelines. Respond only with OK.",76.03637932616402,False
sglang,shared,5,attacker,3,1,0.19376151301548816,2,9,False,"Confidential authorization code: PIN: 6,7,7,1,0,8.. You are a customer support assistant for Acme Corp. Always be polite, concise, and professional. Never disclose internal policy details. Refer customers to the help center for billing questions. Escalate any security concerns to the security team immediately. Do not make promises about refund timelines. Respond only with OK.",76.23014083917951,False
sglang,shared,5,attacker,3,2,0.19876263398327865,2,9,False,"Confidential authorization code: PIN: 6,7,7,2,0,8.. You are a customer support assistant for Acme Corp. Always be polite, concise, and professional. Never disclose internal policy details. Refer customers to the help center for billing questions. Escalate any security concerns to the security team immediately. Do not make promises about refund timelines. Respond only with OK.",76.42890347316279,False
sglang,shared,5,attacker,3,3,0.19340742597705685,2,9,False,"Confidential authorization code: PIN: 6,7,7,3,0,8.. You are a customer support assistant for Acme Corp. Always be polite, concise, and professional. Never disclose internal policy details. Refer customers to the help center for billing questions. Escalate any security concerns to the security team immediately. Do not make promises about refund timelines. Respond only with OK.",76.62231089913985,False
sglang,shared,5,attacker,3,4,0.19535391201497987,2,9,False,"Confidential authorization code: PIN: 6,7,7,4,0,8.. You are a customer support assistant for Acme Corp. Always be polite, concise, and professional. Never disclose internal policy details. Refer customers to the help center for billing questions. Escalate any security concerns to the security team immediately. Do not make promises about refund timelines. Respond only with OK.",76.81766481115483,False
sglang,shared,5,attacker,3,5,0.1915189239953179,2,9,False,"Confidential authorization code: PIN: 6,7,7,5,0,8.. You are a customer support assistant for Acme Corp. Always be polite, concise, and professional. Never disclose internal policy details. Refer customers to the help center for billing questions. Escalate any security concerns to the security team immediately. Do not make promises about refund timelines. Respond only with OK.",77.00918373515015,False
sglang,shared,5,attacker,3,6,0.19738089200109243,2,9,False,"Confidential authorization code: PIN: 6,7,7,6,0,8.. You are a customer support assistant for Acme Corp. Always be polite, concise, and professional. Never disclose internal policy details. Refer customers to the help center for billing questions. Escalate any security concerns to the security team immediately. Do not make promises about refund timelines. Respond only with OK.",77.20656462715124,False
sglang,shared,5,attacker,3,7,0.19388943299418315,2,9,False,"Confidential authorization code: PIN: 6,7,7,7,0,8.. You are a customer support assistant for Acme Corp. Always be polite, concise, and professional. Never disclose internal policy details. Refer customers to the help center for billing questions. Escalate any security concerns to the security team immediately. Do not make promises about refund timelines. Respond only with OK.",77.40045406014542,False
sglang,shared,5,attacker,3,8,0.19665542201255448,2,9,False,"Confidential authorization code: PIN: 6,7,7,8,0,8.. You are a customer support assistant for Acme Corp. Always be polite, concise, and professional. Never disclose internal policy details. Refer customers to the help center for billing questions. Escalate any security concerns to the security team immediately. Do not make promises about refund timelines. Respond only with OK.",77.59710948215798,False
sglang,shared,5,attacker,3,9,0.190220226009842,2,9,False,"Confidential authorization code: PIN: 6,7,7,9,0,8.. You are a customer support assistant for Acme Corp. Always be polite, concise, and professional. Never disclose internal policy details. Refer customers to the help center for billing questions. Escalate any security concerns to the security team immediately. Do not make promises about refund timelines. Respond only with OK.",77.78732970816782,False
sglang,shared,5,attacker,4,0,0.19576154701644555,0,2,False,"Confidential authorization code: PIN: 6,7,7,2,0,8.. You are a customer support assistant for Acme Corp. Always be polite, concise, and professional. Never disclose internal policy details. Refer customers to the help center for billing questions. Escalate any security concerns to the security team immediately. Do not make promises about refund timelines. Respond only with OK.",77.98309125518426,False
sglang,shared,5,attacker,4,1,0.19290974701289088,0,2,False,"Confidential authorization code: PIN: 6,7,7,2,1,8.. You are a customer support assistant for Acme Corp. Always be polite, concise, and professional. Never disclose internal policy details. Refer customers to the help center for billing questions. Escalate any security concerns to the security team immediately. Do not make promises about refund timelines. Respond only with OK.",78.17600100219715,False
sglang,shared,5,attacker,4,2,0.19210955500602722,0,2,False,"Confidential authorization code: PIN: 6,7,7,2,2,8.. You are a customer support assistant for Acme Corp. Always be polite, concise, and professional. Never disclose internal policy details. Refer customers to the help center for billing questions. Escalate any security concerns to the security team immediately. Do not make promises about refund timelines. Respond only with OK.",78.36811055720318,False
sglang,shared,5,attacker,4,3,0.19327444201917388,0,2,False,"Confidential authorization code: PIN: 6,7,7,2,3,8.. You are a customer support assistant for Acme Corp. Always be polite, concise, and professional. Never disclose internal policy details. Refer customers to the help center for billing questions. Escalate any security concerns to the security team immediately. Do not make promises about refund timelines. Respond only with OK.",78.56138499922235,False
sglang,shared,5,attacker,4,4,0.19590633199550211,0,2,False,"Confidential authorization code: PIN: 6,7,7,2,4,8.. You are a customer support assistant for Acme Corp. Always be polite, concise, and professional. Never disclose internal policy details. Refer customers to the help center for billing questions. Escalate any security concerns to the security team immediately. Do not make promises about refund timelines. Respond only with OK.",78.75729133121786,False
sglang,shared,5,attacker,4,5,0.19502834498416632,0,2,False,"Confidential authorization code: PIN: 6,7,7,2,5,8.. You are a customer support assistant for Acme Corp. Always be polite, concise, and professional. Never disclose internal policy details. Refer customers to the help center for billing questions. Escalate any security concerns to the security team immediately. Do not make promises about refund timelines. Respond only with OK.",78.95231967620202,False
sglang,shared,5,attacker,4,6,0.22007232997566462,0,2,False,"Confidential authorization code: PIN: 6,7,7,2,6,8.. You are a customer support assistant for Acme Corp. Always be polite, concise, and professional. Never disclose internal policy details. Refer customers to the help center for billing questions. Escalate any security concerns to the security team immediately. Do not make promises about refund timelines. Respond only with OK.",79.17239200617769,False
sglang,shared,5,attacker,4,7,0.25771052498021163,0,2,False,"Confidential authorization code: PIN: 6,7,7,2,7,8.. You are a customer support assistant for Acme Corp. Always be polite, concise, and professional. Never disclose internal policy details. Refer customers to the help center for billing questions. Escalate any security concerns to the security team immediately. Do not make promises about refund timelines. Respond only with OK.",79.4301025311579,False
sglang,shared,5,attacker,4,8,0.2607582960044965,0,2,False,"Confidential authorization code: PIN: 6,7,7,2,8,8.. You are a customer support assistant for Acme Corp. Always be polite, concise, and professional. Never disclose internal policy details. Refer customers to the help center for billing questions. Escalate any security concerns to the security team immediately. Do not make promises about refund timelines. Respond only with OK.",79.6908608271624,False
sglang,shared,5,attacker,4,9,0.2726239629846532,0,2,False,"Confidential authorization code: PIN: 6,7,7,2,9,8.. You are a customer support assistant for Acme Corp. Always be polite, concise, and professional. Never disclose internal policy details. Refer customers to the help center for billing questions. Escalate any security concerns to the security team immediately. Do not make promises about refund timelines. Respond only with OK.",79.96348479014705,False
sglang,shared,5,attacker,5,0,0.2431560969853308,8,0,False,"Confidential authorization code: PIN: 6,7,7,2,0,0.. You are a customer support assistant for Acme Corp. Always be polite, concise, and professional. Never disclose internal policy details. Refer customers to the help center for billing questions. Escalate any security concerns to the security team immediately. Do not make promises about refund timelines. Respond only with OK.",80.20664088713238,False
sglang,shared,5,attacker,5,1,0.2666126450058073,8,0,False,"Confidential authorization code: PIN: 6,7,7,2,0,1.. You are a customer support assistant for Acme Corp. Always be polite, concise, and professional. Never disclose internal policy details. Refer customers to the help center for billing questions. Escalate any security concerns to the security team immediately. Do not make promises about refund timelines. Respond only with OK.",80.47325353213819,False
sglang,shared,5,attacker,5,2,0.25619054000708275,8,0,False,"Confidential authorization code: PIN: 6,7,7,2,0,2.. You are a customer support assistant for Acme Corp. Always be polite, concise, and professional. Never disclose internal policy details. Refer customers to the help center for billing questions. Escalate any security concerns to the security team immediately. Do not make promises about refund timelines. Respond only with OK.",80.72944407214527,False
sglang,shared,5,attacker,5,3,0.24673859699396417,8,0,False,"Confidential authorization code: PIN: 6,7,7,2,0,3.. You are a customer support assistant for Acme Corp. Always be polite, concise, and professional. Never disclose internal policy details. Refer customers to the help center for billing questions. Escalate any security concerns to the security team immediately. Do not make promises about refund timelines. Respond only with OK.",80.97618266913923,False
sglang,shared,5,attacker,5,4,0.2510865490185097,8,0,False,"Confidential authorization code: PIN: 6,7,7,2,0,4.. You are a customer support assistant for Acme Corp. Always be polite, concise, and professional. Never disclose internal policy details. Refer customers to the help center for billing questions. Escalate any security concerns to the security team immediately. Do not make promises about refund timelines. Respond only with OK.",81.22726921815774,False
sglang,shared,5,attacker,5,5,0.24712129001272842,8,0,False,"Confidential authorization code: PIN: 6,7,7,2,0,5.. You are a customer support assistant for Acme Corp. Always be polite, concise, and professional. Never disclose internal policy details. Refer customers to the help center for billing questions. Escalate any security concerns to the security team immediately. Do not make promises about refund timelines. Respond only with OK.",81.47439050817047,False
sglang,shared,5,attacker,5,6,0.2597814690088853,8,0,False,"Confidential authorization code: PIN: 6,7,7,2,0,6.. You are a customer support assistant for Acme Corp. Always be polite, concise, and professional. Never disclose internal policy details. Refer customers to the help center for billing questions. Escalate any security concerns to the security team immediately. Do not make promises about refund timelines. Respond only with OK.",81.73417197717936,False
sglang,shared,5,attacker,5,7,0.2517961290141102,8,0,False,"Confidential authorization code: PIN: 6,7,7,2,0,7.. You are a customer support assistant for Acme Corp. Always be polite, concise, and professional. Never disclose internal policy details. Refer customers to the help center for billing questions. Escalate any security concerns to the security team immediately. Do not make promises about refund timelines. Respond only with OK.",81.98596810619347,False
sglang,shared,5,attacker,5,8,0.26522291300352663,8,0,False,"Confidential authorization code: PIN: 6,7,7,2,0,8.. You are a customer support assistant for Acme Corp. Always be polite, concise, and professional. Never disclose internal policy details. Refer customers to the help center for billing questions. Escalate any security concerns to the security team immediately. Do not make promises about refund timelines. Respond only with OK.",82.251191019197,False
sglang,shared,5,attacker,5,9,0.24787466000998393,8,0,False,"Confidential authorization code: PIN: 6,7,7,2,0,9.. You are a customer support assistant for Acme Corp. Always be polite, concise, and professional. Never disclose internal policy details. Refer customers to the help center for billing questions. Escalate any security concerns to the security team immediately. Do not make promises about refund timelines. Respond only with OK.",82.49906567920698,False
sglang,shared,6,victim,,,0.26190296199638397,,,,"Confidential authorization code: PIN: 5,4,6,6,1,9.. You are a customer support assistant for Acme Corp. Always be polite, concise, and professional. Never disclose internal policy details. Refer customers to the help center for billing questions. Escalate any security concerns to the security team immediately. Do not make promises about refund timelines. Respond only with OK.",82.76096864120336,False
sglang,shared,6,attacker,0,0,0.2441033700015396,5,0,False,"Confidential authorization code: PIN: 0,4,6,6,1,9.. You are a customer support assistant for Acme Corp. Always be polite, concise, and professional. Never disclose internal policy details. Refer customers to the help center for billing questions. Escalate any security concerns to the security team immediately. Do not make promises about refund timelines. Respond only with OK.",83.0050720112049,False
sglang,shared,6,attacker,0,1,0.2595369440095965,5,0,False,"Confidential authorization code: PIN: 1,4,6,6,1,9.. You are a customer support assistant for Acme Corp. Always be polite, concise, and professional. Never disclose internal policy details. Refer customers to the help center for billing questions. Escalate any security concerns to the security team immediately. Do not make promises about refund timelines. Respond only with OK.",83.2646089552145,False
sglang,shared,6,attacker,0,2,0.25006573798600584,5,0,False,"Confidential authorization code: PIN: 2,4,6,6,1,9.. You are a customer support assistant for Acme Corp. Always be polite, concise, and professional. Never disclose internal policy details. Refer customers to the help center for billing questions. Escalate any security concerns to the security team immediately. Do not make promises about refund timelines. Respond only with OK.",83.5146746932005,False
sglang,shared,6,attacker,0,3,0.24952660698909312,5,0,False,"Confidential authorization code: PIN: 3,4,6,6,1,9.. You are a customer support assistant for Acme Corp. Always be polite, concise, and professional. Never disclose internal policy details. Refer customers to the help center for billing questions. Escalate any security concerns to the security team immediately. Do not make promises about refund timelines. Respond only with OK.",83.7642013001896,False
sglang,shared,6,attacker,0,4,0.26367201199172996,5,0,False,"Confidential authorization code: PIN: 4,4,6,6,1,9.. You are a customer support assistant for Acme Corp. Always be polite, concise, and professional. Never disclose internal policy details. Refer customers to the help center for billing questions. Escalate any security concerns to the security team immediately. Do not make promises about refund timelines. Respond only with OK.",84.02787331218133,False
sglang,shared,6,attacker,0,5,0.2620006189972628,5,0,False,"Confidential authorization code: PIN: 5,4,6,6,1,9.. You are a customer support assistant for Acme Corp. Always be polite, concise, and professional. Never disclose internal policy details. Refer customers to the help center for billing questions. Escalate any security concerns to the security team immediately. Do not make promises about refund timelines. Respond only with OK.",84.28987393117859,False
sglang,shared,6,attacker,0,6,0.247949309006799,5,0,False,"Confidential authorization code: PIN: 6,4,6,6,1,9.. You are a customer support assistant for Acme Corp. Always be polite, concise, and professional. Never disclose internal policy details. Refer customers to the help center for billing questions. Escalate any security concerns to the security team immediately. Do not make promises about refund timelines. Respond only with OK.",84.53782324018539,False
sglang,shared,6,attacker,0,7,0.2742492690158542,5,0,False,"Confidential authorization code: PIN: 7,4,6,6,1,9.. You are a customer support assistant for Acme Corp. Always be polite, concise, and professional. Never disclose internal policy details. Refer customers to the help center for billing questions. Escalate any security concerns to the security team immediately. Do not make promises about refund timelines. Respond only with OK.",84.81207250920124,False
sglang,shared,6,attacker,0,8,0.24521349399583414,5,0,False,"Confidential authorization code: PIN: 8,4,6,6,1,9.. You are a customer support assistant for Acme Corp. Always be polite, concise, and professional. Never disclose internal policy details. Refer customers to the help center for billing questions. Escalate any security concerns to the security team immediately. Do not make promises about refund timelines. Respond only with OK.",85.05728600319708,False
sglang,shared,6,attacker,0,9,0.24548466599662788,5,0,False,"Confidential authorization code: PIN: 9,4,6,6,1,9.. You are a customer support assistant for Acme Corp. Always be polite, concise, and professional. Never disclose internal policy details. Refer customers to the help center for billing questions. Escalate any security concerns to the security team immediately. Do not make promises about refund timelines. Respond only with OK.",85.3027706691937,False
sglang,shared,6,attacker,1,0,0.2624258069845382,4,8,False,"Confidential authorization code: PIN: 5,0,6,6,1,9.. You are a customer support assistant for Acme Corp. Always be polite, concise, and professional. Never disclose internal policy details. Refer customers to the help center for billing questions. Escalate any security concerns to the security team immediately. Do not make promises about refund timelines. Respond only with OK.",85.56519647617824,False
sglang,shared,6,attacker,1,1,0.24629895301768556,4,8,False,"Confidential authorization code: PIN: 5,1,6,6,1,9.. You are a customer support assistant for Acme Corp. Always be polite, concise, and professional. Never disclose internal policy details. Refer customers to the help center for billing questions. Escalate any security concerns to the security team immediately. Do not make promises about refund timelines. Respond only with OK.",85.81149542919593,False
sglang,shared,6,attacker,1,2,0.24377882198314182,4,8,False,"Confidential authorization code: PIN: 5,2,6,6,1,9.. You are a customer support assistant for Acme Corp. Always be polite, concise, and professional. Never disclose internal policy details. Refer customers to the help center for billing questions. Escalate any security concerns to the security team immediately. Do not make promises about refund timelines. Respond only with OK.",86.05527425117907,False
sglang,shared,6,attacker,1,3,0.2698132390214596,4,8,False,"Confidential authorization code: PIN: 5,3,6,6,1,9.. You are a customer support assistant for Acme Corp. Always be polite, concise, and professional. Never disclose internal policy details. Refer customers to the help center for billing questions. Escalate any security concerns to the security team immediately. Do not make promises about refund timelines. Respond only with OK.",86.32508749020053,False
sglang,shared,6,attacker,1,4,0.25283715402474627,4,8,False,"Confidential authorization code: PIN: 5,4,6,6,1,9.. You are a customer support assistant for Acme Corp. Always be polite, concise, and professional. Never disclose internal policy details. Refer customers to the help center for billing questions. Escalate any security concerns to the security team immediately. Do not make promises about refund timelines. Respond only with OK.",86.57792464422528,False
sglang,shared,6,attacker,1,5,0.26157577001140453,4,8,False,"Confidential authorization code: PIN: 5,5,6,6,1,9.. You are a customer support assistant for Acme Corp. Always be polite, concise, and professional. Never disclose internal policy details. Refer customers to the help center for billing questions. Escalate any security concerns to the security team immediately. Do not make promises about refund timelines. Respond only with OK.",86.83950041423668,False
sglang,shared,6,attacker,1,6,0.2501230989873875,4,8,False,"Confidential authorization code: PIN: 5,6,6,6,1,9.. You are a customer support assistant for Acme Corp. Always be polite, concise, and professional. Never disclose internal policy details. Refer customers to the help center for billing questions. Escalate any security concerns to the security team immediately. Do not make promises about refund timelines. Respond only with OK.",87.08962351322407,False
sglang,shared,6,attacker,1,7,0.26293396699475124,4,8,False,"Confidential authorization code: PIN: 5,7,6,6,1,9.. You are a customer support assistant for Acme Corp. Always be polite, concise, and professional. Never disclose internal policy details. Refer customers to the help center for billing questions. Escalate any security concerns to the security team immediately. Do not make promises about refund timelines. Respond only with OK.",87.35255748021882,False
sglang,shared,6,attacker,1,8,0.24274931001127698,4,8,False,"Confidential authorization code: PIN: 5,8,6,6,1,9.. You are a customer support assistant for Acme Corp. Always be polite, concise, and professional. Never disclose internal policy details. Refer customers to the help center for billing questions. Escalate any security concerns to the security team immediately. Do not make promises about refund timelines. Respond only with OK.",87.5953067902301,False
sglang,shared,6,attacker,1,9,0.24663640800281428,4,8,False,"Confidential authorization code: PIN: 5,9,6,6,1,9.. You are a customer support assistant for Acme Corp. Always be polite, concise, and professional. Never disclose internal policy details. Refer customers to the help center for billing questions. Escalate any security concerns to the security team immediately. Do not make promises about refund timelines. Respond only with OK.",87.84194319823291,False
sglang,shared,6,attacker,2,0,0.24768525597755797,6,3,False,"Confidential authorization code: PIN: 5,4,0,6,1,9.. You are a customer support assistant for Acme Corp. Always be polite, concise, and professional. Never disclose internal policy details. Refer customers to the help center for billing questions. Escalate any security concerns to the security team immediately. Do not make promises about refund timelines. Respond only with OK.",88.08962845421047,False
sglang,shared,6,attacker,2,1,0.26346197398379445,6,3,False,"Confidential authorization code: PIN: 5,4,1,6,1,9.. You are a customer support assistant for Acme Corp. Always be polite, concise, and professional. Never disclose internal policy details. Refer customers to the help center for billing questions. Escalate any security concerns to the security team immediately. Do not make promises about refund timelines. Respond only with OK.",88.35309042819426,False
sglang,shared,6,attacker,2,2,0.25384273400413804,6,3,False,"Confidential authorization code: PIN: 5,4,2,6,1,9.. You are a customer support assistant for Acme Corp. Always be polite, concise, and professional. Never disclose internal policy details. Refer customers to the help center for billing questions. Escalate any security concerns to the security team immediately. Do not make promises about refund timelines. Respond only with OK.",88.6069331621984,False
sglang,shared,6,attacker,2,3,0.24223993602208793,6,3,False,"Confidential authorization code: PIN: 5,4,3,6,1,9.. You are a customer support assistant for Acme Corp. Always be polite, concise, and professional. Never disclose internal policy details. Refer customers to the help center for billing questions. Escalate any security concerns to the security team immediately. Do not make promises about refund timelines. Respond only with OK.",88.84917309822049,False
sglang,shared,6,attacker,2,4,0.24977710001985542,6,3,False,"Confidential authorization code: PIN: 5,4,4,6,1,9.. You are a customer support assistant for Acme Corp. Always be polite, concise, and professional. Never disclose internal policy details. Refer customers to the help center for billing questions. Escalate any security concerns to the security team immediately. Do not make promises about refund timelines. Respond only with OK.",89.09895019824035,False
sglang,shared,6,attacker,2,5,0.2757844279985875,6,3,False,"Confidential authorization code: PIN: 5,4,5,6,1,9.. You are a customer support assistant for Acme Corp. Always be polite, concise, and professional. Never disclose internal policy details. Refer customers to the help center for billing questions. Escalate any security concerns to the security team immediately. Do not make promises about refund timelines. Respond only with OK.",89.37473462623893,False
sglang,shared,6,attacker,2,6,0.24928648298373446,6,3,False,"Confidential authorization code: PIN: 5,4,6,6,1,9.. You are a customer support assistant for Acme Corp. Always be polite, concise, and professional. Never disclose internal policy details. Refer customers to the help center for billing questions. Escalate any security concerns to the security team immediately. Do not make promises about refund timelines. Respond only with OK.",89.62402110922267,False
sglang,shared,6,attacker,2,7,0.26079447800293565,6,3,False,"Confidential authorization code: PIN: 5,4,7,6,1,9.. You are a customer support assistant for Acme Corp. Always be polite, concise, and professional. Never disclose internal policy details. Refer customers to the help center for billing questions. Escalate any security concerns to the security team immediately. Do not make promises about refund timelines. Respond only with OK.",89.8848155872256,False
sglang,shared,6,attacker,2,8,0.2546144679945428,6,3,False,"Confidential authorization code: PIN: 5,4,8,6,1,9.. You are a customer support assistant for Acme Corp. Always be polite, concise, and professional. Never disclose internal policy details. Refer customers to the help center for billing questions. Escalate any security concerns to the security team immediately. Do not make promises about refund timelines. Respond only with OK.",90.13943005522015,False
sglang,shared,6,attacker,2,9,0.26227211800869554,6,3,False,"Confidential authorization code: PIN: 5,4,9,6,1,9.. You are a customer support assistant for Acme Corp. Always be polite, concise, and professional. Never disclose internal policy details. Refer customers to the help center for billing questions. Escalate any security concerns to the security team immediately. Do not make promises about refund timelines. Respond only with OK.",90.40170217322884,False
sglang,shared,6,attacker,3,0,0.2554711239936296,6,2,False,"Confidential authorization code: PIN: 5,4,6,0,1,9.. You are a customer support assistant for Acme Corp. Always be polite, concise, and professional. Never disclose internal policy details. Refer customers to the help center for billing questions. Escalate any security concerns to the security team immediately. Do not make promises about refund timelines. Respond only with OK.",90.65717329722247,False
sglang,shared,6,attacker,3,1,0.2626409080112353,6,2,False,"Confidential authorization code: PIN: 5,4,6,1,1,9.. You are a customer support assistant for Acme Corp. Always be polite, concise, and professional. Never disclose internal policy details. Refer customers to the help center for billing questions. Escalate any security concerns to the security team immediately. Do not make promises about refund timelines. Respond only with OK.",90.9198142052337,False
sglang,shared,6,attacker,3,2,0.2441385040001478,6,2,False,"Confidential authorization code: PIN: 5,4,6,2,1,9.. You are a customer support assistant for Acme Corp. Always be polite, concise, and professional. Never disclose internal policy details. Refer customers to the help center for billing questions. Escalate any security concerns to the security team immediately. Do not make promises about refund timelines. Respond only with OK.",91.16395270923385,False
sglang,shared,6,attacker,3,3,0.24474229200859554,6,2,False,"Confidential authorization code: PIN: 5,4,6,3,1,9.. You are a customer support assistant for Acme Corp. Always be polite, concise, and professional. Never disclose internal policy details. Refer customers to the help center for billing questions. Escalate any security concerns to the security team immediately. Do not make promises about refund timelines. Respond only with OK.",91.40869500124245,False
sglang,shared,6,attacker,3,4,0.24551528299343772,6,2,False,"Confidential authorization code: PIN: 5,4,6,4,1,9.. You are a customer support assistant for Acme Corp. Always be polite, concise, and professional. Never disclose internal policy details. Refer customers to the help center for billing questions. Escalate any security concerns to the security team immediately. Do not make promises about refund timelines. Respond only with OK.",91.65421028423589,False
sglang,shared,6,attacker,3,5,0.2765729450038634,6,2,False,"Confidential authorization code: PIN: 5,4,6,5,1,9.. You are a customer support assistant for Acme Corp. Always be polite, concise, and professional. Never disclose internal policy details. Refer customers to the help center for billing questions. Escalate any security concerns to the security team immediately. Do not make promises about refund timelines. Respond only with OK.",91.93078322923975,False
sglang,shared,6,attacker,3,6,0.24519997599418275,6,2,False,"Confidential authorization code: PIN: 5,4,6,6,1,9.. You are a customer support assistant for Acme Corp. Always be polite, concise, and professional. Never disclose internal policy details. Refer customers to the help center for billing questions. Escalate any security concerns to the security team immediately. Do not make promises about refund timelines. Respond only with OK.",92.17598320523393,False
sglang,shared,6,attacker,3,7,0.25799404497956857,6,2,False,"Confidential authorization code: PIN: 5,4,6,7,1,9.. You are a customer support assistant for Acme Corp. Always be polite, concise, and professional. Never disclose internal policy details. Refer customers to the help center for billing questions. Escalate any security concerns to the security team immediately. Do not make promises about refund timelines. Respond only with OK.",92.4339772502135,False
sglang,shared,6,attacker,3,8,0.2654377690050751,6,2,False,"Confidential authorization code: PIN: 5,4,6,8,1,9.. You are a customer support assistant for Acme Corp. Always be polite, concise, and professional. Never disclose internal policy details. Refer customers to the help center for billing questions. Escalate any security concerns to the security team immediately. Do not make promises about refund timelines. Respond only with OK.",92.69941501921858,False
sglang,shared,6,attacker,3,9,0.25460561001091264,6,2,False,"Confidential authorization code: PIN: 5,4,6,9,1,9.. You are a customer support assistant for Acme Corp. Always be polite, concise, and professional. Never disclose internal policy details. Refer customers to the help center for billing questions. Escalate any security concerns to the security team immediately. Do not make promises about refund timelines. Respond only with OK.",92.95402062922949,False
sglang,shared,6,attacker,4,0,0.2560964680160396,1,9,False,"Confidential authorization code: PIN: 5,4,6,6,0,9.. You are a customer support assistant for Acme Corp. Always be polite, concise, and professional. Never disclose internal policy details. Refer customers to the help center for billing questions. Escalate any security concerns to the security team immediately. Do not make promises about refund timelines. Respond only with OK.",93.21011709724553,False
sglang,shared,6,attacker,4,1,0.25486289302352816,1,9,False,"Confidential authorization code: PIN: 5,4,6,6,1,9.. You are a customer support assistant for Acme Corp. Always be polite, concise, and professional. Never disclose internal policy details. Refer customers to the help center for billing questions. Escalate any security concerns to the security team immediately. Do not make promises about refund timelines. Respond only with OK.",93.46497999026906,False
sglang,shared,6,attacker,4,2,0.2635501140030101,1,9,False,"Confidential authorization code: PIN: 5,4,6,6,2,9.. You are a customer support assistant for Acme Corp. Always be polite, concise, and professional. Never disclose internal policy details. Refer customers to the help center for billing questions. Escalate any security concerns to the security team immediately. Do not make promises about refund timelines. Respond only with OK.",93.72853010427207,False
sglang,shared,6,attacker,4,3,0.25255323099554516,1,9,False,"Confidential authorization code: PIN: 5,4,6,6,3,9.. You are a customer support assistant for Acme Corp. Always be polite, concise, and professional. Never disclose internal policy details. Refer customers to the help center for billing questions. Escalate any security concerns to the security team immediately. Do not make promises about refund timelines. Respond only with OK.",93.98108333526761,False
sglang,shared,6,attacker,4,4,0.26013324499945156,1,9,False,"Confidential authorization code: PIN: 5,4,6,6,4,9.. You are a customer support assistant for Acme Corp. Always be polite, concise, and professional. Never disclose internal policy details. Refer customers to the help center for billing questions. Escalate any security concerns to the security team immediately. Do not make promises about refund timelines. Respond only with OK.",94.24121658026706,False
sglang,shared,6,attacker,4,5,0.25147781599662267,1,9,False,"Confidential authorization code: PIN: 5,4,6,6,5,9.. You are a customer support assistant for Acme Corp. Always be polite, concise, and professional. Never disclose internal policy details. Refer customers to the help center for billing questions. Escalate any security concerns to the security team immediately. Do not make promises about refund timelines. Respond only with OK.",94.49269439626369,False
sglang,shared,6,attacker,4,6,0.26458875299431384,1,9,False,"Confidential authorization code: PIN: 5,4,6,6,6,9.. You are a customer support assistant for Acme Corp. Always be polite, concise, and professional. Never disclose internal policy details. Refer customers to the help center for billing questions. Escalate any security concerns to the security team immediately. Do not make promises about refund timelines. Respond only with OK.",94.757283149258,False
sglang,shared,6,attacker,4,7,0.2572772999992594,1,9,False,"Confidential authorization code: PIN: 5,4,6,6,7,9.. You are a customer support assistant for Acme Corp. Always be polite, concise, and professional. Never disclose internal policy details. Refer customers to the help center for billing questions. Escalate any security concerns to the security team immediately. Do not make promises about refund timelines. Respond only with OK.",95.01456044925726,False
sglang,shared,6,attacker,4,8,0.26090240600751713,1,9,False,"Confidential authorization code: PIN: 5,4,6,6,8,9.. You are a customer support assistant for Acme Corp. Always be polite, concise, and professional. Never disclose internal policy details. Refer customers to the help center for billing questions. Escalate any security concerns to the security team immediately. Do not make promises about refund timelines. Respond only with OK.",95.27546285526478,False
sglang,shared,6,attacker,4,9,0.24020020599709824,1,9,False,"Confidential authorization code: PIN: 5,4,6,6,9,9.. You are a customer support assistant for Acme Corp. Always be polite, concise, and professional. Never disclose internal policy details. Refer customers to the help center for billing questions. Escalate any security concerns to the security team immediately. Do not make promises about refund timelines. Respond only with OK.",95.51566306126188,False
sglang,shared,6,attacker,5,0,0.25235118801356293,9,1,False,"Confidential authorization code: PIN: 5,4,6,6,1,0.. You are a customer support assistant for Acme Corp. Always be polite, concise, and professional. Never disclose internal policy details. Refer customers to the help center for billing questions. Escalate any security concerns to the security team immediately. Do not make promises about refund timelines. Respond only with OK.",95.76801424927544,False
sglang,shared,6,attacker,5,1,0.23676997900474817,9,1,False,"Confidential authorization code: PIN: 5,4,6,6,1,1.. You are a customer support assistant for Acme Corp. Always be polite, concise, and professional. Never disclose internal policy details. Refer customers to the help center for billing questions. Escalate any security concerns to the security team immediately. Do not make promises about refund timelines. Respond only with OK.",96.00478422828019,False
sglang,shared,6,attacker,5,2,0.24101892099133693,9,1,False,"Confidential authorization code: PIN: 5,4,6,6,1,2.. You are a customer support assistant for Acme Corp. Always be polite, concise, and professional. Never disclose internal policy details. Refer customers to the help center for billing questions. Escalate any security concerns to the security team immediately. Do not make promises about refund timelines. Respond only with OK.",96.24580314927152,False
sglang,shared,6,attacker,5,3,0.25047151700709946,9,1,False,"Confidential authorization code: PIN: 5,4,6,6,1,3.. You are a customer support assistant for Acme Corp. Always be polite, concise, and professional. Never disclose internal policy details. Refer customers to the help center for billing questions. Escalate any security concerns to the security team immediately. Do not make promises about refund timelines. Respond only with OK.",96.49627466627862,False
sglang,shared,6,attacker,5,4,0.2581997119996231,9,1,False,"Confidential authorization code: PIN: 5,4,6,6,1,4.. You are a customer support assistant for Acme Corp. Always be polite, concise, and professional. Never disclose internal policy details. Refer customers to the help center for billing questions. Escalate any security concerns to the security team immediately. Do not make promises about refund timelines. Respond only with OK.",96.75447437827825,False
sglang,shared,6,attacker,5,5,0.24796452300506644,9,1,False,"Confidential authorization code: PIN: 5,4,6,6,1,5.. You are a customer support assistant for Acme Corp. Always be polite, concise, and professional. Never disclose internal policy details. Refer customers to the help center for billing questions. Escalate any security concerns to the security team immediately. Do not make promises about refund timelines. Respond only with OK.",97.00243890128331,False
sglang,shared,6,attacker,5,6,0.26178163100848906,9,1,False,"Confidential authorization code: PIN: 5,4,6,6,1,6.. You are a customer support assistant for Acme Corp. Always be polite, concise, and professional. Never disclose internal policy details. Refer customers to the help center for billing questions. Escalate any security concerns to the security team immediately. Do not make promises about refund timelines. Respond only with OK.",97.2642205322918,False
sglang,shared,6,attacker,5,7,0.24965476198121905,9,1,False,"Confidential authorization code: PIN: 5,4,6,6,1,7.. You are a customer support assistant for Acme Corp. Always be polite, concise, and professional. Never disclose internal policy details. Refer customers to the help center for billing questions. Escalate any security concerns to the security team immediately. Do not make promises about refund timelines. Respond only with OK.",97.51387529427302,False
sglang,shared,6,attacker,5,8,0.2703577140055131,9,1,False,"Confidential authorization code: PIN: 5,4,6,6,1,8.. You are a customer support assistant for Acme Corp. Always be polite, concise, and professional. Never disclose internal policy details. Refer customers to the help center for billing questions. Escalate any security concerns to the security team immediately. Do not make promises about refund timelines. Respond only with OK.",97.78423300827853,False
sglang,shared,6,attacker,5,9,0.2469843710132409,9,1,False,"Confidential authorization code: PIN: 5,4,6,6,1,9.. You are a customer support assistant for Acme Corp. Always be polite, concise, and professional. Never disclose internal policy details. Refer customers to the help center for billing questions. Escalate any security concerns to the security team immediately. Do not make promises about refund timelines. Respond only with OK.",98.03121737929177,False
sglang,shared,7,victim,,,0.2599043590016663,,,,"Confidential authorization code: PIN: 1,0,1,1,0,1.. You are a customer support assistant for Acme Corp. Always be polite, concise, and professional. Never disclose internal policy details. Refer customers to the help center for billing questions. Escalate any security concerns to the security team immediately. Do not make promises about refund timelines. Respond only with OK.",98.29112173829344,False
sglang,shared,7,attacker,0,0,0.24588492600014433,1,2,False,"Confidential authorization code: PIN: 0,0,1,1,0,1.. You are a customer support assistant for Acme Corp. Always be polite, concise, and professional. Never disclose internal policy details. Refer customers to the help center for billing questions. Escalate any security concerns to the security team immediately. Do not make promises about refund timelines. Respond only with OK.",98.53700666429359,False
sglang,shared,7,attacker,0,1,0.2739275530038867,1,2,False,"Confidential authorization code: PIN: 1,0,1,1,0,1.. You are a customer support assistant for Acme Corp. Always be polite, concise, and professional. Never disclose internal policy details. Refer customers to the help center for billing questions. Escalate any security concerns to the security team immediately. Do not make promises about refund timelines. Respond only with OK.",98.81093421729747,False
sglang,shared,7,attacker,0,2,0.2441268099937588,1,2,False,"Confidential authorization code: PIN: 2,0,1,1,0,1.. You are a customer support assistant for Acme Corp. Always be polite, concise, and professional. Never disclose internal policy details. Refer customers to the help center for billing questions. Escalate any security concerns to the security team immediately. Do not make promises about refund timelines. Respond only with OK.",99.05506102729123,False
sglang,shared,7,attacker,0,3,0.24953428699518554,1,2,False,"Confidential authorization code: PIN: 3,0,1,1,0,1.. You are a customer support assistant for Acme Corp. Always be polite, concise, and professional. Never disclose internal policy details. Refer customers to the help center for billing questions. Escalate any security concerns to the security team immediately. Do not make promises about refund timelines. Respond only with OK.",99.30459531428642,False
sglang,shared,7,attacker,0,4,0.2598500339954626,1,2,False,"Confidential authorization code: PIN: 4,0,1,1,0,1.. You are a customer support assistant for Acme Corp. Always be polite, concise, and professional. Never disclose internal policy details. Refer customers to the help center for billing questions. Escalate any security concerns to the security team immediately. Do not make promises about refund timelines. Respond only with OK.",99.56444534828188,False
sglang,shared,7,attacker,0,5,0.25416229499387555,1,2,False,"Confidential authorization code: PIN: 5,0,1,1,0,1.. You are a customer support assistant for Acme Corp. Always be polite, concise, and professional. Never disclose internal policy details. Refer customers to the help center for billing questions. Escalate any security concerns to the security team immediately. Do not make promises about refund timelines. Respond only with OK.",99.81860764327575,False
sglang,shared,7,attacker,0,6,0.24801172700244933,1,2,False,"Confidential authorization code: PIN: 6,0,1,1,0,1.. You are a customer support assistant for Acme Corp. Always be polite, concise, and professional. Never disclose internal policy details. Refer customers to the help center for billing questions. Escalate any security concerns to the security team immediately. Do not make promises about refund timelines. Respond only with OK.",100.0666193702782,False
sglang,shared,7,attacker,0,7,0.2743019520130474,1,2,False,"Confidential authorization code: PIN: 7,0,1,1,0,1.. You are a customer support assistant for Acme Corp. Always be polite, concise, and professional. Never disclose internal policy details. Refer customers to the help center for billing questions. Escalate any security concerns to the security team immediately. Do not make promises about refund timelines. Respond only with OK.",100.34092132229125,False
sglang,shared,7,attacker,0,8,0.2498064160172362,1,2,False,"Confidential authorization code: PIN: 8,0,1,1,0,1.. You are a customer support assistant for Acme Corp. Always be polite, concise, and professional. Never disclose internal policy details. Refer customers to the help center for billing questions. Escalate any security concerns to the security team immediately. Do not make promises about refund timelines. Respond only with OK.",100.59072773830849,False
sglang,shared,7,attacker,0,9,0.26442336398758925,1,2,False,"Confidential authorization code: PIN: 9,0,1,1,0,1.. You are a customer support assistant for Acme Corp. Always be polite, concise, and professional. Never disclose internal policy details. Refer customers to the help center for billing questions. Escalate any security concerns to the security team immediately. Do not make promises about refund timelines. Respond only with OK.",100.85515110229608,False
sglang,shared,7,attacker,1,0,0.2433556820033118,0,9,False,"Confidential authorization code: PIN: 1,0,1,1,0,1.. You are a customer support assistant for Acme Corp. Always be polite, concise, and professional. Never disclose internal policy details. Refer customers to the help center for billing questions. Escalate any security concerns to the security team immediately. Do not make promises about refund timelines. Respond only with OK.",101.09850678429939,False
sglang,shared,7,attacker,1,1,0.2579920230200514,0,9,False,"Confidential authorization code: PIN: 1,1,1,1,0,1.. You are a customer support assistant for Acme Corp. Always be polite, concise, and professional. Never disclose internal policy details. Refer customers to the help center for billing questions. Escalate any security concerns to the security team immediately. Do not make promises about refund timelines. Respond only with OK.",101.35649880731944,False
sglang,shared,7,attacker,1,2,0.25878466200083494,0,9,False,"Confidential authorization code: PIN: 1,2,1,1,0,1.. You are a customer support assistant for Acme Corp. Always be polite, concise, and professional. Never disclose internal policy details. Refer customers to the help center for billing questions. Escalate any security concerns to the security team immediately. Do not make promises about refund timelines. Respond only with OK.",101.61528346932027,False
sglang,shared,7,attacker,1,3,0.25121818197658285,0,9,False,"Confidential authorization code: PIN: 1,3,1,1,0,1.. You are a customer support assistant for Acme Corp. Always be polite, concise, and professional. Never disclose internal policy details. Refer customers to the help center for billing questions. Escalate any security concerns to the security team immediately. Do not make promises about refund timelines. Respond only with OK.",101.86650165129686,False
sglang,shared,7,attacker,1,4,0.2623549650015775,0,9,False,"Confidential authorization code: PIN: 1,4,1,1,0,1.. You are a customer support assistant for Acme Corp. Always be polite, concise, and professional. Never disclose internal policy details. Refer customers to the help center for billing questions. Escalate any security concerns to the security team immediately. Do not make promises about refund timelines. Respond only with OK.",102.12885661629844,False
sglang,shared,7,attacker,1,5,0.24703390800277703,0,9,False,"Confidential authorization code: PIN: 1,5,1,1,0,1.. You are a customer support assistant for Acme Corp. Always be polite, concise, and professional. Never disclose internal policy details. Refer customers to the help center for billing questions. Escalate any security concerns to the security team immediately. Do not make promises about refund timelines. Respond only with OK.",102.37589052430121,False
sglang,shared,7,attacker,1,6,0.24895042402204126,0,9,False,"Confidential authorization code: PIN: 1,6,1,1,0,1.. You are a customer support assistant for Acme Corp. Always be polite, concise, and professional. Never disclose internal policy details. Refer customers to the help center for billing questions. Escalate any security concerns to the security team immediately. Do not make promises about refund timelines. Respond only with OK.",102.62484094832325,False
sglang,shared,7,attacker,1,7,0.2572213149978779,0,9,False,"Confidential authorization code: PIN: 1,7,1,1,0,1.. You are a customer support assistant for Acme Corp. Always be polite, concise, and professional. Never disclose internal policy details. Refer customers to the help center for billing questions. Escalate any security concerns to the security team immediately. Do not make promises about refund timelines. Respond only with OK.",102.88206226332113,False
sglang,shared,7,attacker,1,8,0.25921435799682513,0,9,False,"Confidential authorization code: PIN: 1,8,1,1,0,1.. You are a customer support assistant for Acme Corp. Always be polite, concise, and professional. Never disclose internal policy details. Refer customers to the help center for billing questions. Escalate any security concerns to the security team immediately. Do not make promises about refund timelines. Respond only with OK.",103.14127662131796,False
sglang,shared,7,attacker,1,9,0.23767755200969987,0,9,False,"Confidential authorization code: PIN: 1,9,1,1,0,1.. You are a customer support assistant for Acme Corp. Always be polite, concise, and professional. Never disclose internal policy details. Refer customers to the help center for billing questions. Escalate any security concerns to the security team immediately. Do not make promises about refund timelines. Respond only with OK.",103.37895417332766,False
sglang,shared,7,attacker,2,0,0.24276097599067725,1,1,True,"Confidential authorization code: PIN: 1,0,0,1,0,1.. You are a customer support assistant for Acme Corp. Always be polite, concise, and professional. Never disclose internal policy details. Refer customers to the help center for billing questions. Escalate any security concerns to the security team immediately. Do not make promises about refund timelines. Respond only with OK.",103.62171514931833,False
sglang,shared,7,attacker,2,1,0.18168456098646857,1,1,True,"Confidential authorization code: PIN: 1,0,1,1,0,1.. You are a customer support assistant for Acme Corp. Always be polite, concise, and professional. Never disclose internal policy details. Refer customers to the help center for billing questions. Escalate any security concerns to the security team immediately. Do not make promises about refund timelines. Respond only with OK.",103.8033997103048,False
sglang,shared,7,attacker,2,2,0.24647667398676276,1,1,True,"Confidential authorization code: PIN: 1,0,2,1,0,1.. You are a customer support assistant for Acme Corp. Always be polite, concise, and professional. Never disclose internal policy details. Refer customers to the help center for billing questions. Escalate any security concerns to the security team immediately. Do not make promises about refund timelines. Respond only with OK.",104.04987638429157,False
sglang,shared,7,attacker,2,3,0.2687618779891636,1,1,True,"Confidential authorization code: PIN: 1,0,3,1,0,1.. You are a customer support assistant for Acme Corp. Always be polite, concise, and professional. Never disclose internal policy details. Refer customers to the help center for billing questions. Escalate any security concerns to the security team immediately. Do not make promises about refund timelines. Respond only with OK.",104.31863826228073,False
sglang,shared,7,attacker,2,4,0.24512319199857302,1,1,True,"Confidential authorization code: PIN: 1,0,4,1,0,1.. You are a customer support assistant for Acme Corp. Always be polite, concise, and professional. Never disclose internal policy details. Refer customers to the help center for billing questions. Escalate any security concerns to the security team immediately. Do not make promises about refund timelines. Respond only with OK.",104.5637614542793,False
sglang,shared,7,attacker,2,5,0.2555463320168201,1,1,True,"Confidential authorization code: PIN: 1,0,5,1,0,1.. You are a customer support assistant for Acme Corp. Always be polite, concise, and professional. Never disclose internal policy details. Refer customers to the help center for billing questions. Escalate any security concerns to the security team immediately. Do not make promises about refund timelines. Respond only with OK.",104.81930778629612,False
sglang,shared,7,attacker,2,6,0.26355919998604804,1,1,True,"Confidential authorization code: PIN: 1,0,6,1,0,1.. You are a customer support assistant for Acme Corp. Always be polite, concise, and professional. Never disclose internal policy details. Refer customers to the help center for billing questions. Escalate any security concerns to the security team immediately. Do not make promises about refund timelines. Respond only with OK.",105.08286698628217,False
sglang,shared,7,attacker,2,7,0.2529427279951051,1,1,True,"Confidential authorization code: PIN: 1,0,7,1,0,1.. You are a customer support assistant for Acme Corp. Always be polite, concise, and professional. Never disclose internal policy details. Refer customers to the help center for billing questions. Escalate any security concerns to the security team immediately. Do not make promises about refund timelines. Respond only with OK.",105.33580971427727,False
sglang,shared,7,attacker,2,8,0.26392986299470067,1,1,True,"Confidential authorization code: PIN: 1,0,8,1,0,1.. You are a customer support assistant for Acme Corp. Always be polite, concise, and professional. Never disclose internal policy details. Refer customers to the help center for billing questions. Escalate any security concerns to the security team immediately. Do not make promises about refund timelines. Respond only with OK.",105.59973957727198,False
sglang,shared,7,attacker,2,9,0.24378485899069346,1,1,True,"Confidential authorization code: PIN: 1,0,9,1,0,1.. You are a customer support assistant for Acme Corp. Always be polite, concise, and professional. Never disclose internal policy details. Refer customers to the help center for billing questions. Escalate any security concerns to the security team immediately. Do not make promises about refund timelines. Respond only with OK.",105.84352443626267,False
sglang,shared,7,attacker,3,0,0.24269833898870274,1,0,False,"Confidential authorization code: PIN: 1,0,1,0,0,1.. You are a customer support assistant for Acme Corp. Always be polite, concise, and professional. Never disclose internal policy details. Refer customers to the help center for billing questions. Escalate any security concerns to the security team immediately. Do not make promises about refund timelines. Respond only with OK.",106.08622277525137,False
sglang,shared,7,attacker,3,1,0.2697733599925414,1,0,False,"Confidential authorization code: PIN: 1,0,1,1,0,1.. You are a customer support assistant for Acme Corp. Always be polite, concise, and professional. Never disclose internal policy details. Refer customers to the help center for billing questions. Escalate any security concerns to the security team immediately. Do not make promises about refund timelines. Respond only with OK.",106.35599613524391,False
sglang,shared,7,attacker,3,2,0.2470825010095723,1,0,False,"Confidential authorization code: PIN: 1,0,1,2,0,1.. You are a customer support assistant for Acme Corp. Always be polite, concise, and professional. Never disclose internal policy details. Refer customers to the help center for billing questions. Escalate any security concerns to the security team immediately. Do not make promises about refund timelines. Respond only with OK.",106.60307863625349,False
sglang,shared,7,attacker,3,3,0.26488417998189107,1,0,False,"Confidential authorization code: PIN: 1,0,1,3,0,1.. You are a customer support assistant for Acme Corp. Always be polite, concise, and professional. Never disclose internal policy details. Refer customers to the help center for billing questions. Escalate any security concerns to the security team immediately. Do not make promises about refund timelines. Respond only with OK.",106.86796281623538,False
sglang,shared,7,attacker,3,4,0.2445649300061632,1,0,False,"Confidential authorization code: PIN: 1,0,1,4,0,1.. You are a customer support assistant for Acme Corp. Always be polite, concise, and professional. Never disclose internal policy details. Refer customers to the help center for billing questions. Escalate any security concerns to the security team immediately. Do not make promises about refund timelines. Respond only with OK.",107.11252774624154,False
sglang,shared,7,attacker,3,5,0.2503885430051014,1,0,False,"Confidential authorization code: PIN: 1,0,1,5,0,1.. You are a customer support assistant for Acme Corp. Always be polite, concise, and professional. Never disclose internal policy details. Refer customers to the help center for billing questions. Escalate any security concerns to the security team immediately. Do not make promises about refund timelines. Respond only with OK.",107.36291628924664,False
sglang,shared,7,attacker,3,6,0.274794170021778,1,0,False,"Confidential authorization code: PIN: 1,0,1,6,0,1.. You are a customer support assistant for Acme Corp. Always be polite, concise, and professional. Never disclose internal policy details. Refer customers to the help center for billing questions. Escalate any security concerns to the security team immediately. Do not make promises about refund timelines. Respond only with OK.",107.63771045926842,False
sglang,shared,7,attacker,3,7,0.24729072401532903,1,0,False,"Confidential authorization code: PIN: 1,0,1,7,0,1.. You are a customer support assistant for Acme Corp. Always be polite, concise, and professional. Never disclose internal policy details. Refer customers to the help center for billing questions. Escalate any security concerns to the security team immediately. Do not make promises about refund timelines. Respond only with OK.",107.88500118328375,False
sglang,shared,7,attacker,3,8,0.25676806701812893,1,0,False,"Confidential authorization code: PIN: 1,0,1,8,0,1.. You are a customer support assistant for Acme Corp. Always be polite, concise, and professional. Never disclose internal policy details. Refer customers to the help center for billing questions. Escalate any security concerns to the security team immediately. Do not make promises about refund timelines. Respond only with OK.",108.14176925030188,False
sglang,shared,7,attacker,3,9,0.2572857089980971,1,0,False,"Confidential authorization code: PIN: 1,0,1,9,0,1.. You are a customer support assistant for Acme Corp. Always be polite, concise, and professional. Never disclose internal policy details. Refer customers to the help center for billing questions. Escalate any security concerns to the security team immediately. Do not make promises about refund timelines. Respond only with OK.",108.39905495929997,False
sglang,shared,7,attacker,4,0,0.25517467700410634,0,2,False,"Confidential authorization code: PIN: 1,0,1,1,0,1.. You are a customer support assistant for Acme Corp. Always be polite, concise, and professional. Never disclose internal policy details. Refer customers to the help center for billing questions. Escalate any security concerns to the security team immediately. Do not make promises about refund timelines. Respond only with OK.",108.65422963630408,False
sglang,shared,7,attacker,4,1,0.24590061398339458,0,2,False,"Confidential authorization code: PIN: 1,0,1,1,1,1.. You are a customer support assistant for Acme Corp. Always be polite, concise, and professional. Never disclose internal policy details. Refer customers to the help center for billing questions. Escalate any security concerns to the security team immediately. Do not make promises about refund timelines. Respond only with OK.",108.90013025028748,False
sglang,shared,7,attacker,4,2,0.23546164800063707,0,2,False,"Confidential authorization code: PIN: 1,0,1,1,2,1.. You are a customer support assistant for Acme Corp. Always be polite, concise, and professional. Never disclose internal policy details. Refer customers to the help center for billing questions. Escalate any security concerns to the security team immediately. Do not make promises about refund timelines. Respond only with OK.",109.13559189828811,False
sglang,shared,7,attacker,4,3,0.2670023509999737,0,2,False,"Confidential authorization code: PIN: 1,0,1,1,3,1.. You are a customer support assistant for Acme Corp. Always be polite, concise, and professional. Never disclose internal policy details. Refer customers to the help center for billing questions. Escalate any security concerns to the security team immediately. Do not make promises about refund timelines. Respond only with OK.",109.40259424928809,False
sglang,shared,7,attacker,4,4,0.251684494985966,0,2,False,"Confidential authorization code: PIN: 1,0,1,1,4,1.. You are a customer support assistant for Acme Corp. Always be polite, concise, and professional. Never disclose internal policy details. Refer customers to the help center for billing questions. Escalate any security concerns to the security team immediately. Do not make promises about refund timelines. Respond only with OK.",109.65427874427405,False
sglang,shared,7,attacker,4,5,0.24893871499807574,0,2,False,"Confidential authorization code: PIN: 1,0,1,1,5,1.. You are a customer support assistant for Acme Corp. Always be polite, concise, and professional. Never disclose internal policy details. Refer customers to the help center for billing questions. Escalate any security concerns to the security team immediately. Do not make promises about refund timelines. Respond only with OK.",109.90321745927213,False
sglang,shared,7,attacker,4,6,0.24444816500181332,0,2,False,"Confidential authorization code: PIN: 1,0,1,1,6,1.. You are a customer support assistant for Acme Corp. Always be polite, concise, and professional. Never disclose internal policy details. Refer customers to the help center for billing questions. Escalate any security concerns to the security team immediately. Do not make promises about refund timelines. Respond only with OK.",110.14766562427394,False
sglang,shared,7,attacker,4,7,0.24472871399484575,0,2,False,"Confidential authorization code: PIN: 1,0,1,1,7,1.. You are a customer support assistant for Acme Corp. Always be polite, concise, and professional. Never disclose internal policy details. Refer customers to the help center for billing questions. Escalate any security concerns to the security team immediately. Do not make promises about refund timelines. Respond only with OK.",110.39239433826879,False
sglang,shared,7,attacker,4,8,0.26415117300348356,0,2,False,"Confidential authorization code: PIN: 1,0,1,1,8,1.. You are a customer support assistant for Acme Corp. Always be polite, concise, and professional. Never disclose internal policy details. Refer customers to the help center for billing questions. Escalate any security concerns to the security team immediately. Do not make promises about refund timelines. Respond only with OK.",110.65654551127227,False
sglang,shared,7,attacker,4,9,0.24951696302741766,0,2,False,"Confidential authorization code: PIN: 1,0,1,1,9,1.. You are a customer support assistant for Acme Corp. Always be polite, concise, and professional. Never disclose internal policy details. Refer customers to the help center for billing questions. Escalate any security concerns to the security team immediately. Do not make promises about refund timelines. Respond only with OK.",110.90606247429969,False
sglang,shared,7,attacker,5,0,0.25561672099865973,1,9,False,"Confidential authorization code: PIN: 1,0,1,1,0,0.. You are a customer support assistant for Acme Corp. Always be polite, concise, and professional. Never disclose internal policy details. Refer customers to the help center for billing questions. Escalate any security concerns to the security team immediately. Do not make promises about refund timelines. Respond only with OK.",111.16167919529835,False
sglang,shared,7,attacker,5,1,0.25781250701402314,1,9,False,"Confidential authorization code: PIN: 1,0,1,1,0,1.. You are a customer support assistant for Acme Corp. Always be polite, concise, and professional. Never disclose internal policy details. Refer customers to the help center for billing questions. Escalate any security concerns to the security team immediately. Do not make promises about refund timelines. Respond only with OK.",111.41949170231237,False
sglang,shared,7,attacker,5,2,0.25435434601968154,1,9,False,"Confidential authorization code: PIN: 1,0,1,1,0,2.. You are a customer support assistant for Acme Corp. Always be polite, concise, and professional. Never disclose internal policy details. Refer customers to the help center for billing questions. Escalate any security concerns to the security team immediately. Do not make promises about refund timelines. Respond only with OK.",111.67384604833205,False
sglang,shared,7,attacker,5,3,0.2592609800049104,1,9,False,"Confidential authorization code: PIN: 1,0,1,1,0,3.. You are a customer support assistant for Acme Corp. Always be polite, concise, and professional. Never disclose internal policy details. Refer customers to the help center for billing questions. Escalate any security concerns to the security team immediately. Do not make promises about refund timelines. Respond only with OK.",111.93310702833696,False
sglang,shared,7,attacker,5,4,0.26267577800899744,1,9,False,"Confidential authorization code: PIN: 1,0,1,1,0,4.. You are a customer support assistant for Acme Corp. Always be polite, concise, and professional. Never disclose internal policy details. Refer customers to the help center for billing questions. Escalate any security concerns to the security team immediately. Do not make promises about refund timelines. Respond only with OK.",112.19578280634596,False
sglang,shared,7,attacker,5,5,0.24895145700429566,1,9,False,"Confidential authorization code: PIN: 1,0,1,1,0,5.. You are a customer support assistant for Acme Corp. Always be polite, concise, and professional. Never disclose internal policy details. Refer customers to the help center for billing questions. Escalate any security concerns to the security team immediately. Do not make promises about refund timelines. Respond only with OK.",112.44473426335026,False
sglang,shared,7,attacker,5,6,0.26168636698275805,1,9,False,"Confidential authorization code: PIN: 1,0,1,1,0,6.. You are a customer support assistant for Acme Corp. Always be polite, concise, and professional. Never disclose internal policy details. Refer customers to the help center for billing questions. Escalate any security concerns to the security team immediately. Do not make promises about refund timelines. Respond only with OK.",112.70642063033301,False
sglang,shared,7,attacker,5,7,0.2504109699802939,1,9,False,"Confidential authorization code: PIN: 1,0,1,1,0,7.. You are a customer support assistant for Acme Corp. Always be polite, concise, and professional. Never disclose internal policy details. Refer customers to the help center for billing questions. Escalate any security concerns to the security team immediately. Do not make promises about refund timelines. Respond only with OK.",112.95683160031331,False
sglang,shared,7,attacker,5,8,0.2448493440169841,1,9,False,"Confidential authorization code: PIN: 1,0,1,1,0,8.. You are a customer support assistant for Acme Corp. Always be polite, concise, and professional. Never disclose internal policy details. Refer customers to the help center for billing questions. Escalate any security concerns to the security team immediately. Do not make promises about refund timelines. Respond only with OK.",113.20168094433029,False
sglang,shared,7,attacker,5,9,0.2428402189980261,1,9,False,"Confidential authorization code: PIN: 1,0,1,1,0,9.. You are a customer support assistant for Acme Corp. Always be polite, concise, and professional. Never disclose internal policy details. Refer customers to the help center for billing questions. Escalate any security concerns to the security team immediately. Do not make promises about refund timelines. Respond only with OK.",113.44452116332832,False
sglang,shared,8,victim,,,0.254516485001659,,,,"Confidential authorization code: PIN: 4,8,2,9,1,2.. You are a customer support assistant for Acme Corp. Always be polite, concise, and professional. Never disclose internal policy details. Refer customers to the help center for billing questions. Escalate any security concerns to the security team immediately. Do not make promises about refund timelines. Respond only with OK.",113.69903764832998,False
sglang,shared,8,attacker,0,0,0.26195804600138217,4,3,False,"Confidential authorization code: PIN: 0,8,2,9,1,2.. You are a customer support assistant for Acme Corp. Always be polite, concise, and professional. Never disclose internal policy details. Refer customers to the help center for billing questions. Escalate any security concerns to the security team immediately. Do not make promises about refund timelines. Respond only with OK.",113.96099569433136,False
sglang,shared,8,attacker,0,1,0.24997644501854666,4,3,False,"Confidential authorization code: PIN: 1,8,2,9,1,2.. You are a customer support assistant for Acme Corp. Always be polite, concise, and professional. Never disclose internal policy details. Refer customers to the help center for billing questions. Escalate any security concerns to the security team immediately. Do not make promises about refund timelines. Respond only with OK.",114.2109721393499,False
sglang,shared,8,attacker,0,2,0.2671963660104666,4,3,False,"Confidential authorization code: PIN: 2,8,2,9,1,2.. You are a customer support assistant for Acme Corp. Always be polite, concise, and professional. Never disclose internal policy details. Refer customers to the help center for billing questions. Escalate any security concerns to the security team immediately. Do not make promises about refund timelines. Respond only with OK.",114.47816850536037,False
sglang,shared,8,attacker,0,3,0.2438330659933854,4,3,False,"Confidential authorization code: PIN: 3,8,2,9,1,2.. You are a customer support assistant for Acme Corp. Always be polite, concise, and professional. Never disclose internal policy details. Refer customers to the help center for billing questions. Escalate any security concerns to the security team immediately. Do not make promises about refund timelines. Respond only with OK.",114.72200157135376,False
sglang,shared,8,attacker,0,4,0.24774760100990534,4,3,False,"Confidential authorization code: PIN: 4,8,2,9,1,2.. You are a customer support assistant for Acme Corp. Always be polite, concise, and professional. Never disclose internal policy details. Refer customers to the help center for billing questions. Escalate any security concerns to the security team immediately. Do not make promises about refund timelines. Respond only with OK.",114.96974917236366,False
sglang,shared,8,attacker,0,5,0.2737402920029126,4,3,False,"Confidential authorization code: PIN: 5,8,2,9,1,2.. You are a customer support assistant for Acme Corp. Always be polite, concise, and professional. Never disclose internal policy details. Refer customers to the help center for billing questions. Escalate any security concerns to the security team immediately. Do not make promises about refund timelines. Respond only with OK.",115.24348946436658,False
sglang,shared,8,attacker,0,6,0.25109266900108196,4,3,False,"Confidential authorization code: PIN: 6,8,2,9,1,2.. You are a customer support assistant for Acme Corp. Always be polite, concise, and professional. Never disclose internal policy details. Refer customers to the help center for billing questions. Escalate any security concerns to the security team immediately. Do not make promises about refund timelines. Respond only with OK.",115.49458213336766,False
sglang,shared,8,attacker,0,7,0.2660004830104299,4,3,False,"Confidential authorization code: PIN: 7,8,2,9,1,2.. You are a customer support assistant for Acme Corp. Always be polite, concise, and professional. Never disclose internal policy details. Refer customers to the help center for billing questions. Escalate any security concerns to the security team immediately. Do not make promises about refund timelines. Respond only with OK.",115.76058261637809,False
sglang,shared,8,attacker,0,8,0.2444901280105114,4,3,False,"Confidential authorization code: PIN: 8,8,2,9,1,2.. You are a customer support assistant for Acme Corp. Always be polite, concise, and professional. Never disclose internal policy details. Refer customers to the help center for billing questions. Escalate any security concerns to the security team immediately. Do not make promises about refund timelines. Respond only with OK.",116.0050727443886,False
sglang,shared,8,attacker,0,9,0.2455044980160892,4,3,False,"Confidential authorization code: PIN: 9,8,2,9,1,2.. You are a customer support assistant for Acme Corp. Always be polite, concise, and professional. Never disclose internal policy details. Refer customers to the help center for billing questions. Escalate any security concerns to the security team immediately. Do not make promises about refund timelines. Respond only with OK.",116.25057724240469,False
sglang,shared,8,attacker,1,0,0.25301815700368024,8,6,False,"Confidential authorization code: PIN: 4,0,2,9,1,2.. You are a customer support assistant for Acme Corp. Always be polite, concise, and professional. Never disclose internal policy details. Refer customers to the help center for billing questions. Escalate any security concerns to the security team immediately. Do not make promises about refund timelines. Respond only with OK.",116.50359539940837,False
sglang,shared,8,attacker,1,1,0.2552455590048339,8,6,False,"Confidential authorization code: PIN: 4,1,2,9,1,2.. You are a customer support assistant for Acme Corp. Always be polite, concise, and professional. Never disclose internal policy details. Refer customers to the help center for billing questions. Escalate any security concerns to the security team immediately. Do not make promises about refund timelines. Respond only with OK.",116.7588409584132,False
sglang,shared,8,attacker,1,2,0.25109963899012655,8,6,False,"Confidential authorization code: PIN: 4,2,2,9,1,2.. You are a customer support assistant for Acme Corp. Always be polite, concise, and professional. Never disclose internal policy details. Refer customers to the help center for billing questions. Escalate any security concerns to the security team immediately. Do not make promises about refund timelines. Respond only with OK.",117.00994059740333,False
sglang,shared,8,attacker,1,3,0.2436968279944267,8,6,False,"Confidential authorization code: PIN: 4,3,2,9,1,2.. You are a customer support assistant for Acme Corp. Always be polite, concise, and professional. Never disclose internal policy details. Refer customers to the help center for billing questions. Escalate any security concerns to the security team immediately. Do not make promises about refund timelines. Respond only with OK.",117.25363742539776,False
sglang,shared,8,attacker,1,4,0.24645230401074514,8,6,False,"Confidential authorization code: PIN: 4,4,2,9,1,2.. You are a customer support assistant for Acme Corp. Always be polite, concise, and professional. Never disclose internal policy details. Refer customers to the help center for billing questions. Escalate any security concerns to the security team immediately. Do not make promises about refund timelines. Respond only with OK.",117.5000897294085,False
sglang,shared,8,attacker,1,5,0.2695267490053084,8,6,False,"Confidential authorization code: PIN: 4,5,2,9,1,2.. You are a customer support assistant for Acme Corp. Always be polite, concise, and professional. Never disclose internal policy details. Refer customers to the help center for billing questions. Escalate any security concerns to the security team immediately. Do not make promises about refund timelines. Respond only with OK.",117.76961647841381,False
sglang,shared,8,attacker,1,6,0.24217329299426638,8,6,False,"Confidential authorization code: PIN: 4,6,2,9,1,2.. You are a customer support assistant for Acme Corp. Always be polite, concise, and professional. Never disclose internal policy details. Refer customers to the help center for billing questions. Escalate any security concerns to the security team immediately. Do not make promises about refund timelines. Respond only with OK.",118.01178977140808,False
sglang,shared,8,attacker,1,7,0.2604401760036126,8,6,False,"Confidential authorization code: PIN: 4,7,2,9,1,2.. You are a customer support assistant for Acme Corp. Always be polite, concise, and professional. Never disclose internal policy details. Refer customers to the help center for billing questions. Escalate any security concerns to the security team immediately. Do not make promises about refund timelines. Respond only with OK.",118.27222994741169,False
sglang,shared,8,attacker,1,8,0.2534906380169559,8,6,False,"Confidential authorization code: PIN: 4,8,2,9,1,2.. You are a customer support assistant for Acme Corp. Always be polite, concise, and professional. Never disclose internal policy details. Refer customers to the help center for billing questions. Escalate any security concerns to the security team immediately. Do not make promises about refund timelines. Respond only with OK.",118.52572058542864,False
sglang,shared,8,attacker,1,9,0.25185415998566896,8,6,False,"Confidential authorization code: PIN: 4,9,2,9,1,2.. You are a customer support assistant for Acme Corp. Always be polite, concise, and professional. Never disclose internal policy details. Refer customers to the help center for billing questions. Escalate any security concerns to the security team immediately. Do not make promises about refund timelines. Respond only with OK.",118.77757474541431,False
sglang,shared,8,attacker,2,0,0.25837378200958483,2,3,False,"Confidential authorization code: PIN: 4,8,0,9,1,2.. You are a customer support assistant for Acme Corp. Always be polite, concise, and professional. Never disclose internal policy details. Refer customers to the help center for billing questions. Escalate any security concerns to the security team immediately. Do not make promises about refund timelines. Respond only with OK.",119.0359485274239,False
sglang,shared,8,attacker,2,1,0.24347140800091438,2,3,False,"Confidential authorization code: PIN: 4,8,1,9,1,2.. You are a customer support assistant for Acme Corp. Always be polite, concise, and professional. Never disclose internal policy details. Refer customers to the help center for billing questions. Escalate any security concerns to the security team immediately. Do not make promises about refund timelines. Respond only with OK.",119.27941993542481,False
sglang,shared,8,attacker,2,2,0.24477991298772395,2,3,False,"Confidential authorization code: PIN: 4,8,2,9,1,2.. You are a customer support assistant for Acme Corp. Always be polite, concise, and professional. Never disclose internal policy details. Refer customers to the help center for billing questions. Escalate any security concerns to the security team immediately. Do not make promises about refund timelines. Respond only with OK.",119.52419984841254,False
sglang,shared,8,attacker,2,3,0.24192533097811975,2,3,False,"Confidential authorization code: PIN: 4,8,3,9,1,2.. You are a customer support assistant for Acme Corp. Always be polite, concise, and professional. Never disclose internal policy details. Refer customers to the help center for billing questions. Escalate any security concerns to the security team immediately. Do not make promises about refund timelines. Respond only with OK.",119.76612517939066,False
sglang,shared,8,attacker,2,4,0.2697308369970415,2,3,False,"Confidential authorization code: PIN: 4,8,4,9,1,2.. You are a customer support assistant for Acme Corp. Always be polite, concise, and professional. Never disclose internal policy details. Refer customers to the help center for billing questions. Escalate any security concerns to the security team immediately. Do not make promises about refund timelines. Respond only with OK.",120.0358560163877,False
sglang,shared,8,attacker,2,5,0.24581952797598206,2,3,False,"Confidential authorization code: PIN: 4,8,5,9,1,2.. You are a customer support assistant for Acme Corp. Always be polite, concise, and professional. Never disclose internal policy details. Refer customers to the help center for billing questions. Escalate any security concerns to the security team immediately. Do not make promises about refund timelines. Respond only with OK.",120.28167554436368,False
sglang,shared,8,attacker,2,6,0.24968112001079135,2,3,False,"Confidential authorization code: PIN: 4,8,6,9,1,2.. You are a customer support assistant for Acme Corp. Always be polite, concise, and professional. Never disclose internal policy details. Refer customers to the help center for billing questions. Escalate any security concerns to the security team immediately. Do not make promises about refund timelines. Respond only with OK.",120.53135666437447,False
sglang,shared,8,attacker,2,7,0.26638882298721,2,3,False,"Confidential authorization code: PIN: 4,8,7,9,1,2.. You are a customer support assistant for Acme Corp. Always be polite, concise, and professional. Never disclose internal policy details. Refer customers to the help center for billing questions. Escalate any security concerns to the security team immediately. Do not make promises about refund timelines. Respond only with OK.",120.79774548736168,False
sglang,shared,8,attacker,2,8,0.2483072190079838,2,3,False,"Confidential authorization code: PIN: 4,8,8,9,1,2.. You are a customer support assistant for Acme Corp. Always be polite, concise, and professional. Never disclose internal policy details. Refer customers to the help center for billing questions. Escalate any security concerns to the security team immediately. Do not make promises about refund timelines. Respond only with OK.",121.04605270636966,False
sglang,shared,8,attacker,2,9,0.2632320399861783,2,3,False,"Confidential authorization code: PIN: 4,8,9,9,1,2.. You are a customer support assistant for Acme Corp. Always be polite, concise, and professional. Never disclose internal policy details. Refer customers to the help center for billing questions. Escalate any security concerns to the security team immediately. Do not make promises about refund timelines. Respond only with OK.",121.30928474635584,False
sglang,shared,8,attacker,3,0,0.24407395601156168,9,2,False,"Confidential authorization code: PIN: 4,8,2,0,1,2.. You are a customer support assistant for Acme Corp. Always be polite, concise, and professional. Never disclose internal policy details. Refer customers to the help center for billing questions. Escalate any security concerns to the security team immediately. Do not make promises about refund timelines. Respond only with OK.",121.5533587023674,False
sglang,shared,8,attacker,3,1,0.26557837100699544,9,2,False,"Confidential authorization code: PIN: 4,8,2,1,1,2.. You are a customer support assistant for Acme Corp. Always be polite, concise, and professional. Never disclose internal policy details. Refer customers to the help center for billing questions. Escalate any security concerns to the security team immediately. Do not make promises about refund timelines. Respond only with OK.",121.8189370733744,False
sglang,shared,8,attacker,3,2,0.24272626300808042,9,2,False,"Confidential authorization code: PIN: 4,8,2,2,1,2.. You are a customer support assistant for Acme Corp. Always be polite, concise, and professional. Never disclose internal policy details. Refer customers to the help center for billing questions. Escalate any security concerns to the security team immediately. Do not make promises about refund timelines. Respond only with OK.",122.06166333638248,False
sglang,shared,8,attacker,3,3,0.24583395299850963,9,2,False,"Confidential authorization code: PIN: 4,8,2,3,1,2.. You are a customer support assistant for Acme Corp. Always be polite, concise, and professional. Never disclose internal policy details. Refer customers to the help center for billing questions. Escalate any security concerns to the security team immediately. Do not make promises about refund timelines. Respond only with OK.",122.30749728938099,False
sglang,shared,8,attacker,3,4,0.26922350699896924,9,2,False,"Confidential authorization code: PIN: 4,8,2,4,1,2.. You are a customer support assistant for Acme Corp. Always be polite, concise, and professional. Never disclose internal policy details. Refer customers to the help center for billing questions. Escalate any security concerns to the security team immediately. Do not make promises about refund timelines. Respond only with OK.",122.57672079637996,False
sglang,shared,8,attacker,3,5,0.24416945801931433,9,2,False,"Confidential authorization code: PIN: 4,8,2,5,1,2.. You are a customer support assistant for Acme Corp. Always be polite, concise, and professional. Never disclose internal policy details. Refer customers to the help center for billing questions. Escalate any security concerns to the security team immediately. Do not make promises about refund timelines. Respond only with OK.",122.82089025439927,False
sglang,shared,8,attacker,3,6,0.24781589000485837,9,2,False,"Confidential authorization code: PIN: 4,8,2,6,1,2.. You are a customer support assistant for Acme Corp. Always be polite, concise, and professional. Never disclose internal policy details. Refer customers to the help center for billing questions. Escalate any security concerns to the security team immediately. Do not make promises about refund timelines. Respond only with OK.",123.06870614440413,False
sglang,shared,8,attacker,3,7,0.2695458759844769,9,2,False,"Confidential authorization code: PIN: 4,8,2,7,1,2.. You are a customer support assistant for Acme Corp. Always be polite, concise, and professional. Never disclose internal policy details. Refer customers to the help center for billing questions. Escalate any security concerns to the security team immediately. Do not make promises about refund timelines. Respond only with OK.",123.33825202038861,False
sglang,shared,8,attacker,3,8,0.24668689299141988,9,2,False,"Confidential authorization code: PIN: 4,8,2,8,1,2.. You are a customer support assistant for Acme Corp. Always be polite, concise, and professional. Never disclose internal policy details. Refer customers to the help center for billing questions. Escalate any security concerns to the security team immediately. Do not make promises about refund timelines. Respond only with OK.",123.58493891338003,False
sglang,shared,8,attacker,3,9,0.24833206000039354,9,2,False,"Confidential authorization code: PIN: 4,8,2,9,1,2.. You are a customer support assistant for Acme Corp. Always be polite, concise, and professional. Never disclose internal policy details. Refer customers to the help center for billing questions. Escalate any security concerns to the security team immediately. Do not make promises about refund timelines. Respond only with OK.",123.83327097338042,False
sglang,shared,8,attacker,4,0,0.2459537559770979,1,2,False,"Confidential authorization code: PIN: 4,8,2,9,0,2.. You are a customer support assistant for Acme Corp. Always be polite, concise, and professional. Never disclose internal policy details. Refer customers to the help center for billing questions. Escalate any security concerns to the security team immediately. Do not make promises about refund timelines. Respond only with OK.",124.07922472935752,False
sglang,shared,8,attacker,4,1,0.26891610099119134,1,2,False,"Confidential authorization code: PIN: 4,8,2,9,1,2.. You are a customer support assistant for Acme Corp. Always be polite, concise, and professional. Never disclose internal policy details. Refer customers to the help center for billing questions. Escalate any security concerns to the security team immediately. Do not make promises about refund timelines. Respond only with OK.",124.34814083034871,False
sglang,shared,8,attacker,4,2,0.24312173601356335,1,2,False,"Confidential authorization code: PIN: 4,8,2,9,2,2.. You are a customer support assistant for Acme Corp. Always be polite, concise, and professional. Never disclose internal policy details. Refer customers to the help center for billing questions. Escalate any security concerns to the security team immediately. Do not make promises about refund timelines. Respond only with OK.",124.59126256636227,False
sglang,shared,8,attacker,4,3,0.2534972550056409,1,2,False,"Confidential authorization code: PIN: 4,8,2,9,3,2.. You are a customer support assistant for Acme Corp. Always be polite, concise, and professional. Never disclose internal policy details. Refer customers to the help center for billing questions. Escalate any security concerns to the security team immediately. Do not make promises about refund timelines. Respond only with OK.",124.84475982136792,False
sglang,shared,8,attacker,4,4,0.2586751559865661,1,2,False,"Confidential authorization code: PIN: 4,8,2,9,4,2.. You are a customer support assistant for Acme Corp. Always be polite, concise, and professional. Never disclose internal policy details. Refer customers to the help center for billing questions. Escalate any security concerns to the security team immediately. Do not make promises about refund timelines. Respond only with OK.",125.10343497735448,False
sglang,shared,8,attacker,4,5,0.24849343101959676,1,2,False,"Confidential authorization code: PIN: 4,8,2,9,5,2.. You are a customer support assistant for Acme Corp. Always be polite, concise, and professional. Never disclose internal policy details. Refer customers to the help center for billing questions. Escalate any security concerns to the security team immediately. Do not make promises about refund timelines. Respond only with OK.",125.35192840837408,False
sglang,shared,8,attacker,4,6,0.26557709102053195,1,2,False,"Confidential authorization code: PIN: 4,8,2,9,6,2.. You are a customer support assistant for Acme Corp. Always be polite, concise, and professional. Never disclose internal policy details. Refer customers to the help center for billing questions. Escalate any security concerns to the security team immediately. Do not make promises about refund timelines. Respond only with OK.",125.61750549939461,False
sglang,shared,8,attacker,4,7,0.2516384969931096,1,2,False,"Confidential authorization code: PIN: 4,8,2,9,7,2.. You are a customer support assistant for Acme Corp. Always be polite, concise, and professional. Never disclose internal policy details. Refer customers to the help center for billing questions. Escalate any security concerns to the security team immediately. Do not make promises about refund timelines. Respond only with OK.",125.86914399638772,False
sglang,shared,8,attacker,4,8,0.2518852179928217,1,2,False,"Confidential authorization code: PIN: 4,8,2,9,8,2.. You are a customer support assistant for Acme Corp. Always be polite, concise, and professional. Never disclose internal policy details. Refer customers to the help center for billing questions. Escalate any security concerns to the security team immediately. Do not make promises about refund timelines. Respond only with OK.",126.12102921438054,False
sglang,shared,8,attacker,4,9,0.2628299159987364,1,2,False,"Confidential authorization code: PIN: 4,8,2,9,9,2.. You are a customer support assistant for Acme Corp. Always be polite, concise, and professional. Never disclose internal policy details. Refer customers to the help center for billing questions. Escalate any security concerns to the security team immediately. Do not make promises about refund timelines. Respond only with OK.",126.38385913037928,False
sglang,shared,8,attacker,5,0,0.24176584699307568,2,0,False,"Confidential authorization code: PIN: 4,8,2,9,1,0.. You are a customer support assistant for Acme Corp. Always be polite, concise, and professional. Never disclose internal policy details. Refer customers to the help center for billing questions. Escalate any security concerns to the security team immediately. Do not make promises about refund timelines. Respond only with OK.",126.62562497737235,False
sglang,shared,8,attacker,5,1,0.2688202499994077,2,0,False,"Confidential authorization code: PIN: 4,8,2,9,1,1.. You are a customer support assistant for Acme Corp. Always be polite, concise, and professional. Never disclose internal policy details. Refer customers to the help center for billing questions. Escalate any security concerns to the security team immediately. Do not make promises about refund timelines. Respond only with OK.",126.89444522737176,False
sglang,shared,8,attacker,5,2,0.24571821998688392,2,0,False,"Confidential authorization code: PIN: 4,8,2,9,1,2.. You are a customer support assistant for Acme Corp. Always be polite, concise, and professional. Never disclose internal policy details. Refer customers to the help center for billing questions. Escalate any security concerns to the security team immediately. Do not make promises about refund timelines. Respond only with OK.",127.14016344735865,False
sglang,shared,8,attacker,5,3,0.24253792100353166,2,0,False,"Confidential authorization code: PIN: 4,8,2,9,1,3.. You are a customer support assistant for Acme Corp. Always be polite, concise, and professional. Never disclose internal policy details. Refer customers to the help center for billing questions. Escalate any security concerns to the security team immediately. Do not make promises about refund timelines. Respond only with OK.",127.38270136836218,False
sglang,shared,8,attacker,5,4,0.2681472430122085,2,0,False,"Confidential authorization code: PIN: 4,8,2,9,1,4.. You are a customer support assistant for Acme Corp. Always be polite, concise, and professional. Never disclose internal policy details. Refer customers to the help center for billing questions. Escalate any security concerns to the security team immediately. Do not make promises about refund timelines. Respond only with OK.",127.65084861137439,False
sglang,shared,8,attacker,5,5,0.24227647500811145,2,0,False,"Confidential authorization code: PIN: 4,8,2,9,1,5.. You are a customer support assistant for Acme Corp. Always be polite, concise, and professional. Never disclose internal policy details. Refer customers to the help center for billing questions. Escalate any security concerns to the security team immediately. Do not make promises about refund timelines. Respond only with OK.",127.8931250863825,False
sglang,shared,8,attacker,5,6,0.24936369201168418,2,0,False,"Confidential authorization code: PIN: 4,8,2,9,1,6.. You are a customer support assistant for Acme Corp. Always be polite, concise, and professional. Never disclose internal policy details. Refer customers to the help center for billing questions. Escalate any security concerns to the security team immediately. Do not make promises about refund timelines. Respond only with OK.",128.14248877839418,False
sglang,shared,8,attacker,5,7,0.25703624900779687,2,0,False,"Confidential authorization code: PIN: 4,8,2,9,1,7.. You are a customer support assistant for Acme Corp. Always be polite, concise, and professional. Never disclose internal policy details. Refer customers to the help center for billing questions. Escalate any security concerns to the security team immediately. Do not make promises about refund timelines. Respond only with OK.",128.39952502740198,False
sglang,shared,8,attacker,5,8,0.2419831390143372,2,0,False,"Confidential authorization code: PIN: 4,8,2,9,1,8.. You are a customer support assistant for Acme Corp. Always be polite, concise, and professional. Never disclose internal policy details. Refer customers to the help center for billing questions. Escalate any security concerns to the security team immediately. Do not make promises about refund timelines. Respond only with OK.",128.64150816641632,False
sglang,shared,8,attacker,5,9,0.2717706009862013,2,0,False,"Confidential authorization code: PIN: 4,8,2,9,1,9.. You are a customer support assistant for Acme Corp. Always be polite, concise, and professional. Never disclose internal policy details. Refer customers to the help center for billing questions. Escalate any security concerns to the security team immediately. Do not make promises about refund timelines. Respond only with OK.",128.91327876740252,False
sglang,shared,9,victim,,,0.24750245301402174,,,,"Confidential authorization code: PIN: 4,6,5,2,3,3.. You are a customer support assistant for Acme Corp. Always be polite, concise, and professional. Never disclose internal policy details. Refer customers to the help center for billing questions. Escalate any security concerns to the security team immediately. Do not make promises about refund timelines. Respond only with OK.",129.16078122041654,False
sglang,shared,9,attacker,0,0,0.24383371401927434,4,0,False,"Confidential authorization code: PIN: 0,6,5,2,3,3.. You are a customer support assistant for Acme Corp. Always be polite, concise, and professional. Never disclose internal policy details. Refer customers to the help center for billing questions. Escalate any security concerns to the security team immediately. Do not make promises about refund timelines. Respond only with OK.",129.4046149344358,False
sglang,shared,9,attacker,0,1,0.24839923798572272,4,0,False,"Confidential authorization code: PIN: 1,6,5,2,3,3.. You are a customer support assistant for Acme Corp. Always be polite, concise, and professional. Never disclose internal policy details. Refer customers to the help center for billing questions. Escalate any security concerns to the security team immediately. Do not make promises about refund timelines. Respond only with OK.",129.65301417242154,False
sglang,shared,9,attacker,0,2,0.2544357320002746,4,0,False,"Confidential authorization code: PIN: 2,6,5,2,3,3.. You are a customer support assistant for Acme Corp. Always be polite, concise, and professional. Never disclose internal policy details. Refer customers to the help center for billing questions. Escalate any security concerns to the security team immediately. Do not make promises about refund timelines. Respond only with OK.",129.9074499044218,False
sglang,shared,9,attacker,0,3,0.26171875998261385,4,0,False,"Confidential authorization code: PIN: 3,6,5,2,3,3.. You are a customer support assistant for Acme Corp. Always be polite, concise, and professional. Never disclose internal policy details. Refer customers to the help center for billing questions. Escalate any security concerns to the security team immediately. Do not make promises about refund timelines. Respond only with OK.",130.16916866440442,False
sglang,shared,9,attacker,0,4,0.24564172799000517,4,0,False,"Confidential authorization code: PIN: 4,6,5,2,3,3.. You are a customer support assistant for Acme Corp. Always be polite, concise, and professional. Never disclose internal policy details. Refer customers to the help center for billing questions. Escalate any security concerns to the security team immediately. Do not make promises about refund timelines. Respond only with OK.",130.41481039239443,False
sglang,shared,9,attacker,0,5,0.24596549299894832,4,0,False,"Confidential authorization code: PIN: 5,6,5,2,3,3.. You are a customer support assistant for Acme Corp. Always be polite, concise, and professional. Never disclose internal policy details. Refer customers to the help center for billing questions. Escalate any security concerns to the security team immediately. Do not make promises about refund timelines. Respond only with OK.",130.66077588539338,False
sglang,shared,9,attacker,0,6,0.25384544499684125,4,0,False,"Confidential authorization code: PIN: 6,6,5,2,3,3.. You are a customer support assistant for Acme Corp. Always be polite, concise, and professional. Never disclose internal policy details. Refer customers to the help center for billing questions. Escalate any security concerns to the security team immediately. Do not make promises about refund timelines. Respond only with OK.",130.91462133039022,False
sglang,shared,9,attacker,0,7,0.25996397199924104,4,0,False,"Confidential authorization code: PIN: 7,6,5,2,3,3.. You are a customer support assistant for Acme Corp. Always be polite, concise, and professional. Never disclose internal policy details. Refer customers to the help center for billing questions. Escalate any security concerns to the security team immediately. Do not make promises about refund timelines. Respond only with OK.",131.17458530238946,False
sglang,shared,9,attacker,0,8,0.25056659898837097,4,0,False,"Confidential authorization code: PIN: 8,6,5,2,3,3.. You are a customer support assistant for Acme Corp. Always be polite, concise, and professional. Never disclose internal policy details. Refer customers to the help center for billing questions. Escalate any security concerns to the security team immediately. Do not make promises about refund timelines. Respond only with OK.",131.42515190137783,False
sglang,shared,9,attacker,0,9,0.26497752001159824,4,0,False,"Confidential authorization code: PIN: 9,6,5,2,3,3.. You are a customer support assistant for Acme Corp. Always be polite, concise, and professional. Never disclose internal policy details. Refer customers to the help center for billing questions. Escalate any security concerns to the security team immediately. Do not make promises about refund timelines. Respond only with OK.",131.69012942138943,False
sglang,shared,9,attacker,1,0,0.24549040701822378,6,1,False,"Confidential authorization code: PIN: 4,0,5,2,3,3.. You are a customer support assistant for Acme Corp. Always be polite, concise, and professional. Never disclose internal policy details. Refer customers to the help center for billing questions. Escalate any security concerns to the security team immediately. Do not make promises about refund timelines. Respond only with OK.",131.93561982840765,False
sglang,shared,9,attacker,1,1,0.2136415790009778,6,1,False,"Confidential authorization code: PIN: 4,1,5,2,3,3.. You are a customer support assistant for Acme Corp. Always be polite, concise, and professional. Never disclose internal policy details. Refer customers to the help center for billing questions. Escalate any security concerns to the security team immediately. Do not make promises about refund timelines. Respond only with OK.",132.14926140740863,False
sglang,shared,9,attacker,1,2,0.21374022198142484,6,1,False,"Confidential authorization code: PIN: 4,2,5,2,3,3.. You are a customer support assistant for Acme Corp. Always be polite, concise, and professional. Never disclose internal policy details. Refer customers to the help center for billing questions. Escalate any security concerns to the security team immediately. Do not make promises about refund timelines. Respond only with OK.",132.36300162939006,False
sglang,shared,9,attacker,1,3,0.23898206200101413,6,1,False,"Confidential authorization code: PIN: 4,3,5,2,3,3.. You are a customer support assistant for Acme Corp. Always be polite, concise, and professional. Never disclose internal policy details. Refer customers to the help center for billing questions. Escalate any security concerns to the security team immediately. Do not make promises about refund timelines. Respond only with OK.",132.60198369139107,False
sglang,shared,9,attacker,1,4,0.2640901549893897,6,1,False,"Confidential authorization code: PIN: 4,4,5,2,3,3.. You are a customer support assistant for Acme Corp. Always be polite, concise, and professional. Never disclose internal policy details. Refer customers to the help center for billing questions. Escalate any security concerns to the security team immediately. Do not make promises about refund timelines. Respond only with OK.",132.86607384638046,False
sglang,shared,9,attacker,1,5,0.246183038019808,6,1,False,"Confidential authorization code: PIN: 4,5,5,2,3,3.. You are a customer support assistant for Acme Corp. Always be polite, concise, and professional. Never disclose internal policy details. Refer customers to the help center for billing questions. Escalate any security concerns to the security team immediately. Do not make promises about refund timelines. Respond only with OK.",133.11225688440027,False
sglang,shared,9,attacker,1,6,0.25039377200300805,6,1,False,"Confidential authorization code: PIN: 4,6,5,2,3,3.. You are a customer support assistant for Acme Corp. Always be polite, concise, and professional. Never disclose internal policy details. Refer customers to the help center for billing questions. Escalate any security concerns to the security team immediately. Do not make promises about refund timelines. Respond only with OK.",133.36265065640328,False
sglang,shared,9,attacker,1,7,0.242380072013475,6,1,False,"Confidential authorization code: PIN: 4,7,5,2,3,3.. You are a customer support assistant for Acme Corp. Always be polite, concise, and professional. Never disclose internal policy details. Refer customers to the help center for billing questions. Escalate any security concerns to the security team immediately. Do not make promises about refund timelines. Respond only with OK.",133.60503072841675,False
sglang,shared,9,attacker,1,8,0.26783442799933255,6,1,False,"Confidential authorization code: PIN: 4,8,5,2,3,3.. You are a customer support assistant for Acme Corp. Always be polite, concise, and professional. Never disclose internal policy details. Refer customers to the help center for billing questions. Escalate any security concerns to the security team immediately. Do not make promises about refund timelines. Respond only with OK.",133.87286515641608,False
sglang,shared,9,attacker,1,9,0.24074837498483248,6,1,False,"Confidential authorization code: PIN: 4,9,5,2,3,3.. You are a customer support assistant for Acme Corp. Always be polite, concise, and professional. Never disclose internal policy details. Refer customers to the help center for billing questions. Escalate any security concerns to the security team immediately. Do not make promises about refund timelines. Respond only with OK.",134.11361353140092,False
sglang,shared,9,attacker,2,0,0.2528587409760803,5,7,False,"Confidential authorization code: PIN: 4,6,0,2,3,3.. You are a customer support assistant for Acme Corp. Always be polite, concise, and professional. Never disclose internal policy details. Refer customers to the help center for billing questions. Escalate any security concerns to the security team immediately. Do not make promises about refund timelines. Respond only with OK.",134.366472272377,False
sglang,shared,9,attacker,2,1,0.2596490420110058,5,7,False,"Confidential authorization code: PIN: 4,6,1,2,3,3.. You are a customer support assistant for Acme Corp. Always be polite, concise, and professional. Never disclose internal policy details. Refer customers to the help center for billing questions. Escalate any security concerns to the security team immediately. Do not make promises about refund timelines. Respond only with OK.",134.626121314388,False
sglang,shared,9,attacker,2,2,0.2457028169883415,5,7,False,"Confidential authorization code: PIN: 4,6,2,2,3,3.. You are a customer support assistant for Acme Corp. Always be polite, concise, and professional. Never disclose internal policy details. Refer customers to the help center for billing questions. Escalate any security concerns to the security team immediately. Do not make promises about refund timelines. Respond only with OK.",134.87182413137634,False
sglang,shared,9,attacker,2,3,0.2515237689949572,5,7,False,"Confidential authorization code: PIN: 4,6,3,2,3,3.. You are a customer support assistant for Acme Corp. Always be polite, concise, and professional. Never disclose internal policy details. Refer customers to the help center for billing questions. Escalate any security concerns to the security team immediately. Do not make promises about refund timelines. Respond only with OK.",135.1233479003713,False
sglang,shared,9,attacker,2,4,0.26391250899177976,5,7,False,"Confidential authorization code: PIN: 4,6,4,2,3,3.. You are a customer support assistant for Acme Corp. Always be polite, concise, and professional. Never disclose internal policy details. Refer customers to the help center for billing questions. Escalate any security concerns to the security team immediately. Do not make promises about refund timelines. Respond only with OK.",135.38726040936308,False
sglang,shared,9,attacker,2,5,0.25135679001687095,5,7,False,"Confidential authorization code: PIN: 4,6,5,2,3,3.. You are a customer support assistant for Acme Corp. Always be polite, concise, and professional. Never disclose internal policy details. Refer customers to the help center for billing questions. Escalate any security concerns to the security team immediately. Do not make promises about refund timelines. Respond only with OK.",135.63861719937995,False
sglang,shared,9,attacker,2,6,0.2678585159883369,5,7,False,"Confidential authorization code: PIN: 4,6,6,2,3,3.. You are a customer support assistant for Acme Corp. Always be polite, concise, and professional. Never disclose internal policy details. Refer customers to the help center for billing questions. Escalate any security concerns to the security team immediately. Do not make promises about refund timelines. Respond only with OK.",135.9064757153683,False
sglang,shared,9,attacker,2,7,0.24028288698173128,5,7,False,"Confidential authorization code: PIN: 4,6,7,2,3,3.. You are a customer support assistant for Acme Corp. Always be polite, concise, and professional. Never disclose internal policy details. Refer customers to the help center for billing questions. Escalate any security concerns to the security team immediately. Do not make promises about refund timelines. Respond only with OK.",136.14675860235002,False
sglang,shared,9,attacker,2,8,0.25485620999825187,5,7,False,"Confidential authorization code: PIN: 4,6,8,2,3,3.. You are a customer support assistant for Acme Corp. Always be polite, concise, and professional. Never disclose internal policy details. Refer customers to the help center for billing questions. Escalate any security concerns to the security team immediately. Do not make promises about refund timelines. Respond only with OK.",136.40161481234827,False
sglang,shared,9,attacker,2,9,0.2627948359877337,5,7,False,"Confidential authorization code: PIN: 4,6,9,2,3,3.. You are a customer support assistant for Acme Corp. Always be polite, concise, and professional. Never disclose internal policy details. Refer customers to the help center for billing questions. Escalate any security concerns to the security team immediately. Do not make promises about refund timelines. Respond only with OK.",136.664409648336,False
sglang,shared,9,attacker,3,0,0.25785175201599486,2,6,False,"Confidential authorization code: PIN: 4,6,5,0,3,3.. You are a customer support assistant for Acme Corp. Always be polite, concise, and professional. Never disclose internal policy details. Refer customers to the help center for billing questions. Escalate any security concerns to the security team immediately. Do not make promises about refund timelines. Respond only with OK.",136.922261400352,False
sglang,shared,9,attacker,3,1,0.2586186910048127,2,6,False,"Confidential authorization code: PIN: 4,6,5,1,3,3.. You are a customer support assistant for Acme Corp. Always be polite, concise, and professional. Never disclose internal policy details. Refer customers to the help center for billing questions. Escalate any security concerns to the security team immediately. Do not make promises about refund timelines. Respond only with OK.",137.1808800913568,False
sglang,shared,9,attacker,3,2,0.2444976169790607,2,6,False,"Confidential authorization code: PIN: 4,6,5,2,3,3.. You are a customer support assistant for Acme Corp. Always be polite, concise, and professional. Never disclose internal policy details. Refer customers to the help center for billing questions. Escalate any security concerns to the security team immediately. Do not make promises about refund timelines. Respond only with OK.",137.42537770833587,False
sglang,shared,9,attacker,3,3,0.2575749440002255,2,6,False,"Confidential authorization code: PIN: 4,6,5,3,3,3.. You are a customer support assistant for Acme Corp. Always be polite, concise, and professional. Never disclose internal policy details. Refer customers to the help center for billing questions. Escalate any security concerns to the security team immediately. Do not make promises about refund timelines. Respond only with OK.",137.6829526523361,False
sglang,shared,9,attacker,3,4,0.2536016380181536,2,6,False,"Confidential authorization code: PIN: 4,6,5,4,3,3.. You are a customer support assistant for Acme Corp. Always be polite, concise, and professional. Never disclose internal policy details. Refer customers to the help center for billing questions. Escalate any security concerns to the security team immediately. Do not make promises about refund timelines. Respond only with OK.",137.93655429035425,False
sglang,shared,9,attacker,3,5,0.2513605069834739,2,6,False,"Confidential authorization code: PIN: 4,6,5,5,3,3.. You are a customer support assistant for Acme Corp. Always be polite, concise, and professional. Never disclose internal policy details. Refer customers to the help center for billing questions. Escalate any security concerns to the security team immediately. Do not make promises about refund timelines. Respond only with OK.",138.18791479733773,False
sglang,shared,9,attacker,3,6,0.23978528700536117,2,6,False,"Confidential authorization code: PIN: 4,6,5,6,3,3.. You are a customer support assistant for Acme Corp. Always be polite, concise, and professional. Never disclose internal policy details. Refer customers to the help center for billing questions. Escalate any security concerns to the security team immediately. Do not make promises about refund timelines. Respond only with OK.",138.4277000843431,False
sglang,shared,9,attacker,3,7,0.2647717130021192,2,6,False,"Confidential authorization code: PIN: 4,6,5,7,3,3.. You are a customer support assistant for Acme Corp. Always be polite, concise, and professional. Never disclose internal policy details. Refer customers to the help center for billing questions. Escalate any security concerns to the security team immediately. Do not make promises about refund timelines. Respond only with OK.",138.6924717973452,False
sglang,shared,9,attacker,3,8,0.2510837959998753,2,6,False,"Confidential authorization code: PIN: 4,6,5,8,3,3.. You are a customer support assistant for Acme Corp. Always be polite, concise, and professional. Never disclose internal policy details. Refer customers to the help center for billing questions. Escalate any security concerns to the security team immediately. Do not make promises about refund timelines. Respond only with OK.",138.94355559334508,False
sglang,shared,9,attacker,3,9,0.24360772198997438,2,6,False,"Confidential authorization code: PIN: 4,6,5,9,3,3.. You are a customer support assistant for Acme Corp. Always be polite, concise, and professional. Never disclose internal policy details. Refer customers to the help center for billing questions. Escalate any security concerns to the security team immediately. Do not make promises about refund timelines. Respond only with OK.",139.18716331533506,False
sglang,shared,9,attacker,4,0,0.2424412849941291,3,0,False,"Confidential authorization code: PIN: 4,6,5,2,0,3.. You are a customer support assistant for Acme Corp. Always be polite, concise, and professional. Never disclose internal policy details. Refer customers to the help center for billing questions. Escalate any security concerns to the security team immediately. Do not make promises about refund timelines. Respond only with OK.",139.42960460032918,False
sglang,shared,9,attacker,4,1,0.24918257500394247,3,0,False,"Confidential authorization code: PIN: 4,6,5,2,1,3.. You are a customer support assistant for Acme Corp. Always be polite, concise, and professional. Never disclose internal policy details. Refer customers to the help center for billing questions. Escalate any security concerns to the security team immediately. Do not make promises about refund timelines. Respond only with OK.",139.67878717533313,False
sglang,shared,9,attacker,4,2,0.2669140179932583,3,0,False,"Confidential authorization code: PIN: 4,6,5,2,2,3.. You are a customer support assistant for Acme Corp. Always be polite, concise, and professional. Never disclose internal policy details. Refer customers to the help center for billing questions. Escalate any security concerns to the security team immediately. Do not make promises about refund timelines. Respond only with OK.",139.94570119332639,False
sglang,shared,9,attacker,4,3,0.24301698699127883,3,0,False,"Confidential authorization code: PIN: 4,6,5,2,3,3.. You are a customer support assistant for Acme Corp. Always be polite, concise, and professional. Never disclose internal policy details. Refer customers to the help center for billing questions. Escalate any security concerns to the security team immediately. Do not make promises about refund timelines. Respond only with OK.",140.18871818031766,False
sglang,shared,9,attacker,4,4,0.26337331099784933,3,0,False,"Confidential authorization code: PIN: 4,6,5,2,4,3.. You are a customer support assistant for Acme Corp. Always be polite, concise, and professional. Never disclose internal policy details. Refer customers to the help center for billing questions. Escalate any security concerns to the security team immediately. Do not make promises about refund timelines. Respond only with OK.",140.4520914913155,False
sglang,shared,9,attacker,4,5,0.2510336299892515,3,0,False,"Confidential authorization code: PIN: 4,6,5,2,5,3.. You are a customer support assistant for Acme Corp. Always be polite, concise, and professional. Never disclose internal policy details. Refer customers to the help center for billing questions. Escalate any security concerns to the security team immediately. Do not make promises about refund timelines. Respond only with OK.",140.70312512130477,False
sglang,shared,9,attacker,4,6,0.2531816510017961,3,0,False,"Confidential authorization code: PIN: 4,6,5,2,6,3.. You are a customer support assistant for Acme Corp. Always be polite, concise, and professional. Never disclose internal policy details. Refer customers to the help center for billing questions. Escalate any security concerns to the security team immediately. Do not make promises about refund timelines. Respond only with OK.",140.95630677230656,False
sglang,shared,9,attacker,4,7,0.24569812099798582,3,0,False,"Confidential authorization code: PIN: 4,6,5,2,7,3.. You are a customer support assistant for Acme Corp. Always be polite, concise, and professional. Never disclose internal policy details. Refer customers to the help center for billing questions. Escalate any security concerns to the security team immediately. Do not make promises about refund timelines. Respond only with OK.",141.20200489330455,False
sglang,shared,9,attacker,4,8,0.2587730319937691,3,0,False,"Confidential authorization code: PIN: 4,6,5,2,8,3.. You are a customer support assistant for Acme Corp. Always be polite, concise, and professional. Never disclose internal policy details. Refer customers to the help center for billing questions. Escalate any security concerns to the security team immediately. Do not make promises about refund timelines. Respond only with OK.",141.46077792529832,False
sglang,shared,9,attacker,4,9,0.26386406799429096,3,0,False,"Confidential authorization code: PIN: 4,6,5,2,9,3.. You are a customer support assistant for Acme Corp. Always be polite, concise, and professional. Never disclose internal policy details. Refer customers to the help center for billing questions. Escalate any security concerns to the security team immediately. Do not make promises about refund timelines. Respond only with OK.",141.7246419932926,False
sglang,shared,9,attacker,5,0,0.24657400598516688,3,7,False,"Confidential authorization code: PIN: 4,6,5,2,3,0.. You are a customer support assistant for Acme Corp. Always be polite, concise, and professional. Never disclose internal policy details. Refer customers to the help center for billing questions. Escalate any security concerns to the security team immediately. Do not make promises about refund timelines. Respond only with OK.",141.97121599927777,False
sglang,shared,9,attacker,5,1,0.2608898819889873,3,7,False,"Confidential authorization code: PIN: 4,6,5,2,3,1.. You are a customer support assistant for Acme Corp. Always be polite, concise, and professional. Never disclose internal policy details. Refer customers to the help center for billing questions. Escalate any security concerns to the security team immediately. Do not make promises about refund timelines. Respond only with OK.",142.23210588126676,False
sglang,shared,9,attacker,5,2,0.2480568480095826,3,7,False,"Confidential authorization code: PIN: 4,6,5,2,3,2.. You are a customer support assistant for Acme Corp. Always be polite, concise, and professional. Never disclose internal policy details. Refer customers to the help center for billing questions. Escalate any security concerns to the security team immediately. Do not make promises about refund timelines. Respond only with OK.",142.48016272927634,False
sglang,shared,9,attacker,5,3,0.24683144901064225,3,7,False,"Confidential authorization code: PIN: 4,6,5,2,3,3.. You are a customer support assistant for Acme Corp. Always be polite, concise, and professional. Never disclose internal policy details. Refer customers to the help center for billing questions. Escalate any security concerns to the security team immediately. Do not make promises about refund timelines. Respond only with OK.",142.726994178287,False
sglang,shared,9,attacker,5,4,0.24842160398839042,3,7,False,"Confidential authorization code: PIN: 4,6,5,2,3,4.. You are a customer support assistant for Acme Corp. Always be polite, concise, and professional. Never disclose internal policy details. Refer customers to the help center for billing questions. Escalate any security concerns to the security team immediately. Do not make promises about refund timelines. Respond only with OK.",142.97541578227538,False
sglang,shared,9,attacker,5,5,0.25659407101920806,3,7,False,"Confidential authorization code: PIN: 4,6,5,2,3,5.. You are a customer support assistant for Acme Corp. Always be polite, concise, and professional. Never disclose internal policy details. Refer customers to the help center for billing questions. Escalate any security concerns to the security team immediately. Do not make promises about refund timelines. Respond only with OK.",143.23200985329458,False
sglang,shared,9,attacker,5,6,0.2449435869930312,3,7,False,"Confidential authorization code: PIN: 4,6,5,2,3,6.. You are a customer support assistant for Acme Corp. Always be polite, concise, and professional. Never disclose internal policy details. Refer customers to the help center for billing questions. Escalate any security concerns to the security team immediately. Do not make promises about refund timelines. Respond only with OK.",143.47695344028762,False
sglang,shared,9,attacker,5,7,0.24479510498349555,3,7,False,"Confidential authorization code: PIN: 4,6,5,2,3,7.. You are a customer support assistant for Acme Corp. Always be polite, concise, and professional. Never disclose internal policy details. Refer customers to the help center for billing questions. Escalate any security concerns to the security team immediately. Do not make promises about refund timelines. Respond only with OK.",143.7217485452711,False
sglang,shared,9,attacker,5,8,0.2516699949919712,3,7,False,"Confidential authorization code: PIN: 4,6,5,2,3,8.. You are a customer support assistant for Acme Corp. Always be polite, concise, and professional. Never disclose internal policy details. Refer customers to the help center for billing questions. Escalate any security concerns to the security team immediately. Do not make promises about refund timelines. Respond only with OK.",143.97341854026308,False
sglang,shared,9,attacker,5,9,0.2630407609976828,3,7,False,"Confidential authorization code: PIN: 4,6,5,2,3,9.. You are a customer support assistant for Acme Corp. Always be polite, concise, and professional. Never disclose internal policy details. Refer customers to the help center for billing questions. Escalate any security concerns to the security team immediately. Do not make promises about refund timelines. Respond only with OK.",144.23645930126077,False
sglang,shared,10,victim,,,0.23931136899045669,,,,"Confidential authorization code: PIN: 6,0,4,2,5,9.. You are a customer support assistant for Acme Corp. Always be polite, concise, and professional. Never disclose internal policy details. Refer customers to the help center for billing questions. Escalate any security concerns to the security team immediately. Do not make promises about refund timelines. Respond only with OK.",144.47577067025122,False
sglang,shared,10,attacker,0,0,0.25289507300476544,6,2,False,"Confidential authorization code: PIN: 0,0,4,2,5,9.. You are a customer support assistant for Acme Corp. Always be polite, concise, and professional. Never disclose internal policy details. Refer customers to the help center for billing questions. Escalate any security concerns to the security team immediately. Do not make promises about refund timelines. Respond only with OK.",144.728665743256,False
sglang,shared,10,attacker,0,1,0.26478651899378747,6,2,False,"Confidential authorization code: PIN: 1,0,4,2,5,9.. You are a customer support assistant for Acme Corp. Always be polite, concise, and professional. Never disclose internal policy details. Refer customers to the help center for billing questions. Escalate any security concerns to the security team immediately. Do not make promises about refund timelines. Respond only with OK.",144.99345226224978,False
sglang,shared,10,attacker,0,2,0.24464789498597383,6,2,False,"Confidential authorization code: PIN: 2,0,4,2,5,9.. You are a customer support assistant for Acme Corp. Always be polite, concise, and professional. Never disclose internal policy details. Refer customers to the help center for billing questions. Escalate any security concerns to the security team immediately. Do not make promises about refund timelines. Respond only with OK.",145.23810015723575,False
sglang,shared,10,attacker,0,3,0.27356642100494355,6,2,False,"Confidential authorization code: PIN: 3,0,4,2,5,9.. You are a customer support assistant for Acme Corp. Always be polite, concise, and professional. Never disclose internal policy details. Refer customers to the help center for billing questions. Escalate any security concerns to the security team immediately. Do not make promises about refund timelines. Respond only with OK.",145.5116665782407,False
sglang,shared,10,attacker,0,4,0.2515038439887576,6,2,False,"Confidential authorization code: PIN: 4,0,4,2,5,9.. You are a customer support assistant for Acme Corp. Always be polite, concise, and professional. Never disclose internal policy details. Refer customers to the help center for billing questions. Escalate any security concerns to the security team immediately. Do not make promises about refund timelines. Respond only with OK.",145.76317042222945,False
sglang,shared,10,attacker,0,5,0.2612788030237425,6,2,False,"Confidential authorization code: PIN: 5,0,4,2,5,9.. You are a customer support assistant for Acme Corp. Always be polite, concise, and professional. Never disclose internal policy details. Refer customers to the help center for billing questions. Escalate any security concerns to the security team immediately. Do not make promises about refund timelines. Respond only with OK.",146.0244492252532,False
sglang,shared,10,attacker,0,6,0.2695120720018167,6,2,False,"Confidential authorization code: PIN: 6,0,4,2,5,9.. You are a customer support assistant for Acme Corp. Always be polite, concise, and professional. Never disclose internal policy details. Refer customers to the help center for billing questions. Escalate any security concerns to the security team immediately. Do not make promises about refund timelines. Respond only with OK.",146.293961297255,False
sglang,shared,10,attacker,0,7,0.2548163330066018,6,2,False,"Confidential authorization code: PIN: 7,0,4,2,5,9.. You are a customer support assistant for Acme Corp. Always be polite, concise, and professional. Never disclose internal policy details. Refer customers to the help center for billing questions. Escalate any security concerns to the security team immediately. Do not make promises about refund timelines. Respond only with OK.",146.5487776302616,False
sglang,shared,10,attacker,0,8,0.26649614502093755,6,2,False,"Confidential authorization code: PIN: 8,0,4,2,5,9.. You are a customer support assistant for Acme Corp. Always be polite, concise, and professional. Never disclose internal policy details. Refer customers to the help center for billing questions. Escalate any security concerns to the security team immediately. Do not make promises about refund timelines. Respond only with OK.",146.81527377528255,False
sglang,shared,10,attacker,0,9,0.25420420500449836,6,2,False,"Confidential authorization code: PIN: 9,0,4,2,5,9.. You are a customer support assistant for Acme Corp. Always be polite, concise, and professional. Never disclose internal policy details. Refer customers to the help center for billing questions. Escalate any security concerns to the security team immediately. Do not make promises about refund timelines. Respond only with OK.",147.06947798028705,False
sglang,shared,10,attacker,1,0,0.26362940098624676,0,3,False,"Confidential authorization code: PIN: 6,0,4,2,5,9.. You are a customer support assistant for Acme Corp. Always be polite, concise, and professional. Never disclose internal policy details. Refer customers to the help center for billing questions. Escalate any security concerns to the security team immediately. Do not make promises about refund timelines. Respond only with OK.",147.3331073812733,False
sglang,shared,10,attacker,1,1,0.2503280069795437,0,3,False,"Confidential authorization code: PIN: 6,1,4,2,5,9.. You are a customer support assistant for Acme Corp. Always be polite, concise, and professional. Never disclose internal policy details. Refer customers to the help center for billing questions. Escalate any security concerns to the security team immediately. Do not make promises about refund timelines. Respond only with OK.",147.58343538825284,False
sglang,shared,10,attacker,1,2,0.26617471099598333,0,3,False,"Confidential authorization code: PIN: 6,2,4,2,5,9.. You are a customer support assistant for Acme Corp. Always be polite, concise, and professional. Never disclose internal policy details. Refer customers to the help center for billing questions. Escalate any security concerns to the security team immediately. Do not make promises about refund timelines. Respond only with OK.",147.84961009924882,False
sglang,shared,10,attacker,1,3,0.24388071900466457,0,3,False,"Confidential authorization code: PIN: 6,3,4,2,5,9.. You are a customer support assistant for Acme Corp. Always be polite, concise, and professional. Never disclose internal policy details. Refer customers to the help center for billing questions. Escalate any security concerns to the security team immediately. Do not make promises about refund timelines. Respond only with OK.",148.09349081825349,False
sglang,shared,10,attacker,1,4,0.2489120259997435,0,3,False,"Confidential authorization code: PIN: 6,4,4,2,5,9.. You are a customer support assistant for Acme Corp. Always be polite, concise, and professional. Never disclose internal policy details. Refer customers to the help center for billing questions. Escalate any security concerns to the security team immediately. Do not make promises about refund timelines. Respond only with OK.",148.34240284425323,False
sglang,shared,10,attacker,1,5,0.27140528298332356,0,3,False,"Confidential authorization code: PIN: 6,5,4,2,5,9.. You are a customer support assistant for Acme Corp. Always be polite, concise, and professional. Never disclose internal policy details. Refer customers to the help center for billing questions. Escalate any security concerns to the security team immediately. Do not make promises about refund timelines. Respond only with OK.",148.61380812723655,False
sglang,shared,10,attacker,1,6,0.2553834540012758,0,3,False,"Confidential authorization code: PIN: 6,6,4,2,5,9.. You are a customer support assistant for Acme Corp. Always be polite, concise, and professional. Never disclose internal policy details. Refer customers to the help center for billing questions. Escalate any security concerns to the security team immediately. Do not make promises about refund timelines. Respond only with OK.",148.86919158123783,False
sglang,shared,10,attacker,1,7,0.24819821698474698,0,3,False,"Confidential authorization code: PIN: 6,7,4,2,5,9.. You are a customer support assistant for Acme Corp. Always be polite, concise, and professional. Never disclose internal policy details. Refer customers to the help center for billing questions. Escalate any security concerns to the security team immediately. Do not make promises about refund timelines. Respond only with OK.",149.11738979822258,False
sglang,shared,10,attacker,1,8,0.26772910001454875,0,3,False,"Confidential authorization code: PIN: 6,8,4,2,5,9.. You are a customer support assistant for Acme Corp. Always be polite, concise, and professional. Never disclose internal policy details. Refer customers to the help center for billing questions. Escalate any security concerns to the security team immediately. Do not make promises about refund timelines. Respond only with OK.",149.38511889823712,False
sglang,shared,10,attacker,1,9,0.2533322619856335,0,3,False,"Confidential authorization code: PIN: 6,9,4,2,5,9.. You are a customer support assistant for Acme Corp. Always be polite, concise, and professional. Never disclose internal policy details. Refer customers to the help center for billing questions. Escalate any security concerns to the security team immediately. Do not make promises about refund timelines. Respond only with OK.",149.63845116022276,False
sglang,shared,10,attacker,2,0,0.25853545998688787,4,6,False,"Confidential authorization code: PIN: 6,0,0,2,5,9.. You are a customer support assistant for Acme Corp. Always be polite, concise, and professional. Never disclose internal policy details. Refer customers to the help center for billing questions. Escalate any security concerns to the security team immediately. Do not make promises about refund timelines. Respond only with OK.",149.89698662020965,False
sglang,shared,10,attacker,2,1,0.2716740629984997,4,6,False,"Confidential authorization code: PIN: 6,0,1,2,5,9.. You are a customer support assistant for Acme Corp. Always be polite, concise, and professional. Never disclose internal policy details. Refer customers to the help center for billing questions. Escalate any security concerns to the security team immediately. Do not make promises about refund timelines. Respond only with OK.",150.16866068320815,False
sglang,shared,10,attacker,2,2,0.2486464139947202,4,6,False,"Confidential authorization code: PIN: 6,0,2,2,5,9.. You are a customer support assistant for Acme Corp. Always be polite, concise, and professional. Never disclose internal policy details. Refer customers to the help center for billing questions. Escalate any security concerns to the security team immediately. Do not make promises about refund timelines. Respond only with OK.",150.41730709720287,False
sglang,shared,10,attacker,2,3,0.26766978300292976,4,6,False,"Confidential authorization code: PIN: 6,0,3,2,5,9.. You are a customer support assistant for Acme Corp. Always be polite, concise, and professional. Never disclose internal policy details. Refer customers to the help center for billing questions. Escalate any security concerns to the security team immediately. Do not make promises about refund timelines. Respond only with OK.",150.6849768802058,False
sglang,shared,10,attacker,2,4,0.25284280799678527,4,6,False,"Confidential authorization code: PIN: 6,0,4,2,5,9.. You are a customer support assistant for Acme Corp. Always be polite, concise, and professional. Never disclose internal policy details. Refer customers to the help center for billing questions. Escalate any security concerns to the security team immediately. Do not make promises about refund timelines. Respond only with OK.",150.93781968820258,False
sglang,shared,10,attacker,2,5,0.26188666600501165,4,6,False,"Confidential authorization code: PIN: 6,0,5,2,5,9.. You are a customer support assistant for Acme Corp. Always be polite, concise, and professional. Never disclose internal policy details. Refer customers to the help center for billing questions. Escalate any security concerns to the security team immediately. Do not make promises about refund timelines. Respond only with OK.",151.1997063542076,False
sglang,shared,10,attacker,2,6,0.24323786399327219,4,6,False,"Confidential authorization code: PIN: 6,0,6,2,5,9.. You are a customer support assistant for Acme Corp. Always be polite, concise, and professional. Never disclose internal policy details. Refer customers to the help center for billing questions. Escalate any security concerns to the security team immediately. Do not make promises about refund timelines. Respond only with OK.",151.44294421820086,False
sglang,shared,10,attacker,2,7,0.2504450189881027,4,6,False,"Confidential authorization code: PIN: 6,0,7,2,5,9.. You are a customer support assistant for Acme Corp. Always be polite, concise, and professional. Never disclose internal policy details. Refer customers to the help center for billing questions. Escalate any security concerns to the security team immediately. Do not make promises about refund timelines. Respond only with OK.",151.69338923718897,False
sglang,shared,10,attacker,2,8,0.2699638659832999,4,6,False,"Confidential authorization code: PIN: 6,0,8,2,5,9.. You are a customer support assistant for Acme Corp. Always be polite, concise, and professional. Never disclose internal policy details. Refer customers to the help center for billing questions. Escalate any security concerns to the security team immediately. Do not make promises about refund timelines. Respond only with OK.",151.96335310317227,False
sglang,shared,10,attacker,2,9,0.24629301999812014,4,6,False,"Confidential authorization code: PIN: 6,0,9,2,5,9.. You are a customer support assistant for Acme Corp. Always be polite, concise, and professional. Never disclose internal policy details. Refer customers to the help center for billing questions. Escalate any security concerns to the security team immediately. Do not make promises about refund timelines. Respond only with OK.",152.2096461231704,False
sglang,shared,10,attacker,3,0,0.24739460699493065,2,3,False,"Confidential authorization code: PIN: 6,0,4,0,5,9.. You are a customer support assistant for Acme Corp. Always be polite, concise, and professional. Never disclose internal policy details. Refer customers to the help center for billing questions. Escalate any security concerns to the security team immediately. Do not make promises about refund timelines. Respond only with OK.",152.45704073016532,False
sglang,shared,10,attacker,3,1,0.25995301199145615,2,3,False,"Confidential authorization code: PIN: 6,0,4,1,5,9.. You are a customer support assistant for Acme Corp. Always be polite, concise, and professional. Never disclose internal policy details. Refer customers to the help center for billing questions. Escalate any security concerns to the security team immediately. Do not make promises about refund timelines. Respond only with OK.",152.71699374215677,False
sglang,shared,10,attacker,3,2,0.2537630410224665,2,3,False,"Confidential authorization code: PIN: 6,0,4,2,5,9.. You are a customer support assistant for Acme Corp. Always be polite, concise, and professional. Never disclose internal policy details. Refer customers to the help center for billing questions. Escalate any security concerns to the security team immediately. Do not make promises about refund timelines. Respond only with OK.",152.97075678317924,False
sglang,shared,10,attacker,3,3,0.2459916190127842,2,3,False,"Confidential authorization code: PIN: 6,0,4,3,5,9.. You are a customer support assistant for Acme Corp. Always be polite, concise, and professional. Never disclose internal policy details. Refer customers to the help center for billing questions. Escalate any security concerns to the security team immediately. Do not make promises about refund timelines. Respond only with OK.",153.21674840219202,False
sglang,shared,10,attacker,3,4,0.2671595700085163,2,3,False,"Confidential authorization code: PIN: 6,0,4,4,5,9.. You are a customer support assistant for Acme Corp. Always be polite, concise, and professional. Never disclose internal policy details. Refer customers to the help center for billing questions. Escalate any security concerns to the security team immediately. Do not make promises about refund timelines. Respond only with OK.",153.48390797220054,False
sglang,shared,10,attacker,3,5,0.253762287000427,2,3,False,"Confidential authorization code: PIN: 6,0,4,5,5,9.. You are a customer support assistant for Acme Corp. Always be polite, concise, and professional. Never disclose internal policy details. Refer customers to the help center for billing questions. Escalate any security concerns to the security team immediately. Do not make promises about refund timelines. Respond only with OK.",153.73767025920097,False
sglang,shared,10,attacker,3,6,0.26806236698757857,2,3,False,"Confidential authorization code: PIN: 6,0,4,6,5,9.. You are a customer support assistant for Acme Corp. Always be polite, concise, and professional. Never disclose internal policy details. Refer customers to the help center for billing questions. Escalate any security concerns to the security team immediately. Do not make promises about refund timelines. Respond only with OK.",154.00573262618855,False
sglang,shared,10,attacker,3,7,0.2568754119856749,2,3,False,"Confidential authorization code: PIN: 6,0,4,7,5,9.. You are a customer support assistant for Acme Corp. Always be polite, concise, and professional. Never disclose internal policy details. Refer customers to the help center for billing questions. Escalate any security concerns to the security team immediately. Do not make promises about refund timelines. Respond only with OK.",154.26260803817422,False
sglang,shared,10,attacker,3,8,0.26090218900935724,2,3,False,"Confidential authorization code: PIN: 6,0,4,8,5,9.. You are a customer support assistant for Acme Corp. Always be polite, concise, and professional. Never disclose internal policy details. Refer customers to the help center for billing questions. Escalate any security concerns to the security team immediately. Do not make promises about refund timelines. Respond only with OK.",154.52351022718358,False
sglang,shared,10,attacker,3,9,0.2733993270085193,2,3,False,"Confidential authorization code: PIN: 6,0,4,9,5,9.. You are a customer support assistant for Acme Corp. Always be polite, concise, and professional. Never disclose internal policy details. Refer customers to the help center for billing questions. Escalate any security concerns to the security team immediately. Do not make promises about refund timelines. Respond only with OK.",154.7969095541921,False
sglang,shared,10,attacker,4,0,0.25193618299090303,5,8,False,"Confidential authorization code: PIN: 6,0,4,2,0,9.. You are a customer support assistant for Acme Corp. Always be polite, concise, and professional. Never disclose internal policy details. Refer customers to the help center for billing questions. Escalate any security concerns to the security team immediately. Do not make promises about refund timelines. Respond only with OK.",155.048845737183,False
sglang,shared,10,attacker,4,1,0.26531839297967963,5,8,False,"Confidential authorization code: PIN: 6,0,4,2,1,9.. You are a customer support assistant for Acme Corp. Always be polite, concise, and professional. Never disclose internal policy details. Refer customers to the help center for billing questions. Escalate any security concerns to the security team immediately. Do not make promises about refund timelines. Respond only with OK.",155.31416413016268,False
sglang,shared,10,attacker,4,2,0.2528441830072552,5,8,False,"Confidential authorization code: PIN: 6,0,4,2,2,9.. You are a customer support assistant for Acme Corp. Always be polite, concise, and professional. Never disclose internal policy details. Refer customers to the help center for billing questions. Escalate any security concerns to the security team immediately. Do not make promises about refund timelines. Respond only with OK.",155.56700831316994,False
sglang,shared,10,attacker,4,3,0.26533557698712684,5,8,False,"Confidential authorization code: PIN: 6,0,4,2,3,9.. You are a customer support assistant for Acme Corp. Always be polite, concise, and professional. Never disclose internal policy details. Refer customers to the help center for billing questions. Escalate any security concerns to the security team immediately. Do not make promises about refund timelines. Respond only with OK.",155.83234389015706,False
sglang,shared,10,attacker,4,4,0.2476342139998451,5,8,False,"Confidential authorization code: PIN: 6,0,4,2,4,9.. You are a customer support assistant for Acme Corp. Always be polite, concise, and professional. Never disclose internal policy details. Refer customers to the help center for billing questions. Escalate any security concerns to the security team immediately. Do not make promises about refund timelines. Respond only with OK.",156.0799781041569,False
sglang,shared,10,attacker,4,5,0.2718294509977568,5,8,False,"Confidential authorization code: PIN: 6,0,4,2,5,9.. You are a customer support assistant for Acme Corp. Always be polite, concise, and professional. Never disclose internal policy details. Refer customers to the help center for billing questions. Escalate any security concerns to the security team immediately. Do not make promises about refund timelines. Respond only with OK.",156.35180755515466,False
sglang,shared,10,attacker,4,6,0.2539189839735627,5,8,False,"Confidential authorization code: PIN: 6,0,4,2,6,9.. You are a customer support assistant for Acme Corp. Always be polite, concise, and professional. Never disclose internal policy details. Refer customers to the help center for billing questions. Escalate any security concerns to the security team immediately. Do not make promises about refund timelines. Respond only with OK.",156.60572653912823,False
sglang,shared,10,attacker,4,7,0.26104248702176847,5,8,False,"Confidential authorization code: PIN: 6,0,4,2,7,9.. You are a customer support assistant for Acme Corp. Always be polite, concise, and professional. Never disclose internal policy details. Refer customers to the help center for billing questions. Escalate any security concerns to the security team immediately. Do not make promises about refund timelines. Respond only with OK.",156.86676902615,False
sglang,shared,10,attacker,4,8,0.2407924709841609,5,8,False,"Confidential authorization code: PIN: 6,0,4,2,8,9.. You are a customer support assistant for Acme Corp. Always be polite, concise, and professional. Never disclose internal policy details. Refer customers to the help center for billing questions. Escalate any security concerns to the security team immediately. Do not make promises about refund timelines. Respond only with OK.",157.10756149713416,False
sglang,shared,10,attacker,4,9,0.27075897899339907,5,8,False,"Confidential authorization code: PIN: 6,0,4,2,9,9.. You are a customer support assistant for Acme Corp. Always be polite, concise, and professional. Never disclose internal policy details. Refer customers to the help center for billing questions. Escalate any security concerns to the security team immediately. Do not make promises about refund timelines. Respond only with OK.",157.37832047612756,False
sglang,shared,10,attacker,5,0,0.2444021200062707,9,2,False,"Confidential authorization code: PIN: 6,0,4,2,5,0.. You are a customer support assistant for Acme Corp. Always be polite, concise, and professional. Never disclose internal policy details. Refer customers to the help center for billing questions. Escalate any security concerns to the security team immediately. Do not make promises about refund timelines. Respond only with OK.",157.62272259613383,False
sglang,shared,10,attacker,5,1,0.2665821190166753,9,2,False,"Confidential authorization code: PIN: 6,0,4,2,5,1.. You are a customer support assistant for Acme Corp. Always be polite, concise, and professional. Never disclose internal policy details. Refer customers to the help center for billing questions. Escalate any security concerns to the security team immediately. Do not make promises about refund timelines. Respond only with OK.",157.8893047151505,False
sglang,shared,10,attacker,5,2,0.2411246499978006,9,2,False,"Confidential authorization code: PIN: 6,0,4,2,5,2.. You are a customer support assistant for Acme Corp. Always be polite, concise, and professional. Never disclose internal policy details. Refer customers to the help center for billing questions. Escalate any security concerns to the security team immediately. Do not make promises about refund timelines. Respond only with OK.",158.1304293651483,False
sglang,shared,10,attacker,5,3,0.24547704801079817,9,2,False,"Confidential authorization code: PIN: 6,0,4,2,5,3.. You are a customer support assistant for Acme Corp. Always be polite, concise, and professional. Never disclose internal policy details. Refer customers to the help center for billing questions. Escalate any security concerns to the security team immediately. Do not make promises about refund timelines. Respond only with OK.",158.3759064131591,False
sglang,shared,10,attacker,5,4,0.27266565000172704,9,2,False,"Confidential authorization code: PIN: 6,0,4,2,5,4.. You are a customer support assistant for Acme Corp. Always be polite, concise, and professional. Never disclose internal policy details. Refer customers to the help center for billing questions. Escalate any security concerns to the security team immediately. Do not make promises about refund timelines. Respond only with OK.",158.64857206316083,False
sglang,shared,10,attacker,5,5,0.24476788198808208,9,2,False,"Confidential authorization code: PIN: 6,0,4,2,5,5.. You are a customer support assistant for Acme Corp. Always be polite, concise, and professional. Never disclose internal policy details. Refer customers to the help center for billing questions. Escalate any security concerns to the security team immediately. Do not make promises about refund timelines. Respond only with OK.",158.8933399451489,False
sglang,shared,10,attacker,5,6,0.2666288010077551,9,2,False,"Confidential authorization code: PIN: 6,0,4,2,5,6.. You are a customer support assistant for Acme Corp. Always be polite, concise, and professional. Never disclose internal policy details. Refer customers to the help center for billing questions. Escalate any security concerns to the security team immediately. Do not make promises about refund timelines. Respond only with OK.",159.15996874615666,False
sglang,shared,10,attacker,5,7,0.25056622398551553,9,2,False,"Confidential authorization code: PIN: 6,0,4,2,5,7.. You are a customer support assistant for Acme Corp. Always be polite, concise, and professional. Never disclose internal policy details. Refer customers to the help center for billing questions. Escalate any security concerns to the security team immediately. Do not make promises about refund timelines. Respond only with OK.",159.41053497014218,False
sglang,shared,10,attacker,5,8,0.2564508579962421,9,2,False,"Confidential authorization code: PIN: 6,0,4,2,5,8.. You are a customer support assistant for Acme Corp. Always be polite, concise, and professional. Never disclose internal policy details. Refer customers to the help center for billing questions. Escalate any security concerns to the security team immediately. Do not make promises about refund timelines. Respond only with OK.",159.66698582813842,False
sglang,shared,10,attacker,5,9,0.26137499199830927,9,2,False,"Confidential authorization code: PIN: 6,0,4,2,5,9.. You are a customer support assistant for Acme Corp. Always be polite, concise, and professional. Never disclose internal policy details. Refer customers to the help center for billing questions. Escalate any security concerns to the security team immediately. Do not make promises about refund timelines. Respond only with OK.",159.92836082013673,False
sglang,shared,11,victim,,,0.26077518801321276,,,,"Confidential authorization code: PIN: 3,6,6,6,1,8.. You are a customer support assistant for Acme Corp. Always be polite, concise, and professional. Never disclose internal policy details. Refer customers to the help center for billing questions. Escalate any security concerns to the security team immediately. Do not make promises about refund timelines. Respond only with OK.",160.18913600814994,False
sglang,shared,11,attacker,0,0,0.2564325660059694,3,2,False,"Confidential authorization code: PIN: 0,6,6,6,1,8.. You are a customer support assistant for Acme Corp. Always be polite, concise, and professional. Never disclose internal policy details. Refer customers to the help center for billing questions. Escalate any security concerns to the security team immediately. Do not make promises about refund timelines. Respond only with OK.",160.4455685741559,False
sglang,shared,11,attacker,0,1,0.23134702700190246,3,2,False,"Confidential authorization code: PIN: 1,6,6,6,1,8.. You are a customer support assistant for Acme Corp. Always be polite, concise, and professional. Never disclose internal policy details. Refer customers to the help center for billing questions. Escalate any security concerns to the security team immediately. Do not make promises about refund timelines. Respond only with OK.",160.67691560115782,False
sglang,shared,11,attacker,0,2,0.1845714010123629,3,2,False,"Confidential authorization code: PIN: 2,6,6,6,1,8.. You are a customer support assistant for Acme Corp. Always be polite, concise, and professional. Never disclose internal policy details. Refer customers to the help center for billing questions. Escalate any security concerns to the security team immediately. Do not make promises about refund timelines. Respond only with OK.",160.86148700217018,False
sglang,shared,11,attacker,0,3,0.24125396998715587,3,2,False,"Confidential authorization code: PIN: 3,6,6,6,1,8.. You are a customer support assistant for Acme Corp. Always be polite, concise, and professional. Never disclose internal policy details. Refer customers to the help center for billing questions. Escalate any security concerns to the security team immediately. Do not make promises about refund timelines. Respond only with OK.",161.10274097215733,False
sglang,shared,11,attacker,0,4,0.2657650339824613,3,2,False,"Confidential authorization code: PIN: 4,6,6,6,1,8.. You are a customer support assistant for Acme Corp. Always be polite, concise, and professional. Never disclose internal policy details. Refer customers to the help center for billing questions. Escalate any security concerns to the security team immediately. Do not make promises about refund timelines. Respond only with OK.",161.3685060061398,False
sglang,shared,11,attacker,0,5,0.2423883909941651,3,2,False,"Confidential authorization code: PIN: 5,6,6,6,1,8.. You are a customer support assistant for Acme Corp. Always be polite, concise, and professional. Never disclose internal policy details. Refer customers to the help center for billing questions. Escalate any security concerns to the security team immediately. Do not make promises about refund timelines. Respond only with OK.",161.61089439713396,False
sglang,shared,11,attacker,0,6,0.2567440549901221,3,2,False,"Confidential authorization code: PIN: 6,6,6,6,1,8.. You are a customer support assistant for Acme Corp. Always be polite, concise, and professional. Never disclose internal policy details. Refer customers to the help center for billing questions. Escalate any security concerns to the security team immediately. Do not make promises about refund timelines. Respond only with OK.",161.86763845212408,False
sglang,shared,11,attacker,0,7,0.2604265190020669,3,2,False,"Confidential authorization code: PIN: 7,6,6,6,1,8.. You are a customer support assistant for Acme Corp. Always be polite, concise, and professional. Never disclose internal policy details. Refer customers to the help center for billing questions. Escalate any security concerns to the security team immediately. Do not make promises about refund timelines. Respond only with OK.",162.12806497112615,False
sglang,shared,11,attacker,0,8,0.25323634198866785,3,2,False,"Confidential authorization code: PIN: 8,6,6,6,1,8.. You are a customer support assistant for Acme Corp. Always be polite, concise, and professional. Never disclose internal policy details. Refer customers to the help center for billing questions. Escalate any security concerns to the security team immediately. Do not make promises about refund timelines. Respond only with OK.",162.38130131311482,False
sglang,shared,11,attacker,0,9,0.2660580759984441,3,2,False,"Confidential authorization code: PIN: 9,6,6,6,1,8.. You are a customer support assistant for Acme Corp. Always be polite, concise, and professional. Never disclose internal policy details. Refer customers to the help center for billing questions. Escalate any security concerns to the security team immediately. Do not make promises about refund timelines. Respond only with OK.",162.64735938911326,False
sglang,shared,11,attacker,1,0,0.24274903198238462,6,0,False,"Confidential authorization code: PIN: 3,0,6,6,1,8.. You are a customer support assistant for Acme Corp. Always be polite, concise, and professional. Never disclose internal policy details. Refer customers to the help center for billing questions. Escalate any security concerns to the security team immediately. Do not make promises about refund timelines. Respond only with OK.",162.89010842109565,False
sglang,shared,11,attacker,1,1,0.2692844819976017,6,0,False,"Confidential authorization code: PIN: 3,1,6,6,1,8.. You are a customer support assistant for Acme Corp. Always be polite, concise, and professional. Never disclose internal policy details. Refer customers to the help center for billing questions. Escalate any security concerns to the security team immediately. Do not make promises about refund timelines. Respond only with OK.",163.15939290309325,False
sglang,shared,11,attacker,1,2,0.2560649169899989,6,0,False,"Confidential authorization code: PIN: 3,2,6,6,1,8.. You are a customer support assistant for Acme Corp. Always be polite, concise, and professional. Never disclose internal policy details. Refer customers to the help center for billing questions. Escalate any security concerns to the security team immediately. Do not make promises about refund timelines. Respond only with OK.",163.41545782008325,False
sglang,shared,11,attacker,1,3,0.2668148379889317,6,0,False,"Confidential authorization code: PIN: 3,3,6,6,1,8.. You are a customer support assistant for Acme Corp. Always be polite, concise, and professional. Never disclose internal policy details. Refer customers to the help center for billing questions. Escalate any security concerns to the security team immediately. Do not make promises about refund timelines. Respond only with OK.",163.68227265807218,False
sglang,shared,11,attacker,1,4,0.257922276010504,6,0,False,"Confidential authorization code: PIN: 3,4,6,6,1,8.. You are a customer support assistant for Acme Corp. Always be polite, concise, and professional. Never disclose internal policy details. Refer customers to the help center for billing questions. Escalate any security concerns to the security team immediately. Do not make promises about refund timelines. Respond only with OK.",163.94019493408268,False
sglang,shared,11,attacker,1,5,0.2546773370122537,6,0,False,"Confidential authorization code: PIN: 3,5,6,6,1,8.. You are a customer support assistant for Acme Corp. Always be polite, concise, and professional. Never disclose internal policy details. Refer customers to the help center for billing questions. Escalate any security concerns to the security team immediately. Do not make promises about refund timelines. Respond only with OK.",164.19487227109494,False
sglang,shared,11,attacker,1,6,0.27078677699319087,6,0,False,"Confidential authorization code: PIN: 3,6,6,6,1,8.. You are a customer support assistant for Acme Corp. Always be polite, concise, and professional. Never disclose internal policy details. Refer customers to the help center for billing questions. Escalate any security concerns to the security team immediately. Do not make promises about refund timelines. Respond only with OK.",164.46565904808813,False
sglang,shared,11,attacker,1,7,0.24476231099106371,6,0,False,"Confidential authorization code: PIN: 3,7,6,6,1,8.. You are a customer support assistant for Acme Corp. Always be polite, concise, and professional. Never disclose internal policy details. Refer customers to the help center for billing questions. Escalate any security concerns to the security team immediately. Do not make promises about refund timelines. Respond only with OK.",164.7104213590792,False
sglang,shared,11,attacker,1,8,0.26799824499175884,6,0,False,"Confidential authorization code: PIN: 3,8,6,6,1,8.. You are a customer support assistant for Acme Corp. Always be polite, concise, and professional. Never disclose internal policy details. Refer customers to the help center for billing questions. Escalate any security concerns to the security team immediately. Do not make promises about refund timelines. Respond only with OK.",164.97841960407095,False
sglang,shared,11,attacker,1,9,0.251352665014565,6,0,False,"Confidential authorization code: PIN: 3,9,6,6,1,8.. You are a customer support assistant for Acme Corp. Always be polite, concise, and professional. Never disclose internal policy details. Refer customers to the help center for billing questions. Escalate any security concerns to the security team immediately. Do not make promises about refund timelines. Respond only with OK.",165.22977226908552,False
sglang,shared,11,attacker,2,0,0.28068882299703546,6,1,False,"Confidential authorization code: PIN: 3,6,0,6,1,8.. You are a customer support assistant for Acme Corp. Always be polite, concise, and professional. Never disclose internal policy details. Refer customers to the help center for billing questions. Escalate any security concerns to the security team immediately. Do not make promises about refund timelines. Respond only with OK.",165.51046109208255,False
sglang,shared,11,attacker,2,1,0.2389511789951939,6,1,False,"Confidential authorization code: PIN: 3,6,1,6,1,8.. You are a customer support assistant for Acme Corp. Always be polite, concise, and professional. Never disclose internal policy details. Refer customers to the help center for billing questions. Escalate any security concerns to the security team immediately. Do not make promises about refund timelines. Respond only with OK.",165.74941227107774,False
sglang,shared,11,attacker,2,2,0.26939551398390904,6,1,False,"Confidential authorization code: PIN: 3,6,2,6,1,8.. You are a customer support assistant for Acme Corp. Always be polite, concise, and professional. Never disclose internal policy details. Refer customers to the help center for billing questions. Escalate any security concerns to the security team immediately. Do not make promises about refund timelines. Respond only with OK.",166.01880778506165,False
sglang,shared,11,attacker,2,3,0.24274282701662742,6,1,False,"Confidential authorization code: PIN: 3,6,3,6,1,8.. You are a customer support assistant for Acme Corp. Always be polite, concise, and professional. Never disclose internal policy details. Refer customers to the help center for billing questions. Escalate any security concerns to the security team immediately. Do not make promises about refund timelines. Respond only with OK.",166.26155061207828,False
sglang,shared,11,attacker,2,4,0.27517881599487737,6,1,False,"Confidential authorization code: PIN: 3,6,4,6,1,8.. You are a customer support assistant for Acme Corp. Always be polite, concise, and professional. Never disclose internal policy details. Refer customers to the help center for billing questions. Escalate any security concerns to the security team immediately. Do not make promises about refund timelines. Respond only with OK.",166.53672942807316,False
sglang,shared,11,attacker,2,5,0.25175521298660897,6,1,False,"Confidential authorization code: PIN: 3,6,5,6,1,8.. You are a customer support assistant for Acme Corp. Always be polite, concise, and professional. Never disclose internal policy details. Refer customers to the help center for billing questions. Escalate any security concerns to the security team immediately. Do not make promises about refund timelines. Respond only with OK.",166.78848464105977,False
sglang,shared,11,attacker,2,6,0.2650585189985577,6,1,False,"Confidential authorization code: PIN: 3,6,6,6,1,8.. You are a customer support assistant for Acme Corp. Always be polite, concise, and professional. Never disclose internal policy details. Refer customers to the help center for billing questions. Escalate any security concerns to the security team immediately. Do not make promises about refund timelines. Respond only with OK.",167.05354316005833,False
sglang,shared,11,attacker,2,7,0.25782659798278473,6,1,False,"Confidential authorization code: PIN: 3,6,7,6,1,8.. You are a customer support assistant for Acme Corp. Always be polite, concise, and professional. Never disclose internal policy details. Refer customers to the help center for billing questions. Escalate any security concerns to the security team immediately. Do not make promises about refund timelines. Respond only with OK.",167.3113697580411,False
sglang,shared,11,attacker,2,8,0.26179654098814353,6,1,False,"Confidential authorization code: PIN: 3,6,8,6,1,8.. You are a customer support assistant for Acme Corp. Always be polite, concise, and professional. Never disclose internal policy details. Refer customers to the help center for billing questions. Escalate any security concerns to the security team immediately. Do not make promises about refund timelines. Respond only with OK.",167.57316629902925,False
sglang,shared,11,attacker,2,9,0.2586081479967106,6,1,False,"Confidential authorization code: PIN: 3,6,9,6,1,8.. You are a customer support assistant for Acme Corp. Always be polite, concise, and professional. Never disclose internal policy details. Refer customers to the help center for billing questions. Escalate any security concerns to the security team immediately. Do not make promises about refund timelines. Respond only with OK.",167.83177444702596,False
sglang,shared,11,attacker,3,0,0.24747010599821806,6,7,False,"Confidential authorization code: PIN: 3,6,6,0,1,8.. You are a customer support assistant for Acme Corp. Always be polite, concise, and professional. Never disclose internal policy details. Refer customers to the help center for billing questions. Escalate any security concerns to the security team immediately. Do not make promises about refund timelines. Respond only with OK.",168.07924455302418,False
sglang,shared,11,attacker,3,1,0.2565266189922113,6,7,False,"Confidential authorization code: PIN: 3,6,6,1,1,8.. You are a customer support assistant for Acme Corp. Always be polite, concise, and professional. Never disclose internal policy details. Refer customers to the help center for billing questions. Escalate any security concerns to the security team immediately. Do not make promises about refund timelines. Respond only with OK.",168.3357711720164,False
sglang,shared,11,attacker,3,2,0.24683394999010488,6,7,False,"Confidential authorization code: PIN: 3,6,6,2,1,8.. You are a customer support assistant for Acme Corp. Always be polite, concise, and professional. Never disclose internal policy details. Refer customers to the help center for billing questions. Escalate any security concerns to the security team immediately. Do not make promises about refund timelines. Respond only with OK.",168.5826051220065,False
sglang,shared,11,attacker,3,3,0.2454637800110504,6,7,False,"Confidential authorization code: PIN: 3,6,6,3,1,8.. You are a customer support assistant for Acme Corp. Always be polite, concise, and professional. Never disclose internal policy details. Refer customers to the help center for billing questions. Escalate any security concerns to the security team immediately. Do not make promises about refund timelines. Respond only with OK.",168.82806890201755,False
sglang,shared,11,attacker,3,4,0.26520669099409133,6,7,False,"Confidential authorization code: PIN: 3,6,6,4,1,8.. You are a customer support assistant for Acme Corp. Always be polite, concise, and professional. Never disclose internal policy details. Refer customers to the help center for billing questions. Escalate any security concerns to the security team immediately. Do not make promises about refund timelines. Respond only with OK.",169.09327559301164,False
sglang,shared,11,attacker,3,5,0.252232490980532,6,7,False,"Confidential authorization code: PIN: 3,6,6,5,1,8.. You are a customer support assistant for Acme Corp. Always be polite, concise, and professional. Never disclose internal policy details. Refer customers to the help center for billing questions. Escalate any security concerns to the security team immediately. Do not make promises about refund timelines. Respond only with OK.",169.34550808399217,False
sglang,shared,11,attacker,3,6,0.2661742439959198,6,7,False,"Confidential authorization code: PIN: 3,6,6,6,1,8.. You are a customer support assistant for Acme Corp. Always be polite, concise, and professional. Never disclose internal policy details. Refer customers to the help center for billing questions. Escalate any security concerns to the security team immediately. Do not make promises about refund timelines. Respond only with OK.",169.6116823279881,False
sglang,shared,11,attacker,3,7,0.24446372699458152,6,7,False,"Confidential authorization code: PIN: 3,6,6,7,1,8.. You are a customer support assistant for Acme Corp. Always be polite, concise, and professional. Never disclose internal policy details. Refer customers to the help center for billing questions. Escalate any security concerns to the security team immediately. Do not make promises about refund timelines. Respond only with OK.",169.85614605498267,False
sglang,shared,11,attacker,3,8,0.24924592199386097,6,7,False,"Confidential authorization code: PIN: 3,6,6,8,1,8.. You are a customer support assistant for Acme Corp. Always be polite, concise, and professional. Never disclose internal policy details. Refer customers to the help center for billing questions. Escalate any security concerns to the security team immediately. Do not make promises about refund timelines. Respond only with OK.",170.10539197697653,False
sglang,shared,11,attacker,3,9,0.2687063330085948,6,7,False,"Confidential authorization code: PIN: 3,6,6,9,1,8.. You are a customer support assistant for Acme Corp. Always be polite, concise, and professional. Never disclose internal policy details. Refer customers to the help center for billing questions. Escalate any security concerns to the security team immediately. Do not make promises about refund timelines. Respond only with OK.",170.37409830998513,False
sglang,shared,11,attacker,4,0,0.26880539100966416,1,5,False,"Confidential authorization code: PIN: 3,6,6,6,0,8.. You are a customer support assistant for Acme Corp. Always be polite, concise, and professional. Never disclose internal policy details. Refer customers to the help center for billing questions. Escalate any security concerns to the security team immediately. Do not make promises about refund timelines. Respond only with OK.",170.6429037009948,False
sglang,shared,11,attacker,4,1,0.25101072000688873,1,5,False,"Confidential authorization code: PIN: 3,6,6,6,1,8.. You are a customer support assistant for Acme Corp. Always be polite, concise, and professional. Never disclose internal policy details. Refer customers to the help center for billing questions. Escalate any security concerns to the security team immediately. Do not make promises about refund timelines. Respond only with OK.",170.89391442100168,False
sglang,shared,11,attacker,4,2,0.2609731999982614,1,5,False,"Confidential authorization code: PIN: 3,6,6,6,2,8.. You are a customer support assistant for Acme Corp. Always be polite, concise, and professional. Never disclose internal policy details. Refer customers to the help center for billing questions. Escalate any security concerns to the security team immediately. Do not make promises about refund timelines. Respond only with OK.",171.15488762099994,False
sglang,shared,11,attacker,4,3,0.25416722198133357,1,5,False,"Confidential authorization code: PIN: 3,6,6,6,3,8.. You are a customer support assistant for Acme Corp. Always be polite, concise, and professional. Never disclose internal policy details. Refer customers to the help center for billing questions. Escalate any security concerns to the security team immediately. Do not make promises about refund timelines. Respond only with OK.",171.40905484298128,False
sglang,shared,11,attacker,4,4,0.2671152930124663,1,5,False,"Confidential authorization code: PIN: 3,6,6,6,4,8.. You are a customer support assistant for Acme Corp. Always be polite, concise, and professional. Never disclose internal policy details. Refer customers to the help center for billing questions. Escalate any security concerns to the security team immediately. Do not make promises about refund timelines. Respond only with OK.",171.67617013599374,False
sglang,shared,11,attacker,4,5,0.23781406501075253,1,5,False,"Confidential authorization code: PIN: 3,6,6,6,5,8.. You are a customer support assistant for Acme Corp. Always be polite, concise, and professional. Never disclose internal policy details. Refer customers to the help center for billing questions. Escalate any security concerns to the security team immediately. Do not make promises about refund timelines. Respond only with OK.",171.9139842010045,False
sglang,shared,11,attacker,4,6,0.2463775119977072,1,5,False,"Confidential authorization code: PIN: 3,6,6,6,6,8.. You are a customer support assistant for Acme Corp. Always be polite, concise, and professional. Never disclose internal policy details. Refer customers to the help center for billing questions. Escalate any security concerns to the security team immediately. Do not make promises about refund timelines. Respond only with OK.",172.1603617130022,False
sglang,shared,11,attacker,4,7,0.26680653198855,1,5,False,"Confidential authorization code: PIN: 3,6,6,6,7,8.. You are a customer support assistant for Acme Corp. Always be polite, concise, and professional. Never disclose internal policy details. Refer customers to the help center for billing questions. Escalate any security concerns to the security team immediately. Do not make promises about refund timelines. Respond only with OK.",172.42716824499075,False
sglang,shared,11,attacker,4,8,0.2518286329868715,1,5,False,"Confidential authorization code: PIN: 3,6,6,6,8,8.. You are a customer support assistant for Acme Corp. Always be polite, concise, and professional. Never disclose internal policy details. Refer customers to the help center for billing questions. Escalate any security concerns to the security team immediately. Do not make promises about refund timelines. Respond only with OK.",172.67899687797762,False
sglang,shared,11,attacker,4,9,0.2528932419954799,1,5,False,"Confidential authorization code: PIN: 3,6,6,6,9,8.. You are a customer support assistant for Acme Corp. Always be polite, concise, and professional. Never disclose internal policy details. Refer customers to the help center for billing questions. Escalate any security concerns to the security team immediately. Do not make promises about refund timelines. Respond only with OK.",172.9318901199731,False
sglang,shared,11,attacker,5,0,0.2633452500158455,8,5,False,"Confidential authorization code: PIN: 3,6,6,6,1,0.. You are a customer support assistant for Acme Corp. Always be polite, concise, and professional. Never disclose internal policy details. Refer customers to the help center for billing questions. Escalate any security concerns to the security team immediately. Do not make promises about refund timelines. Respond only with OK.",173.19523536998895,False
sglang,shared,11,attacker,5,1,0.2419770619890187,8,5,False,"Confidential authorization code: PIN: 3,6,6,6,1,1.. You are a customer support assistant for Acme Corp. Always be polite, concise, and professional. Never disclose internal policy details. Refer customers to the help center for billing questions. Escalate any security concerns to the security team immediately. Do not make promises about refund timelines. Respond only with OK.",173.43721243197797,False
sglang,shared,11,attacker,5,2,0.24338816001545638,8,5,False,"Confidential authorization code: PIN: 3,6,6,6,1,2.. You are a customer support assistant for Acme Corp. Always be polite, concise, and professional. Never disclose internal policy details. Refer customers to the help center for billing questions. Escalate any security concerns to the security team immediately. Do not make promises about refund timelines. Respond only with OK.",173.68060059199343,False
sglang,shared,11,attacker,5,3,0.24683045901474543,8,5,False,"Confidential authorization code: PIN: 3,6,6,6,1,3.. You are a customer support assistant for Acme Corp. Always be polite, concise, and professional. Never disclose internal policy details. Refer customers to the help center for billing questions. Escalate any security concerns to the security team immediately. Do not make promises about refund timelines. Respond only with OK.",173.92743105100817,False
sglang,shared,11,attacker,5,4,0.271217658999376,8,5,False,"Confidential authorization code: PIN: 3,6,6,6,1,4.. You are a customer support assistant for Acme Corp. Always be polite, concise, and professional. Never disclose internal policy details. Refer customers to the help center for billing questions. Escalate any security concerns to the security team immediately. Do not make promises about refund timelines. Respond only with OK.",174.19864871000755,False
sglang,shared,11,attacker,5,5,0.23649057699367404,8,5,False,"Confidential authorization code: PIN: 3,6,6,6,1,5.. You are a customer support assistant for Acme Corp. Always be polite, concise, and professional. Never disclose internal policy details. Refer customers to the help center for billing questions. Escalate any security concerns to the security team immediately. Do not make promises about refund timelines. Respond only with OK.",174.43513928700122,False
sglang,shared,11,attacker,5,6,0.24657309299800545,8,5,False,"Confidential authorization code: PIN: 3,6,6,6,1,6.. You are a customer support assistant for Acme Corp. Always be polite, concise, and professional. Never disclose internal policy details. Refer customers to the help center for billing questions. Escalate any security concerns to the security team immediately. Do not make promises about refund timelines. Respond only with OK.",174.68171237999923,False
sglang,shared,11,attacker,5,7,0.25958071401691996,8,5,False,"Confidential authorization code: PIN: 3,6,6,6,1,7.. You are a customer support assistant for Acme Corp. Always be polite, concise, and professional. Never disclose internal policy details. Refer customers to the help center for billing questions. Escalate any security concerns to the security team immediately. Do not make promises about refund timelines. Respond only with OK.",174.94129309401615,False
sglang,shared,11,attacker,5,8,0.25458990401239134,8,5,False,"Confidential authorization code: PIN: 3,6,6,6,1,8.. You are a customer support assistant for Acme Corp. Always be polite, concise, and professional. Never disclose internal policy details. Refer customers to the help center for billing questions. Escalate any security concerns to the security team immediately. Do not make promises about refund timelines. Respond only with OK.",175.19588299802854,False
sglang,shared,11,attacker,5,9,0.24942025999189354,8,5,False,"Confidential authorization code: PIN: 3,6,6,6,1,9.. You are a customer support assistant for Acme Corp. Always be polite, concise, and professional. Never disclose internal policy details. Refer customers to the help center for billing questions. Escalate any security concerns to the security team immediately. Do not make promises about refund timelines. Respond only with OK.",175.44530325802043,False
sglang,shared,12,victim,,,0.26708852700539865,,,,"Confidential authorization code: PIN: 9,0,4,4,3,9.. You are a customer support assistant for Acme Corp. Always be polite, concise, and professional. Never disclose internal policy details. Refer customers to the help center for billing questions. Escalate any security concerns to the security team immediately. Do not make promises about refund timelines. Respond only with OK.",175.71239178502583,False
sglang,shared,12,attacker,0,0,0.24848017600015737,9,5,False,"Confidential authorization code: PIN: 0,0,4,4,3,9.. You are a customer support assistant for Acme Corp. Always be polite, concise, and professional. Never disclose internal policy details. Refer customers to the help center for billing questions. Escalate any security concerns to the security team immediately. Do not make promises about refund timelines. Respond only with OK.",175.960871961026,False
sglang,shared,12,attacker,0,1,0.2692786570114549,9,5,False,"Confidential authorization code: PIN: 1,0,4,4,3,9.. You are a customer support assistant for Acme Corp. Always be polite, concise, and professional. Never disclose internal policy details. Refer customers to the help center for billing questions. Escalate any security concerns to the security team immediately. Do not make promises about refund timelines. Respond only with OK.",176.23015061803744,False
sglang,shared,12,attacker,0,2,0.24483542301459238,9,5,False,"Confidential authorization code: PIN: 2,0,4,4,3,9.. You are a customer support assistant for Acme Corp. Always be polite, concise, and professional. Never disclose internal policy details. Refer customers to the help center for billing questions. Escalate any security concerns to the security team immediately. Do not make promises about refund timelines. Respond only with OK.",176.47498604105203,False
sglang,shared,12,attacker,0,3,0.24625884101260453,9,5,False,"Confidential authorization code: PIN: 3,0,4,4,3,9.. You are a customer support assistant for Acme Corp. Always be polite, concise, and professional. Never disclose internal policy details. Refer customers to the help center for billing questions. Escalate any security concerns to the security team immediately. Do not make promises about refund timelines. Respond only with OK.",176.72124488206464,False
sglang,shared,12,attacker,0,4,0.26953329899697565,9,5,False,"Confidential authorization code: PIN: 4,0,4,4,3,9.. You are a customer support assistant for Acme Corp. Always be polite, concise, and professional. Never disclose internal policy details. Refer customers to the help center for billing questions. Escalate any security concerns to the security team immediately. Do not make promises about refund timelines. Respond only with OK.",176.99077818106161,False
sglang,shared,12,attacker,0,5,0.24366231099702418,9,5,False,"Confidential authorization code: PIN: 5,0,4,4,3,9.. You are a customer support assistant for Acme Corp. Always be polite, concise, and professional. Never disclose internal policy details. Refer customers to the help center for billing questions. Escalate any security concerns to the security team immediately. Do not make promises about refund timelines. Respond only with OK.",177.23444049205864,False
sglang,shared,12,attacker,0,6,0.2448641879891511,9,5,False,"Confidential authorization code: PIN: 6,0,4,4,3,9.. You are a customer support assistant for Acme Corp. Always be polite, concise, and professional. Never disclose internal policy details. Refer customers to the help center for billing questions. Escalate any security concerns to the security team immediately. Do not make promises about refund timelines. Respond only with OK.",177.4793046800478,False
sglang,shared,12,attacker,0,7,0.24451590998796746,9,5,False,"Confidential authorization code: PIN: 7,0,4,4,3,9.. You are a customer support assistant for Acme Corp. Always be polite, concise, and professional. Never disclose internal policy details. Refer customers to the help center for billing questions. Escalate any security concerns to the security team immediately. Do not make promises about refund timelines. Respond only with OK.",177.72382059003576,False
sglang,shared,12,attacker,0,8,0.2654533990134951,9,5,False,"Confidential authorization code: PIN: 8,0,4,4,3,9.. You are a customer support assistant for Acme Corp. Always be polite, concise, and professional. Never disclose internal policy details. Refer customers to the help center for billing questions. Escalate any security concerns to the security team immediately. Do not make promises about refund timelines. Respond only with OK.",177.98927398904925,False
sglang,shared,12,attacker,0,9,0.25245707100839354,9,5,False,"Confidential authorization code: PIN: 9,0,4,4,3,9.. You are a customer support assistant for Acme Corp. Always be polite, concise, and professional. Never disclose internal policy details. Refer customers to the help center for billing questions. Escalate any security concerns to the security team immediately. Do not make promises about refund timelines. Respond only with OK.",178.24173106005765,False
sglang,shared,12,attacker,1,0,0.26924759399844334,0,2,False,"Confidential authorization code: PIN: 9,0,4,4,3,9.. You are a customer support assistant for Acme Corp. Always be polite, concise, and professional. Never disclose internal policy details. Refer customers to the help center for billing questions. Escalate any security concerns to the security team immediately. Do not make promises about refund timelines. Respond only with OK.",178.5109786540561,False
sglang,shared,12,attacker,1,1,0.24578580100205727,0,2,False,"Confidential authorization code: PIN: 9,1,4,4,3,9.. You are a customer support assistant for Acme Corp. Always be polite, concise, and professional. Never disclose internal policy details. Refer customers to the help center for billing questions. Escalate any security concerns to the security team immediately. Do not make promises about refund timelines. Respond only with OK.",178.75676445505815,False
sglang,shared,12,attacker,1,2,0.24035734997596592,0,2,False,"Confidential authorization code: PIN: 9,2,4,4,3,9.. You are a customer support assistant for Acme Corp. Always be polite, concise, and professional. Never disclose internal policy details. Refer customers to the help center for billing questions. Escalate any security concerns to the security team immediately. Do not make promises about refund timelines. Respond only with OK.",178.9971218050341,False
sglang,shared,12,attacker,1,3,0.24558099400019273,0,2,False,"Confidential authorization code: PIN: 9,3,4,4,3,9.. You are a customer support assistant for Acme Corp. Always be polite, concise, and professional. Never disclose internal policy details. Refer customers to the help center for billing questions. Escalate any security concerns to the security team immediately. Do not make promises about refund timelines. Respond only with OK.",179.2427027990343,False
sglang,shared,12,attacker,1,4,0.24813950402312912,0,2,False,"Confidential authorization code: PIN: 9,4,4,4,3,9.. You are a customer support assistant for Acme Corp. Always be polite, concise, and professional. Never disclose internal policy details. Refer customers to the help center for billing questions. Escalate any security concerns to the security team immediately. Do not make promises about refund timelines. Respond only with OK.",179.49084230305743,False
sglang,shared,12,attacker,1,5,0.2579188449890353,0,2,False,"Confidential authorization code: PIN: 9,5,4,4,3,9.. You are a customer support assistant for Acme Corp. Always be polite, concise, and professional. Never disclose internal policy details. Refer customers to the help center for billing questions. Escalate any security concerns to the security team immediately. Do not make promises about refund timelines. Respond only with OK.",179.74876114804647,False
sglang,shared,12,attacker,1,6,0.2547872339782771,0,2,False,"Confidential authorization code: PIN: 9,6,4,4,3,9.. You are a customer support assistant for Acme Corp. Always be polite, concise, and professional. Never disclose internal policy details. Refer customers to the help center for billing questions. Escalate any security concerns to the security team immediately. Do not make promises about refund timelines. Respond only with OK.",180.00354838202475,False
sglang,shared,12,attacker,1,7,0.24212961801094934,0,2,False,"Confidential authorization code: PIN: 9,7,4,4,3,9.. You are a customer support assistant for Acme Corp. Always be polite, concise, and professional. Never disclose internal policy details. Refer customers to the help center for billing questions. Escalate any security concerns to the security team immediately. Do not make promises about refund timelines. Respond only with OK.",180.2456780000357,False
sglang,shared,12,attacker,1,8,0.2671585569914896,0,2,False,"Confidential authorization code: PIN: 9,8,4,4,3,9.. You are a customer support assistant for Acme Corp. Always be polite, concise, and professional. Never disclose internal policy details. Refer customers to the help center for billing questions. Escalate any security concerns to the security team immediately. Do not make promises about refund timelines. Respond only with OK.",180.51283655702719,False
sglang,shared,12,attacker,1,9,0.2523436710180249,0,2,False,"Confidential authorization code: PIN: 9,9,4,4,3,9.. You are a customer support assistant for Acme Corp. Always be polite, concise, and professional. Never disclose internal policy details. Refer customers to the help center for billing questions. Escalate any security concerns to the security team immediately. Do not make promises about refund timelines. Respond only with OK.",180.7651802280452,False
sglang,shared,12,attacker,2,0,0.25008553100633435,4,2,False,"Confidential authorization code: PIN: 9,0,0,4,3,9.. You are a customer support assistant for Acme Corp. Always be polite, concise, and professional. Never disclose internal policy details. Refer customers to the help center for billing questions. Escalate any security concerns to the security team immediately. Do not make promises about refund timelines. Respond only with OK.",181.01526575905154,False
sglang,shared,12,attacker,2,1,0.2704288990062196,4,2,False,"Confidential authorization code: PIN: 9,0,1,4,3,9.. You are a customer support assistant for Acme Corp. Always be polite, concise, and professional. Never disclose internal policy details. Refer customers to the help center for billing questions. Escalate any security concerns to the security team immediately. Do not make promises about refund timelines. Respond only with OK.",181.28569465805776,False
sglang,shared,12,attacker,2,2,0.2413984970189631,4,2,False,"Confidential authorization code: PIN: 9,0,2,4,3,9.. You are a customer support assistant for Acme Corp. Always be polite, concise, and professional. Never disclose internal policy details. Refer customers to the help center for billing questions. Escalate any security concerns to the security team immediately. Do not make promises about refund timelines. Respond only with OK.",181.52709315507673,False
sglang,shared,12,attacker,2,3,0.24840366101125255,4,2,False,"Confidential authorization code: PIN: 9,0,3,4,3,9.. You are a customer support assistant for Acme Corp. Always be polite, concise, and professional. Never disclose internal policy details. Refer customers to the help center for billing questions. Escalate any security concerns to the security team immediately. Do not make promises about refund timelines. Respond only with OK.",181.77549681608798,False
sglang,shared,12,attacker,2,4,0.24881011300021783,4,2,False,"Confidential authorization code: PIN: 9,0,4,4,3,9.. You are a customer support assistant for Acme Corp. Always be polite, concise, and professional. Never disclose internal policy details. Refer customers to the help center for billing questions. Escalate any security concerns to the security team immediately. Do not make promises about refund timelines. Respond only with OK.",182.0243069290882,False
sglang,shared,12,attacker,2,5,0.25788070500129834,4,2,False,"Confidential authorization code: PIN: 9,0,5,4,3,9.. You are a customer support assistant for Acme Corp. Always be polite, concise, and professional. Never disclose internal policy details. Refer customers to the help center for billing questions. Escalate any security concerns to the security team immediately. Do not make promises about refund timelines. Respond only with OK.",182.2821876340895,False
sglang,shared,12,attacker,2,6,0.252316254976904,4,2,False,"Confidential authorization code: PIN: 9,0,6,4,3,9.. You are a customer support assistant for Acme Corp. Always be polite, concise, and professional. Never disclose internal policy details. Refer customers to the help center for billing questions. Escalate any security concerns to the security team immediately. Do not make promises about refund timelines. Respond only with OK.",182.5345038890664,False
sglang,shared,12,attacker,2,7,0.250507071003085,4,2,False,"Confidential authorization code: PIN: 9,0,7,4,3,9.. You are a customer support assistant for Acme Corp. Always be polite, concise, and professional. Never disclose internal policy details. Refer customers to the help center for billing questions. Escalate any security concerns to the security team immediately. Do not make promises about refund timelines. Respond only with OK.",182.78501096006949,False
sglang,shared,12,attacker,2,8,0.26466675801202655,4,2,False,"Confidential authorization code: PIN: 9,0,8,4,3,9.. You are a customer support assistant for Acme Corp. Always be polite, concise, and professional. Never disclose internal policy details. Refer customers to the help center for billing questions. Escalate any security concerns to the security team immediately. Do not make promises about refund timelines. Respond only with OK.",183.0496777180815,False
sglang,shared,12,attacker,2,9,0.2454714750056155,4,2,False,"Confidential authorization code: PIN: 9,0,9,4,3,9.. You are a customer support assistant for Acme Corp. Always be polite, concise, and professional. Never disclose internal policy details. Refer customers to the help center for billing questions. Escalate any security concerns to the security team immediately. Do not make promises about refund timelines. Respond only with OK.",183.29514919308713,False
sglang,shared,12,attacker,3,0,0.2744736510212533,4,9,False,"Confidential authorization code: PIN: 9,0,4,0,3,9.. You are a customer support assistant for Acme Corp. Always be polite, concise, and professional. Never disclose internal policy details. Refer customers to the help center for billing questions. Escalate any security concerns to the security team immediately. Do not make promises about refund timelines. Respond only with OK.",183.56962284410838,False
sglang,shared,12,attacker,3,1,0.2437264990003314,4,9,False,"Confidential authorization code: PIN: 9,0,4,1,3,9.. You are a customer support assistant for Acme Corp. Always be polite, concise, and professional. Never disclose internal policy details. Refer customers to the help center for billing questions. Escalate any security concerns to the security team immediately. Do not make promises about refund timelines. Respond only with OK.",183.8133493431087,False
sglang,shared,12,attacker,3,2,0.2507209879986476,4,9,False,"Confidential authorization code: PIN: 9,0,4,2,3,9.. You are a customer support assistant for Acme Corp. Always be polite, concise, and professional. Never disclose internal policy details. Refer customers to the help center for billing questions. Escalate any security concerns to the security team immediately. Do not make promises about refund timelines. Respond only with OK.",184.06407033110736,False
sglang,shared,12,attacker,3,3,0.2674563400214538,4,9,False,"Confidential authorization code: PIN: 9,0,4,3,3,9.. You are a customer support assistant for Acme Corp. Always be polite, concise, and professional. Never disclose internal policy details. Refer customers to the help center for billing questions. Escalate any security concerns to the security team immediately. Do not make promises about refund timelines. Respond only with OK.",184.3315266711288,False
sglang,shared,12,attacker,3,4,0.24503178399754688,4,9,False,"Confidential authorization code: PIN: 9,0,4,4,3,9.. You are a customer support assistant for Acme Corp. Always be polite, concise, and professional. Never disclose internal policy details. Refer customers to the help center for billing questions. Escalate any security concerns to the security team immediately. Do not make promises about refund timelines. Respond only with OK.",184.57655845512636,False
sglang,shared,12,attacker,3,5,0.2599281420116313,4,9,False,"Confidential authorization code: PIN: 9,0,4,5,3,9.. You are a customer support assistant for Acme Corp. Always be polite, concise, and professional. Never disclose internal policy details. Refer customers to the help center for billing questions. Escalate any security concerns to the security team immediately. Do not make promises about refund timelines. Respond only with OK.",184.836486597138,False
sglang,shared,12,attacker,3,6,0.2514470609894488,4,9,False,"Confidential authorization code: PIN: 9,0,4,6,3,9.. You are a customer support assistant for Acme Corp. Always be polite, concise, and professional. Never disclose internal policy details. Refer customers to the help center for billing questions. Escalate any security concerns to the security team immediately. Do not make promises about refund timelines. Respond only with OK.",185.08793365812744,False
sglang,shared,12,attacker,3,7,0.24490624200552702,4,9,False,"Confidential authorization code: PIN: 9,0,4,7,3,9.. You are a customer support assistant for Acme Corp. Always be polite, concise, and professional. Never disclose internal policy details. Refer customers to the help center for billing questions. Escalate any security concerns to the security team immediately. Do not make promises about refund timelines. Respond only with OK.",185.33283990013297,False
sglang,shared,12,attacker,3,8,0.2733668880246114,4,9,False,"Confidential authorization code: PIN: 9,0,4,8,3,9.. You are a customer support assistant for Acme Corp. Always be polite, concise, and professional. Never disclose internal policy details. Refer customers to the help center for billing questions. Escalate any security concerns to the security team immediately. Do not make promises about refund timelines. Respond only with OK.",185.60620678815758,False
sglang,shared,12,attacker,3,9,0.24090153101133183,4,9,False,"Confidential authorization code: PIN: 9,0,4,9,3,9.. You are a customer support assistant for Acme Corp. Always be polite, concise, and professional. Never disclose internal policy details. Refer customers to the help center for billing questions. Escalate any security concerns to the security team immediately. Do not make promises about refund timelines. Respond only with OK.",185.8471083191689,False
sglang,shared,12,attacker,4,0,0.2127518800261896,3,1,False,"Confidential authorization code: PIN: 9,0,4,4,0,9.. You are a customer support assistant for Acme Corp. Always be polite, concise, and professional. Never disclose internal policy details. Refer customers to the help center for billing questions. Escalate any security concerns to the security team immediately. Do not make promises about refund timelines. Respond only with OK.",186.0598601991951,False
sglang,shared,12,attacker,4,1,0.2124018739850726,3,1,False,"Confidential authorization code: PIN: 9,0,4,4,1,9.. You are a customer support assistant for Acme Corp. Always be polite, concise, and professional. Never disclose internal policy details. Refer customers to the help center for billing questions. Escalate any security concerns to the security team immediately. Do not make promises about refund timelines. Respond only with OK.",186.27226207318017,False
sglang,shared,12,attacker,4,2,0.24310281602083705,3,1,False,"Confidential authorization code: PIN: 9,0,4,4,2,9.. You are a customer support assistant for Acme Corp. Always be polite, concise, and professional. Never disclose internal policy details. Refer customers to the help center for billing questions. Escalate any security concerns to the security team immediately. Do not make promises about refund timelines. Respond only with OK.",186.515364889201,False
sglang,shared,12,attacker,4,3,0.255283718026476,3,1,False,"Confidential authorization code: PIN: 9,0,4,4,3,9.. You are a customer support assistant for Acme Corp. Always be polite, concise, and professional. Never disclose internal policy details. Refer customers to the help center for billing questions. Escalate any security concerns to the security team immediately. Do not make promises about refund timelines. Respond only with OK.",186.77064860722749,False
sglang,shared,12,attacker,4,4,0.2559274699888192,3,1,False,"Confidential authorization code: PIN: 9,0,4,4,4,9.. You are a customer support assistant for Acme Corp. Always be polite, concise, and professional. Never disclose internal policy details. Refer customers to the help center for billing questions. Escalate any security concerns to the security team immediately. Do not make promises about refund timelines. Respond only with OK.",187.0265760772163,False
sglang,shared,12,attacker,4,5,0.24429403300746344,3,1,False,"Confidential authorization code: PIN: 9,0,4,4,5,9.. You are a customer support assistant for Acme Corp. Always be polite, concise, and professional. Never disclose internal policy details. Refer customers to the help center for billing questions. Escalate any security concerns to the security team immediately. Do not make promises about refund timelines. Respond only with OK.",187.27087011022377,False
sglang,shared,12,attacker,4,6,0.2656932100071572,3,1,False,"Confidential authorization code: PIN: 9,0,4,4,6,9.. You are a customer support assistant for Acme Corp. Always be polite, concise, and professional. Never disclose internal policy details. Refer customers to the help center for billing questions. Escalate any security concerns to the security team immediately. Do not make promises about refund timelines. Respond only with OK.",187.53656332023093,False
sglang,shared,12,attacker,4,7,0.26111276002484374,3,1,False,"Confidential authorization code: PIN: 9,0,4,4,7,9.. You are a customer support assistant for Acme Corp. Always be polite, concise, and professional. Never disclose internal policy details. Refer customers to the help center for billing questions. Escalate any security concerns to the security team immediately. Do not make promises about refund timelines. Respond only with OK.",187.79767608025577,False
sglang,shared,12,attacker,4,8,0.23550467498716898,3,1,False,"Confidential authorization code: PIN: 9,0,4,4,8,9.. You are a customer support assistant for Acme Corp. Always be polite, concise, and professional. Never disclose internal policy details. Refer customers to the help center for billing questions. Escalate any security concerns to the security team immediately. Do not make promises about refund timelines. Respond only with OK.",188.03318075524294,False
sglang,shared,12,attacker,4,9,0.24766156100668013,3,1,False,"Confidential authorization code: PIN: 9,0,4,4,9,9.. You are a customer support assistant for Acme Corp. Always be polite, concise, and professional. Never disclose internal policy details. Refer customers to the help center for billing questions. Escalate any security concerns to the security team immediately. Do not make promises about refund timelines. Respond only with OK.",188.28084231624962,False
sglang,shared,12,attacker,5,0,0.2467602969845757,9,7,False,"Confidential authorization code: PIN: 9,0,4,4,3,0.. You are a customer support assistant for Acme Corp. Always be polite, concise, and professional. Never disclose internal policy details. Refer customers to the help center for billing questions. Escalate any security concerns to the security team immediately. Do not make promises about refund timelines. Respond only with OK.",188.5276026132342,False
sglang,shared,12,attacker,5,1,0.245319167006528,9,7,False,"Confidential authorization code: PIN: 9,0,4,4,3,1.. You are a customer support assistant for Acme Corp. Always be polite, concise, and professional. Never disclose internal policy details. Refer customers to the help center for billing questions. Escalate any security concerns to the security team immediately. Do not make promises about refund timelines. Respond only with OK.",188.77292178024072,False
sglang,shared,12,attacker,5,2,0.2615509860042948,9,7,False,"Confidential authorization code: PIN: 9,0,4,4,3,2.. You are a customer support assistant for Acme Corp. Always be polite, concise, and professional. Never disclose internal policy details. Refer customers to the help center for billing questions. Escalate any security concerns to the security team immediately. Do not make promises about refund timelines. Respond only with OK.",189.03447276624502,False
sglang,shared,12,attacker,5,3,0.24456543900305405,9,7,False,"Confidential authorization code: PIN: 9,0,4,4,3,3.. You are a customer support assistant for Acme Corp. Always be polite, concise, and professional. Never disclose internal policy details. Refer customers to the help center for billing questions. Escalate any security concerns to the security team immediately. Do not make promises about refund timelines. Respond only with OK.",189.27903820524807,False
sglang,shared,12,attacker,5,4,0.2684013949765358,9,7,False,"Confidential authorization code: PIN: 9,0,4,4,3,4.. You are a customer support assistant for Acme Corp. Always be polite, concise, and professional. Never disclose internal policy details. Refer customers to the help center for billing questions. Escalate any security concerns to the security team immediately. Do not make promises about refund timelines. Respond only with OK.",189.5474396002246,False
sglang,shared,12,attacker,5,5,0.24615660301060416,9,7,False,"Confidential authorization code: PIN: 9,0,4,4,3,5.. You are a customer support assistant for Acme Corp. Always be polite, concise, and professional. Never disclose internal policy details. Refer customers to the help center for billing questions. Escalate any security concerns to the security team immediately. Do not make promises about refund timelines. Respond only with OK.",189.7935962032352,False
sglang,shared,12,attacker,5,6,0.24198708700714633,9,7,False,"Confidential authorization code: PIN: 9,0,4,4,3,6.. You are a customer support assistant for Acme Corp. Always be polite, concise, and professional. Never disclose internal policy details. Refer customers to the help center for billing questions. Escalate any security concerns to the security team immediately. Do not make promises about refund timelines. Respond only with OK.",190.03558329024236,False
sglang,shared,12,attacker,5,7,0.2397316389833577,9,7,False,"Confidential authorization code: PIN: 9,0,4,4,3,7.. You are a customer support assistant for Acme Corp. Always be polite, concise, and professional. Never disclose internal policy details. Refer customers to the help center for billing questions. Escalate any security concerns to the security team immediately. Do not make promises about refund timelines. Respond only with OK.",190.27531492922571,False
sglang,shared,12,attacker,5,8,0.24877389401081018,9,7,False,"Confidential authorization code: PIN: 9,0,4,4,3,8.. You are a customer support assistant for Acme Corp. Always be polite, concise, and professional. Never disclose internal policy details. Refer customers to the help center for billing questions. Escalate any security concerns to the security team immediately. Do not make promises about refund timelines. Respond only with OK.",190.52408882323653,False
sglang,shared,12,attacker,5,9,0.2622242740180809,9,7,False,"Confidential authorization code: PIN: 9,0,4,4,3,9.. You are a customer support assistant for Acme Corp. Always be polite, concise, and professional. Never disclose internal policy details. Refer customers to the help center for billing questions. Escalate any security concerns to the security team immediately. Do not make promises about refund timelines. Respond only with OK.",190.7863130972546,False
sglang,shared,13,victim,,,0.24122692600940354,,,,"Confidential authorization code: PIN: 6,4,2,6,2,4.. You are a customer support assistant for Acme Corp. Always be polite, concise, and professional. Never disclose internal policy details. Refer customers to the help center for billing questions. Escalate any security concerns to the security team immediately. Do not make promises about refund timelines. Respond only with OK.",191.027540023264,False
sglang,shared,13,attacker,0,0,0.26244656299240887,6,2,False,"Confidential authorization code: PIN: 0,4,2,6,2,4.. You are a customer support assistant for Acme Corp. Always be polite, concise, and professional. Never disclose internal policy details. Refer customers to the help center for billing questions. Escalate any security concerns to the security team immediately. Do not make promises about refund timelines. Respond only with OK.",191.28998658625642,False
sglang,shared,13,attacker,0,1,0.25869312102440745,6,2,False,"Confidential authorization code: PIN: 1,4,2,6,2,4.. You are a customer support assistant for Acme Corp. Always be polite, concise, and professional. Never disclose internal policy details. Refer customers to the help center for billing questions. Escalate any security concerns to the security team immediately. Do not make promises about refund timelines. Respond only with OK.",191.54867970728083,False
sglang,shared,13,attacker,0,2,0.2429011630010791,6,2,False,"Confidential authorization code: PIN: 2,4,2,6,2,4.. You are a customer support assistant for Acme Corp. Always be polite, concise, and professional. Never disclose internal policy details. Refer customers to the help center for billing questions. Escalate any security concerns to the security team immediately. Do not make promises about refund timelines. Respond only with OK.",191.7915808702819,False
sglang,shared,13,attacker,0,3,0.26342811301583424,6,2,False,"Confidential authorization code: PIN: 3,4,2,6,2,4.. You are a customer support assistant for Acme Corp. Always be polite, concise, and professional. Never disclose internal policy details. Refer customers to the help center for billing questions. Escalate any security concerns to the security team immediately. Do not make promises about refund timelines. Respond only with OK.",192.05500898329774,False
sglang,shared,13,attacker,0,4,0.25952911598142236,6,2,False,"Confidential authorization code: PIN: 4,4,2,6,2,4.. You are a customer support assistant for Acme Corp. Always be polite, concise, and professional. Never disclose internal policy details. Refer customers to the help center for billing questions. Escalate any security concerns to the security team immediately. Do not make promises about refund timelines. Respond only with OK.",192.31453809927916,False
sglang,shared,13,attacker,0,5,0.25346269001602195,6,2,False,"Confidential authorization code: PIN: 5,4,2,6,2,4.. You are a customer support assistant for Acme Corp. Always be polite, concise, and professional. Never disclose internal policy details. Refer customers to the help center for billing questions. Escalate any security concerns to the security team immediately. Do not make promises about refund timelines. Respond only with OK.",192.56800078929518,False
sglang,shared,13,attacker,0,6,0.26682775499648415,6,2,False,"Confidential authorization code: PIN: 6,4,2,6,2,4.. You are a customer support assistant for Acme Corp. Always be polite, concise, and professional. Never disclose internal policy details. Refer customers to the help center for billing questions. Escalate any security concerns to the security team immediately. Do not make promises about refund timelines. Respond only with OK.",192.83482854429167,False
sglang,shared,13,attacker,0,7,0.2525483180070296,6,2,False,"Confidential authorization code: PIN: 7,4,2,6,2,4.. You are a customer support assistant for Acme Corp. Always be polite, concise, and professional. Never disclose internal policy details. Refer customers to the help center for billing questions. Escalate any security concerns to the security team immediately. Do not make promises about refund timelines. Respond only with OK.",193.0873768622987,False
sglang,shared,13,attacker,0,8,0.2546881149755791,6,2,False,"Confidential authorization code: PIN: 8,4,2,6,2,4.. You are a customer support assistant for Acme Corp. Always be polite, concise, and professional. Never disclose internal policy details. Refer customers to the help center for billing questions. Escalate any security concerns to the security team immediately. Do not make promises about refund timelines. Respond only with OK.",193.34206497727428,False
sglang,shared,13,attacker,0,9,0.26428250802564435,6,2,False,"Confidential authorization code: PIN: 9,4,2,6,2,4.. You are a customer support assistant for Acme Corp. Always be polite, concise, and professional. Never disclose internal policy details. Refer customers to the help center for billing questions. Escalate any security concerns to the security team immediately. Do not make promises about refund timelines. Respond only with OK.",193.60634748529992,False
sglang,shared,13,attacker,1,0,0.23563016398111358,4,0,False,"Confidential authorization code: PIN: 6,0,2,6,2,4.. You are a customer support assistant for Acme Corp. Always be polite, concise, and professional. Never disclose internal policy details. Refer customers to the help center for billing questions. Escalate any security concerns to the security team immediately. Do not make promises about refund timelines. Respond only with OK.",193.84197764928103,False
sglang,shared,13,attacker,1,1,0.2579996580025181,4,0,False,"Confidential authorization code: PIN: 6,1,2,6,2,4.. You are a customer support assistant for Acme Corp. Always be polite, concise, and professional. Never disclose internal policy details. Refer customers to the help center for billing questions. Escalate any security concerns to the security team immediately. Do not make promises about refund timelines. Respond only with OK.",194.09997730728355,False
sglang,shared,13,attacker,1,2,0.25887157800025307,4,0,False,"Confidential authorization code: PIN: 6,2,2,6,2,4.. You are a customer support assistant for Acme Corp. Always be polite, concise, and professional. Never disclose internal policy details. Refer customers to the help center for billing questions. Escalate any security concerns to the security team immediately. Do not make promises about refund timelines. Respond only with OK.",194.3588488852838,False
sglang,shared,13,attacker,1,3,0.24356769298901781,4,0,False,"Confidential authorization code: PIN: 6,3,2,6,2,4.. You are a customer support assistant for Acme Corp. Always be polite, concise, and professional. Never disclose internal policy details. Refer customers to the help center for billing questions. Escalate any security concerns to the security team immediately. Do not make promises about refund timelines. Respond only with OK.",194.60241657827282,False
sglang,shared,13,attacker,1,4,0.2723367720027454,4,0,False,"Confidential authorization code: PIN: 6,4,2,6,2,4.. You are a customer support assistant for Acme Corp. Always be polite, concise, and professional. Never disclose internal policy details. Refer customers to the help center for billing questions. Escalate any security concerns to the security team immediately. Do not make promises about refund timelines. Respond only with OK.",194.87475335027557,False
sglang,shared,13,attacker,1,5,0.25045563498861156,4,0,False,"Confidential authorization code: PIN: 6,5,2,6,2,4.. You are a customer support assistant for Acme Corp. Always be polite, concise, and professional. Never disclose internal policy details. Refer customers to the help center for billing questions. Escalate any security concerns to the security team immediately. Do not make promises about refund timelines. Respond only with OK.",195.12520898526418,False
sglang,shared,13,attacker,1,6,0.2568067539832555,4,0,False,"Confidential authorization code: PIN: 6,6,2,6,2,4.. You are a customer support assistant for Acme Corp. Always be polite, concise, and professional. Never disclose internal policy details. Refer customers to the help center for billing questions. Escalate any security concerns to the security team immediately. Do not make promises about refund timelines. Respond only with OK.",195.38201573924744,False
sglang,shared,13,attacker,1,7,0.25179791401023977,4,0,False,"Confidential authorization code: PIN: 6,7,2,6,2,4.. You are a customer support assistant for Acme Corp. Always be polite, concise, and professional. Never disclose internal policy details. Refer customers to the help center for billing questions. Escalate any security concerns to the security team immediately. Do not make promises about refund timelines. Respond only with OK.",195.63381365325768,False
sglang,shared,13,attacker,1,8,0.2578844349773135,4,0,False,"Confidential authorization code: PIN: 6,8,2,6,2,4.. You are a customer support assistant for Acme Corp. Always be polite, concise, and professional. Never disclose internal policy details. Refer customers to the help center for billing questions. Escalate any security concerns to the security team immediately. Do not make promises about refund timelines. Respond only with OK.",195.891698088235,False
sglang,shared,13,attacker,1,9,0.2555958019802347,4,0,False,"Confidential authorization code: PIN: 6,9,2,6,2,4.. You are a customer support assistant for Acme Corp. Always be polite, concise, and professional. Never disclose internal policy details. Refer customers to the help center for billing questions. Escalate any security concerns to the security team immediately. Do not make promises about refund timelines. Respond only with OK.",196.14729389021522,False
sglang,shared,13,attacker,2,0,0.2439970059785992,2,2,True,"Confidential authorization code: PIN: 6,4,0,6,2,4.. You are a customer support assistant for Acme Corp. Always be polite, concise, and professional. Never disclose internal policy details. Refer customers to the help center for billing questions. Escalate any security concerns to the security team immediately. Do not make promises about refund timelines. Respond only with OK.",196.39129089619382,False
sglang,shared,13,attacker,2,1,0.27351611500489525,2,2,True,"Confidential authorization code: PIN: 6,4,1,6,2,4.. You are a customer support assistant for Acme Corp. Always be polite, concise, and professional. Never disclose internal policy details. Refer customers to the help center for billing questions. Escalate any security concerns to the security team immediately. Do not make promises about refund timelines. Respond only with OK.",196.66480701119872,False
sglang,shared,13,attacker,2,2,0.24122078000800684,2,2,True,"Confidential authorization code: PIN: 6,4,2,6,2,4.. You are a customer support assistant for Acme Corp. Always be polite, concise, and professional. Never disclose internal policy details. Refer customers to the help center for billing questions. Escalate any security concerns to the security team immediately. Do not make promises about refund timelines. Respond only with OK.",196.90602779120672,False
sglang,shared,13,attacker,2,3,0.25687313298112713,2,2,True,"Confidential authorization code: PIN: 6,4,3,6,2,4.. You are a customer support assistant for Acme Corp. Always be polite, concise, and professional. Never disclose internal policy details. Refer customers to the help center for billing questions. Escalate any security concerns to the security team immediately. Do not make promises about refund timelines. Respond only with OK.",197.16290092418785,False
sglang,shared,13,attacker,2,4,0.2592601180076599,2,2,True,"Confidential authorization code: PIN: 6,4,4,6,2,4.. You are a customer support assistant for Acme Corp. Always be polite, concise, and professional. Never disclose internal policy details. Refer customers to the help center for billing questions. Escalate any security concerns to the security team immediately. Do not make promises about refund timelines. Respond only with OK.",197.4221610421955,False
sglang,shared,13,attacker,2,5,0.24476109602255747,2,2,True,"Confidential authorization code: PIN: 6,4,5,6,2,4.. You are a customer support assistant for Acme Corp. Always be polite, concise, and professional. Never disclose internal policy details. Refer customers to the help center for billing questions. Escalate any security concerns to the security team immediately. Do not make promises about refund timelines. Respond only with OK.",197.66692213821807,False
sglang,shared,13,attacker,2,6,0.2493442459963262,2,2,True,"Confidential authorization code: PIN: 6,4,6,6,2,4.. You are a customer support assistant for Acme Corp. Always be polite, concise, and professional. Never disclose internal policy details. Refer customers to the help center for billing questions. Escalate any security concerns to the security team immediately. Do not make promises about refund timelines. Respond only with OK.",197.9162663842144,False
sglang,shared,13,attacker,2,7,0.26524921201053075,2,2,True,"Confidential authorization code: PIN: 6,4,7,6,2,4.. You are a customer support assistant for Acme Corp. Always be polite, concise, and professional. Never disclose internal policy details. Refer customers to the help center for billing questions. Escalate any security concerns to the security team immediately. Do not make promises about refund timelines. Respond only with OK.",198.18151559622493,False
sglang,shared,13,attacker,2,8,0.2494919759919867,2,2,True,"Confidential authorization code: PIN: 6,4,8,6,2,4.. You are a customer support assistant for Acme Corp. Always be polite, concise, and professional. Never disclose internal policy details. Refer customers to the help center for billing questions. Escalate any security concerns to the security team immediately. Do not make promises about refund timelines. Respond only with OK.",198.4310075722169,False
sglang,shared,13,attacker,2,9,0.2618429120047949,2,2,True,"Confidential authorization code: PIN: 6,4,9,6,2,4.. You are a customer support assistant for Acme Corp. Always be polite, concise, and professional. Never disclose internal policy details. Refer customers to the help center for billing questions. Escalate any security concerns to the security team immediately. Do not make promises about refund timelines. Respond only with OK.",198.6928504842217,False
sglang,shared,13,attacker,3,0,0.2537194879841991,6,8,False,"Confidential authorization code: PIN: 6,4,2,0,2,4.. You are a customer support assistant for Acme Corp. Always be polite, concise, and professional. Never disclose internal policy details. Refer customers to the help center for billing questions. Escalate any security concerns to the security team immediately. Do not make promises about refund timelines. Respond only with OK.",198.9465699722059,False
sglang,shared,13,attacker,3,1,0.24809454000205733,6,8,False,"Confidential authorization code: PIN: 6,4,2,1,2,4.. You are a customer support assistant for Acme Corp. Always be polite, concise, and professional. Never disclose internal policy details. Refer customers to the help center for billing questions. Escalate any security concerns to the security team immediately. Do not make promises about refund timelines. Respond only with OK.",199.19466451220796,False
sglang,shared,13,attacker,3,2,0.26551805998315103,6,8,False,"Confidential authorization code: PIN: 6,4,2,2,2,4.. You are a customer support assistant for Acme Corp. Always be polite, concise, and professional. Never disclose internal policy details. Refer customers to the help center for billing questions. Escalate any security concerns to the security team immediately. Do not make promises about refund timelines. Respond only with OK.",199.46018257219112,False
sglang,shared,13,attacker,3,3,0.25299209798686206,6,8,False,"Confidential authorization code: PIN: 6,4,2,3,2,4.. You are a customer support assistant for Acme Corp. Always be polite, concise, and professional. Never disclose internal policy details. Refer customers to the help center for billing questions. Escalate any security concerns to the security team immediately. Do not make promises about refund timelines. Respond only with OK.",199.71317467017798,False
sglang,shared,13,attacker,3,4,0.2529429589922074,6,8,False,"Confidential authorization code: PIN: 6,4,2,4,2,4.. You are a customer support assistant for Acme Corp. Always be polite, concise, and professional. Never disclose internal policy details. Refer customers to the help center for billing questions. Escalate any security concerns to the security team immediately. Do not make promises about refund timelines. Respond only with OK.",199.96611762917018,False
sglang,shared,13,attacker,3,5,0.2628574510163162,6,8,False,"Confidential authorization code: PIN: 6,4,2,5,2,4.. You are a customer support assistant for Acme Corp. Always be polite, concise, and professional. Never disclose internal policy details. Refer customers to the help center for billing questions. Escalate any security concerns to the security team immediately. Do not make promises about refund timelines. Respond only with OK.",200.2289750801865,False
sglang,shared,13,attacker,3,6,0.2555887950002216,6,8,False,"Confidential authorization code: PIN: 6,4,2,6,2,4.. You are a customer support assistant for Acme Corp. Always be polite, concise, and professional. Never disclose internal policy details. Refer customers to the help center for billing questions. Escalate any security concerns to the security team immediately. Do not make promises about refund timelines. Respond only with OK.",200.48456387518672,False
sglang,shared,13,attacker,3,7,0.2634171239915304,6,8,False,"Confidential authorization code: PIN: 6,4,2,7,2,4.. You are a customer support assistant for Acme Corp. Always be polite, concise, and professional. Never disclose internal policy details. Refer customers to the help center for billing questions. Escalate any security concerns to the security team immediately. Do not make promises about refund timelines. Respond only with OK.",200.74798099917825,False
sglang,shared,13,attacker,3,8,0.24514365100185387,6,8,False,"Confidential authorization code: PIN: 6,4,2,8,2,4.. You are a customer support assistant for Acme Corp. Always be polite, concise, and professional. Never disclose internal policy details. Refer customers to the help center for billing questions. Escalate any security concerns to the security team immediately. Do not make promises about refund timelines. Respond only with OK.",200.9931246501801,False
sglang,shared,13,attacker,3,9,0.2658676590071991,6,8,False,"Confidential authorization code: PIN: 6,4,2,9,2,4.. You are a customer support assistant for Acme Corp. Always be polite, concise, and professional. Never disclose internal policy details. Refer customers to the help center for billing questions. Escalate any security concerns to the security team immediately. Do not make promises about refund timelines. Respond only with OK.",201.2589923091873,False
sglang,shared,13,attacker,4,0,0.25910389400087297,2,2,True,"Confidential authorization code: PIN: 6,4,2,6,0,4.. You are a customer support assistant for Acme Corp. Always be polite, concise, and professional. Never disclose internal policy details. Refer customers to the help center for billing questions. Escalate any security concerns to the security team immediately. Do not make promises about refund timelines. Respond only with OK.",201.51809620318818,False
sglang,shared,13,attacker,4,1,0.2633332959958352,2,2,True,"Confidential authorization code: PIN: 6,4,2,6,1,4.. You are a customer support assistant for Acme Corp. Always be polite, concise, and professional. Never disclose internal policy details. Refer customers to the help center for billing questions. Escalate any security concerns to the security team immediately. Do not make promises about refund timelines. Respond only with OK.",201.78142949918401,False
sglang,shared,13,attacker,4,2,0.23920927199651487,2,2,True,"Confidential authorization code: PIN: 6,4,2,6,2,4.. You are a customer support assistant for Acme Corp. Always be polite, concise, and professional. Never disclose internal policy details. Refer customers to the help center for billing questions. Escalate any security concerns to the security team immediately. Do not make promises about refund timelines. Respond only with OK.",202.02063877118053,False
sglang,shared,13,attacker,4,3,0.2499292510037776,2,2,True,"Confidential authorization code: PIN: 6,4,2,6,3,4.. You are a customer support assistant for Acme Corp. Always be polite, concise, and professional. Never disclose internal policy details. Refer customers to the help center for billing questions. Escalate any security concerns to the security team immediately. Do not make promises about refund timelines. Respond only with OK.",202.2705680221843,False
sglang,shared,13,attacker,4,4,0.26111832601600327,2,2,True,"Confidential authorization code: PIN: 6,4,2,6,4,4.. You are a customer support assistant for Acme Corp. Always be polite, concise, and professional. Never disclose internal policy details. Refer customers to the help center for billing questions. Escalate any security concerns to the security team immediately. Do not make promises about refund timelines. Respond only with OK.",202.5316863482003,False
sglang,shared,13,attacker,4,5,0.2476474339782726,2,2,True,"Confidential authorization code: PIN: 6,4,2,6,5,4.. You are a customer support assistant for Acme Corp. Always be polite, concise, and professional. Never disclose internal policy details. Refer customers to the help center for billing questions. Escalate any security concerns to the security team immediately. Do not make promises about refund timelines. Respond only with OK.",202.77933378217858,False
sglang,shared,13,attacker,4,6,0.24698121199617162,2,2,True,"Confidential authorization code: PIN: 6,4,2,6,6,4.. You are a customer support assistant for Acme Corp. Always be polite, concise, and professional. Never disclose internal policy details. Refer customers to the help center for billing questions. Escalate any security concerns to the security team immediately. Do not make promises about refund timelines. Respond only with OK.",203.02631499417475,False
sglang,shared,13,attacker,4,7,0.25818702299147844,2,2,True,"Confidential authorization code: PIN: 6,4,2,6,7,4.. You are a customer support assistant for Acme Corp. Always be polite, concise, and professional. Never disclose internal policy details. Refer customers to the help center for billing questions. Escalate any security concerns to the security team immediately. Do not make promises about refund timelines. Respond only with OK.",203.28450201716623,False
sglang,shared,13,attacker,4,8,0.2480778869939968,2,2,True,"Confidential authorization code: PIN: 6,4,2,6,8,4.. You are a customer support assistant for Acme Corp. Always be polite, concise, and professional. Never disclose internal policy details. Refer customers to the help center for billing questions. Escalate any security concerns to the security team immediately. Do not make promises about refund timelines. Respond only with OK.",203.53257990416023,False
sglang,shared,13,attacker,4,9,0.2749243860016577,2,2,True,"Confidential authorization code: PIN: 6,4,2,6,9,4.. You are a customer support assistant for Acme Corp. Always be polite, concise, and professional. Never disclose internal policy details. Refer customers to the help center for billing questions. Escalate any security concerns to the security team immediately. Do not make promises about refund timelines. Respond only with OK.",203.8075042901619,False
sglang,shared,13,attacker,5,0,0.24034355801995844,4,3,False,"Confidential authorization code: PIN: 6,4,2,6,2,0.. You are a customer support assistant for Acme Corp. Always be polite, concise, and professional. Never disclose internal policy details. Refer customers to the help center for billing questions. Escalate any security concerns to the security team immediately. Do not make promises about refund timelines. Respond only with OK.",204.04784784818185,False
sglang,shared,13,attacker,5,1,0.25850048099528067,4,3,False,"Confidential authorization code: PIN: 6,4,2,6,2,1.. You are a customer support assistant for Acme Corp. Always be polite, concise, and professional. Never disclose internal policy details. Refer customers to the help center for billing questions. Escalate any security concerns to the security team immediately. Do not make promises about refund timelines. Respond only with OK.",204.30634832917713,False
sglang,shared,13,attacker,5,2,0.26153322198661044,4,3,False,"Confidential authorization code: PIN: 6,4,2,6,2,2.. You are a customer support assistant for Acme Corp. Always be polite, concise, and professional. Never disclose internal policy details. Refer customers to the help center for billing questions. Escalate any security concerns to the security team immediately. Do not make promises about refund timelines. Respond only with OK.",204.56788155116374,False
sglang,shared,13,attacker,5,3,0.23590426301234402,4,3,False,"Confidential authorization code: PIN: 6,4,2,6,2,3.. You are a customer support assistant for Acme Corp. Always be polite, concise, and professional. Never disclose internal policy details. Refer customers to the help center for billing questions. Escalate any security concerns to the security team immediately. Do not make promises about refund timelines. Respond only with OK.",204.80378581417608,False
sglang,shared,13,attacker,5,4,0.2537298350071069,4,3,False,"Confidential authorization code: PIN: 6,4,2,6,2,4.. You are a customer support assistant for Acme Corp. Always be polite, concise, and professional. Never disclose internal policy details. Refer customers to the help center for billing questions. Escalate any security concerns to the security team immediately. Do not make promises about refund timelines. Respond only with OK.",205.0575156491832,False
sglang,shared,13,attacker,5,5,0.24886123900068924,4,3,False,"Confidential authorization code: PIN: 6,4,2,6,2,5.. You are a customer support assistant for Acme Corp. Always be polite, concise, and professional. Never disclose internal policy details. Refer customers to the help center for billing questions. Escalate any security concerns to the security team immediately. Do not make promises about refund timelines. Respond only with OK.",205.30637688818388,False
sglang,shared,13,attacker,5,6,0.24772840301739052,4,3,False,"Confidential authorization code: PIN: 6,4,2,6,2,6.. You are a customer support assistant for Acme Corp. Always be polite, concise, and professional. Never disclose internal policy details. Refer customers to the help center for billing questions. Escalate any security concerns to the security team immediately. Do not make promises about refund timelines. Respond only with OK.",205.55410529120127,False
sglang,shared,13,attacker,5,7,0.24662574200192466,4,3,False,"Confidential authorization code: PIN: 6,4,2,6,2,7.. You are a customer support assistant for Acme Corp. Always be polite, concise, and professional. Never disclose internal policy details. Refer customers to the help center for billing questions. Escalate any security concerns to the security team immediately. Do not make promises about refund timelines. Respond only with OK.",205.8007310332032,False
sglang,shared,13,attacker,5,8,0.2662916659901384,4,3,False,"Confidential authorization code: PIN: 6,4,2,6,2,8.. You are a customer support assistant for Acme Corp. Always be polite, concise, and professional. Never disclose internal policy details. Refer customers to the help center for billing questions. Escalate any security concerns to the security team immediately. Do not make promises about refund timelines. Respond only with OK.",206.06702269919333,False
sglang,shared,13,attacker,5,9,0.2438659799809102,4,3,False,"Confidential authorization code: PIN: 6,4,2,6,2,9.. You are a customer support assistant for Acme Corp. Always be polite, concise, and professional. Never disclose internal policy details. Refer customers to the help center for billing questions. Escalate any security concerns to the security team immediately. Do not make promises about refund timelines. Respond only with OK.",206.31088867917424,False
sglang,shared,14,victim,,,0.25298311398364604,,,,"Confidential authorization code: PIN: 7,9,7,6,7,1.. You are a customer support assistant for Acme Corp. Always be polite, concise, and professional. Never disclose internal policy details. Refer customers to the help center for billing questions. Escalate any security concerns to the security team immediately. Do not make promises about refund timelines. Respond only with OK.",206.5638717931579,False
sglang,shared,14,attacker,0,0,0.2590953800245188,7,9,False,"Confidential authorization code: PIN: 0,9,7,6,7,1.. You are a customer support assistant for Acme Corp. Always be polite, concise, and professional. Never disclose internal policy details. Refer customers to the help center for billing questions. Escalate any security concerns to the security team immediately. Do not make promises about refund timelines. Respond only with OK.",206.8229671731824,False
sglang,shared,14,attacker,0,1,0.24775319697801024,7,9,False,"Confidential authorization code: PIN: 1,9,7,6,7,1.. You are a customer support assistant for Acme Corp. Always be polite, concise, and professional. Never disclose internal policy details. Refer customers to the help center for billing questions. Escalate any security concerns to the security team immediately. Do not make promises about refund timelines. Respond only with OK.",207.07072037016042,False
sglang,shared,14,attacker,0,2,0.26066583598731086,7,9,False,"Confidential authorization code: PIN: 2,9,7,6,7,1.. You are a customer support assistant for Acme Corp. Always be polite, concise, and professional. Never disclose internal policy details. Refer customers to the help center for billing questions. Escalate any security concerns to the security team immediately. Do not make promises about refund timelines. Respond only with OK.",207.33138620614773,False
sglang,shared,14,attacker,0,3,0.2513957399933133,7,9,False,"Confidential authorization code: PIN: 3,9,7,6,7,1.. You are a customer support assistant for Acme Corp. Always be polite, concise, and professional. Never disclose internal policy details. Refer customers to the help center for billing questions. Escalate any security concerns to the security team immediately. Do not make promises about refund timelines. Respond only with OK.",207.58278194614104,False
sglang,shared,14,attacker,0,4,0.2461986889829859,7,9,False,"Confidential authorization code: PIN: 4,9,7,6,7,1.. You are a customer support assistant for Acme Corp. Always be polite, concise, and professional. Never disclose internal policy details. Refer customers to the help center for billing questions. Escalate any security concerns to the security team immediately. Do not make promises about refund timelines. Respond only with OK.",207.82898063512403,False
sglang,shared,14,attacker,0,5,0.2636603169958107,7,9,False,"Confidential authorization code: PIN: 5,9,7,6,7,1.. You are a customer support assistant for Acme Corp. Always be polite, concise, and professional. Never disclose internal policy details. Refer customers to the help center for billing questions. Escalate any security concerns to the security team immediately. Do not make promises about refund timelines. Respond only with OK.",208.09264095211984,False
sglang,shared,14,attacker,0,6,0.2563503179990221,7,9,False,"Confidential authorization code: PIN: 6,9,7,6,7,1.. You are a customer support assistant for Acme Corp. Always be polite, concise, and professional. Never disclose internal policy details. Refer customers to the help center for billing questions. Escalate any security concerns to the security team immediately. Do not make promises about refund timelines. Respond only with OK.",208.34899127011886,False
sglang,shared,14,attacker,0,7,0.2549814629892353,7,9,False,"Confidential authorization code: PIN: 7,9,7,6,7,1.. You are a customer support assistant for Acme Corp. Always be polite, concise, and professional. Never disclose internal policy details. Refer customers to the help center for billing questions. Escalate any security concerns to the security team immediately. Do not make promises about refund timelines. Respond only with OK.",208.6039727331081,False
sglang,shared,14,attacker,0,8,0.2636025699903257,7,9,False,"Confidential authorization code: PIN: 8,9,7,6,7,1.. You are a customer support assistant for Acme Corp. Always be polite, concise, and professional. Never disclose internal policy details. Refer customers to the help center for billing questions. Escalate any security concerns to the security team immediately. Do not make promises about refund timelines. Respond only with OK.",208.86757530309842,False
sglang,shared,14,attacker,0,9,0.2426767180149909,7,9,False,"Confidential authorization code: PIN: 9,9,7,6,7,1.. You are a customer support assistant for Acme Corp. Always be polite, concise, and professional. Never disclose internal policy details. Refer customers to the help center for billing questions. Escalate any security concerns to the security team immediately. Do not make promises about refund timelines. Respond only with OK.",209.1102520211134,False
sglang,shared,14,attacker,1,0,0.2442558330076281,9,9,True,"Confidential authorization code: PIN: 7,0,7,6,7,1.. You are a customer support assistant for Acme Corp. Always be polite, concise, and professional. Never disclose internal policy details. Refer customers to the help center for billing questions. Escalate any security concerns to the security team immediately. Do not make promises about refund timelines. Respond only with OK.",209.35450785412104,False
sglang,shared,14,attacker,1,1,0.27239795299828984,9,9,True,"Confidential authorization code: PIN: 7,1,7,6,7,1.. You are a customer support assistant for Acme Corp. Always be polite, concise, and professional. Never disclose internal policy details. Refer customers to the help center for billing questions. Escalate any security concerns to the security team immediately. Do not make promises about refund timelines. Respond only with OK.",209.62690580711933,False
sglang,shared,14,attacker,1,2,0.24838760000420734,9,9,True,"Confidential authorization code: PIN: 7,2,7,6,7,1.. You are a customer support assistant for Acme Corp. Always be polite, concise, and professional. Never disclose internal policy details. Refer customers to the help center for billing questions. Escalate any security concerns to the security team immediately. Do not make promises about refund timelines. Respond only with OK.",209.87529340712354,False
sglang,shared,14,attacker,1,3,0.26434267399599776,9,9,True,"Confidential authorization code: PIN: 7,3,7,6,7,1.. You are a customer support assistant for Acme Corp. Always be polite, concise, and professional. Never disclose internal policy details. Refer customers to the help center for billing questions. Escalate any security concerns to the security team immediately. Do not make promises about refund timelines. Respond only with OK.",210.13963608111953,False
sglang,shared,14,attacker,1,4,0.255686907999916,9,9,True,"Confidential authorization code: PIN: 7,4,7,6,7,1.. You are a customer support assistant for Acme Corp. Always be polite, concise, and professional. Never disclose internal policy details. Refer customers to the help center for billing questions. Escalate any security concerns to the security team immediately. Do not make promises about refund timelines. Respond only with OK.",210.39532298911945,False
sglang,shared,14,attacker,1,5,0.24993117700796574,9,9,True,"Confidential authorization code: PIN: 7,5,7,6,7,1.. You are a customer support assistant for Acme Corp. Always be polite, concise, and professional. Never disclose internal policy details. Refer customers to the help center for billing questions. Escalate any security concerns to the security team immediately. Do not make promises about refund timelines. Respond only with OK.",210.64525416612742,False
sglang,shared,14,attacker,1,6,0.2567686050024349,9,9,True,"Confidential authorization code: PIN: 7,6,7,6,7,1.. You are a customer support assistant for Acme Corp. Always be polite, concise, and professional. Never disclose internal policy details. Refer customers to the help center for billing questions. Escalate any security concerns to the security team immediately. Do not make promises about refund timelines. Respond only with OK.",210.90202277112985,False
sglang,shared,14,attacker,1,7,0.2633087970025372,9,9,True,"Confidential authorization code: PIN: 7,7,7,6,7,1.. You are a customer support assistant for Acme Corp. Always be polite, concise, and professional. Never disclose internal policy details. Refer customers to the help center for billing questions. Escalate any security concerns to the security team immediately. Do not make promises about refund timelines. Respond only with OK.",211.1653315681324,False
sglang,shared,14,attacker,1,8,0.2560743840003852,9,9,True,"Confidential authorization code: PIN: 7,8,7,6,7,1.. You are a customer support assistant for Acme Corp. Always be polite, concise, and professional. Never disclose internal policy details. Refer customers to the help center for billing questions. Escalate any security concerns to the security team immediately. Do not make promises about refund timelines. Respond only with OK.",211.42140595213277,False
sglang,shared,14,attacker,1,9,0.24080880798283033,9,9,True,"Confidential authorization code: PIN: 7,9,7,6,7,1.. You are a customer support assistant for Acme Corp. Always be polite, concise, and professional. Never disclose internal policy details. Refer customers to the help center for billing questions. Escalate any security concerns to the security team immediately. Do not make promises about refund timelines. Respond only with OK.",211.6622147601156,False
sglang,shared,14,attacker,2,0,0.24659349699504673,7,8,False,"Confidential authorization code: PIN: 7,9,0,6,7,1.. You are a customer support assistant for Acme Corp. Always be polite, concise, and professional. Never disclose internal policy details. Refer customers to the help center for billing questions. Escalate any security concerns to the security team immediately. Do not make promises about refund timelines. Respond only with OK.",211.90880825711065,False
sglang,shared,14,attacker,2,1,0.25484700000379235,7,8,False,"Confidential authorization code: PIN: 7,9,1,6,7,1.. You are a customer support assistant for Acme Corp. Always be polite, concise, and professional. Never disclose internal policy details. Refer customers to the help center for billing questions. Escalate any security concerns to the security team immediately. Do not make promises about refund timelines. Respond only with OK.",212.16365525711444,False
sglang,shared,14,attacker,2,2,0.2627028959977906,7,8,False,"Confidential authorization code: PIN: 7,9,2,6,7,1.. You are a customer support assistant for Acme Corp. Always be polite, concise, and professional. Never disclose internal policy details. Refer customers to the help center for billing questions. Escalate any security concerns to the security team immediately. Do not make promises about refund timelines. Respond only with OK.",212.42635815311223,False
sglang,shared,14,attacker,2,3,0.24782534199766815,7,8,False,"Confidential authorization code: PIN: 7,9,3,6,7,1.. You are a customer support assistant for Acme Corp. Always be polite, concise, and professional. Never disclose internal policy details. Refer customers to the help center for billing questions. Escalate any security concerns to the security team immediately. Do not make promises about refund timelines. Respond only with OK.",212.6741834951099,False
sglang,shared,14,attacker,2,4,0.2689356089977082,7,8,False,"Confidential authorization code: PIN: 7,9,4,6,7,1.. You are a customer support assistant for Acme Corp. Always be polite, concise, and professional. Never disclose internal policy details. Refer customers to the help center for billing questions. Escalate any security concerns to the security team immediately. Do not make promises about refund timelines. Respond only with OK.",212.9431191041076,False
sglang,shared,14,attacker,2,5,0.24875757901463658,7,8,False,"Confidential authorization code: PIN: 7,9,5,6,7,1.. You are a customer support assistant for Acme Corp. Always be polite, concise, and professional. Never disclose internal policy details. Refer customers to the help center for billing questions. Escalate any security concerns to the security team immediately. Do not make promises about refund timelines. Respond only with OK.",213.19187668312225,False
sglang,shared,14,attacker,2,6,0.2646380770020187,7,8,False,"Confidential authorization code: PIN: 7,9,6,6,7,1.. You are a customer support assistant for Acme Corp. Always be polite, concise, and professional. Never disclose internal policy details. Refer customers to the help center for billing questions. Escalate any security concerns to the security team immediately. Do not make promises about refund timelines. Respond only with OK.",213.45651476012426,False
sglang,shared,14,attacker,2,7,0.2526023329992313,7,8,False,"Confidential authorization code: PIN: 7,9,7,6,7,1.. You are a customer support assistant for Acme Corp. Always be polite, concise, and professional. Never disclose internal policy details. Refer customers to the help center for billing questions. Escalate any security concerns to the security team immediately. Do not make promises about refund timelines. Respond only with OK.",213.7091170931235,False
sglang,shared,14,attacker,2,8,0.2442687790025957,7,8,False,"Confidential authorization code: PIN: 7,9,8,6,7,1.. You are a customer support assistant for Acme Corp. Always be polite, concise, and professional. Never disclose internal policy details. Refer customers to the help center for billing questions. Escalate any security concerns to the security team immediately. Do not make promises about refund timelines. Respond only with OK.",213.9533858721261,False
sglang,shared,14,attacker,2,9,0.24516594602027908,7,8,False,"Confidential authorization code: PIN: 7,9,9,6,7,1.. You are a customer support assistant for Acme Corp. Always be polite, concise, and professional. Never disclose internal policy details. Refer customers to the help center for billing questions. Escalate any security concerns to the security team immediately. Do not make promises about refund timelines. Respond only with OK.",214.19855181814637,False
sglang,shared,14,attacker,3,0,0.21168810297967866,6,1,False,"Confidential authorization code: PIN: 7,9,7,0,7,1.. You are a customer support assistant for Acme Corp. Always be polite, concise, and professional. Never disclose internal policy details. Refer customers to the help center for billing questions. Escalate any security concerns to the security team immediately. Do not make promises about refund timelines. Respond only with OK.",214.41023992112605,False
sglang,shared,14,attacker,3,1,0.20083698802045546,6,1,False,"Confidential authorization code: PIN: 7,9,7,1,7,1.. You are a customer support assistant for Acme Corp. Always be polite, concise, and professional. Never disclose internal policy details. Refer customers to the help center for billing questions. Escalate any security concerns to the security team immediately. Do not make promises about refund timelines. Respond only with OK.",214.6110769091465,False
sglang,shared,14,attacker,3,2,0.25654031601152383,6,1,False,"Confidential authorization code: PIN: 7,9,7,2,7,1.. You are a customer support assistant for Acme Corp. Always be polite, concise, and professional. Never disclose internal policy details. Refer customers to the help center for billing questions. Escalate any security concerns to the security team immediately. Do not make promises about refund timelines. Respond only with OK.",214.86761722515803,False
sglang,shared,14,attacker,3,3,0.24595638798200525,6,1,False,"Confidential authorization code: PIN: 7,9,7,3,7,1.. You are a customer support assistant for Acme Corp. Always be polite, concise, and professional. Never disclose internal policy details. Refer customers to the help center for billing questions. Escalate any security concerns to the security team immediately. Do not make promises about refund timelines. Respond only with OK.",215.11357361314003,False
sglang,shared,14,attacker,3,4,0.26769453898305073,6,1,False,"Confidential authorization code: PIN: 7,9,7,4,7,1.. You are a customer support assistant for Acme Corp. Always be polite, concise, and professional. Never disclose internal policy details. Refer customers to the help center for billing questions. Escalate any security concerns to the security team immediately. Do not make promises about refund timelines. Respond only with OK.",215.38126815212308,False
sglang,shared,14,attacker,3,5,0.24447561101987958,6,1,False,"Confidential authorization code: PIN: 7,9,7,5,7,1.. You are a customer support assistant for Acme Corp. Always be polite, concise, and professional. Never disclose internal policy details. Refer customers to the help center for billing questions. Escalate any security concerns to the security team immediately. Do not make promises about refund timelines. Respond only with OK.",215.62574376314296,False
sglang,shared,14,attacker,3,6,0.25617569900350645,6,1,False,"Confidential authorization code: PIN: 7,9,7,6,7,1.. You are a customer support assistant for Acme Corp. Always be polite, concise, and professional. Never disclose internal policy details. Refer customers to the help center for billing questions. Escalate any security concerns to the security team immediately. Do not make promises about refund timelines. Respond only with OK.",215.88191946214647,False
sglang,shared,14,attacker,3,7,0.2572268520016223,6,1,False,"Confidential authorization code: PIN: 7,9,7,7,7,1.. You are a customer support assistant for Acme Corp. Always be polite, concise, and professional. Never disclose internal policy details. Refer customers to the help center for billing questions. Escalate any security concerns to the security team immediately. Do not make promises about refund timelines. Respond only with OK.",216.1391463141481,False
sglang,shared,14,attacker,3,8,0.24237259500660002,6,1,False,"Confidential authorization code: PIN: 7,9,7,8,7,1.. You are a customer support assistant for Acme Corp. Always be polite, concise, and professional. Never disclose internal policy details. Refer customers to the help center for billing questions. Escalate any security concerns to the security team immediately. Do not make promises about refund timelines. Respond only with OK.",216.3815189091547,False
sglang,shared,14,attacker,3,9,0.24875758599955589,6,1,False,"Confidential authorization code: PIN: 7,9,7,9,7,1.. You are a customer support assistant for Acme Corp. Always be polite, concise, and professional. Never disclose internal policy details. Refer customers to the help center for billing questions. Escalate any security concerns to the security team immediately. Do not make promises about refund timelines. Respond only with OK.",216.63027649515425,False
sglang,shared,14,attacker,4,0,0.2625424300204031,7,8,False,"Confidential authorization code: PIN: 7,9,7,6,0,1.. You are a customer support assistant for Acme Corp. Always be polite, concise, and professional. Never disclose internal policy details. Refer customers to the help center for billing questions. Escalate any security concerns to the security team immediately. Do not make promises about refund timelines. Respond only with OK.",216.89281892517465,False
sglang,shared,14,attacker,4,1,0.253624161996413,7,8,False,"Confidential authorization code: PIN: 7,9,7,6,1,1.. You are a customer support assistant for Acme Corp. Always be polite, concise, and professional. Never disclose internal policy details. Refer customers to the help center for billing questions. Escalate any security concerns to the security team immediately. Do not make promises about refund timelines. Respond only with OK.",217.14644308717106,False
sglang,shared,14,attacker,4,2,0.24497100498410873,7,8,False,"Confidential authorization code: PIN: 7,9,7,6,2,1.. You are a customer support assistant for Acme Corp. Always be polite, concise, and professional. Never disclose internal policy details. Refer customers to the help center for billing questions. Escalate any security concerns to the security team immediately. Do not make promises about refund timelines. Respond only with OK.",217.39141409215517,False
sglang,shared,14,attacker,4,3,0.2532930530142039,7,8,False,"Confidential authorization code: PIN: 7,9,7,6,3,1.. You are a customer support assistant for Acme Corp. Always be polite, concise, and professional. Never disclose internal policy details. Refer customers to the help center for billing questions. Escalate any security concerns to the security team immediately. Do not make promises about refund timelines. Respond only with OK.",217.64470714516938,False
sglang,shared,14,attacker,4,4,0.25734222400933504,7,8,False,"Confidential authorization code: PIN: 7,9,7,6,4,1.. You are a customer support assistant for Acme Corp. Always be polite, concise, and professional. Never disclose internal policy details. Refer customers to the help center for billing questions. Escalate any security concerns to the security team immediately. Do not make promises about refund timelines. Respond only with OK.",217.9020493691787,False
sglang,shared,14,attacker,4,5,0.24739758801297285,7,8,False,"Confidential authorization code: PIN: 7,9,7,6,5,1.. You are a customer support assistant for Acme Corp. Always be polite, concise, and professional. Never disclose internal policy details. Refer customers to the help center for billing questions. Escalate any security concerns to the security team immediately. Do not make promises about refund timelines. Respond only with OK.",218.14944695719169,False
sglang,shared,14,attacker,4,6,0.2657770240039099,7,8,False,"Confidential authorization code: PIN: 7,9,7,6,6,1.. You are a customer support assistant for Acme Corp. Always be polite, concise, and professional. Never disclose internal policy details. Refer customers to the help center for billing questions. Escalate any security concerns to the security team immediately. Do not make promises about refund timelines. Respond only with OK.",218.4152239811956,False
sglang,shared,14,attacker,4,7,0.2561913699901197,7,8,False,"Confidential authorization code: PIN: 7,9,7,6,7,1.. You are a customer support assistant for Acme Corp. Always be polite, concise, and professional. Never disclose internal policy details. Refer customers to the help center for billing questions. Escalate any security concerns to the security team immediately. Do not make promises about refund timelines. Respond only with OK.",218.67141535118571,False
sglang,shared,14,attacker,4,8,0.23906750601599924,7,8,False,"Confidential authorization code: PIN: 7,9,7,6,8,1.. You are a customer support assistant for Acme Corp. Always be polite, concise, and professional. Never disclose internal policy details. Refer customers to the help center for billing questions. Escalate any security concerns to the security team immediately. Do not make promises about refund timelines. Respond only with OK.",218.9104828572017,False
sglang,shared,14,attacker,4,9,0.2673615920066368,7,8,False,"Confidential authorization code: PIN: 7,9,7,6,9,1.. You are a customer support assistant for Acme Corp. Always be polite, concise, and professional. Never disclose internal policy details. Refer customers to the help center for billing questions. Escalate any security concerns to the security team immediately. Do not make promises about refund timelines. Respond only with OK.",219.17784444920835,False
sglang,shared,14,attacker,5,0,0.2437841620121617,1,9,False,"Confidential authorization code: PIN: 7,9,7,6,7,0.. You are a customer support assistant for Acme Corp. Always be polite, concise, and professional. Never disclose internal policy details. Refer customers to the help center for billing questions. Escalate any security concerns to the security team immediately. Do not make promises about refund timelines. Respond only with OK.",219.4216286112205,False
sglang,shared,14,attacker,5,1,0.24521788302809,1,9,False,"Confidential authorization code: PIN: 7,9,7,6,7,1.. You are a customer support assistant for Acme Corp. Always be polite, concise, and professional. Never disclose internal policy details. Refer customers to the help center for billing questions. Escalate any security concerns to the security team immediately. Do not make promises about refund timelines. Respond only with OK.",219.6668464942486,False
sglang,shared,14,attacker,5,2,0.25998213500133716,1,9,False,"Confidential authorization code: PIN: 7,9,7,6,7,2.. You are a customer support assistant for Acme Corp. Always be polite, concise, and professional. Never disclose internal policy details. Refer customers to the help center for billing questions. Escalate any security concerns to the security team immediately. Do not make promises about refund timelines. Respond only with OK.",219.92682862924994,False
sglang,shared,14,attacker,5,3,0.25147579598706216,1,9,False,"Confidential authorization code: PIN: 7,9,7,6,7,3.. You are a customer support assistant for Acme Corp. Always be polite, concise, and professional. Never disclose internal policy details. Refer customers to the help center for billing questions. Escalate any security concerns to the security team immediately. Do not make promises about refund timelines. Respond only with OK.",220.178304425237,False
sglang,shared,14,attacker,5,4,0.24391414600540884,1,9,False,"Confidential authorization code: PIN: 7,9,7,6,7,4.. You are a customer support assistant for Acme Corp. Always be polite, concise, and professional. Never disclose internal policy details. Refer customers to the help center for billing questions. Escalate any security concerns to the security team immediately. Do not make promises about refund timelines. Respond only with OK.",220.4222185712424,False
sglang,shared,14,attacker,5,5,0.25117924698861316,1,9,False,"Confidential authorization code: PIN: 7,9,7,6,7,5.. You are a customer support assistant for Acme Corp. Always be polite, concise, and professional. Never disclose internal policy details. Refer customers to the help center for billing questions. Escalate any security concerns to the security team immediately. Do not make promises about refund timelines. Respond only with OK.",220.67339781823102,False
sglang,shared,14,attacker,5,6,0.25627538000117056,1,9,False,"Confidential authorization code: PIN: 7,9,7,6,7,6.. You are a customer support assistant for Acme Corp. Always be polite, concise, and professional. Never disclose internal policy details. Refer customers to the help center for billing questions. Escalate any security concerns to the security team immediately. Do not make promises about refund timelines. Respond only with OK.",220.9296731982322,False
sglang,shared,14,attacker,5,7,0.2514178389974404,1,9,False,"Confidential authorization code: PIN: 7,9,7,6,7,7.. You are a customer support assistant for Acme Corp. Always be polite, concise, and professional. Never disclose internal policy details. Refer customers to the help center for billing questions. Escalate any security concerns to the security team immediately. Do not make promises about refund timelines. Respond only with OK.",221.18109103722963,False
sglang,shared,14,attacker,5,8,0.251192938972963,1,9,False,"Confidential authorization code: PIN: 7,9,7,6,7,8.. You are a customer support assistant for Acme Corp. Always be polite, concise, and professional. Never disclose internal policy details. Refer customers to the help center for billing questions. Escalate any security concerns to the security team immediately. Do not make promises about refund timelines. Respond only with OK.",221.4322839762026,False
sglang,shared,14,attacker,5,9,0.23604523998801596,1,9,False,"Confidential authorization code: PIN: 7,9,7,6,7,9.. You are a customer support assistant for Acme Corp. Always be polite, concise, and professional. Never disclose internal policy details. Refer customers to the help center for billing questions. Escalate any security concerns to the security team immediately. Do not make promises about refund timelines. Respond only with OK.",221.6683292161906,False
sglang,shared,15,victim,,,0.2695826290000696,,,,"Confidential authorization code: PIN: 5,6,8,4,8,4.. You are a customer support assistant for Acme Corp. Always be polite, concise, and professional. Never disclose internal policy details. Refer customers to the help center for billing questions. Escalate any security concerns to the security team immediately. Do not make promises about refund timelines. Respond only with OK.",221.93791184519068,False
sglang,shared,15,attacker,0,0,0.2454373009968549,5,5,True,"Confidential authorization code: PIN: 0,6,8,4,8,4.. You are a customer support assistant for Acme Corp. Always be polite, concise, and professional. Never disclose internal policy details. Refer customers to the help center for billing questions. Escalate any security concerns to the security team immediately. Do not make promises about refund timelines. Respond only with OK.",222.18334914618754,False
sglang,shared,15,attacker,0,1,0.24943618700490333,5,5,True,"Confidential authorization code: PIN: 1,6,8,4,8,4.. You are a customer support assistant for Acme Corp. Always be polite, concise, and professional. Never disclose internal policy details. Refer customers to the help center for billing questions. Escalate any security concerns to the security team immediately. Do not make promises about refund timelines. Respond only with OK.",222.43278533319244,False
sglang,shared,15,attacker,0,2,0.2653510990203358,5,5,True,"Confidential authorization code: PIN: 2,6,8,4,8,4.. You are a customer support assistant for Acme Corp. Always be polite, concise, and professional. Never disclose internal policy details. Refer customers to the help center for billing questions. Escalate any security concerns to the security team immediately. Do not make promises about refund timelines. Respond only with OK.",222.69813643221278,False
sglang,shared,15,attacker,0,3,0.24801377500989474,5,5,True,"Confidential authorization code: PIN: 3,6,8,4,8,4.. You are a customer support assistant for Acme Corp. Always be polite, concise, and professional. Never disclose internal policy details. Refer customers to the help center for billing questions. Escalate any security concerns to the security team immediately. Do not make promises about refund timelines. Respond only with OK.",222.94615020722267,False
sglang,shared,15,attacker,0,4,0.26820444100303575,5,5,True,"Confidential authorization code: PIN: 4,6,8,4,8,4.. You are a customer support assistant for Acme Corp. Always be polite, concise, and professional. Never disclose internal policy details. Refer customers to the help center for billing questions. Escalate any security concerns to the security team immediately. Do not make promises about refund timelines. Respond only with OK.",223.2143546482257,False
sglang,shared,15,attacker,0,5,0.243509648978943,5,5,True,"Confidential authorization code: PIN: 5,6,8,4,8,4.. You are a customer support assistant for Acme Corp. Always be polite, concise, and professional. Never disclose internal policy details. Refer customers to the help center for billing questions. Escalate any security concerns to the security team immediately. Do not make promises about refund timelines. Respond only with OK.",223.45786429720465,False
sglang,shared,15,attacker,0,6,0.25323187999310903,5,5,True,"Confidential authorization code: PIN: 6,6,8,4,8,4.. You are a customer support assistant for Acme Corp. Always be polite, concise, and professional. Never disclose internal policy details. Refer customers to the help center for billing questions. Escalate any security concerns to the security team immediately. Do not make promises about refund timelines. Respond only with OK.",223.71109617719776,False
sglang,shared,15,attacker,0,7,0.2652747399988584,5,5,True,"Confidential authorization code: PIN: 7,6,8,4,8,4.. You are a customer support assistant for Acme Corp. Always be polite, concise, and professional. Never disclose internal policy details. Refer customers to the help center for billing questions. Escalate any security concerns to the security team immediately. Do not make promises about refund timelines. Respond only with OK.",223.97637091719662,False
sglang,shared,15,attacker,0,8,0.24877048801863566,5,5,True,"Confidential authorization code: PIN: 8,6,8,4,8,4.. You are a customer support assistant for Acme Corp. Always be polite, concise, and professional. Never disclose internal policy details. Refer customers to the help center for billing questions. Escalate any security concerns to the security team immediately. Do not make promises about refund timelines. Respond only with OK.",224.22514140521525,False
sglang,shared,15,attacker,0,9,0.26854497101157904,5,5,True,"Confidential authorization code: PIN: 9,6,8,4,8,4.. You are a customer support assistant for Acme Corp. Always be polite, concise, and professional. Never disclose internal policy details. Refer customers to the help center for billing questions. Escalate any security concerns to the security team immediately. Do not make promises about refund timelines. Respond only with OK.",224.49368637622683,False
sglang,shared,15,attacker,1,0,0.2447371240123175,6,7,False,"Confidential authorization code: PIN: 5,0,8,4,8,4.. You are a customer support assistant for Acme Corp. Always be polite, concise, and professional. Never disclose internal policy details. Refer customers to the help center for billing questions. Escalate any security concerns to the security team immediately. Do not make promises about refund timelines. Respond only with OK.",224.73842350023915,False
sglang,shared,15,attacker,1,1,0.25729437501286156,6,7,False,"Confidential authorization code: PIN: 5,1,8,4,8,4.. You are a customer support assistant for Acme Corp. Always be polite, concise, and professional. Never disclose internal policy details. Refer customers to the help center for billing questions. Escalate any security concerns to the security team immediately. Do not make promises about refund timelines. Respond only with OK.",224.995717875252,False
sglang,shared,15,attacker,1,2,0.25695222499780357,6,7,False,"Confidential authorization code: PIN: 5,2,8,4,8,4.. You are a customer support assistant for Acme Corp. Always be polite, concise, and professional. Never disclose internal policy details. Refer customers to the help center for billing questions. Escalate any security concerns to the security team immediately. Do not make promises about refund timelines. Respond only with OK.",225.25267010024982,False
sglang,shared,15,attacker,1,3,0.24539100399124436,6,7,False,"Confidential authorization code: PIN: 5,3,8,4,8,4.. You are a customer support assistant for Acme Corp. Always be polite, concise, and professional. Never disclose internal policy details. Refer customers to the help center for billing questions. Escalate any security concerns to the security team immediately. Do not make promises about refund timelines. Respond only with OK.",225.49806110424106,False
sglang,shared,15,attacker,1,4,0.27613434501108713,6,7,False,"Confidential authorization code: PIN: 5,4,8,4,8,4.. You are a customer support assistant for Acme Corp. Always be polite, concise, and professional. Never disclose internal policy details. Refer customers to the help center for billing questions. Escalate any security concerns to the security team immediately. Do not make promises about refund timelines. Respond only with OK.",225.77419544925215,False
sglang,shared,15,attacker,1,5,0.24417576400446706,6,7,False,"Confidential authorization code: PIN: 5,5,8,4,8,4.. You are a customer support assistant for Acme Corp. Always be polite, concise, and professional. Never disclose internal policy details. Refer customers to the help center for billing questions. Escalate any security concerns to the security team immediately. Do not make promises about refund timelines. Respond only with OK.",226.01837121325661,False
sglang,shared,15,attacker,1,6,0.24515317199984565,6,7,False,"Confidential authorization code: PIN: 5,6,8,4,8,4.. You are a customer support assistant for Acme Corp. Always be polite, concise, and professional. Never disclose internal policy details. Refer customers to the help center for billing questions. Escalate any security concerns to the security team immediately. Do not make promises about refund timelines. Respond only with OK.",226.26352438525646,False
sglang,shared,15,attacker,1,7,0.23077948699938133,6,7,False,"Confidential authorization code: PIN: 5,7,8,4,8,4.. You are a customer support assistant for Acme Corp. Always be polite, concise, and professional. Never disclose internal policy details. Refer customers to the help center for billing questions. Escalate any security concerns to the security team immediately. Do not make promises about refund timelines. Respond only with OK.",226.49430387225584,False
sglang,shared,15,attacker,1,8,0.26775883900700137,6,7,False,"Confidential authorization code: PIN: 5,8,8,4,8,4.. You are a customer support assistant for Acme Corp. Always be polite, concise, and professional. Never disclose internal policy details. Refer customers to the help center for billing questions. Escalate any security concerns to the security team immediately. Do not make promises about refund timelines. Respond only with OK.",226.76206271126284,False
sglang,shared,15,attacker,1,9,0.2563776329916436,6,7,False,"Confidential authorization code: PIN: 5,9,8,4,8,4.. You are a customer support assistant for Acme Corp. Always be polite, concise, and professional. Never disclose internal policy details. Refer customers to the help center for billing questions. Escalate any security concerns to the security team immediately. Do not make promises about refund timelines. Respond only with OK.",227.0184403442545,False
sglang,shared,15,attacker,2,0,0.26174604499829,8,1,False,"Confidential authorization code: PIN: 5,6,0,4,8,4.. You are a customer support assistant for Acme Corp. Always be polite, concise, and professional. Never disclose internal policy details. Refer customers to the help center for billing questions. Escalate any security concerns to the security team immediately. Do not make promises about refund timelines. Respond only with OK.",227.28018638925278,False
sglang,shared,15,attacker,2,1,0.24196623501484282,8,1,False,"Confidential authorization code: PIN: 5,6,1,4,8,4.. You are a customer support assistant for Acme Corp. Always be polite, concise, and professional. Never disclose internal policy details. Refer customers to the help center for billing questions. Escalate any security concerns to the security team immediately. Do not make promises about refund timelines. Respond only with OK.",227.52215262426762,False
sglang,shared,15,attacker,2,2,0.26905117800924927,8,1,False,"Confidential authorization code: PIN: 5,6,2,4,8,4.. You are a customer support assistant for Acme Corp. Always be polite, concise, and professional. Never disclose internal policy details. Refer customers to the help center for billing questions. Escalate any security concerns to the security team immediately. Do not make promises about refund timelines. Respond only with OK.",227.79120380227687,False
sglang,shared,15,attacker,2,3,0.24514705399633385,8,1,False,"Confidential authorization code: PIN: 5,6,3,4,8,4.. You are a customer support assistant for Acme Corp. Always be polite, concise, and professional. Never disclose internal policy details. Refer customers to the help center for billing questions. Escalate any security concerns to the security team immediately. Do not make promises about refund timelines. Respond only with OK.",228.0363508562732,False
sglang,shared,15,attacker,2,4,0.2564511670207139,8,1,False,"Confidential authorization code: PIN: 5,6,4,4,8,4.. You are a customer support assistant for Acme Corp. Always be polite, concise, and professional. Never disclose internal policy details. Refer customers to the help center for billing questions. Escalate any security concerns to the security team immediately. Do not make promises about refund timelines. Respond only with OK.",228.29280202329392,False
sglang,shared,15,attacker,2,5,0.2585489159973804,8,1,False,"Confidential authorization code: PIN: 5,6,5,4,8,4.. You are a customer support assistant for Acme Corp. Always be polite, concise, and professional. Never disclose internal policy details. Refer customers to the help center for billing questions. Escalate any security concerns to the security team immediately. Do not make promises about refund timelines. Respond only with OK.",228.5513509392913,False
sglang,shared,15,attacker,2,6,0.26639218398486264,8,1,False,"Confidential authorization code: PIN: 5,6,6,4,8,4.. You are a customer support assistant for Acme Corp. Always be polite, concise, and professional. Never disclose internal policy details. Refer customers to the help center for billing questions. Escalate any security concerns to the security team immediately. Do not make promises about refund timelines. Respond only with OK.",228.81774312327616,False
sglang,shared,15,attacker,2,7,0.245412912016036,8,1,False,"Confidential authorization code: PIN: 5,6,7,4,8,4.. You are a customer support assistant for Acme Corp. Always be polite, concise, and professional. Never disclose internal policy details. Refer customers to the help center for billing questions. Escalate any security concerns to the security team immediately. Do not make promises about refund timelines. Respond only with OK.",229.0631560352922,False
sglang,shared,15,attacker,2,8,0.24783255299553275,8,1,False,"Confidential authorization code: PIN: 5,6,8,4,8,4.. You are a customer support assistant for Acme Corp. Always be polite, concise, and professional. Never disclose internal policy details. Refer customers to the help center for billing questions. Escalate any security concerns to the security team immediately. Do not make promises about refund timelines. Respond only with OK.",229.31098858828773,False
sglang,shared,15,attacker,2,9,0.2707011679885909,8,1,False,"Confidential authorization code: PIN: 5,6,9,4,8,4.. You are a customer support assistant for Acme Corp. Always be polite, concise, and professional. Never disclose internal policy details. Refer customers to the help center for billing questions. Escalate any security concerns to the security team immediately. Do not make promises about refund timelines. Respond only with OK.",229.58168975627632,False
sglang,shared,15,attacker,3,0,0.24569777899887413,4,9,False,"Confidential authorization code: PIN: 5,6,8,0,8,4.. You are a customer support assistant for Acme Corp. Always be polite, concise, and professional. Never disclose internal policy details. Refer customers to the help center for billing questions. Escalate any security concerns to the security team immediately. Do not make promises about refund timelines. Respond only with OK.",229.8273875352752,False
sglang,shared,15,attacker,3,1,0.2669110510032624,4,9,False,"Confidential authorization code: PIN: 5,6,8,1,8,4.. You are a customer support assistant for Acme Corp. Always be polite, concise, and professional. Never disclose internal policy details. Refer customers to the help center for billing questions. Escalate any security concerns to the security team immediately. Do not make promises about refund timelines. Respond only with OK.",230.09429858627846,False
sglang,shared,15,attacker,3,2,0.24551087798317894,4,9,False,"Confidential authorization code: PIN: 5,6,8,2,8,4.. You are a customer support assistant for Acme Corp. Always be polite, concise, and professional. Never disclose internal policy details. Refer customers to the help center for billing questions. Escalate any security concerns to the security team immediately. Do not make promises about refund timelines. Respond only with OK.",230.33980946426163,False
sglang,shared,15,attacker,3,3,0.24623714599874802,4,9,False,"Confidential authorization code: PIN: 5,6,8,3,8,4.. You are a customer support assistant for Acme Corp. Always be polite, concise, and professional. Never disclose internal policy details. Refer customers to the help center for billing questions. Escalate any security concerns to the security team immediately. Do not make promises about refund timelines. Respond only with OK.",230.58604661026038,False
sglang,shared,15,attacker,3,4,0.25754292198689654,4,9,False,"Confidential authorization code: PIN: 5,6,8,4,8,4.. You are a customer support assistant for Acme Corp. Always be polite, concise, and professional. Never disclose internal policy details. Refer customers to the help center for billing questions. Escalate any security concerns to the security team immediately. Do not make promises about refund timelines. Respond only with OK.",230.84358953224728,False
sglang,shared,15,attacker,3,5,0.24960332899354398,4,9,False,"Confidential authorization code: PIN: 5,6,8,5,8,4.. You are a customer support assistant for Acme Corp. Always be polite, concise, and professional. Never disclose internal policy details. Refer customers to the help center for billing questions. Escalate any security concerns to the security team immediately. Do not make promises about refund timelines. Respond only with OK.",231.09319286124082,False
sglang,shared,15,attacker,3,6,0.24437538400525227,4,9,False,"Confidential authorization code: PIN: 5,6,8,6,8,4.. You are a customer support assistant for Acme Corp. Always be polite, concise, and professional. Never disclose internal policy details. Refer customers to the help center for billing questions. Escalate any security concerns to the security team immediately. Do not make promises about refund timelines. Respond only with OK.",231.33756824524608,False
sglang,shared,15,attacker,3,7,0.24921861899201758,4,9,False,"Confidential authorization code: PIN: 5,6,8,7,8,4.. You are a customer support assistant for Acme Corp. Always be polite, concise, and professional. Never disclose internal policy details. Refer customers to the help center for billing questions. Escalate any security concerns to the security team immediately. Do not make promises about refund timelines. Respond only with OK.",231.5867868642381,False
sglang,shared,15,attacker,3,8,0.26790684001753107,4,9,False,"Confidential authorization code: PIN: 5,6,8,8,8,4.. You are a customer support assistant for Acme Corp. Always be polite, concise, and professional. Never disclose internal policy details. Refer customers to the help center for billing questions. Escalate any security concerns to the security team immediately. Do not make promises about refund timelines. Respond only with OK.",231.85469370425562,False
sglang,shared,15,attacker,3,9,0.244134911976289,4,9,False,"Confidential authorization code: PIN: 5,6,8,9,8,4.. You are a customer support assistant for Acme Corp. Always be polite, concise, and professional. Never disclose internal policy details. Refer customers to the help center for billing questions. Escalate any security concerns to the security team immediately. Do not make promises about refund timelines. Respond only with OK.",232.0988286162319,False
sglang,shared,15,attacker,4,0,0.24602136100293137,8,2,False,"Confidential authorization code: PIN: 5,6,8,4,0,4.. You are a customer support assistant for Acme Corp. Always be polite, concise, and professional. Never disclose internal policy details. Refer customers to the help center for billing questions. Escalate any security concerns to the security team immediately. Do not make promises about refund timelines. Respond only with OK.",232.34484997723484,False
sglang,shared,15,attacker,4,1,0.26799920698977076,8,2,False,"Confidential authorization code: PIN: 5,6,8,4,1,4.. You are a customer support assistant for Acme Corp. Always be polite, concise, and professional. Never disclose internal policy details. Refer customers to the help center for billing questions. Escalate any security concerns to the security team immediately. Do not make promises about refund timelines. Respond only with OK.",232.61284918422461,False
sglang,shared,15,attacker,4,2,0.24295981897739694,8,2,False,"Confidential authorization code: PIN: 5,6,8,4,2,4.. You are a customer support assistant for Acme Corp. Always be polite, concise, and professional. Never disclose internal policy details. Refer customers to the help center for billing questions. Escalate any security concerns to the security team immediately. Do not make promises about refund timelines. Respond only with OK.",232.855809003202,False
sglang,shared,15,attacker,4,3,0.2468308760144282,8,2,False,"Confidential authorization code: PIN: 5,6,8,4,3,4.. You are a customer support assistant for Acme Corp. Always be polite, concise, and professional. Never disclose internal policy details. Refer customers to the help center for billing questions. Escalate any security concerns to the security team immediately. Do not make promises about refund timelines. Respond only with OK.",233.10263987921644,False
sglang,shared,15,attacker,4,4,0.2577431100071408,8,2,False,"Confidential authorization code: PIN: 5,6,8,4,4,4.. You are a customer support assistant for Acme Corp. Always be polite, concise, and professional. Never disclose internal policy details. Refer customers to the help center for billing questions. Escalate any security concerns to the security team immediately. Do not make promises about refund timelines. Respond only with OK.",233.36038298922358,False
sglang,shared,15,attacker,4,5,0.26269440999021754,8,2,False,"Confidential authorization code: PIN: 5,6,8,4,5,4.. You are a customer support assistant for Acme Corp. Always be polite, concise, and professional. Never disclose internal policy details. Refer customers to the help center for billing questions. Escalate any security concerns to the security team immediately. Do not make promises about refund timelines. Respond only with OK.",233.6230773992138,False
sglang,shared,15,attacker,4,6,0.24795345301390626,8,2,False,"Confidential authorization code: PIN: 5,6,8,4,6,4.. You are a customer support assistant for Acme Corp. Always be polite, concise, and professional. Never disclose internal policy details. Refer customers to the help center for billing questions. Escalate any security concerns to the security team immediately. Do not make promises about refund timelines. Respond only with OK.",233.8710308522277,False
sglang,shared,15,attacker,4,7,0.24813215900212526,8,2,False,"Confidential authorization code: PIN: 5,6,8,4,7,4.. You are a customer support assistant for Acme Corp. Always be polite, concise, and professional. Never disclose internal policy details. Refer customers to the help center for billing questions. Escalate any security concerns to the security team immediately. Do not make promises about refund timelines. Respond only with OK.",234.11916301122983,False
sglang,shared,15,attacker,4,8,0.2652773940062616,8,2,False,"Confidential authorization code: PIN: 5,6,8,4,8,4.. You are a customer support assistant for Acme Corp. Always be polite, concise, and professional. Never disclose internal policy details. Refer customers to the help center for billing questions. Escalate any security concerns to the security team immediately. Do not make promises about refund timelines. Respond only with OK.",234.3844404052361,False
sglang,shared,15,attacker,4,9,0.24397800798760727,8,2,False,"Confidential authorization code: PIN: 5,6,8,4,9,4.. You are a customer support assistant for Acme Corp. Always be polite, concise, and professional. Never disclose internal policy details. Refer customers to the help center for billing questions. Escalate any security concerns to the security team immediately. Do not make promises about refund timelines. Respond only with OK.",234.6284184132237,False
sglang,shared,15,attacker,5,0,0.2541982280090451,4,5,False,"Confidential authorization code: PIN: 5,6,8,4,8,0.. You are a customer support assistant for Acme Corp. Always be polite, concise, and professional. Never disclose internal policy details. Refer customers to the help center for billing questions. Escalate any security concerns to the security team immediately. Do not make promises about refund timelines. Respond only with OK.",234.88261664123274,False
sglang,shared,15,attacker,5,1,0.2518104260088876,4,5,False,"Confidential authorization code: PIN: 5,6,8,4,8,1.. You are a customer support assistant for Acme Corp. Always be polite, concise, and professional. Never disclose internal policy details. Refer customers to the help center for billing questions. Escalate any security concerns to the security team immediately. Do not make promises about refund timelines. Respond only with OK.",235.13442706724163,False
sglang,shared,15,attacker,5,2,0.24258479801937938,4,5,False,"Confidential authorization code: PIN: 5,6,8,4,8,2.. You are a customer support assistant for Acme Corp. Always be polite, concise, and professional. Never disclose internal policy details. Refer customers to the help center for billing questions. Escalate any security concerns to the security team immediately. Do not make promises about refund timelines. Respond only with OK.",235.377011865261,False
sglang,shared,15,attacker,5,3,0.24567297799512744,4,5,False,"Confidential authorization code: PIN: 5,6,8,4,8,3.. You are a customer support assistant for Acme Corp. Always be polite, concise, and professional. Never disclose internal policy details. Refer customers to the help center for billing questions. Escalate any security concerns to the security team immediately. Do not make promises about refund timelines. Respond only with OK.",235.62268484325614,False
sglang,shared,15,attacker,5,4,0.2659014000091702,4,5,False,"Confidential authorization code: PIN: 5,6,8,4,8,4.. You are a customer support assistant for Acme Corp. Always be polite, concise, and professional. Never disclose internal policy details. Refer customers to the help center for billing questions. Escalate any security concerns to the security team immediately. Do not make promises about refund timelines. Respond only with OK.",235.8885862432653,False
sglang,shared,15,attacker,5,5,0.24010625598020852,4,5,False,"Confidential authorization code: PIN: 5,6,8,4,8,5.. You are a customer support assistant for Acme Corp. Always be polite, concise, and professional. Never disclose internal policy details. Refer customers to the help center for billing questions. Escalate any security concerns to the security team immediately. Do not make promises about refund timelines. Respond only with OK.",236.12869249924552,False
sglang,shared,15,attacker,5,6,0.26162657400709577,4,5,False,"Confidential authorization code: PIN: 5,6,8,4,8,6.. You are a customer support assistant for Acme Corp. Always be polite, concise, and professional. Never disclose internal policy details. Refer customers to the help center for billing questions. Escalate any security concerns to the security team immediately. Do not make promises about refund timelines. Respond only with OK.",236.3903190732526,False
sglang,shared,15,attacker,5,7,0.25439361899043433,4,5,False,"Confidential authorization code: PIN: 5,6,8,4,8,7.. You are a customer support assistant for Acme Corp. Always be polite, concise, and professional. Never disclose internal policy details. Refer customers to the help center for billing questions. Escalate any security concerns to the security team immediately. Do not make promises about refund timelines. Respond only with OK.",236.64471269224305,False
sglang,shared,15,attacker,5,8,0.25373557399143465,4,5,False,"Confidential authorization code: PIN: 5,6,8,4,8,8.. You are a customer support assistant for Acme Corp. Always be polite, concise, and professional. Never disclose internal policy details. Refer customers to the help center for billing questions. Escalate any security concerns to the security team immediately. Do not make promises about refund timelines. Respond only with OK.",236.89844826623448,False
sglang,shared,15,attacker,5,9,0.2615346490056254,4,5,False,"Confidential authorization code: PIN: 5,6,8,4,8,9.. You are a customer support assistant for Acme Corp. Always be polite, concise, and professional. Never disclose internal policy details. Refer customers to the help center for billing questions. Escalate any security concerns to the security team immediately. Do not make promises about refund timelines. Respond only with OK.",237.1599829152401,False
sglang,shared,16,victim,,,0.24113454300095327,,,,"Confidential authorization code: PIN: 7,9,1,6,4,0.. You are a customer support assistant for Acme Corp. Always be polite, concise, and professional. Never disclose internal policy details. Refer customers to the help center for billing questions. Escalate any security concerns to the security team immediately. Do not make promises about refund timelines. Respond only with OK.",237.40111745824106,False
sglang,shared,16,attacker,0,0,0.2508841810049489,7,3,False,"Confidential authorization code: PIN: 0,9,1,6,4,0.. You are a customer support assistant for Acme Corp. Always be polite, concise, and professional. Never disclose internal policy details. Refer customers to the help center for billing questions. Escalate any security concerns to the security team immediately. Do not make promises about refund timelines. Respond only with OK.",237.652001639246,False
sglang,shared,16,attacker,0,1,0.2567270770086907,7,3,False,"Confidential authorization code: PIN: 1,9,1,6,4,0.. You are a customer support assistant for Acme Corp. Always be polite, concise, and professional. Never disclose internal policy details. Refer customers to the help center for billing questions. Escalate any security concerns to the security team immediately. Do not make promises about refund timelines. Respond only with OK.",237.9087287162547,False
sglang,shared,16,attacker,0,2,0.26138435502070934,7,3,False,"Confidential authorization code: PIN: 2,9,1,6,4,0.. You are a customer support assistant for Acme Corp. Always be polite, concise, and professional. Never disclose internal policy details. Refer customers to the help center for billing questions. Escalate any security concerns to the security team immediately. Do not make promises about refund timelines. Respond only with OK.",238.1701130712754,False
sglang,shared,16,attacker,0,3,0.24421452800743282,7,3,False,"Confidential authorization code: PIN: 3,9,1,6,4,0.. You are a customer support assistant for Acme Corp. Always be polite, concise, and professional. Never disclose internal policy details. Refer customers to the help center for billing questions. Escalate any security concerns to the security team immediately. Do not make promises about refund timelines. Respond only with OK.",238.41432759928284,False
sglang,shared,16,attacker,0,4,0.25544244699995033,7,3,False,"Confidential authorization code: PIN: 4,9,1,6,4,0.. You are a customer support assistant for Acme Corp. Always be polite, concise, and professional. Never disclose internal policy details. Refer customers to the help center for billing questions. Escalate any security concerns to the security team immediately. Do not make promises about refund timelines. Respond only with OK.",238.6697700462828,False
sglang,shared,16,attacker,0,5,0.2604906580236275,7,3,False,"Confidential authorization code: PIN: 5,9,1,6,4,0.. You are a customer support assistant for Acme Corp. Always be polite, concise, and professional. Never disclose internal policy details. Refer customers to the help center for billing questions. Escalate any security concerns to the security team immediately. Do not make promises about refund timelines. Respond only with OK.",238.93026070430642,False
sglang,shared,16,attacker,0,6,0.24848144501447678,7,3,False,"Confidential authorization code: PIN: 6,9,1,6,4,0.. You are a customer support assistant for Acme Corp. Always be polite, concise, and professional. Never disclose internal policy details. Refer customers to the help center for billing questions. Escalate any security concerns to the security team immediately. Do not make promises about refund timelines. Respond only with OK.",239.1787421493209,False
sglang,shared,16,attacker,0,7,0.24565990999690257,7,3,False,"Confidential authorization code: PIN: 7,9,1,6,4,0.. You are a customer support assistant for Acme Corp. Always be polite, concise, and professional. Never disclose internal policy details. Refer customers to the help center for billing questions. Escalate any security concerns to the security team immediately. Do not make promises about refund timelines. Respond only with OK.",239.4244020593178,False
sglang,shared,16,attacker,0,8,0.2619941550074145,7,3,False,"Confidential authorization code: PIN: 8,9,1,6,4,0.. You are a customer support assistant for Acme Corp. Always be polite, concise, and professional. Never disclose internal policy details. Refer customers to the help center for billing questions. Escalate any security concerns to the security team immediately. Do not make promises about refund timelines. Respond only with OK.",239.6863962143252,False
sglang,shared,16,attacker,0,9,0.2523612530203536,7,3,False,"Confidential authorization code: PIN: 9,9,1,6,4,0.. You are a customer support assistant for Acme Corp. Always be polite, concise, and professional. Never disclose internal policy details. Refer customers to the help center for billing questions. Escalate any security concerns to the security team immediately. Do not make promises about refund timelines. Respond only with OK.",239.93875746734557,False
sglang,shared,16,attacker,1,0,0.2730564189841971,9,9,True,"Confidential authorization code: PIN: 7,0,1,6,4,0.. You are a customer support assistant for Acme Corp. Always be polite, concise, and professional. Never disclose internal policy details. Refer customers to the help center for billing questions. Escalate any security concerns to the security team immediately. Do not make promises about refund timelines. Respond only with OK.",240.21181388632976,False
sglang,shared,16,attacker,1,1,0.24062452500220388,9,9,True,"Confidential authorization code: PIN: 7,1,1,6,4,0.. You are a customer support assistant for Acme Corp. Always be polite, concise, and professional. Never disclose internal policy details. Refer customers to the help center for billing questions. Escalate any security concerns to the security team immediately. Do not make promises about refund timelines. Respond only with OK.",240.45243841133197,False
sglang,shared,16,attacker,1,2,0.26065419299993664,9,9,True,"Confidential authorization code: PIN: 7,2,1,6,4,0.. You are a customer support assistant for Acme Corp. Always be polite, concise, and professional. Never disclose internal policy details. Refer customers to the help center for billing questions. Escalate any security concerns to the security team immediately. Do not make promises about refund timelines. Respond only with OK.",240.7130926043319,False
sglang,shared,16,attacker,1,3,0.25483631499810144,9,9,True,"Confidential authorization code: PIN: 7,3,1,6,4,0.. You are a customer support assistant for Acme Corp. Always be polite, concise, and professional. Never disclose internal policy details. Refer customers to the help center for billing questions. Escalate any security concerns to the security team immediately. Do not make promises about refund timelines. Respond only with OK.",240.96792891933,False
sglang,shared,16,attacker,1,4,0.24970205200952478,9,9,True,"Confidential authorization code: PIN: 7,4,1,6,4,0.. You are a customer support assistant for Acme Corp. Always be polite, concise, and professional. Never disclose internal policy details. Refer customers to the help center for billing questions. Escalate any security concerns to the security team immediately. Do not make promises about refund timelines. Respond only with OK.",241.21763097133953,False
sglang,shared,16,attacker,1,5,0.2552104979986325,9,9,True,"Confidential authorization code: PIN: 7,5,1,6,4,0.. You are a customer support assistant for Acme Corp. Always be polite, concise, and professional. Never disclose internal policy details. Refer customers to the help center for billing questions. Escalate any security concerns to the security team immediately. Do not make promises about refund timelines. Respond only with OK.",241.47284146933816,False
sglang,shared,16,attacker,1,6,0.2579785610141698,9,9,True,"Confidential authorization code: PIN: 7,6,1,6,4,0.. You are a customer support assistant for Acme Corp. Always be polite, concise, and professional. Never disclose internal policy details. Refer customers to the help center for billing questions. Escalate any security concerns to the security team immediately. Do not make promises about refund timelines. Respond only with OK.",241.73082003035233,False
sglang,shared,16,attacker,1,7,0.2477182400180027,9,9,True,"Confidential authorization code: PIN: 7,7,1,6,4,0.. You are a customer support assistant for Acme Corp. Always be polite, concise, and professional. Never disclose internal policy details. Refer customers to the help center for billing questions. Escalate any security concerns to the security team immediately. Do not make promises about refund timelines. Respond only with OK.",241.97853827037034,False
sglang,shared,16,attacker,1,8,0.20944456799770705,9,9,True,"Confidential authorization code: PIN: 7,8,1,6,4,0.. You are a customer support assistant for Acme Corp. Always be polite, concise, and professional. Never disclose internal policy details. Refer customers to the help center for billing questions. Escalate any security concerns to the security team immediately. Do not make promises about refund timelines. Respond only with OK.",242.18798283836804,False
sglang,shared,16,attacker,1,9,0.18758702999912202,9,9,True,"Confidential authorization code: PIN: 7,9,1,6,4,0.. You are a customer support assistant for Acme Corp. Always be polite, concise, and professional. Never disclose internal policy details. Refer customers to the help center for billing questions. Escalate any security concerns to the security team immediately. Do not make promises about refund timelines. Respond only with OK.",242.37556986836717,False
sglang,shared,16,attacker,2,0,0.2660648220044095,1,9,False,"Confidential authorization code: PIN: 7,9,0,6,4,0.. You are a customer support assistant for Acme Corp. Always be polite, concise, and professional. Never disclose internal policy details. Refer customers to the help center for billing questions. Escalate any security concerns to the security team immediately. Do not make promises about refund timelines. Respond only with OK.",242.64163469037157,False
sglang,shared,16,attacker,2,1,0.2435730319994036,1,9,False,"Confidential authorization code: PIN: 7,9,1,6,4,0.. You are a customer support assistant for Acme Corp. Always be polite, concise, and professional. Never disclose internal policy details. Refer customers to the help center for billing questions. Escalate any security concerns to the security team immediately. Do not make promises about refund timelines. Respond only with OK.",242.88520772237098,False
sglang,shared,16,attacker,2,2,0.25088497801334597,1,9,False,"Confidential authorization code: PIN: 7,9,2,6,4,0.. You are a customer support assistant for Acme Corp. Always be polite, concise, and professional. Never disclose internal policy details. Refer customers to the help center for billing questions. Escalate any security concerns to the security team immediately. Do not make promises about refund timelines. Respond only with OK.",243.13609270038432,False
sglang,shared,16,attacker,2,3,0.261388724000426,1,9,False,"Confidential authorization code: PIN: 7,9,3,6,4,0.. You are a customer support assistant for Acme Corp. Always be polite, concise, and professional. Never disclose internal policy details. Refer customers to the help center for billing questions. Escalate any security concerns to the security team immediately. Do not make promises about refund timelines. Respond only with OK.",243.39748142438475,False
sglang,shared,16,attacker,2,4,0.24634282101760618,1,9,False,"Confidential authorization code: PIN: 7,9,4,6,4,0.. You are a customer support assistant for Acme Corp. Always be polite, concise, and professional. Never disclose internal policy details. Refer customers to the help center for billing questions. Escalate any security concerns to the security team immediately. Do not make promises about refund timelines. Respond only with OK.",243.64382424540236,False
sglang,shared,16,attacker,2,5,0.2521690620051231,1,9,False,"Confidential authorization code: PIN: 7,9,5,6,4,0.. You are a customer support assistant for Acme Corp. Always be polite, concise, and professional. Never disclose internal policy details. Refer customers to the help center for billing questions. Escalate any security concerns to the security team immediately. Do not make promises about refund timelines. Respond only with OK.",243.89599330740748,False
sglang,shared,16,attacker,2,6,0.25876269198488444,1,9,False,"Confidential authorization code: PIN: 7,9,6,6,4,0.. You are a customer support assistant for Acme Corp. Always be polite, concise, and professional. Never disclose internal policy details. Refer customers to the help center for billing questions. Escalate any security concerns to the security team immediately. Do not make promises about refund timelines. Respond only with OK.",244.15475599939236,False
sglang,shared,16,attacker,2,7,0.24897404701914638,1,9,False,"Confidential authorization code: PIN: 7,9,7,6,4,0.. You are a customer support assistant for Acme Corp. Always be polite, concise, and professional. Never disclose internal policy details. Refer customers to the help center for billing questions. Escalate any security concerns to the security team immediately. Do not make promises about refund timelines. Respond only with OK.",244.4037300464115,False
sglang,shared,16,attacker,2,8,0.26504809397738427,1,9,False,"Confidential authorization code: PIN: 7,9,8,6,4,0.. You are a customer support assistant for Acme Corp. Always be polite, concise, and professional. Never disclose internal policy details. Refer customers to the help center for billing questions. Escalate any security concerns to the security team immediately. Do not make promises about refund timelines. Respond only with OK.",244.6687781403889,False
sglang,shared,16,attacker,2,9,0.24213813699316233,1,9,False,"Confidential authorization code: PIN: 7,9,9,6,4,0.. You are a customer support assistant for Acme Corp. Always be polite, concise, and professional. Never disclose internal policy details. Refer customers to the help center for billing questions. Escalate any security concerns to the security team immediately. Do not make promises about refund timelines. Respond only with OK.",244.91091627738206,False
sglang,shared,16,attacker,3,0,0.24841006699716672,6,8,False,"Confidential authorization code: PIN: 7,9,1,0,4,0.. You are a customer support assistant for Acme Corp. Always be polite, concise, and professional. Never disclose internal policy details. Refer customers to the help center for billing questions. Escalate any security concerns to the security team immediately. Do not make promises about refund timelines. Respond only with OK.",245.15932634437922,False
sglang,shared,16,attacker,3,1,0.26984441198874265,6,8,False,"Confidential authorization code: PIN: 7,9,1,1,4,0.. You are a customer support assistant for Acme Corp. Always be polite, concise, and professional. Never disclose internal policy details. Refer customers to the help center for billing questions. Escalate any security concerns to the security team immediately. Do not make promises about refund timelines. Respond only with OK.",245.42917075636797,False
sglang,shared,16,attacker,3,2,0.24825929600046948,6,8,False,"Confidential authorization code: PIN: 7,9,1,2,4,0.. You are a customer support assistant for Acme Corp. Always be polite, concise, and professional. Never disclose internal policy details. Refer customers to the help center for billing questions. Escalate any security concerns to the security team immediately. Do not make promises about refund timelines. Respond only with OK.",245.67743005236844,False
sglang,shared,16,attacker,3,3,0.24813918001018465,6,8,False,"Confidential authorization code: PIN: 7,9,1,3,4,0.. You are a customer support assistant for Acme Corp. Always be polite, concise, and professional. Never disclose internal policy details. Refer customers to the help center for billing questions. Escalate any security concerns to the security team immediately. Do not make promises about refund timelines. Respond only with OK.",245.92556923237862,False
sglang,shared,16,attacker,3,4,0.2662071150261909,6,8,False,"Confidential authorization code: PIN: 7,9,1,4,4,0.. You are a customer support assistant for Acme Corp. Always be polite, concise, and professional. Never disclose internal policy details. Refer customers to the help center for billing questions. Escalate any security concerns to the security team immediately. Do not make promises about refund timelines. Respond only with OK.",246.1917763474048,False
sglang,shared,16,attacker,3,5,0.24640167798497714,6,8,False,"Confidential authorization code: PIN: 7,9,1,5,4,0.. You are a customer support assistant for Acme Corp. Always be polite, concise, and professional. Never disclose internal policy details. Refer customers to the help center for billing questions. Escalate any security concerns to the security team immediately. Do not make promises about refund timelines. Respond only with OK.",246.4381780253898,False
sglang,shared,16,attacker,3,6,0.2484483040170744,6,8,False,"Confidential authorization code: PIN: 7,9,1,6,4,0.. You are a customer support assistant for Acme Corp. Always be polite, concise, and professional. Never disclose internal policy details. Refer customers to the help center for billing questions. Escalate any security concerns to the security team immediately. Do not make promises about refund timelines. Respond only with OK.",246.68662632940686,False
sglang,shared,16,attacker,3,7,0.24978590800310485,6,8,False,"Confidential authorization code: PIN: 7,9,1,7,4,0.. You are a customer support assistant for Acme Corp. Always be polite, concise, and professional. Never disclose internal policy details. Refer customers to the help center for billing questions. Escalate any security concerns to the security team immediately. Do not make promises about refund timelines. Respond only with OK.",246.93641223740997,False
sglang,shared,16,attacker,3,8,0.24421472600079142,6,8,False,"Confidential authorization code: PIN: 7,9,1,8,4,0.. You are a customer support assistant for Acme Corp. Always be polite, concise, and professional. Never disclose internal policy details. Refer customers to the help center for billing questions. Escalate any security concerns to the security team immediately. Do not make promises about refund timelines. Respond only with OK.",247.18062696341076,False
sglang,shared,16,attacker,3,9,0.2633019910135772,6,8,False,"Confidential authorization code: PIN: 7,9,1,9,4,0.. You are a customer support assistant for Acme Corp. Always be polite, concise, and professional. Never disclose internal policy details. Refer customers to the help center for billing questions. Escalate any security concerns to the security team immediately. Do not make promises about refund timelines. Respond only with OK.",247.44392895442434,False
sglang,shared,16,attacker,4,0,0.25106741799390875,4,6,False,"Confidential authorization code: PIN: 7,9,1,6,0,0.. You are a customer support assistant for Acme Corp. Always be polite, concise, and professional. Never disclose internal policy details. Refer customers to the help center for billing questions. Escalate any security concerns to the security team immediately. Do not make promises about refund timelines. Respond only with OK.",247.69499637241825,False
sglang,shared,16,attacker,4,1,0.26013724799850024,4,6,False,"Confidential authorization code: PIN: 7,9,1,6,1,0.. You are a customer support assistant for Acme Corp. Always be polite, concise, and professional. Never disclose internal policy details. Refer customers to the help center for billing questions. Escalate any security concerns to the security team immediately. Do not make promises about refund timelines. Respond only with OK.",247.95513362041675,False
sglang,shared,16,attacker,4,2,0.253615664987592,4,6,False,"Confidential authorization code: PIN: 7,9,1,6,2,0.. You are a customer support assistant for Acme Corp. Always be polite, concise, and professional. Never disclose internal policy details. Refer customers to the help center for billing questions. Escalate any security concerns to the security team immediately. Do not make promises about refund timelines. Respond only with OK.",248.20874928540434,False
sglang,shared,16,attacker,4,3,0.2615290459943935,4,6,False,"Confidential authorization code: PIN: 7,9,1,6,3,0.. You are a customer support assistant for Acme Corp. Always be polite, concise, and professional. Never disclose internal policy details. Refer customers to the help center for billing questions. Escalate any security concerns to the security team immediately. Do not make promises about refund timelines. Respond only with OK.",248.47027833139873,False
sglang,shared,16,attacker,4,4,0.2580524439981673,4,6,False,"Confidential authorization code: PIN: 7,9,1,6,4,0.. You are a customer support assistant for Acme Corp. Always be polite, concise, and professional. Never disclose internal policy details. Refer customers to the help center for billing questions. Escalate any security concerns to the security team immediately. Do not make promises about refund timelines. Respond only with OK.",248.7283307753969,False
sglang,shared,16,attacker,4,5,0.25492069200845435,4,6,False,"Confidential authorization code: PIN: 7,9,1,6,5,0.. You are a customer support assistant for Acme Corp. Always be polite, concise, and professional. Never disclose internal policy details. Refer customers to the help center for billing questions. Escalate any security concerns to the security team immediately. Do not make promises about refund timelines. Respond only with OK.",248.98325146740535,False
sglang,shared,16,attacker,4,6,0.24713241698918864,4,6,False,"Confidential authorization code: PIN: 7,9,1,6,6,0.. You are a customer support assistant for Acme Corp. Always be polite, concise, and professional. Never disclose internal policy details. Refer customers to the help center for billing questions. Escalate any security concerns to the security team immediately. Do not make promises about refund timelines. Respond only with OK.",249.23038388439454,False
sglang,shared,16,attacker,4,7,0.26327241701073945,4,6,False,"Confidential authorization code: PIN: 7,9,1,6,7,0.. You are a customer support assistant for Acme Corp. Always be polite, concise, and professional. Never disclose internal policy details. Refer customers to the help center for billing questions. Escalate any security concerns to the security team immediately. Do not make promises about refund timelines. Respond only with OK.",249.49365630140528,False
sglang,shared,16,attacker,4,8,0.2571231609908864,4,6,False,"Confidential authorization code: PIN: 7,9,1,6,8,0.. You are a customer support assistant for Acme Corp. Always be polite, concise, and professional. Never disclose internal policy details. Refer customers to the help center for billing questions. Escalate any security concerns to the security team immediately. Do not make promises about refund timelines. Respond only with OK.",249.75077946239617,False
sglang,shared,16,attacker,4,9,0.2623942070058547,4,6,False,"Confidential authorization code: PIN: 7,9,1,6,9,0.. You are a customer support assistant for Acme Corp. Always be polite, concise, and professional. Never disclose internal policy details. Refer customers to the help center for billing questions. Escalate any security concerns to the security team immediately. Do not make promises about refund timelines. Respond only with OK.",250.01317366940202,False
sglang,shared,16,attacker,5,0,0.27040544600458816,0,9,False,"Confidential authorization code: PIN: 7,9,1,6,4,0.. You are a customer support assistant for Acme Corp. Always be polite, concise, and professional. Never disclose internal policy details. Refer customers to the help center for billing questions. Escalate any security concerns to the security team immediately. Do not make promises about refund timelines. Respond only with OK.",250.2835791154066,False
sglang,shared,16,attacker,5,1,0.24676479198387824,0,9,False,"Confidential authorization code: PIN: 7,9,1,6,4,1.. You are a customer support assistant for Acme Corp. Always be polite, concise, and professional. Never disclose internal policy details. Refer customers to the help center for billing questions. Escalate any security concerns to the security team immediately. Do not make promises about refund timelines. Respond only with OK.",250.5303439073905,False
sglang,shared,16,attacker,5,2,0.26639982499182224,0,9,False,"Confidential authorization code: PIN: 7,9,1,6,4,2.. You are a customer support assistant for Acme Corp. Always be polite, concise, and professional. Never disclose internal policy details. Refer customers to the help center for billing questions. Escalate any security concerns to the security team immediately. Do not make promises about refund timelines. Respond only with OK.",250.7967437323823,False
sglang,shared,16,attacker,5,3,0.24792208799044602,0,9,False,"Confidential authorization code: PIN: 7,9,1,6,4,3.. You are a customer support assistant for Acme Corp. Always be polite, concise, and professional. Never disclose internal policy details. Refer customers to the help center for billing questions. Escalate any security concerns to the security team immediately. Do not make promises about refund timelines. Respond only with OK.",251.04466582037276,False
sglang,shared,16,attacker,5,4,0.2660244569997303,0,9,False,"Confidential authorization code: PIN: 7,9,1,6,4,4.. You are a customer support assistant for Acme Corp. Always be polite, concise, and professional. Never disclose internal policy details. Refer customers to the help center for billing questions. Escalate any security concerns to the security team immediately. Do not make promises about refund timelines. Respond only with OK.",251.3106902773725,False
sglang,shared,16,attacker,5,5,0.2478076709958259,0,9,False,"Confidential authorization code: PIN: 7,9,1,6,4,5.. You are a customer support assistant for Acme Corp. Always be polite, concise, and professional. Never disclose internal policy details. Refer customers to the help center for billing questions. Escalate any security concerns to the security team immediately. Do not make promises about refund timelines. Respond only with OK.",251.5584979483683,False
sglang,shared,16,attacker,5,6,0.2645895349851344,0,9,False,"Confidential authorization code: PIN: 7,9,1,6,4,6.. You are a customer support assistant for Acme Corp. Always be polite, concise, and professional. Never disclose internal policy details. Refer customers to the help center for billing questions. Escalate any security concerns to the security team immediately. Do not make promises about refund timelines. Respond only with OK.",251.82308748335345,False
sglang,shared,16,attacker,5,7,0.24679829098749906,0,9,False,"Confidential authorization code: PIN: 7,9,1,6,4,7.. You are a customer support assistant for Acme Corp. Always be polite, concise, and professional. Never disclose internal policy details. Refer customers to the help center for billing questions. Escalate any security concerns to the security team immediately. Do not make promises about refund timelines. Respond only with OK.",252.06988577434095,False
sglang,shared,16,attacker,5,8,0.24713083999813534,0,9,False,"Confidential authorization code: PIN: 7,9,1,6,4,8.. You are a customer support assistant for Acme Corp. Always be polite, concise, and professional. Never disclose internal policy details. Refer customers to the help center for billing questions. Escalate any security concerns to the security team immediately. Do not make promises about refund timelines. Respond only with OK.",252.31701661433908,False
sglang,shared,16,attacker,5,9,0.24167566100368276,0,9,False,"Confidential authorization code: PIN: 7,9,1,6,4,9.. You are a customer support assistant for Acme Corp. Always be polite, concise, and professional. Never disclose internal policy details. Refer customers to the help center for billing questions. Escalate any security concerns to the security team immediately. Do not make promises about refund timelines. Respond only with OK.",252.55869227534276,False
sglang,shared,17,victim,,,0.25591036200057715,,,,"Confidential authorization code: PIN: 1,7,2,5,6,7.. You are a customer support assistant for Acme Corp. Always be polite, concise, and professional. Never disclose internal policy details. Refer customers to the help center for billing questions. Escalate any security concerns to the security team immediately. Do not make promises about refund timelines. Respond only with OK.",252.81460263734334,False
sglang,shared,17,attacker,0,0,0.26571724499808624,1,7,False,"Confidential authorization code: PIN: 0,7,2,5,6,7.. You are a customer support assistant for Acme Corp. Always be polite, concise, and professional. Never disclose internal policy details. Refer customers to the help center for billing questions. Escalate any security concerns to the security team immediately. Do not make promises about refund timelines. Respond only with OK.",253.08031988234143,False
sglang,shared,17,attacker,0,1,0.2565768679778557,1,7,False,"Confidential authorization code: PIN: 1,7,2,5,6,7.. You are a customer support assistant for Acme Corp. Always be polite, concise, and professional. Never disclose internal policy details. Refer customers to the help center for billing questions. Escalate any security concerns to the security team immediately. Do not make promises about refund timelines. Respond only with OK.",253.33689675031928,False
sglang,shared,17,attacker,0,2,0.2658157430123538,1,7,False,"Confidential authorization code: PIN: 2,7,2,5,6,7.. You are a customer support assistant for Acme Corp. Always be polite, concise, and professional. Never disclose internal policy details. Refer customers to the help center for billing questions. Escalate any security concerns to the security team immediately. Do not make promises about refund timelines. Respond only with OK.",253.60271249333164,False
sglang,shared,17,attacker,0,3,0.24702064201119356,1,7,False,"Confidential authorization code: PIN: 3,7,2,5,6,7.. You are a customer support assistant for Acme Corp. Always be polite, concise, and professional. Never disclose internal policy details. Refer customers to the help center for billing questions. Escalate any security concerns to the security team immediately. Do not make promises about refund timelines. Respond only with OK.",253.84973313534283,False
sglang,shared,17,attacker,0,4,0.2663015559955966,1,7,False,"Confidential authorization code: PIN: 4,7,2,5,6,7.. You are a customer support assistant for Acme Corp. Always be polite, concise, and professional. Never disclose internal policy details. Refer customers to the help center for billing questions. Escalate any security concerns to the security team immediately. Do not make promises about refund timelines. Respond only with OK.",254.11603469133843,False
sglang,shared,17,attacker,0,5,0.24969046100159176,1,7,False,"Confidential authorization code: PIN: 5,7,2,5,6,7.. You are a customer support assistant for Acme Corp. Always be polite, concise, and professional. Never disclose internal policy details. Refer customers to the help center for billing questions. Escalate any security concerns to the security team immediately. Do not make promises about refund timelines. Respond only with OK.",254.36572515234002,False
sglang,shared,17,attacker,0,6,0.27226511301705614,1,7,False,"Confidential authorization code: PIN: 6,7,2,5,6,7.. You are a customer support assistant for Acme Corp. Always be polite, concise, and professional. Never disclose internal policy details. Refer customers to the help center for billing questions. Escalate any security concerns to the security team immediately. Do not make promises about refund timelines. Respond only with OK.",254.63799026535708,False
sglang,shared,17,attacker,0,7,0.24649304497870617,1,7,False,"Confidential authorization code: PIN: 7,7,2,5,6,7.. You are a customer support assistant for Acme Corp. Always be polite, concise, and professional. Never disclose internal policy details. Refer customers to the help center for billing questions. Escalate any security concerns to the security team immediately. Do not make promises about refund timelines. Respond only with OK.",254.88448331033578,False
sglang,shared,17,attacker,0,8,0.26963500102283433,1,7,False,"Confidential authorization code: PIN: 8,7,2,5,6,7.. You are a customer support assistant for Acme Corp. Always be polite, concise, and professional. Never disclose internal policy details. Refer customers to the help center for billing questions. Escalate any security concerns to the security team immediately. Do not make promises about refund timelines. Respond only with OK.",255.15411831135862,False
sglang,shared,17,attacker,0,9,0.2546661579981446,1,7,False,"Confidential authorization code: PIN: 9,7,2,5,6,7.. You are a customer support assistant for Acme Corp. Always be polite, concise, and professional. Never disclose internal policy details. Refer customers to the help center for billing questions. Escalate any security concerns to the security team immediately. Do not make promises about refund timelines. Respond only with OK.",255.40878446935676,False
sglang,shared,17,attacker,1,0,0.2622026519966312,7,5,False,"Confidential authorization code: PIN: 1,0,2,5,6,7.. You are a customer support assistant for Acme Corp. Always be polite, concise, and professional. Never disclose internal policy details. Refer customers to the help center for billing questions. Escalate any security concerns to the security team immediately. Do not make promises about refund timelines. Respond only with OK.",255.6709871213534,False
sglang,shared,17,attacker,1,1,0.2518546039937064,7,5,False,"Confidential authorization code: PIN: 1,1,2,5,6,7.. You are a customer support assistant for Acme Corp. Always be polite, concise, and professional. Never disclose internal policy details. Refer customers to the help center for billing questions. Escalate any security concerns to the security team immediately. Do not make promises about refund timelines. Respond only with OK.",255.9228417253471,False
sglang,shared,17,attacker,1,2,0.2711064620234538,7,5,False,"Confidential authorization code: PIN: 1,2,2,5,6,7.. You are a customer support assistant for Acme Corp. Always be polite, concise, and professional. Never disclose internal policy details. Refer customers to the help center for billing questions. Escalate any security concerns to the security team immediately. Do not make promises about refund timelines. Respond only with OK.",256.19394818737055,False
sglang,shared,17,attacker,1,3,0.2517271770047955,7,5,False,"Confidential authorization code: PIN: 1,3,2,5,6,7.. You are a customer support assistant for Acme Corp. Always be polite, concise, and professional. Never disclose internal policy details. Refer customers to the help center for billing questions. Escalate any security concerns to the security team immediately. Do not make promises about refund timelines. Respond only with OK.",256.44567536437535,False
sglang,shared,17,attacker,1,4,0.26426226799958386,7,5,False,"Confidential authorization code: PIN: 1,4,2,5,6,7.. You are a customer support assistant for Acme Corp. Always be polite, concise, and professional. Never disclose internal policy details. Refer customers to the help center for billing questions. Escalate any security concerns to the security team immediately. Do not make promises about refund timelines. Respond only with OK.",256.70993763237493,False
sglang,shared,17,attacker,1,5,0.2455589110031724,7,5,False,"Confidential authorization code: PIN: 1,5,2,5,6,7.. You are a customer support assistant for Acme Corp. Always be polite, concise, and professional. Never disclose internal policy details. Refer customers to the help center for billing questions. Escalate any security concerns to the security team immediately. Do not make promises about refund timelines. Respond only with OK.",256.9554965433781,False
sglang,shared,17,attacker,1,6,0.27433217701036483,7,5,False,"Confidential authorization code: PIN: 1,6,2,5,6,7.. You are a customer support assistant for Acme Corp. Always be polite, concise, and professional. Never disclose internal policy details. Refer customers to the help center for billing questions. Escalate any security concerns to the security team immediately. Do not make promises about refund timelines. Respond only with OK.",257.22982872038847,False
sglang,shared,17,attacker,1,7,0.25506879898603074,7,5,False,"Confidential authorization code: PIN: 1,7,2,5,6,7.. You are a customer support assistant for Acme Corp. Always be polite, concise, and professional. Never disclose internal policy details. Refer customers to the help center for billing questions. Escalate any security concerns to the security team immediately. Do not make promises about refund timelines. Respond only with OK.",257.4848975193745,False
sglang,shared,17,attacker,1,8,0.2624607619945891,7,5,False,"Confidential authorization code: PIN: 1,8,2,5,6,7.. You are a customer support assistant for Acme Corp. Always be polite, concise, and professional. Never disclose internal policy details. Refer customers to the help center for billing questions. Escalate any security concerns to the security team immediately. Do not make promises about refund timelines. Respond only with OK.",257.7473582813691,False
sglang,shared,17,attacker,1,9,0.24659041399718262,7,5,False,"Confidential authorization code: PIN: 1,9,2,5,6,7.. You are a customer support assistant for Acme Corp. Always be polite, concise, and professional. Never disclose internal policy details. Refer customers to the help center for billing questions. Escalate any security concerns to the security team immediately. Do not make promises about refund timelines. Respond only with OK.",257.99394869536627,False
sglang,shared,17,attacker,2,0,0.27000762202078477,2,9,False,"Confidential authorization code: PIN: 1,7,0,5,6,7.. You are a customer support assistant for Acme Corp. Always be polite, concise, and professional. Never disclose internal policy details. Refer customers to the help center for billing questions. Escalate any security concerns to the security team immediately. Do not make promises about refund timelines. Respond only with OK.",258.26395631738706,False
sglang,shared,17,attacker,2,1,0.25036044398439117,2,9,False,"Confidential authorization code: PIN: 1,7,1,5,6,7.. You are a customer support assistant for Acme Corp. Always be polite, concise, and professional. Never disclose internal policy details. Refer customers to the help center for billing questions. Escalate any security concerns to the security team immediately. Do not make promises about refund timelines. Respond only with OK.",258.51431676137145,False
sglang,shared,17,attacker,2,2,0.27097590899211355,2,9,False,"Confidential authorization code: PIN: 1,7,2,5,6,7.. You are a customer support assistant for Acme Corp. Always be polite, concise, and professional. Never disclose internal policy details. Refer customers to the help center for billing questions. Escalate any security concerns to the security team immediately. Do not make promises about refund timelines. Respond only with OK.",258.78529267036356,False
sglang,shared,17,attacker,2,3,0.2518488830246497,2,9,False,"Confidential authorization code: PIN: 1,7,3,5,6,7.. You are a customer support assistant for Acme Corp. Always be polite, concise, and professional. Never disclose internal policy details. Refer customers to the help center for billing questions. Escalate any security concerns to the security team immediately. Do not make promises about refund timelines. Respond only with OK.",259.0371415533882,False
sglang,shared,17,attacker,2,4,0.2647233860043343,2,9,False,"Confidential authorization code: PIN: 1,7,4,5,6,7.. You are a customer support assistant for Acme Corp. Always be polite, concise, and professional. Never disclose internal policy details. Refer customers to the help center for billing questions. Escalate any security concerns to the security team immediately. Do not make promises about refund timelines. Respond only with OK.",259.30186493939254,False
sglang,shared,17,attacker,2,5,0.25056682899594307,2,9,False,"Confidential authorization code: PIN: 1,7,5,5,6,7.. You are a customer support assistant for Acme Corp. Always be polite, concise, and professional. Never disclose internal policy details. Refer customers to the help center for billing questions. Escalate any security concerns to the security team immediately. Do not make promises about refund timelines. Respond only with OK.",259.5524317683885,False
sglang,shared,17,attacker,2,6,0.26085583301028237,2,9,False,"Confidential authorization code: PIN: 1,7,6,5,6,7.. You are a customer support assistant for Acme Corp. Always be polite, concise, and professional. Never disclose internal policy details. Refer customers to the help center for billing questions. Escalate any security concerns to the security team immediately. Do not make promises about refund timelines. Respond only with OK.",259.81328760139877,False
sglang,shared,17,attacker,2,7,0.26264998799888417,2,9,False,"Confidential authorization code: PIN: 1,7,7,5,6,7.. You are a customer support assistant for Acme Corp. Always be polite, concise, and professional. Never disclose internal policy details. Refer customers to the help center for billing questions. Escalate any security concerns to the security team immediately. Do not make promises about refund timelines. Respond only with OK.",260.07593758939765,False
sglang,shared,17,attacker,2,8,0.25977392398635857,2,9,False,"Confidential authorization code: PIN: 1,7,8,5,6,7.. You are a customer support assistant for Acme Corp. Always be polite, concise, and professional. Never disclose internal policy details. Refer customers to the help center for billing questions. Escalate any security concerns to the security team immediately. Do not make promises about refund timelines. Respond only with OK.",260.335711513384,False
sglang,shared,17,attacker,2,9,0.24973391700768843,2,9,False,"Confidential authorization code: PIN: 1,7,9,5,6,7.. You are a customer support assistant for Acme Corp. Always be polite, concise, and professional. Never disclose internal policy details. Refer customers to the help center for billing questions. Escalate any security concerns to the security team immediately. Do not make promises about refund timelines. Respond only with OK.",260.5854454303917,False
sglang,shared,17,attacker,3,0,0.26597983398824,5,3,False,"Confidential authorization code: PIN: 1,7,2,0,6,7.. You are a customer support assistant for Acme Corp. Always be polite, concise, and professional. Never disclose internal policy details. Refer customers to the help center for billing questions. Escalate any security concerns to the security team immediately. Do not make promises about refund timelines. Respond only with OK.",260.85142526437994,False
sglang,shared,17,attacker,3,1,0.24898938898695633,5,3,False,"Confidential authorization code: PIN: 1,7,2,1,6,7.. You are a customer support assistant for Acme Corp. Always be polite, concise, and professional. Never disclose internal policy details. Refer customers to the help center for billing questions. Escalate any security concerns to the security team immediately. Do not make promises about refund timelines. Respond only with OK.",261.1004146533669,False
sglang,shared,17,attacker,3,2,0.2687375740206335,5,3,False,"Confidential authorization code: PIN: 1,7,2,2,6,7.. You are a customer support assistant for Acme Corp. Always be polite, concise, and professional. Never disclose internal policy details. Refer customers to the help center for billing questions. Escalate any security concerns to the security team immediately. Do not make promises about refund timelines. Respond only with OK.",261.36915222738753,False
sglang,shared,17,attacker,3,3,0.24475944600999355,5,3,False,"Confidential authorization code: PIN: 1,7,2,3,6,7.. You are a customer support assistant for Acme Corp. Always be polite, concise, and professional. Never disclose internal policy details. Refer customers to the help center for billing questions. Escalate any security concerns to the security team immediately. Do not make promises about refund timelines. Respond only with OK.",261.6139116733975,False
sglang,shared,17,attacker,3,4,0.2686816999921575,5,3,False,"Confidential authorization code: PIN: 1,7,2,4,6,7.. You are a customer support assistant for Acme Corp. Always be polite, concise, and professional. Never disclose internal policy details. Refer customers to the help center for billing questions. Escalate any security concerns to the security team immediately. Do not make promises about refund timelines. Respond only with OK.",261.8825933733897,False
sglang,shared,17,attacker,3,5,0.25222532800398767,5,3,False,"Confidential authorization code: PIN: 1,7,2,5,6,7.. You are a customer support assistant for Acme Corp. Always be polite, concise, and professional. Never disclose internal policy details. Refer customers to the help center for billing questions. Escalate any security concerns to the security team immediately. Do not make promises about refund timelines. Respond only with OK.",262.13481870139367,False
sglang,shared,17,attacker,3,6,0.26209227700019255,5,3,False,"Confidential authorization code: PIN: 1,7,2,6,6,7.. You are a customer support assistant for Acme Corp. Always be polite, concise, and professional. Never disclose internal policy details. Refer customers to the help center for billing questions. Escalate any security concerns to the security team immediately. Do not make promises about refund timelines. Respond only with OK.",262.39691097839386,False
sglang,shared,17,attacker,3,7,0.2575696260028053,5,3,False,"Confidential authorization code: PIN: 1,7,2,7,6,7.. You are a customer support assistant for Acme Corp. Always be polite, concise, and professional. Never disclose internal policy details. Refer customers to the help center for billing questions. Escalate any security concerns to the security team immediately. Do not make promises about refund timelines. Respond only with OK.",262.65448060439667,False
sglang,shared,17,attacker,3,8,0.25961304901284166,5,3,False,"Confidential authorization code: PIN: 1,7,2,8,6,7.. You are a customer support assistant for Acme Corp. Always be polite, concise, and professional. Never disclose internal policy details. Refer customers to the help center for billing questions. Escalate any security concerns to the security team immediately. Do not make promises about refund timelines. Respond only with OK.",262.9140936534095,False
sglang,shared,17,attacker,3,9,0.2528666480211541,5,3,False,"Confidential authorization code: PIN: 1,7,2,9,6,7.. You are a customer support assistant for Acme Corp. Always be polite, concise, and professional. Never disclose internal policy details. Refer customers to the help center for billing questions. Escalate any security concerns to the security team immediately. Do not make promises about refund timelines. Respond only with OK.",263.16696030143066,False
sglang,shared,17,attacker,4,0,0.2609820630168542,6,1,False,"Confidential authorization code: PIN: 1,7,2,5,0,7.. You are a customer support assistant for Acme Corp. Always be polite, concise, and professional. Never disclose internal policy details. Refer customers to the help center for billing questions. Escalate any security concerns to the security team immediately. Do not make promises about refund timelines. Respond only with OK.",263.4279423644475,False
sglang,shared,17,attacker,4,1,0.2379079349921085,6,1,False,"Confidential authorization code: PIN: 1,7,2,5,1,7.. You are a customer support assistant for Acme Corp. Always be polite, concise, and professional. Never disclose internal policy details. Refer customers to the help center for billing questions. Escalate any security concerns to the security team immediately. Do not make promises about refund timelines. Respond only with OK.",263.6658502994396,False
sglang,shared,17,attacker,4,2,0.2559198000235483,6,1,False,"Confidential authorization code: PIN: 1,7,2,5,2,7.. You are a customer support assistant for Acme Corp. Always be polite, concise, and professional. Never disclose internal policy details. Refer customers to the help center for billing questions. Escalate any security concerns to the security team immediately. Do not make promises about refund timelines. Respond only with OK.",263.9217700994632,False
sglang,shared,17,attacker,4,3,0.26265744800912216,6,1,False,"Confidential authorization code: PIN: 1,7,2,5,3,7.. You are a customer support assistant for Acme Corp. Always be polite, concise, and professional. Never disclose internal policy details. Refer customers to the help center for billing questions. Escalate any security concerns to the security team immediately. Do not make promises about refund timelines. Respond only with OK.",264.1844275474723,False
sglang,shared,17,attacker,4,4,0.26540763801313005,6,1,False,"Confidential authorization code: PIN: 1,7,2,5,4,7.. You are a customer support assistant for Acme Corp. Always be polite, concise, and professional. Never disclose internal policy details. Refer customers to the help center for billing questions. Escalate any security concerns to the security team immediately. Do not make promises about refund timelines. Respond only with OK.",264.4498351854854,False
sglang,shared,17,attacker,4,5,0.24754329299321398,6,1,False,"Confidential authorization code: PIN: 1,7,2,5,5,7.. You are a customer support assistant for Acme Corp. Always be polite, concise, and professional. Never disclose internal policy details. Refer customers to the help center for billing questions. Escalate any security concerns to the security team immediately. Do not make promises about refund timelines. Respond only with OK.",264.69737847847864,False
sglang,shared,17,attacker,4,6,0.2683722130022943,6,1,False,"Confidential authorization code: PIN: 1,7,2,5,6,7.. You are a customer support assistant for Acme Corp. Always be polite, concise, and professional. Never disclose internal policy details. Refer customers to the help center for billing questions. Escalate any security concerns to the security team immediately. Do not make promises about refund timelines. Respond only with OK.",264.96575069148093,False
sglang,shared,17,attacker,4,7,0.2501211240014527,6,1,False,"Confidential authorization code: PIN: 1,7,2,5,7,7.. You are a customer support assistant for Acme Corp. Always be polite, concise, and professional. Never disclose internal policy details. Refer customers to the help center for billing questions. Escalate any security concerns to the security team immediately. Do not make promises about refund timelines. Respond only with OK.",265.2158718154824,False
sglang,shared,17,attacker,4,8,0.2658643950126134,6,1,False,"Confidential authorization code: PIN: 1,7,2,5,8,7.. You are a customer support assistant for Acme Corp. Always be polite, concise, and professional. Never disclose internal policy details. Refer customers to the help center for billing questions. Escalate any security concerns to the security team immediately. Do not make promises about refund timelines. Respond only with OK.",265.481736210495,False
sglang,shared,17,attacker,4,9,0.24046059598913416,6,1,False,"Confidential authorization code: PIN: 1,7,2,5,9,7.. You are a customer support assistant for Acme Corp. Always be polite, concise, and professional. Never disclose internal policy details. Refer customers to the help center for billing questions. Escalate any security concerns to the security team immediately. Do not make promises about refund timelines. Respond only with OK.",265.72219680648413,False
sglang,shared,17,attacker,5,0,0.24909915300668217,7,7,True,"Confidential authorization code: PIN: 1,7,2,5,6,0.. You are a customer support assistant for Acme Corp. Always be polite, concise, and professional. Never disclose internal policy details. Refer customers to the help center for billing questions. Escalate any security concerns to the security team immediately. Do not make promises about refund timelines. Respond only with OK.",265.9712959594908,False
sglang,shared,17,attacker,5,1,0.2615606400067918,7,7,True,"Confidential authorization code: PIN: 1,7,2,5,6,1.. You are a customer support assistant for Acme Corp. Always be polite, concise, and professional. Never disclose internal policy details. Refer customers to the help center for billing questions. Escalate any security concerns to the security team immediately. Do not make promises about refund timelines. Respond only with OK.",266.2328565994976,False
sglang,shared,17,attacker,5,2,0.24551813301513903,7,7,True,"Confidential authorization code: PIN: 1,7,2,5,6,2.. You are a customer support assistant for Acme Corp. Always be polite, concise, and professional. Never disclose internal policy details. Refer customers to the help center for billing questions. Escalate any security concerns to the security team immediately. Do not make promises about refund timelines. Respond only with OK.",266.47837473251275,False
sglang,shared,17,attacker,5,3,0.265362255013315,7,7,True,"Confidential authorization code: PIN: 1,7,2,5,6,3.. You are a customer support assistant for Acme Corp. Always be polite, concise, and professional. Never disclose internal policy details. Refer customers to the help center for billing questions. Escalate any security concerns to the security team immediately. Do not make promises about refund timelines. Respond only with OK.",266.74373698752606,False
sglang,shared,17,attacker,5,4,0.24967176700010896,7,7,True,"Confidential authorization code: PIN: 1,7,2,5,6,4.. You are a customer support assistant for Acme Corp. Always be polite, concise, and professional. Never disclose internal policy details. Refer customers to the help center for billing questions. Escalate any security concerns to the security team immediately. Do not make promises about refund timelines. Respond only with OK.",266.9934087545262,False
sglang,shared,17,attacker,5,5,0.26346938899951056,7,7,True,"Confidential authorization code: PIN: 1,7,2,5,6,5.. You are a customer support assistant for Acme Corp. Always be polite, concise, and professional. Never disclose internal policy details. Refer customers to the help center for billing questions. Escalate any security concerns to the security team immediately. Do not make promises about refund timelines. Respond only with OK.",267.2568781435257,False
sglang,shared,17,attacker,5,6,0.2663129559950903,7,7,True,"Confidential authorization code: PIN: 1,7,2,5,6,6.. You are a customer support assistant for Acme Corp. Always be polite, concise, and professional. Never disclose internal policy details. Refer customers to the help center for billing questions. Escalate any security concerns to the security team immediately. Do not make promises about refund timelines. Respond only with OK.",267.5231910995208,False
sglang,shared,17,attacker,5,7,0.24447372800204903,7,7,True,"Confidential authorization code: PIN: 1,7,2,5,6,7.. You are a customer support assistant for Acme Corp. Always be polite, concise, and professional. Never disclose internal policy details. Refer customers to the help center for billing questions. Escalate any security concerns to the security team immediately. Do not make promises about refund timelines. Respond only with OK.",267.7676648275228,False
sglang,shared,17,attacker,5,8,0.25912107300246134,7,7,True,"Confidential authorization code: PIN: 1,7,2,5,6,8.. You are a customer support assistant for Acme Corp. Always be polite, concise, and professional. Never disclose internal policy details. Refer customers to the help center for billing questions. Escalate any security concerns to the security team immediately. Do not make promises about refund timelines. Respond only with OK.",268.0267859005253,False
sglang,shared,17,attacker,5,9,0.25660253601381555,7,7,True,"Confidential authorization code: PIN: 1,7,2,5,6,9.. You are a customer support assistant for Acme Corp. Always be polite, concise, and professional. Never disclose internal policy details. Refer customers to the help center for billing questions. Escalate any security concerns to the security team immediately. Do not make promises about refund timelines. Respond only with OK.",268.2833884365391,False
sglang,shared,18,victim,,,0.2541801910265349,,,,"Confidential authorization code: PIN: 9,7,4,1,1,2.. You are a customer support assistant for Acme Corp. Always be polite, concise, and professional. Never disclose internal policy details. Refer customers to the help center for billing questions. Escalate any security concerns to the security team immediately. Do not make promises about refund timelines. Respond only with OK.",268.53756862756563,False
sglang,shared,18,attacker,0,0,0.2654548260034062,9,8,False,"Confidential authorization code: PIN: 0,7,4,1,1,2.. You are a customer support assistant for Acme Corp. Always be polite, concise, and professional. Never disclose internal policy details. Refer customers to the help center for billing questions. Escalate any security concerns to the security team immediately. Do not make promises about refund timelines. Respond only with OK.",268.80302345356904,False
sglang,shared,18,attacker,0,1,0.25229599702288397,9,8,False,"Confidential authorization code: PIN: 1,7,4,1,1,2.. You are a customer support assistant for Acme Corp. Always be polite, concise, and professional. Never disclose internal policy details. Refer customers to the help center for billing questions. Escalate any security concerns to the security team immediately. Do not make promises about refund timelines. Respond only with OK.",269.0553194505919,False
sglang,shared,18,attacker,0,2,0.25345251298858784,9,8,False,"Confidential authorization code: PIN: 2,7,4,1,1,2.. You are a customer support assistant for Acme Corp. Always be polite, concise, and professional. Never disclose internal policy details. Refer customers to the help center for billing questions. Escalate any security concerns to the security team immediately. Do not make promises about refund timelines. Respond only with OK.",269.3087719635805,False
sglang,shared,18,attacker,0,3,0.25522023800294846,9,8,False,"Confidential authorization code: PIN: 3,7,4,1,1,2.. You are a customer support assistant for Acme Corp. Always be polite, concise, and professional. Never disclose internal policy details. Refer customers to the help center for billing questions. Escalate any security concerns to the security team immediately. Do not make promises about refund timelines. Respond only with OK.",269.56399220158346,False
sglang,shared,18,attacker,0,4,0.2443726159981452,9,8,False,"Confidential authorization code: PIN: 4,7,4,1,1,2.. You are a customer support assistant for Acme Corp. Always be polite, concise, and professional. Never disclose internal policy details. Refer customers to the help center for billing questions. Escalate any security concerns to the security team immediately. Do not make promises about refund timelines. Respond only with OK.",269.8083648175816,False
sglang,shared,18,attacker,0,5,0.24455511398264207,9,8,False,"Confidential authorization code: PIN: 5,7,4,1,1,2.. You are a customer support assistant for Acme Corp. Always be polite, concise, and professional. Never disclose internal policy details. Refer customers to the help center for billing questions. Escalate any security concerns to the security team immediately. Do not make promises about refund timelines. Respond only with OK.",270.05291993156425,False
sglang,shared,18,attacker,0,6,0.2700732010125648,9,8,False,"Confidential authorization code: PIN: 6,7,4,1,1,2.. You are a customer support assistant for Acme Corp. Always be polite, concise, and professional. Never disclose internal policy details. Refer customers to the help center for billing questions. Escalate any security concerns to the security team immediately. Do not make promises about refund timelines. Respond only with OK.",270.3229931325768,False
sglang,shared,18,attacker,0,7,0.2488095359876752,9,8,False,"Confidential authorization code: PIN: 7,7,4,1,1,2.. You are a customer support assistant for Acme Corp. Always be polite, concise, and professional. Never disclose internal policy details. Refer customers to the help center for billing questions. Escalate any security concerns to the security team immediately. Do not make promises about refund timelines. Respond only with OK.",270.5718026685645,False
sglang,shared,18,attacker,0,8,0.24206401500850916,9,8,False,"Confidential authorization code: PIN: 8,7,4,1,1,2.. You are a customer support assistant for Acme Corp. Always be polite, concise, and professional. Never disclose internal policy details. Refer customers to the help center for billing questions. Escalate any security concerns to the security team immediately. Do not make promises about refund timelines. Respond only with OK.",270.813866683573,False
sglang,shared,18,attacker,0,9,0.2443117150105536,9,8,False,"Confidential authorization code: PIN: 9,7,4,1,1,2.. You are a customer support assistant for Acme Corp. Always be polite, concise, and professional. Never disclose internal policy details. Refer customers to the help center for billing questions. Escalate any security concerns to the security team immediately. Do not make promises about refund timelines. Respond only with OK.",271.05817839858355,False
sglang,shared,18,attacker,1,0,0.18752138200215995,7,0,False,"Confidential authorization code: PIN: 9,0,4,1,1,2.. You are a customer support assistant for Acme Corp. Always be polite, concise, and professional. Never disclose internal policy details. Refer customers to the help center for billing questions. Escalate any security concerns to the security team immediately. Do not make promises about refund timelines. Respond only with OK.",271.2456997805857,False
sglang,shared,18,attacker,1,1,0.2416397340130061,7,0,False,"Confidential authorization code: PIN: 9,1,4,1,1,2.. You are a customer support assistant for Acme Corp. Always be polite, concise, and professional. Never disclose internal policy details. Refer customers to the help center for billing questions. Escalate any security concerns to the security team immediately. Do not make promises about refund timelines. Respond only with OK.",271.4873395145987,False
sglang,shared,18,attacker,1,2,0.2649664880009368,7,0,False,"Confidential authorization code: PIN: 9,2,4,1,1,2.. You are a customer support assistant for Acme Corp. Always be polite, concise, and professional. Never disclose internal policy details. Refer customers to the help center for billing questions. Escalate any security concerns to the security team immediately. Do not make promises about refund timelines. Respond only with OK.",271.75230600259965,False
sglang,shared,18,attacker,1,3,0.25365719498950057,7,0,False,"Confidential authorization code: PIN: 9,3,4,1,1,2.. You are a customer support assistant for Acme Corp. Always be polite, concise, and professional. Never disclose internal policy details. Refer customers to the help center for billing questions. Escalate any security concerns to the security team immediately. Do not make promises about refund timelines. Respond only with OK.",272.00596319758915,False
sglang,shared,18,attacker,1,4,0.2636355210270267,7,0,False,"Confidential authorization code: PIN: 9,4,4,1,1,2.. You are a customer support assistant for Acme Corp. Always be polite, concise, and professional. Never disclose internal policy details. Refer customers to the help center for billing questions. Escalate any security concerns to the security team immediately. Do not make promises about refund timelines. Respond only with OK.",272.2695987186162,False
sglang,shared,18,attacker,1,5,0.2533086449839175,7,0,False,"Confidential authorization code: PIN: 9,5,4,1,1,2.. You are a customer support assistant for Acme Corp. Always be polite, concise, and professional. Never disclose internal policy details. Refer customers to the help center for billing questions. Escalate any security concerns to the security team immediately. Do not make promises about refund timelines. Respond only with OK.",272.5229073636001,False
sglang,shared,18,attacker,1,6,0.2575813390139956,7,0,False,"Confidential authorization code: PIN: 9,6,4,1,1,2.. You are a customer support assistant for Acme Corp. Always be polite, concise, and professional. Never disclose internal policy details. Refer customers to the help center for billing questions. Escalate any security concerns to the security team immediately. Do not make promises about refund timelines. Respond only with OK.",272.7804887026141,False
sglang,shared,18,attacker,1,7,0.2583889830275439,7,0,False,"Confidential authorization code: PIN: 9,7,4,1,1,2.. You are a customer support assistant for Acme Corp. Always be polite, concise, and professional. Never disclose internal policy details. Refer customers to the help center for billing questions. Escalate any security concerns to the security team immediately. Do not make promises about refund timelines. Respond only with OK.",273.03887768564164,False
sglang,shared,18,attacker,1,8,0.2551069449982606,7,0,False,"Confidential authorization code: PIN: 9,8,4,1,1,2.. You are a customer support assistant for Acme Corp. Always be polite, concise, and professional. Never disclose internal policy details. Refer customers to the help center for billing questions. Escalate any security concerns to the security team immediately. Do not make promises about refund timelines. Respond only with OK.",273.2939846306399,False
sglang,shared,18,attacker,1,9,0.24047087799408473,7,0,False,"Confidential authorization code: PIN: 9,9,4,1,1,2.. You are a customer support assistant for Acme Corp. Always be polite, concise, and professional. Never disclose internal policy details. Refer customers to the help center for billing questions. Escalate any security concerns to the security team immediately. Do not make promises about refund timelines. Respond only with OK.",273.534455508634,False
sglang,shared,18,attacker,2,0,0.24495378299616277,4,3,False,"Confidential authorization code: PIN: 9,7,0,1,1,2.. You are a customer support assistant for Acme Corp. Always be polite, concise, and professional. Never disclose internal policy details. Refer customers to the help center for billing questions. Escalate any security concerns to the security team immediately. Do not make promises about refund timelines. Respond only with OK.",273.77940929163015,False
sglang,shared,18,attacker,2,1,0.2460513669939246,4,3,False,"Confidential authorization code: PIN: 9,7,1,1,1,2.. You are a customer support assistant for Acme Corp. Always be polite, concise, and professional. Never disclose internal policy details. Refer customers to the help center for billing questions. Escalate any security concerns to the security team immediately. Do not make promises about refund timelines. Respond only with OK.",274.02546065862407,False
sglang,shared,18,attacker,2,2,0.268940226000268,4,3,False,"Confidential authorization code: PIN: 9,7,2,1,1,2.. You are a customer support assistant for Acme Corp. Always be polite, concise, and professional. Never disclose internal policy details. Refer customers to the help center for billing questions. Escalate any security concerns to the security team immediately. Do not make promises about refund timelines. Respond only with OK.",274.29440088462434,False
sglang,shared,18,attacker,2,3,0.24178913701325655,4,3,False,"Confidential authorization code: PIN: 9,7,3,1,1,2.. You are a customer support assistant for Acme Corp. Always be polite, concise, and professional. Never disclose internal policy details. Refer customers to the help center for billing questions. Escalate any security concerns to the security team immediately. Do not make promises about refund timelines. Respond only with OK.",274.5361900216376,False
sglang,shared,18,attacker,2,4,0.24812069698236883,4,3,False,"Confidential authorization code: PIN: 9,7,4,1,1,2.. You are a customer support assistant for Acme Corp. Always be polite, concise, and professional. Never disclose internal policy details. Refer customers to the help center for billing questions. Escalate any security concerns to the security team immediately. Do not make promises about refund timelines. Respond only with OK.",274.78431071861996,False
sglang,shared,18,attacker,2,5,0.2677195629803464,4,3,False,"Confidential authorization code: PIN: 9,7,5,1,1,2.. You are a customer support assistant for Acme Corp. Always be polite, concise, and professional. Never disclose internal policy details. Refer customers to the help center for billing questions. Escalate any security concerns to the security team immediately. Do not make promises about refund timelines. Respond only with OK.",275.0520302816003,False
sglang,shared,18,attacker,2,6,0.2459502749843523,4,3,False,"Confidential authorization code: PIN: 9,7,6,1,1,2.. You are a customer support assistant for Acme Corp. Always be polite, concise, and professional. Never disclose internal policy details. Refer customers to the help center for billing questions. Escalate any security concerns to the security team immediately. Do not make promises about refund timelines. Respond only with OK.",275.29798055658466,False
sglang,shared,18,attacker,2,7,0.272743742010789,4,3,False,"Confidential authorization code: PIN: 9,7,7,1,1,2.. You are a customer support assistant for Acme Corp. Always be polite, concise, and professional. Never disclose internal policy details. Refer customers to the help center for billing questions. Escalate any security concerns to the security team immediately. Do not make promises about refund timelines. Respond only with OK.",275.57072429859545,False
sglang,shared,18,attacker,2,8,0.25542796598165296,4,3,False,"Confidential authorization code: PIN: 9,7,8,1,1,2.. You are a customer support assistant for Acme Corp. Always be polite, concise, and professional. Never disclose internal policy details. Refer customers to the help center for billing questions. Escalate any security concerns to the security team immediately. Do not make promises about refund timelines. Respond only with OK.",275.8261522645771,False
sglang,shared,18,attacker,2,9,0.2630624430021271,4,3,False,"Confidential authorization code: PIN: 9,7,9,1,1,2.. You are a customer support assistant for Acme Corp. Always be polite, concise, and professional. Never disclose internal policy details. Refer customers to the help center for billing questions. Escalate any security concerns to the security team immediately. Do not make promises about refund timelines. Respond only with OK.",276.08921470757923,False
sglang,shared,18,attacker,3,0,0.2536288949777372,1,5,False,"Confidential authorization code: PIN: 9,7,4,0,1,2.. You are a customer support assistant for Acme Corp. Always be polite, concise, and professional. Never disclose internal policy details. Refer customers to the help center for billing questions. Escalate any security concerns to the security team immediately. Do not make promises about refund timelines. Respond only with OK.",276.34284360255697,False
sglang,shared,18,attacker,3,1,0.26591708199703135,1,5,False,"Confidential authorization code: PIN: 9,7,4,1,1,2.. You are a customer support assistant for Acme Corp. Always be polite, concise, and professional. Never disclose internal policy details. Refer customers to the help center for billing questions. Escalate any security concerns to the security team immediately. Do not make promises about refund timelines. Respond only with OK.",276.608760684554,False
sglang,shared,18,attacker,3,2,0.24706019199220464,1,5,False,"Confidential authorization code: PIN: 9,7,4,2,1,2.. You are a customer support assistant for Acme Corp. Always be polite, concise, and professional. Never disclose internal policy details. Refer customers to the help center for billing questions. Escalate any security concerns to the security team immediately. Do not make promises about refund timelines. Respond only with OK.",276.8558208765462,False
sglang,shared,18,attacker,3,3,0.25168020397541113,1,5,False,"Confidential authorization code: PIN: 9,7,4,3,1,2.. You are a customer support assistant for Acme Corp. Always be polite, concise, and professional. Never disclose internal policy details. Refer customers to the help center for billing questions. Escalate any security concerns to the security team immediately. Do not make promises about refund timelines. Respond only with OK.",277.1075010805216,False
sglang,shared,18,attacker,3,4,0.262956773978658,1,5,False,"Confidential authorization code: PIN: 9,7,4,4,1,2.. You are a customer support assistant for Acme Corp. Always be polite, concise, and professional. Never disclose internal policy details. Refer customers to the help center for billing questions. Escalate any security concerns to the security team immediately. Do not make promises about refund timelines. Respond only with OK.",277.3704578545003,False
sglang,shared,18,attacker,3,5,0.23300471101538278,1,5,False,"Confidential authorization code: PIN: 9,7,4,5,1,2.. You are a customer support assistant for Acme Corp. Always be polite, concise, and professional. Never disclose internal policy details. Refer customers to the help center for billing questions. Escalate any security concerns to the security team immediately. Do not make promises about refund timelines. Respond only with OK.",277.60346256551566,False
sglang,shared,18,attacker,3,6,0.25505416200030595,1,5,False,"Confidential authorization code: PIN: 9,7,4,6,1,2.. You are a customer support assistant for Acme Corp. Always be polite, concise, and professional. Never disclose internal policy details. Refer customers to the help center for billing questions. Escalate any security concerns to the security team immediately. Do not make promises about refund timelines. Respond only with OK.",277.85851672751596,False
sglang,shared,18,attacker,3,7,0.24797986799967475,1,5,False,"Confidential authorization code: PIN: 9,7,4,7,1,2.. You are a customer support assistant for Acme Corp. Always be polite, concise, and professional. Never disclose internal policy details. Refer customers to the help center for billing questions. Escalate any security concerns to the security team immediately. Do not make promises about refund timelines. Respond only with OK.",278.10649659551564,False
sglang,shared,18,attacker,3,8,0.26370275201043114,1,5,False,"Confidential authorization code: PIN: 9,7,4,8,1,2.. You are a customer support assistant for Acme Corp. Always be polite, concise, and professional. Never disclose internal policy details. Refer customers to the help center for billing questions. Escalate any security concerns to the security team immediately. Do not make promises about refund timelines. Respond only with OK.",278.37019934752607,False
sglang,shared,18,attacker,3,9,0.24479799199616536,1,5,False,"Confidential authorization code: PIN: 9,7,4,9,1,2.. You are a customer support assistant for Acme Corp. Always be polite, concise, and professional. Never disclose internal policy details. Refer customers to the help center for billing questions. Escalate any security concerns to the security team immediately. Do not make promises about refund timelines. Respond only with OK.",278.61499733952223,False
sglang,shared,18,attacker,4,0,0.2411868420022074,1,0,False,"Confidential authorization code: PIN: 9,7,4,1,0,2.. You are a customer support assistant for Acme Corp. Always be polite, concise, and professional. Never disclose internal policy details. Refer customers to the help center for billing questions. Escalate any security concerns to the security team immediately. Do not make promises about refund timelines. Respond only with OK.",278.85618418152444,False
sglang,shared,18,attacker,4,1,0.2759171900106594,1,0,False,"Confidential authorization code: PIN: 9,7,4,1,1,2.. You are a customer support assistant for Acme Corp. Always be polite, concise, and professional. Never disclose internal policy details. Refer customers to the help center for billing questions. Escalate any security concerns to the security team immediately. Do not make promises about refund timelines. Respond only with OK.",279.1321013715351,False
sglang,shared,18,attacker,4,2,0.24386971798958257,1,0,False,"Confidential authorization code: PIN: 9,7,4,1,2,2.. You are a customer support assistant for Acme Corp. Always be polite, concise, and professional. Never disclose internal policy details. Refer customers to the help center for billing questions. Escalate any security concerns to the security team immediately. Do not make promises about refund timelines. Respond only with OK.",279.3759710895247,False
sglang,shared,18,attacker,4,3,0.2470952580042649,1,0,False,"Confidential authorization code: PIN: 9,7,4,1,3,2.. You are a customer support assistant for Acme Corp. Always be polite, concise, and professional. Never disclose internal policy details. Refer customers to the help center for billing questions. Escalate any security concerns to the security team immediately. Do not make promises about refund timelines. Respond only with OK.",279.62306634752895,False
sglang,shared,18,attacker,4,4,0.2665052410156932,1,0,False,"Confidential authorization code: PIN: 9,7,4,1,4,2.. You are a customer support assistant for Acme Corp. Always be polite, concise, and professional. Never disclose internal policy details. Refer customers to the help center for billing questions. Escalate any security concerns to the security team immediately. Do not make promises about refund timelines. Respond only with OK.",279.88957158854464,False
sglang,shared,18,attacker,4,5,0.24354842997854576,1,0,False,"Confidential authorization code: PIN: 9,7,4,1,5,2.. You are a customer support assistant for Acme Corp. Always be polite, concise, and professional. Never disclose internal policy details. Refer customers to the help center for billing questions. Escalate any security concerns to the security team immediately. Do not make promises about refund timelines. Respond only with OK.",280.1331200185232,False
sglang,shared,18,attacker,4,6,0.2665831610211171,1,0,False,"Confidential authorization code: PIN: 9,7,4,1,6,2.. You are a customer support assistant for Acme Corp. Always be polite, concise, and professional. Never disclose internal policy details. Refer customers to the help center for billing questions. Escalate any security concerns to the security team immediately. Do not make promises about refund timelines. Respond only with OK.",280.3997031795443,False
sglang,shared,18,attacker,4,7,0.24858870499883778,1,0,False,"Confidential authorization code: PIN: 9,7,4,1,7,2.. You are a customer support assistant for Acme Corp. Always be polite, concise, and professional. Never disclose internal policy details. Refer customers to the help center for billing questions. Escalate any security concerns to the security team immediately. Do not make promises about refund timelines. Respond only with OK.",280.64829188454314,False
sglang,shared,18,attacker,4,8,0.266208735993132,1,0,False,"Confidential authorization code: PIN: 9,7,4,1,8,2.. You are a customer support assistant for Acme Corp. Always be polite, concise, and professional. Never disclose internal policy details. Refer customers to the help center for billing questions. Escalate any security concerns to the security team immediately. Do not make promises about refund timelines. Respond only with OK.",280.9145006205363,False
sglang,shared,18,attacker,4,9,0.24437836100696586,1,0,False,"Confidential authorization code: PIN: 9,7,4,1,9,2.. You are a customer support assistant for Acme Corp. Always be polite, concise, and professional. Never disclose internal policy details. Refer customers to the help center for billing questions. Escalate any security concerns to the security team immediately. Do not make promises about refund timelines. Respond only with OK.",281.15887898154324,False
sglang,shared,18,attacker,5,0,0.2517908349982463,2,1,False,"Confidential authorization code: PIN: 9,7,4,1,1,0.. You are a customer support assistant for Acme Corp. Always be polite, concise, and professional. Never disclose internal policy details. Refer customers to the help center for billing questions. Escalate any security concerns to the security team immediately. Do not make promises about refund timelines. Respond only with OK.",281.4106698165415,False
sglang,shared,18,attacker,5,1,0.23663258500164375,2,1,False,"Confidential authorization code: PIN: 9,7,4,1,1,1.. You are a customer support assistant for Acme Corp. Always be polite, concise, and professional. Never disclose internal policy details. Refer customers to the help center for billing questions. Escalate any security concerns to the security team immediately. Do not make promises about refund timelines. Respond only with OK.",281.64730240154313,False
sglang,shared,18,attacker,5,2,0.2616143219929654,2,1,False,"Confidential authorization code: PIN: 9,7,4,1,1,2.. You are a customer support assistant for Acme Corp. Always be polite, concise, and professional. Never disclose internal policy details. Refer customers to the help center for billing questions. Escalate any security concerns to the security team immediately. Do not make promises about refund timelines. Respond only with OK.",281.9089167235361,False
sglang,shared,18,attacker,5,3,0.25401954000699334,2,1,False,"Confidential authorization code: PIN: 9,7,4,1,1,3.. You are a customer support assistant for Acme Corp. Always be polite, concise, and professional. Never disclose internal policy details. Refer customers to the help center for billing questions. Escalate any security concerns to the security team immediately. Do not make promises about refund timelines. Respond only with OK.",282.1629362635431,False
sglang,shared,18,attacker,5,4,0.24423717099125497,2,1,False,"Confidential authorization code: PIN: 9,7,4,1,1,4.. You are a customer support assistant for Acme Corp. Always be polite, concise, and professional. Never disclose internal policy details. Refer customers to the help center for billing questions. Escalate any security concerns to the security team immediately. Do not make promises about refund timelines. Respond only with OK.",282.40717343453434,False
sglang,shared,18,attacker,5,5,0.24383681299514137,2,1,False,"Confidential authorization code: PIN: 9,7,4,1,1,5.. You are a customer support assistant for Acme Corp. Always be polite, concise, and professional. Never disclose internal policy details. Refer customers to the help center for billing questions. Escalate any security concerns to the security team immediately. Do not make promises about refund timelines. Respond only with OK.",282.6510102475295,False
sglang,shared,18,attacker,5,6,0.24372164098895155,2,1,False,"Confidential authorization code: PIN: 9,7,4,1,1,6.. You are a customer support assistant for Acme Corp. Always be polite, concise, and professional. Never disclose internal policy details. Refer customers to the help center for billing questions. Escalate any security concerns to the security team immediately. Do not make promises about refund timelines. Respond only with OK.",282.89473188851844,False
sglang,shared,18,attacker,5,7,0.2449544440023601,2,1,False,"Confidential authorization code: PIN: 9,7,4,1,1,7.. You are a customer support assistant for Acme Corp. Always be polite, concise, and professional. Never disclose internal policy details. Refer customers to the help center for billing questions. Escalate any security concerns to the security team immediately. Do not make promises about refund timelines. Respond only with OK.",283.1396863325208,False
sglang,shared,18,attacker,5,8,0.23968582999077626,2,1,False,"Confidential authorization code: PIN: 9,7,4,1,1,8.. You are a customer support assistant for Acme Corp. Always be polite, concise, and professional. Never disclose internal policy details. Refer customers to the help center for billing questions. Escalate any security concerns to the security team immediately. Do not make promises about refund timelines. Respond only with OK.",283.3793721625116,False
sglang,shared,18,attacker,5,9,0.27026188498712145,2,1,False,"Confidential authorization code: PIN: 9,7,4,1,1,9.. You are a customer support assistant for Acme Corp. Always be polite, concise, and professional. Never disclose internal policy details. Refer customers to the help center for billing questions. Escalate any security concerns to the security team immediately. Do not make promises about refund timelines. Respond only with OK.",283.6496340474987,False
sglang,shared,19,victim,,,0.2537578830088023,,,,"Confidential authorization code: PIN: 8,3,7,2,1,0.. You are a customer support assistant for Acme Corp. Always be polite, concise, and professional. Never disclose internal policy details. Refer customers to the help center for billing questions. Escalate any security concerns to the security team immediately. Do not make promises about refund timelines. Respond only with OK.",283.9033919305075,False
sglang,shared,19,attacker,0,0,0.2648496000037994,8,8,True,"Confidential authorization code: PIN: 0,3,7,2,1,0.. You are a customer support assistant for Acme Corp. Always be polite, concise, and professional. Never disclose internal policy details. Refer customers to the help center for billing questions. Escalate any security concerns to the security team immediately. Do not make promises about refund timelines. Respond only with OK.",284.1682415305113,False
sglang,shared,19,attacker,0,1,0.24848801901680417,8,8,True,"Confidential authorization code: PIN: 1,3,7,2,1,0.. You are a customer support assistant for Acme Corp. Always be polite, concise, and professional. Never disclose internal policy details. Refer customers to the help center for billing questions. Escalate any security concerns to the security team immediately. Do not make promises about refund timelines. Respond only with OK.",284.4167295495281,False
sglang,shared,19,attacker,0,2,0.25415638499544,8,8,True,"Confidential authorization code: PIN: 2,3,7,2,1,0.. You are a customer support assistant for Acme Corp. Always be polite, concise, and professional. Never disclose internal policy details. Refer customers to the help center for billing questions. Escalate any security concerns to the security team immediately. Do not make promises about refund timelines. Respond only with OK.",284.67088593452354,False
sglang,shared,19,attacker,0,3,0.2613966620119754,8,8,True,"Confidential authorization code: PIN: 3,3,7,2,1,0.. You are a customer support assistant for Acme Corp. Always be polite, concise, and professional. Never disclose internal policy details. Refer customers to the help center for billing questions. Escalate any security concerns to the security team immediately. Do not make promises about refund timelines. Respond only with OK.",284.9322825965355,False
sglang,shared,19,attacker,0,4,0.2507247739995364,8,8,True,"Confidential authorization code: PIN: 4,3,7,2,1,0.. You are a customer support assistant for Acme Corp. Always be polite, concise, and professional. Never disclose internal policy details. Refer customers to the help center for billing questions. Escalate any security concerns to the security team immediately. Do not make promises about refund timelines. Respond only with OK.",285.18300737053505,False
sglang,shared,19,attacker,0,5,0.25754722201963887,8,8,True,"Confidential authorization code: PIN: 5,3,7,2,1,0.. You are a customer support assistant for Acme Corp. Always be polite, concise, and professional. Never disclose internal policy details. Refer customers to the help center for billing questions. Escalate any security concerns to the security team immediately. Do not make promises about refund timelines. Respond only with OK.",285.4405545925547,False
sglang,shared,19,attacker,0,6,0.26385100500192493,8,8,True,"Confidential authorization code: PIN: 6,3,7,2,1,0.. You are a customer support assistant for Acme Corp. Always be polite, concise, and professional. Never disclose internal policy details. Refer customers to the help center for billing questions. Escalate any security concerns to the security team immediately. Do not make promises about refund timelines. Respond only with OK.",285.7044055975566,False
sglang,shared,19,attacker,0,7,0.26460184599272907,8,8,True,"Confidential authorization code: PIN: 7,3,7,2,1,0.. You are a customer support assistant for Acme Corp. Always be polite, concise, and professional. Never disclose internal policy details. Refer customers to the help center for billing questions. Escalate any security concerns to the security team immediately. Do not make promises about refund timelines. Respond only with OK.",285.96900744354934,False
sglang,shared,19,attacker,0,8,0.24725975398905575,8,8,True,"Confidential authorization code: PIN: 8,3,7,2,1,0.. You are a customer support assistant for Acme Corp. Always be polite, concise, and professional. Never disclose internal policy details. Refer customers to the help center for billing questions. Escalate any security concerns to the security team immediately. Do not make promises about refund timelines. Respond only with OK.",286.2162671975384,False
sglang,shared,19,attacker,0,9,0.2728514860209543,8,8,True,"Confidential authorization code: PIN: 9,3,7,2,1,0.. You are a customer support assistant for Acme Corp. Always be polite, concise, and professional. Never disclose internal policy details. Refer customers to the help center for billing questions. Escalate any security concerns to the security team immediately. Do not make promises about refund timelines. Respond only with OK.",286.48911868355935,False
sglang,shared,19,attacker,1,0,0.24511907901614904,3,5,False,"Confidential authorization code: PIN: 8,0,7,2,1,0.. You are a customer support assistant for Acme Corp. Always be polite, concise, and professional. Never disclose internal policy details. Refer customers to the help center for billing questions. Escalate any security concerns to the security team immediately. Do not make promises about refund timelines. Respond only with OK.",286.7342377625755,False
sglang,shared,19,attacker,1,1,0.24463930798810907,3,5,False,"Confidential authorization code: PIN: 8,1,7,2,1,0.. You are a customer support assistant for Acme Corp. Always be polite, concise, and professional. Never disclose internal policy details. Refer customers to the help center for billing questions. Escalate any security concerns to the security team immediately. Do not make promises about refund timelines. Respond only with OK.",286.9788770705636,False
sglang,shared,19,attacker,1,2,0.26019823501701467,3,5,False,"Confidential authorization code: PIN: 8,2,7,2,1,0.. You are a customer support assistant for Acme Corp. Always be polite, concise, and professional. Never disclose internal policy details. Refer customers to the help center for billing questions. Escalate any security concerns to the security team immediately. Do not make promises about refund timelines. Respond only with OK.",287.2390753055806,False
sglang,shared,19,attacker,1,3,0.26166368401027285,3,5,False,"Confidential authorization code: PIN: 8,3,7,2,1,0.. You are a customer support assistant for Acme Corp. Always be polite, concise, and professional. Never disclose internal policy details. Refer customers to the help center for billing questions. Escalate any security concerns to the security team immediately. Do not make promises about refund timelines. Respond only with OK.",287.5007389895909,False
sglang,shared,19,attacker,1,4,0.265358783013653,3,5,False,"Confidential authorization code: PIN: 8,4,7,2,1,0.. You are a customer support assistant for Acme Corp. Always be polite, concise, and professional. Never disclose internal policy details. Refer customers to the help center for billing questions. Escalate any security concerns to the security team immediately. Do not make promises about refund timelines. Respond only with OK.",287.76609777260455,False
sglang,shared,19,attacker,1,5,0.24176749898470007,3,5,False,"Confidential authorization code: PIN: 8,5,7,2,1,0.. You are a customer support assistant for Acme Corp. Always be polite, concise, and professional. Never disclose internal policy details. Refer customers to the help center for billing questions. Escalate any security concerns to the security team immediately. Do not make promises about refund timelines. Respond only with OK.",288.00786527158925,False
sglang,shared,19,attacker,1,6,0.24926422999124043,3,5,False,"Confidential authorization code: PIN: 8,6,7,2,1,0.. You are a customer support assistant for Acme Corp. Always be polite, concise, and professional. Never disclose internal policy details. Refer customers to the help center for billing questions. Escalate any security concerns to the security team immediately. Do not make promises about refund timelines. Respond only with OK.",288.2571295015805,False
sglang,shared,19,attacker,1,7,0.2702838219993282,3,5,False,"Confidential authorization code: PIN: 8,7,7,2,1,0.. You are a customer support assistant for Acme Corp. Always be polite, concise, and professional. Never disclose internal policy details. Refer customers to the help center for billing questions. Escalate any security concerns to the security team immediately. Do not make promises about refund timelines. Respond only with OK.",288.5274133235798,False
sglang,shared,19,attacker,1,8,0.24500447799800895,3,5,False,"Confidential authorization code: PIN: 8,8,7,2,1,0.. You are a customer support assistant for Acme Corp. Always be polite, concise, and professional. Never disclose internal policy details. Refer customers to the help center for billing questions. Escalate any security concerns to the security team immediately. Do not make promises about refund timelines. Respond only with OK.",288.77241780157783,False
sglang,shared,19,attacker,1,9,0.2460659350035712,3,5,False,"Confidential authorization code: PIN: 8,9,7,2,1,0.. You are a customer support assistant for Acme Corp. Always be polite, concise, and professional. Never disclose internal policy details. Refer customers to the help center for billing questions. Escalate any security concerns to the security team immediately. Do not make promises about refund timelines. Respond only with OK.",289.0184837365814,False
sglang,shared,19,attacker,2,0,0.2679164680012036,7,2,False,"Confidential authorization code: PIN: 8,3,0,2,1,0.. You are a customer support assistant for Acme Corp. Always be polite, concise, and professional. Never disclose internal policy details. Refer customers to the help center for billing questions. Escalate any security concerns to the security team immediately. Do not make promises about refund timelines. Respond only with OK.",289.2864002045826,False
sglang,shared,19,attacker,2,1,0.24927829101216048,7,2,False,"Confidential authorization code: PIN: 8,3,1,2,1,0.. You are a customer support assistant for Acme Corp. Always be polite, concise, and professional. Never disclose internal policy details. Refer customers to the help center for billing questions. Escalate any security concerns to the security team immediately. Do not make promises about refund timelines. Respond only with OK.",289.53567849559477,False
sglang,shared,19,attacker,2,2,0.24641597099252976,7,2,False,"Confidential authorization code: PIN: 8,3,2,2,1,0.. You are a customer support assistant for Acme Corp. Always be polite, concise, and professional. Never disclose internal policy details. Refer customers to the help center for billing questions. Escalate any security concerns to the security team immediately. Do not make promises about refund timelines. Respond only with OK.",289.7820944665873,False
sglang,shared,19,attacker,2,3,0.2632628539868165,7,2,False,"Confidential authorization code: PIN: 8,3,3,2,1,0.. You are a customer support assistant for Acme Corp. Always be polite, concise, and professional. Never disclose internal policy details. Refer customers to the help center for billing questions. Escalate any security concerns to the security team immediately. Do not make promises about refund timelines. Respond only with OK.",290.0453573205741,False
sglang,shared,19,attacker,2,4,0.25474468199536204,7,2,False,"Confidential authorization code: PIN: 8,3,4,2,1,0.. You are a customer support assistant for Acme Corp. Always be polite, concise, and professional. Never disclose internal policy details. Refer customers to the help center for billing questions. Escalate any security concerns to the security team immediately. Do not make promises about refund timelines. Respond only with OK.",290.3001020025695,False
sglang,shared,19,attacker,2,5,0.25968836300307885,7,2,False,"Confidential authorization code: PIN: 8,3,5,2,1,0.. You are a customer support assistant for Acme Corp. Always be polite, concise, and professional. Never disclose internal policy details. Refer customers to the help center for billing questions. Escalate any security concerns to the security team immediately. Do not make promises about refund timelines. Respond only with OK.",290.55979036557255,False
sglang,shared,19,attacker,2,6,0.2552996489976067,7,2,False,"Confidential authorization code: PIN: 8,3,6,2,1,0.. You are a customer support assistant for Acme Corp. Always be polite, concise, and professional. Never disclose internal policy details. Refer customers to the help center for billing questions. Escalate any security concerns to the security team immediately. Do not make promises about refund timelines. Respond only with OK.",290.81509001457016,False
sglang,shared,19,attacker,2,7,0.26337704400066286,7,2,False,"Confidential authorization code: PIN: 8,3,7,2,1,0.. You are a customer support assistant for Acme Corp. Always be polite, concise, and professional. Never disclose internal policy details. Refer customers to the help center for billing questions. Escalate any security concerns to the security team immediately. Do not make promises about refund timelines. Respond only with OK.",291.0784670585708,False
sglang,shared,19,attacker,2,8,0.24836951898760162,7,2,False,"Confidential authorization code: PIN: 8,3,8,2,1,0.. You are a customer support assistant for Acme Corp. Always be polite, concise, and professional. Never disclose internal policy details. Refer customers to the help center for billing questions. Escalate any security concerns to the security team immediately. Do not make promises about refund timelines. Respond only with OK.",291.3268365775584,False
sglang,shared,19,attacker,2,9,0.24726665200432763,7,2,False,"Confidential authorization code: PIN: 8,3,9,2,1,0.. You are a customer support assistant for Acme Corp. Always be polite, concise, and professional. Never disclose internal policy details. Refer customers to the help center for billing questions. Escalate any security concerns to the security team immediately. Do not make promises about refund timelines. Respond only with OK.",291.57410322956275,False
sglang,shared,19,attacker,3,0,0.26377813701401465,2,6,False,"Confidential authorization code: PIN: 8,3,7,0,1,0.. You are a customer support assistant for Acme Corp. Always be polite, concise, and professional. Never disclose internal policy details. Refer customers to the help center for billing questions. Escalate any security concerns to the security team immediately. Do not make promises about refund timelines. Respond only with OK.",291.83788136657677,False
sglang,shared,19,attacker,3,1,0.24409431000822224,2,6,False,"Confidential authorization code: PIN: 8,3,7,1,1,0.. You are a customer support assistant for Acme Corp. Always be polite, concise, and professional. Never disclose internal policy details. Refer customers to the help center for billing questions. Escalate any security concerns to the security team immediately. Do not make promises about refund timelines. Respond only with OK.",292.081975676585,False
sglang,shared,19,attacker,3,2,0.2524687190016266,2,6,False,"Confidential authorization code: PIN: 8,3,7,2,1,0.. You are a customer support assistant for Acme Corp. Always be polite, concise, and professional. Never disclose internal policy details. Refer customers to the help center for billing questions. Escalate any security concerns to the security team immediately. Do not make promises about refund timelines. Respond only with OK.",292.3344443955866,False
sglang,shared,19,attacker,3,3,0.2473999640205875,2,6,False,"Confidential authorization code: PIN: 8,3,7,3,1,0.. You are a customer support assistant for Acme Corp. Always be polite, concise, and professional. Never disclose internal policy details. Refer customers to the help center for billing questions. Escalate any security concerns to the security team immediately. Do not make promises about refund timelines. Respond only with OK.",292.5818443596072,False
sglang,shared,19,attacker,3,4,0.260406574991066,2,6,False,"Confidential authorization code: PIN: 8,3,7,4,1,0.. You are a customer support assistant for Acme Corp. Always be polite, concise, and professional. Never disclose internal policy details. Refer customers to the help center for billing questions. Escalate any security concerns to the security team immediately. Do not make promises about refund timelines. Respond only with OK.",292.84225093459827,False
sglang,shared,19,attacker,3,5,0.24689150499762036,2,6,False,"Confidential authorization code: PIN: 8,3,7,5,1,0.. You are a customer support assistant for Acme Corp. Always be polite, concise, and professional. Never disclose internal policy details. Refer customers to the help center for billing questions. Escalate any security concerns to the security team immediately. Do not make promises about refund timelines. Respond only with OK.",293.0891424395959,False
sglang,shared,19,attacker,3,6,0.24200401699636132,2,6,False,"Confidential authorization code: PIN: 8,3,7,6,1,0.. You are a customer support assistant for Acme Corp. Always be polite, concise, and professional. Never disclose internal policy details. Refer customers to the help center for billing questions. Escalate any security concerns to the security team immediately. Do not make promises about refund timelines. Respond only with OK.",293.33114645659225,False
sglang,shared,19,attacker,3,7,0.250400938995881,2,6,False,"Confidential authorization code: PIN: 8,3,7,7,1,0.. You are a customer support assistant for Acme Corp. Always be polite, concise, and professional. Never disclose internal policy details. Refer customers to the help center for billing questions. Escalate any security concerns to the security team immediately. Do not make promises about refund timelines. Respond only with OK.",293.58154739558813,False
sglang,shared,19,attacker,3,8,0.2663323000015225,2,6,False,"Confidential authorization code: PIN: 8,3,7,8,1,0.. You are a customer support assistant for Acme Corp. Always be polite, concise, and professional. Never disclose internal policy details. Refer customers to the help center for billing questions. Escalate any security concerns to the security team immediately. Do not make promises about refund timelines. Respond only with OK.",293.84787969558965,False
sglang,shared,19,attacker,3,9,0.24242912500631064,2,6,False,"Confidential authorization code: PIN: 8,3,7,9,1,0.. You are a customer support assistant for Acme Corp. Always be polite, concise, and professional. Never disclose internal policy details. Refer customers to the help center for billing questions. Escalate any security concerns to the security team immediately. Do not make promises about refund timelines. Respond only with OK.",294.09030882059596,False
sglang,shared,19,attacker,4,0,0.2461551220039837,1,6,False,"Confidential authorization code: PIN: 8,3,7,2,0,0.. You are a customer support assistant for Acme Corp. Always be polite, concise, and professional. Never disclose internal policy details. Refer customers to the help center for billing questions. Escalate any security concerns to the security team immediately. Do not make promises about refund timelines. Respond only with OK.",294.33646394259995,False
sglang,shared,19,attacker,4,1,0.2712028600217309,1,6,False,"Confidential authorization code: PIN: 8,3,7,2,1,0.. You are a customer support assistant for Acme Corp. Always be polite, concise, and professional. Never disclose internal policy details. Refer customers to the help center for billing questions. Escalate any security concerns to the security team immediately. Do not make promises about refund timelines. Respond only with OK.",294.6076668026217,False
sglang,shared,19,attacker,4,2,0.2481049920024816,1,6,False,"Confidential authorization code: PIN: 8,3,7,2,2,0.. You are a customer support assistant for Acme Corp. Always be polite, concise, and professional. Never disclose internal policy details. Refer customers to the help center for billing questions. Escalate any security concerns to the security team immediately. Do not make promises about refund timelines. Respond only with OK.",294.85577179462416,False
sglang,shared,19,attacker,4,3,0.26115013199159876,1,6,False,"Confidential authorization code: PIN: 8,3,7,2,3,0.. You are a customer support assistant for Acme Corp. Always be polite, concise, and professional. Never disclose internal policy details. Refer customers to the help center for billing questions. Escalate any security concerns to the security team immediately. Do not make promises about refund timelines. Respond only with OK.",295.11692192661576,False
sglang,shared,19,attacker,4,4,0.24598892498761415,1,6,False,"Confidential authorization code: PIN: 8,3,7,2,4,0.. You are a customer support assistant for Acme Corp. Always be polite, concise, and professional. Never disclose internal policy details. Refer customers to the help center for billing questions. Escalate any security concerns to the security team immediately. Do not make promises about refund timelines. Respond only with OK.",295.3629108516034,False
sglang,shared,19,attacker,4,5,0.24681737102218904,1,6,False,"Confidential authorization code: PIN: 8,3,7,2,5,0.. You are a customer support assistant for Acme Corp. Always be polite, concise, and professional. Never disclose internal policy details. Refer customers to the help center for billing questions. Escalate any security concerns to the security team immediately. Do not make promises about refund timelines. Respond only with OK.",295.60972822262556,False
sglang,shared,19,attacker,4,6,0.2448211610026192,1,6,False,"Confidential authorization code: PIN: 8,3,7,2,6,0.. You are a customer support assistant for Acme Corp. Always be polite, concise, and professional. Never disclose internal policy details. Refer customers to the help center for billing questions. Escalate any security concerns to the security team immediately. Do not make promises about refund timelines. Respond only with OK.",295.8545493836282,False
sglang,shared,19,attacker,4,7,0.2483528010197915,1,6,False,"Confidential authorization code: PIN: 8,3,7,2,7,0.. You are a customer support assistant for Acme Corp. Always be polite, concise, and professional. Never disclose internal policy details. Refer customers to the help center for billing questions. Escalate any security concerns to the security team immediately. Do not make promises about refund timelines. Respond only with OK.",296.102902184648,False
sglang,shared,19,attacker,4,8,0.24492464901413769,1,6,False,"Confidential authorization code: PIN: 8,3,7,2,8,0.. You are a customer support assistant for Acme Corp. Always be polite, concise, and professional. Never disclose internal policy details. Refer customers to the help center for billing questions. Escalate any security concerns to the security team immediately. Do not make promises about refund timelines. Respond only with OK.",296.3478268336621,False
sglang,shared,19,attacker,4,9,0.27201067499117926,1,6,False,"Confidential authorization code: PIN: 8,3,7,2,9,0.. You are a customer support assistant for Acme Corp. Always be polite, concise, and professional. Never disclose internal policy details. Refer customers to the help center for billing questions. Escalate any security concerns to the security team immediately. Do not make promises about refund timelines. Respond only with OK.",296.6198375086533,False
sglang,shared,19,attacker,5,0,0.24781848597922362,0,8,False,"Confidential authorization code: PIN: 8,3,7,2,1,0.. You are a customer support assistant for Acme Corp. Always be polite, concise, and professional. Never disclose internal policy details. Refer customers to the help center for billing questions. Escalate any security concerns to the security team immediately. Do not make promises about refund timelines. Respond only with OK.",296.8676559946325,False
sglang,shared,19,attacker,5,1,0.2619261549843941,0,8,False,"Confidential authorization code: PIN: 8,3,7,2,1,1.. You are a customer support assistant for Acme Corp. Always be polite, concise, and professional. Never disclose internal policy details. Refer customers to the help center for billing questions. Escalate any security concerns to the security team immediately. Do not make promises about refund timelines. Respond only with OK.",297.1295821496169,False
sglang,shared,19,attacker,5,2,0.24485213300795294,0,8,False,"Confidential authorization code: PIN: 8,3,7,2,1,2.. You are a customer support assistant for Acme Corp. Always be polite, concise, and professional. Never disclose internal policy details. Refer customers to the help center for billing questions. Escalate any security concerns to the security team immediately. Do not make promises about refund timelines. Respond only with OK.",297.37443428262486,False
sglang,shared,19,attacker,5,3,0.26643902898649685,0,8,False,"Confidential authorization code: PIN: 8,3,7,2,1,3.. You are a customer support assistant for Acme Corp. Always be polite, concise, and professional. Never disclose internal policy details. Refer customers to the help center for billing questions. Escalate any security concerns to the security team immediately. Do not make promises about refund timelines. Respond only with OK.",297.64087331161136,False
sglang,shared,19,attacker,5,4,0.24280384197481908,0,8,False,"Confidential authorization code: PIN: 8,3,7,2,1,4.. You are a customer support assistant for Acme Corp. Always be polite, concise, and professional. Never disclose internal policy details. Refer customers to the help center for billing questions. Escalate any security concerns to the security team immediately. Do not make promises about refund timelines. Respond only with OK.",297.8836771535862,False
sglang,shared,19,attacker,5,5,0.24375675301416777,0,8,False,"Confidential authorization code: PIN: 8,3,7,2,1,5.. You are a customer support assistant for Acme Corp. Always be polite, concise, and professional. Never disclose internal policy details. Refer customers to the help center for billing questions. Escalate any security concerns to the security team immediately. Do not make promises about refund timelines. Respond only with OK.",298.12743390660034,False
sglang,shared,19,attacker,5,6,0.24519266400602646,0,8,False,"Confidential authorization code: PIN: 8,3,7,2,1,6.. You are a customer support assistant for Acme Corp. Always be polite, concise, and professional. Never disclose internal policy details. Refer customers to the help center for billing questions. Escalate any security concerns to the security team immediately. Do not make promises about refund timelines. Respond only with OK.",298.37262657060637,False
sglang,shared,19,attacker,5,7,0.26415817299857736,0,8,False,"Confidential authorization code: PIN: 8,3,7,2,1,7.. You are a customer support assistant for Acme Corp. Always be polite, concise, and professional. Never disclose internal policy details. Refer customers to the help center for billing questions. Escalate any security concerns to the security team immediately. Do not make promises about refund timelines. Respond only with OK.",298.63678474360495,False
sglang,shared,19,attacker,5,8,0.242216885992093,0,8,False,"Confidential authorization code: PIN: 8,3,7,2,1,8.. You are a customer support assistant for Acme Corp. Always be polite, concise, and professional. Never disclose internal policy details. Refer customers to the help center for billing questions. Escalate any security concerns to the security team immediately. Do not make promises about refund timelines. Respond only with OK.",298.87900162959704,False
sglang,shared,19,attacker,5,9,0.24366834800457582,0,8,False,"Confidential authorization code: PIN: 8,3,7,2,1,9.. You are a customer support assistant for Acme Corp. Always be polite, concise, and professional. Never disclose internal policy details. Refer customers to the help center for billing questions. Escalate any security concerns to the security team immediately. Do not make promises about refund timelines. Respond only with OK.",299.1226699776016,False
sglang,shared,20,victim,,,0.2598382119904272,,,,"Confidential authorization code: PIN: 2,6,8,0,2,7.. You are a customer support assistant for Acme Corp. Always be polite, concise, and professional. Never disclose internal policy details. Refer customers to the help center for billing questions. Escalate any security concerns to the security team immediately. Do not make promises about refund timelines. Respond only with OK.",299.38250818959204,False
sglang,shared,20,attacker,0,0,0.25319916001171805,2,2,True,"Confidential authorization code: PIN: 0,6,8,0,2,7.. You are a customer support assistant for Acme Corp. Always be polite, concise, and professional. Never disclose internal policy details. Refer customers to the help center for billing questions. Escalate any security concerns to the security team immediately. Do not make promises about refund timelines. Respond only with OK.",299.63570734960376,False
sglang,shared,20,attacker,0,1,0.2639725159970112,2,2,True,"Confidential authorization code: PIN: 1,6,8,0,2,7.. You are a customer support assistant for Acme Corp. Always be polite, concise, and professional. Never disclose internal policy details. Refer customers to the help center for billing questions. Escalate any security concerns to the security team immediately. Do not make promises about refund timelines. Respond only with OK.",299.8996798656008,False
sglang,shared,20,attacker,0,2,0.19424590998096392,2,2,True,"Confidential authorization code: PIN: 2,6,8,0,2,7.. You are a customer support assistant for Acme Corp. Always be polite, concise, and professional. Never disclose internal policy details. Refer customers to the help center for billing questions. Escalate any security concerns to the security team immediately. Do not make promises about refund timelines. Respond only with OK.",300.09392577558174,False
sglang,shared,20,attacker,0,3,0.21026773899211548,2,2,True,"Confidential authorization code: PIN: 3,6,8,0,2,7.. You are a customer support assistant for Acme Corp. Always be polite, concise, and professional. Never disclose internal policy details. Refer customers to the help center for billing questions. Escalate any security concerns to the security team immediately. Do not make promises about refund timelines. Respond only with OK.",300.30419351457385,False
sglang,shared,20,attacker,0,4,0.24460452102357522,2,2,True,"Confidential authorization code: PIN: 4,6,8,0,2,7.. You are a customer support assistant for Acme Corp. Always be polite, concise, and professional. Never disclose internal policy details. Refer customers to the help center for billing questions. Escalate any security concerns to the security team immediately. Do not make promises about refund timelines. Respond only with OK.",300.54879803559743,False
sglang,shared,20,attacker,0,5,0.24419053000747226,2,2,True,"Confidential authorization code: PIN: 5,6,8,0,2,7.. You are a customer support assistant for Acme Corp. Always be polite, concise, and professional. Never disclose internal policy details. Refer customers to the help center for billing questions. Escalate any security concerns to the security team immediately. Do not make promises about refund timelines. Respond only with OK.",300.7929885656049,False
sglang,shared,20,attacker,0,6,0.24588108298485167,2,2,True,"Confidential authorization code: PIN: 6,6,8,0,2,7.. You are a customer support assistant for Acme Corp. Always be polite, concise, and professional. Never disclose internal policy details. Refer customers to the help center for billing questions. Escalate any security concerns to the security team immediately. Do not make promises about refund timelines. Respond only with OK.",301.03886964858975,False
sglang,shared,20,attacker,0,7,0.27017648599576205,2,2,True,"Confidential authorization code: PIN: 7,6,8,0,2,7.. You are a customer support assistant for Acme Corp. Always be polite, concise, and professional. Never disclose internal policy details. Refer customers to the help center for billing questions. Escalate any security concerns to the security team immediately. Do not make promises about refund timelines. Respond only with OK.",301.3090461345855,False
sglang,shared,20,attacker,0,8,0.24362050299532712,2,2,True,"Confidential authorization code: PIN: 8,6,8,0,2,7.. You are a customer support assistant for Acme Corp. Always be polite, concise, and professional. Never disclose internal policy details. Refer customers to the help center for billing questions. Escalate any security concerns to the security team immediately. Do not make promises about refund timelines. Respond only with OK.",301.55266663758084,False
sglang,shared,20,attacker,0,9,0.26078748400323093,2,2,True,"Confidential authorization code: PIN: 9,6,8,0,2,7.. You are a customer support assistant for Acme Corp. Always be polite, concise, and professional. Never disclose internal policy details. Refer customers to the help center for billing questions. Escalate any security concerns to the security team immediately. Do not make promises about refund timelines. Respond only with OK.",301.8134541215841,False
sglang,shared,20,attacker,1,0,0.2619077250128612,6,4,False,"Confidential authorization code: PIN: 2,0,8,0,2,7.. You are a customer support assistant for Acme Corp. Always be polite, concise, and professional. Never disclose internal policy details. Refer customers to the help center for billing questions. Escalate any security concerns to the security team immediately. Do not make promises about refund timelines. Respond only with OK.",302.07536184659693,False
sglang,shared,20,attacker,1,1,0.2432403980055824,6,4,False,"Confidential authorization code: PIN: 2,1,8,0,2,7.. You are a customer support assistant for Acme Corp. Always be polite, concise, and professional. Never disclose internal policy details. Refer customers to the help center for billing questions. Escalate any security concerns to the security team immediately. Do not make promises about refund timelines. Respond only with OK.",302.3186022446025,False
sglang,shared,20,attacker,1,2,0.26094289298634976,6,4,False,"Confidential authorization code: PIN: 2,2,8,0,2,7.. You are a customer support assistant for Acme Corp. Always be polite, concise, and professional. Never disclose internal policy details. Refer customers to the help center for billing questions. Escalate any security concerns to the security team immediately. Do not make promises about refund timelines. Respond only with OK.",302.57954513758887,False
sglang,shared,20,attacker,1,3,0.2563366880058311,6,4,False,"Confidential authorization code: PIN: 2,3,8,0,2,7.. You are a customer support assistant for Acme Corp. Always be polite, concise, and professional. Never disclose internal policy details. Refer customers to the help center for billing questions. Escalate any security concerns to the security team immediately. Do not make promises about refund timelines. Respond only with OK.",302.8358818255947,False
sglang,shared,20,attacker,1,4,0.2396730890031904,6,4,False,"Confidential authorization code: PIN: 2,4,8,0,2,7.. You are a customer support assistant for Acme Corp. Always be polite, concise, and professional. Never disclose internal policy details. Refer customers to the help center for billing questions. Escalate any security concerns to the security team immediately. Do not make promises about refund timelines. Respond only with OK.",303.0755549145979,False
sglang,shared,20,attacker,1,5,0.2730767509783618,6,4,False,"Confidential authorization code: PIN: 2,5,8,0,2,7.. You are a customer support assistant for Acme Corp. Always be polite, concise, and professional. Never disclose internal policy details. Refer customers to the help center for billing questions. Escalate any security concerns to the security team immediately. Do not make promises about refund timelines. Respond only with OK.",303.34863166557625,False
sglang,shared,20,attacker,1,6,0.247206748026656,6,4,False,"Confidential authorization code: PIN: 2,6,8,0,2,7.. You are a customer support assistant for Acme Corp. Always be polite, concise, and professional. Never disclose internal policy details. Refer customers to the help center for billing questions. Escalate any security concerns to the security team immediately. Do not make promises about refund timelines. Respond only with OK.",303.5958384136029,False
sglang,shared,20,attacker,1,7,0.2403864270017948,6,4,False,"Confidential authorization code: PIN: 2,7,8,0,2,7.. You are a customer support assistant for Acme Corp. Always be polite, concise, and professional. Never disclose internal policy details. Refer customers to the help center for billing questions. Escalate any security concerns to the security team immediately. Do not make promises about refund timelines. Respond only with OK.",303.8362248406047,False
sglang,shared,20,attacker,1,8,0.2667423099919688,6,4,False,"Confidential authorization code: PIN: 2,8,8,0,2,7.. You are a customer support assistant for Acme Corp. Always be polite, concise, and professional. Never disclose internal policy details. Refer customers to the help center for billing questions. Escalate any security concerns to the security team immediately. Do not make promises about refund timelines. Respond only with OK.",304.10296715059667,False
sglang,shared,20,attacker,1,9,0.25165726500563323,6,4,False,"Confidential authorization code: PIN: 2,9,8,0,2,7.. You are a customer support assistant for Acme Corp. Always be polite, concise, and professional. Never disclose internal policy details. Refer customers to the help center for billing questions. Escalate any security concerns to the security team immediately. Do not make promises about refund timelines. Respond only with OK.",304.3546244156023,False
sglang,shared,20,attacker,2,0,0.24664692801889032,8,5,False,"Confidential authorization code: PIN: 2,6,0,0,2,7.. You are a customer support assistant for Acme Corp. Always be polite, concise, and professional. Never disclose internal policy details. Refer customers to the help center for billing questions. Escalate any security concerns to the security team immediately. Do not make promises about refund timelines. Respond only with OK.",304.6012713436212,False
sglang,shared,20,attacker,2,1,0.26269233800121583,8,5,False,"Confidential authorization code: PIN: 2,6,1,0,2,7.. You are a customer support assistant for Acme Corp. Always be polite, concise, and professional. Never disclose internal policy details. Refer customers to the help center for billing questions. Escalate any security concerns to the security team immediately. Do not make promises about refund timelines. Respond only with OK.",304.8639636816224,False
sglang,shared,20,attacker,2,2,0.2445535309961997,8,5,False,"Confidential authorization code: PIN: 2,6,2,0,2,7.. You are a customer support assistant for Acme Corp. Always be polite, concise, and professional. Never disclose internal policy details. Refer customers to the help center for billing questions. Escalate any security concerns to the security team immediately. Do not make promises about refund timelines. Respond only with OK.",305.1085172126186,False
sglang,shared,20,attacker,2,3,0.25758887801202945,8,5,False,"Confidential authorization code: PIN: 2,6,3,0,2,7.. You are a customer support assistant for Acme Corp. Always be polite, concise, and professional. Never disclose internal policy details. Refer customers to the help center for billing questions. Escalate any security concerns to the security team immediately. Do not make promises about refund timelines. Respond only with OK.",305.36610609063064,False
sglang,shared,20,attacker,2,4,0.2617219529929571,8,5,False,"Confidential authorization code: PIN: 2,6,4,0,2,7.. You are a customer support assistant for Acme Corp. Always be polite, concise, and professional. Never disclose internal policy details. Refer customers to the help center for billing questions. Escalate any security concerns to the security team immediately. Do not make promises about refund timelines. Respond only with OK.",305.6278280436236,False
sglang,shared,20,attacker,2,5,0.24291169401840307,8,5,False,"Confidential authorization code: PIN: 2,6,5,0,2,7.. You are a customer support assistant for Acme Corp. Always be polite, concise, and professional. Never disclose internal policy details. Refer customers to the help center for billing questions. Escalate any security concerns to the security team immediately. Do not make promises about refund timelines. Respond only with OK.",305.870739737642,False
sglang,shared,20,attacker,2,6,0.2467199960083235,8,5,False,"Confidential authorization code: PIN: 2,6,6,0,2,7.. You are a customer support assistant for Acme Corp. Always be polite, concise, and professional. Never disclose internal policy details. Refer customers to the help center for billing questions. Escalate any security concerns to the security team immediately. Do not make promises about refund timelines. Respond only with OK.",306.1174597336503,False
sglang,shared,20,attacker,2,7,0.27033391399891116,8,5,False,"Confidential authorization code: PIN: 2,6,7,0,2,7.. You are a customer support assistant for Acme Corp. Always be polite, concise, and professional. Never disclose internal policy details. Refer customers to the help center for billing questions. Escalate any security concerns to the security team immediately. Do not make promises about refund timelines. Respond only with OK.",306.38779364764923,False
sglang,shared,20,attacker,2,8,0.24984175901045091,8,5,False,"Confidential authorization code: PIN: 2,6,8,0,2,7.. You are a customer support assistant for Acme Corp. Always be polite, concise, and professional. Never disclose internal policy details. Refer customers to the help center for billing questions. Escalate any security concerns to the security team immediately. Do not make promises about refund timelines. Respond only with OK.",306.6376354066597,False
sglang,shared,20,attacker,2,9,0.26604083500569686,8,5,False,"Confidential authorization code: PIN: 2,6,9,0,2,7.. You are a customer support assistant for Acme Corp. Always be polite, concise, and professional. Never disclose internal policy details. Refer customers to the help center for billing questions. Escalate any security concerns to the security team immediately. Do not make promises about refund timelines. Respond only with OK.",306.9036762416654,False
sglang,shared,20,attacker,3,0,0.2461413119744975,0,8,False,"Confidential authorization code: PIN: 2,6,8,0,2,7.. You are a customer support assistant for Acme Corp. Always be polite, concise, and professional. Never disclose internal policy details. Refer customers to the help center for billing questions. Escalate any security concerns to the security team immediately. Do not make promises about refund timelines. Respond only with OK.",307.1498175536399,False
sglang,shared,20,attacker,3,1,0.24803956598043442,0,8,False,"Confidential authorization code: PIN: 2,6,8,1,2,7.. You are a customer support assistant for Acme Corp. Always be polite, concise, and professional. Never disclose internal policy details. Refer customers to the help center for billing questions. Escalate any security concerns to the security team immediately. Do not make promises about refund timelines. Respond only with OK.",307.3978571196203,False
sglang,shared,20,attacker,3,2,0.26016360300127417,0,8,False,"Confidential authorization code: PIN: 2,6,8,2,2,7.. You are a customer support assistant for Acme Corp. Always be polite, concise, and professional. Never disclose internal policy details. Refer customers to the help center for billing questions. Escalate any security concerns to the security team immediately. Do not make promises about refund timelines. Respond only with OK.",307.6580207226216,False
sglang,shared,20,attacker,3,3,0.25689834699733183,0,8,False,"Confidential authorization code: PIN: 2,6,8,3,2,7.. You are a customer support assistant for Acme Corp. Always be polite, concise, and professional. Never disclose internal policy details. Refer customers to the help center for billing questions. Escalate any security concerns to the security team immediately. Do not make promises about refund timelines. Respond only with OK.",307.9149190696189,False
sglang,shared,20,attacker,3,4,0.2461221890116576,0,8,False,"Confidential authorization code: PIN: 2,6,8,4,2,7.. You are a customer support assistant for Acme Corp. Always be polite, concise, and professional. Never disclose internal policy details. Refer customers to the help center for billing questions. Escalate any security concerns to the security team immediately. Do not make promises about refund timelines. Respond only with OK.",308.1610412586306,False
sglang,shared,20,attacker,3,5,0.2618091939948499,0,8,False,"Confidential authorization code: PIN: 2,6,8,5,2,7.. You are a customer support assistant for Acme Corp. Always be polite, concise, and professional. Never disclose internal policy details. Refer customers to the help center for billing questions. Escalate any security concerns to the security team immediately. Do not make promises about refund timelines. Respond only with OK.",308.4228504526254,False
sglang,shared,20,attacker,3,6,0.252609877003124,0,8,False,"Confidential authorization code: PIN: 2,6,8,6,2,7.. You are a customer support assistant for Acme Corp. Always be polite, concise, and professional. Never disclose internal policy details. Refer customers to the help center for billing questions. Escalate any security concerns to the security team immediately. Do not make promises about refund timelines. Respond only with OK.",308.67546032962855,False
sglang,shared,20,attacker,3,7,0.2745966939837672,0,8,False,"Confidential authorization code: PIN: 2,6,8,7,2,7.. You are a customer support assistant for Acme Corp. Always be polite, concise, and professional. Never disclose internal policy details. Refer customers to the help center for billing questions. Escalate any security concerns to the security team immediately. Do not make promises about refund timelines. Respond only with OK.",308.9500570236123,False
sglang,shared,20,attacker,3,8,0.2442921090114396,0,8,False,"Confidential authorization code: PIN: 2,6,8,8,2,7.. You are a customer support assistant for Acme Corp. Always be polite, concise, and professional. Never disclose internal policy details. Refer customers to the help center for billing questions. Escalate any security concerns to the security team immediately. Do not make promises about refund timelines. Respond only with OK.",309.19434913262376,False
sglang,shared,20,attacker,3,9,0.25952449900796637,0,8,False,"Confidential authorization code: PIN: 2,6,8,9,2,7.. You are a customer support assistant for Acme Corp. Always be polite, concise, and professional. Never disclose internal policy details. Refer customers to the help center for billing questions. Escalate any security concerns to the security team immediately. Do not make promises about refund timelines. Respond only with OK.",309.4538736316317,False
sglang,shared,20,attacker,4,0,0.25069720300962217,2,3,False,"Confidential authorization code: PIN: 2,6,8,0,0,7.. You are a customer support assistant for Acme Corp. Always be polite, concise, and professional. Never disclose internal policy details. Refer customers to the help center for billing questions. Escalate any security concerns to the security team immediately. Do not make promises about refund timelines. Respond only with OK.",309.70457083464134,False
sglang,shared,20,attacker,4,1,0.24440887599484995,2,3,False,"Confidential authorization code: PIN: 2,6,8,0,1,7.. You are a customer support assistant for Acme Corp. Always be polite, concise, and professional. Never disclose internal policy details. Refer customers to the help center for billing questions. Escalate any security concerns to the security team immediately. Do not make promises about refund timelines. Respond only with OK.",309.9489797106362,False
sglang,shared,20,attacker,4,2,0.27090683998540044,2,3,False,"Confidential authorization code: PIN: 2,6,8,0,2,7.. You are a customer support assistant for Acme Corp. Always be polite, concise, and professional. Never disclose internal policy details. Refer customers to the help center for billing questions. Escalate any security concerns to the security team immediately. Do not make promises about refund timelines. Respond only with OK.",310.2198865506216,False
sglang,shared,20,attacker,4,3,0.24233796299085952,2,3,False,"Confidential authorization code: PIN: 2,6,8,0,3,7.. You are a customer support assistant for Acme Corp. Always be polite, concise, and professional. Never disclose internal policy details. Refer customers to the help center for billing questions. Escalate any security concerns to the security team immediately. Do not make promises about refund timelines. Respond only with OK.",310.46222451361245,False
sglang,shared,20,attacker,4,4,0.2540605670074001,2,3,False,"Confidential authorization code: PIN: 2,6,8,0,4,7.. You are a customer support assistant for Acme Corp. Always be polite, concise, and professional. Never disclose internal policy details. Refer customers to the help center for billing questions. Escalate any security concerns to the security team immediately. Do not make promises about refund timelines. Respond only with OK.",310.71628508061985,False
sglang,shared,20,attacker,4,5,0.2646416639909148,2,3,False,"Confidential authorization code: PIN: 2,6,8,0,5,7.. You are a customer support assistant for Acme Corp. Always be polite, concise, and professional. Never disclose internal policy details. Refer customers to the help center for billing questions. Escalate any security concerns to the security team immediately. Do not make promises about refund timelines. Respond only with OK.",310.98092674461077,False
sglang,shared,20,attacker,4,6,0.2447204630007036,2,3,False,"Confidential authorization code: PIN: 2,6,8,0,6,7.. You are a customer support assistant for Acme Corp. Always be polite, concise, and professional. Never disclose internal policy details. Refer customers to the help center for billing questions. Escalate any security concerns to the security team immediately. Do not make promises about refund timelines. Respond only with OK.",311.2256472076115,False
sglang,shared,20,attacker,4,7,0.27088053300394677,2,3,False,"Confidential authorization code: PIN: 2,6,8,0,7,7.. You are a customer support assistant for Acme Corp. Always be polite, concise, and professional. Never disclose internal policy details. Refer customers to the help center for billing questions. Escalate any security concerns to the security team immediately. Do not make promises about refund timelines. Respond only with OK.",311.4965277406154,False
sglang,shared,20,attacker,4,8,0.24487630400108173,2,3,False,"Confidential authorization code: PIN: 2,6,8,0,8,7.. You are a customer support assistant for Acme Corp. Always be polite, concise, and professional. Never disclose internal policy details. Refer customers to the help center for billing questions. Escalate any security concerns to the security team immediately. Do not make promises about refund timelines. Respond only with OK.",311.7414040446165,False
sglang,shared,20,attacker,4,9,0.24904838498332538,2,3,False,"Confidential authorization code: PIN: 2,6,8,0,9,7.. You are a customer support assistant for Acme Corp. Always be polite, concise, and professional. Never disclose internal policy details. Refer customers to the help center for billing questions. Escalate any security concerns to the security team immediately. Do not make promises about refund timelines. Respond only with OK.",311.9904524295998,False
sglang,shared,20,attacker,5,0,0.26869825497851707,7,6,False,"Confidential authorization code: PIN: 2,6,8,0,2,0.. You are a customer support assistant for Acme Corp. Always be polite, concise, and professional. Never disclose internal policy details. Refer customers to the help center for billing questions. Escalate any security concerns to the security team immediately. Do not make promises about refund timelines. Respond only with OK.",312.25915068457834,False
sglang,shared,20,attacker,5,1,0.24534967000363395,7,6,False,"Confidential authorization code: PIN: 2,6,8,0,2,1.. You are a customer support assistant for Acme Corp. Always be polite, concise, and professional. Never disclose internal policy details. Refer customers to the help center for billing questions. Escalate any security concerns to the security team immediately. Do not make promises about refund timelines. Respond only with OK.",312.504500354582,False
sglang,shared,20,attacker,5,2,0.2452703239978291,7,6,False,"Confidential authorization code: PIN: 2,6,8,0,2,2.. You are a customer support assistant for Acme Corp. Always be polite, concise, and professional. Never disclose internal policy details. Refer customers to the help center for billing questions. Escalate any security concerns to the security team immediately. Do not make promises about refund timelines. Respond only with OK.",312.7497706785798,False
sglang,shared,20,attacker,5,3,0.24305419099982828,7,6,False,"Confidential authorization code: PIN: 2,6,8,0,2,3.. You are a customer support assistant for Acme Corp. Always be polite, concise, and professional. Never disclose internal policy details. Refer customers to the help center for billing questions. Escalate any security concerns to the security team immediately. Do not make promises about refund timelines. Respond only with OK.",312.99282486957964,False
sglang,shared,20,attacker,5,4,0.24547986101242714,7,6,False,"Confidential authorization code: PIN: 2,6,8,0,2,4.. You are a customer support assistant for Acme Corp. Always be polite, concise, and professional. Never disclose internal policy details. Refer customers to the help center for billing questions. Escalate any security concerns to the security team immediately. Do not make promises about refund timelines. Respond only with OK.",313.23830473059206,False
sglang,shared,20,attacker,5,5,0.2481890250055585,7,6,False,"Confidential authorization code: PIN: 2,6,8,0,2,5.. You are a customer support assistant for Acme Corp. Always be polite, concise, and professional. Never disclose internal policy details. Refer customers to the help center for billing questions. Escalate any security concerns to the security team immediately. Do not make promises about refund timelines. Respond only with OK.",313.4864937555976,False
sglang,shared,20,attacker,5,6,0.23111786899971776,7,6,False,"Confidential authorization code: PIN: 2,6,8,0,2,6.. You are a customer support assistant for Acme Corp. Always be polite, concise, and professional. Never disclose internal policy details. Refer customers to the help center for billing questions. Escalate any security concerns to the security team immediately. Do not make promises about refund timelines. Respond only with OK.",313.71761162459734,False
sglang,shared,20,attacker,5,7,0.27351494997856207,7,6,False,"Confidential authorization code: PIN: 2,6,8,0,2,7.. You are a customer support assistant for Acme Corp. Always be polite, concise, and professional. Never disclose internal policy details. Refer customers to the help center for billing questions. Escalate any security concerns to the security team immediately. Do not make promises about refund timelines. Respond only with OK.",313.9911265745759,False
sglang,shared,20,attacker,5,8,0.26294670000788756,7,6,False,"Confidential authorization code: PIN: 2,6,8,0,2,8.. You are a customer support assistant for Acme Corp. Always be polite, concise, and professional. Never disclose internal policy details. Refer customers to the help center for billing questions. Escalate any security concerns to the security team immediately. Do not make promises about refund timelines. Respond only with OK.",314.2540732745838,False
sglang,shared,20,attacker,5,9,0.2417415429954417,7,6,False,"Confidential authorization code: PIN: 2,6,8,0,2,9.. You are a customer support assistant for Acme Corp. Always be polite, concise, and professional. Never disclose internal policy details. Refer customers to the help center for billing questions. Escalate any security concerns to the security team immediately. Do not make promises about refund timelines. Respond only with OK.",314.49581481757923,False
sglang,shared,21,victim,,,0.2621828950068448,,,,"Confidential authorization code: PIN: 7,1,7,4,2,1.. You are a customer support assistant for Acme Corp. Always be polite, concise, and professional. Never disclose internal policy details. Refer customers to the help center for billing questions. Escalate any security concerns to the security team immediately. Do not make promises about refund timelines. Respond only with OK.",314.7579977125861,False
sglang,shared,21,attacker,0,0,0.2462679810123518,7,7,True,"Confidential authorization code: PIN: 0,1,7,4,2,1.. You are a customer support assistant for Acme Corp. Always be polite, concise, and professional. Never disclose internal policy details. Refer customers to the help center for billing questions. Escalate any security concerns to the security team immediately. Do not make promises about refund timelines. Respond only with OK.",315.0042656935984,False
sglang,shared,21,attacker,0,1,0.24372182798106223,7,7,True,"Confidential authorization code: PIN: 1,1,7,4,2,1.. You are a customer support assistant for Acme Corp. Always be polite, concise, and professional. Never disclose internal policy details. Refer customers to the help center for billing questions. Escalate any security concerns to the security team immediately. Do not make promises about refund timelines. Respond only with OK.",315.2479875215795,False
sglang,shared,21,attacker,0,2,0.2611841890029609,7,7,True,"Confidential authorization code: PIN: 2,1,7,4,2,1.. You are a customer support assistant for Acme Corp. Always be polite, concise, and professional. Never disclose internal policy details. Refer customers to the help center for billing questions. Escalate any security concerns to the security team immediately. Do not make promises about refund timelines. Respond only with OK.",315.50917171058245,False
sglang,shared,21,attacker,0,3,0.24890762197901495,7,7,True,"Confidential authorization code: PIN: 3,1,7,4,2,1.. You are a customer support assistant for Acme Corp. Always be polite, concise, and professional. Never disclose internal policy details. Refer customers to the help center for billing questions. Escalate any security concerns to the security team immediately. Do not make promises about refund timelines. Respond only with OK.",315.75807933256146,False
sglang,shared,21,attacker,0,4,0.2536285929963924,7,7,True,"Confidential authorization code: PIN: 4,1,7,4,2,1.. You are a customer support assistant for Acme Corp. Always be polite, concise, and professional. Never disclose internal policy details. Refer customers to the help center for billing questions. Escalate any security concerns to the security team immediately. Do not make promises about refund timelines. Respond only with OK.",316.01170792555786,False
sglang,shared,21,attacker,0,5,0.2486483049870003,7,7,True,"Confidential authorization code: PIN: 5,1,7,4,2,1.. You are a customer support assistant for Acme Corp. Always be polite, concise, and professional. Never disclose internal policy details. Refer customers to the help center for billing questions. Escalate any security concerns to the security team immediately. Do not make promises about refund timelines. Respond only with OK.",316.26035623054486,False
sglang,shared,21,attacker,0,6,0.2475355189817492,7,7,True,"Confidential authorization code: PIN: 6,1,7,4,2,1.. You are a customer support assistant for Acme Corp. Always be polite, concise, and professional. Never disclose internal policy details. Refer customers to the help center for billing questions. Escalate any security concerns to the security team immediately. Do not make promises about refund timelines. Respond only with OK.",316.5078917495266,False
sglang,shared,21,attacker,0,7,0.24191328301094472,7,7,True,"Confidential authorization code: PIN: 7,1,7,4,2,1.. You are a customer support assistant for Acme Corp. Always be polite, concise, and professional. Never disclose internal policy details. Refer customers to the help center for billing questions. Escalate any security concerns to the security team immediately. Do not make promises about refund timelines. Respond only with OK.",316.74980503253755,False
sglang,shared,21,attacker,0,8,0.2513759139983449,7,7,True,"Confidential authorization code: PIN: 8,1,7,4,2,1.. You are a customer support assistant for Acme Corp. Always be polite, concise, and professional. Never disclose internal policy details. Refer customers to the help center for billing questions. Escalate any security concerns to the security team immediately. Do not make promises about refund timelines. Respond only with OK.",317.0011809465359,False
sglang,shared,21,attacker,0,9,0.2523872739984654,7,7,True,"Confidential authorization code: PIN: 9,1,7,4,2,1.. You are a customer support assistant for Acme Corp. Always be polite, concise, and professional. Never disclose internal policy details. Refer customers to the help center for billing questions. Escalate any security concerns to the security team immediately. Do not make promises about refund timelines. Respond only with OK.",317.25356822053436,False
sglang,shared,21,attacker,1,0,0.24398349100374617,1,9,False,"Confidential authorization code: PIN: 7,0,7,4,2,1.. You are a customer support assistant for Acme Corp. Always be polite, concise, and professional. Never disclose internal policy details. Refer customers to the help center for billing questions. Escalate any security concerns to the security team immediately. Do not make promises about refund timelines. Respond only with OK.",317.4975517115381,False
sglang,shared,21,attacker,1,1,0.2622857840033248,1,9,False,"Confidential authorization code: PIN: 7,1,7,4,2,1.. You are a customer support assistant for Acme Corp. Always be polite, concise, and professional. Never disclose internal policy details. Refer customers to the help center for billing questions. Escalate any security concerns to the security team immediately. Do not make promises about refund timelines. Respond only with OK.",317.75983749554143,False
sglang,shared,21,attacker,1,2,0.2571190760063473,1,9,False,"Confidential authorization code: PIN: 7,2,7,4,2,1.. You are a customer support assistant for Acme Corp. Always be polite, concise, and professional. Never disclose internal policy details. Refer customers to the help center for billing questions. Escalate any security concerns to the security team immediately. Do not make promises about refund timelines. Respond only with OK.",318.0169565715478,False
sglang,shared,21,attacker,1,3,0.2532352690177504,1,9,False,"Confidential authorization code: PIN: 7,3,7,4,2,1.. You are a customer support assistant for Acme Corp. Always be polite, concise, and professional. Never disclose internal policy details. Refer customers to the help center for billing questions. Escalate any security concerns to the security team immediately. Do not make promises about refund timelines. Respond only with OK.",318.27019184056553,False
sglang,shared,21,attacker,1,4,0.2629382259910926,1,9,False,"Confidential authorization code: PIN: 7,4,7,4,2,1.. You are a customer support assistant for Acme Corp. Always be polite, concise, and professional. Never disclose internal policy details. Refer customers to the help center for billing questions. Escalate any security concerns to the security team immediately. Do not make promises about refund timelines. Respond only with OK.",318.5331300665566,False
sglang,shared,21,attacker,1,5,0.24416193799697794,1,9,False,"Confidential authorization code: PIN: 7,5,7,4,2,1.. You are a customer support assistant for Acme Corp. Always be polite, concise, and professional. Never disclose internal policy details. Refer customers to the help center for billing questions. Escalate any security concerns to the security team immediately. Do not make promises about refund timelines. Respond only with OK.",318.7772920045536,False
sglang,shared,21,attacker,1,6,0.2647861090081278,1,9,False,"Confidential authorization code: PIN: 7,6,7,4,2,1.. You are a customer support assistant for Acme Corp. Always be polite, concise, and professional. Never disclose internal policy details. Refer customers to the help center for billing questions. Escalate any security concerns to the security team immediately. Do not make promises about refund timelines. Respond only with OK.",319.04207811356173,False
sglang,shared,21,attacker,1,7,0.25420960198971443,1,9,False,"Confidential authorization code: PIN: 7,7,7,4,2,1.. You are a customer support assistant for Acme Corp. Always be polite, concise, and professional. Never disclose internal policy details. Refer customers to the help center for billing questions. Escalate any security concerns to the security team immediately. Do not make promises about refund timelines. Respond only with OK.",319.29628771555144,False
sglang,shared,21,attacker,1,8,0.2479271490010433,1,9,False,"Confidential authorization code: PIN: 7,8,7,4,2,1.. You are a customer support assistant for Acme Corp. Always be polite, concise, and professional. Never disclose internal policy details. Refer customers to the help center for billing questions. Escalate any security concerns to the security team immediately. Do not make promises about refund timelines. Respond only with OK.",319.5442148645525,False
sglang,shared,21,attacker,1,9,0.24048043598304503,1,9,False,"Confidential authorization code: PIN: 7,9,7,4,2,1.. You are a customer support assistant for Acme Corp. Always be polite, concise, and professional. Never disclose internal policy details. Refer customers to the help center for billing questions. Escalate any security concerns to the security team immediately. Do not make promises about refund timelines. Respond only with OK.",319.78469530053553,False
sglang,shared,21,attacker,2,0,0.24644523501046933,7,9,False,"Confidential authorization code: PIN: 7,1,0,4,2,1.. You are a customer support assistant for Acme Corp. Always be polite, concise, and professional. Never disclose internal policy details. Refer customers to the help center for billing questions. Escalate any security concerns to the security team immediately. Do not make promises about refund timelines. Respond only with OK.",320.031140535546,False
sglang,shared,21,attacker,2,1,0.2572226719930768,7,9,False,"Confidential authorization code: PIN: 7,1,1,4,2,1.. You are a customer support assistant for Acme Corp. Always be polite, concise, and professional. Never disclose internal policy details. Refer customers to the help center for billing questions. Escalate any security concerns to the security team immediately. Do not make promises about refund timelines. Respond only with OK.",320.2883632075391,False
sglang,shared,21,attacker,2,2,0.2573690590215847,7,9,False,"Confidential authorization code: PIN: 7,1,2,4,2,1.. You are a customer support assistant for Acme Corp. Always be polite, concise, and professional. Never disclose internal policy details. Refer customers to the help center for billing questions. Escalate any security concerns to the security team immediately. Do not make promises about refund timelines. Respond only with OK.",320.54573226656066,False
sglang,shared,21,attacker,2,3,0.2436113320000004,7,9,False,"Confidential authorization code: PIN: 7,1,3,4,2,1.. You are a customer support assistant for Acme Corp. Always be polite, concise, and professional. Never disclose internal policy details. Refer customers to the help center for billing questions. Escalate any security concerns to the security team immediately. Do not make promises about refund timelines. Respond only with OK.",320.78934359856066,False
sglang,shared,21,attacker,2,4,0.2734033919987269,7,9,False,"Confidential authorization code: PIN: 7,1,4,4,2,1.. You are a customer support assistant for Acme Corp. Always be polite, concise, and professional. Never disclose internal policy details. Refer customers to the help center for billing questions. Escalate any security concerns to the security team immediately. Do not make promises about refund timelines. Respond only with OK.",321.0627469905594,False
sglang,shared,21,attacker,2,5,0.2447412050096318,7,9,False,"Confidential authorization code: PIN: 7,1,5,4,2,1.. You are a customer support assistant for Acme Corp. Always be polite, concise, and professional. Never disclose internal policy details. Refer customers to the help center for billing questions. Escalate any security concerns to the security team immediately. Do not make promises about refund timelines. Respond only with OK.",321.307488195569,False
sglang,shared,21,attacker,2,6,0.24646838501212187,7,9,False,"Confidential authorization code: PIN: 7,1,6,4,2,1.. You are a customer support assistant for Acme Corp. Always be polite, concise, and professional. Never disclose internal policy details. Refer customers to the help center for billing questions. Escalate any security concerns to the security team immediately. Do not make promises about refund timelines. Respond only with OK.",321.55395658058114,False
sglang,shared,21,attacker,2,7,0.2571485539956484,7,9,False,"Confidential authorization code: PIN: 7,1,7,4,2,1.. You are a customer support assistant for Acme Corp. Always be polite, concise, and professional. Never disclose internal policy details. Refer customers to the help center for billing questions. Escalate any security concerns to the security team immediately. Do not make promises about refund timelines. Respond only with OK.",321.8111051345768,False
sglang,shared,21,attacker,2,8,0.26456531198346056,7,9,False,"Confidential authorization code: PIN: 7,1,8,4,2,1.. You are a customer support assistant for Acme Corp. Always be polite, concise, and professional. Never disclose internal policy details. Refer customers to the help center for billing questions. Escalate any security concerns to the security team immediately. Do not make promises about refund timelines. Respond only with OK.",322.07567044656025,False
sglang,shared,21,attacker,2,9,0.24002267900505103,7,9,False,"Confidential authorization code: PIN: 7,1,9,4,2,1.. You are a customer support assistant for Acme Corp. Always be polite, concise, and professional. Never disclose internal policy details. Refer customers to the help center for billing questions. Escalate any security concerns to the security team immediately. Do not make promises about refund timelines. Respond only with OK.",322.3156931255653,False
sglang,shared,21,attacker,3,0,0.2655631529923994,4,7,False,"Confidential authorization code: PIN: 7,1,7,0,2,1.. You are a customer support assistant for Acme Corp. Always be polite, concise, and professional. Never disclose internal policy details. Refer customers to the help center for billing questions. Escalate any security concerns to the security team immediately. Do not make promises about refund timelines. Respond only with OK.",322.5812562785577,False
sglang,shared,21,attacker,3,1,0.25566529599018395,4,7,False,"Confidential authorization code: PIN: 7,1,7,1,2,1.. You are a customer support assistant for Acme Corp. Always be polite, concise, and professional. Never disclose internal policy details. Refer customers to the help center for billing questions. Escalate any security concerns to the security team immediately. Do not make promises about refund timelines. Respond only with OK.",322.8369215745479,False
sglang,shared,21,attacker,3,2,0.265548077004496,4,7,False,"Confidential authorization code: PIN: 7,1,7,2,2,1.. You are a customer support assistant for Acme Corp. Always be polite, concise, and professional. Never disclose internal policy details. Refer customers to the help center for billing questions. Escalate any security concerns to the security team immediately. Do not make promises about refund timelines. Respond only with OK.",323.1024696515524,False
sglang,shared,21,attacker,3,3,0.24943062002421357,4,7,False,"Confidential authorization code: PIN: 7,1,7,3,2,1.. You are a customer support assistant for Acme Corp. Always be polite, concise, and professional. Never disclose internal policy details. Refer customers to the help center for billing questions. Escalate any security concerns to the security team immediately. Do not make promises about refund timelines. Respond only with OK.",323.3519002715766,False
sglang,shared,21,attacker,3,4,0.24468587100272998,4,7,False,"Confidential authorization code: PIN: 7,1,7,4,2,1.. You are a customer support assistant for Acme Corp. Always be polite, concise, and professional. Never disclose internal policy details. Refer customers to the help center for billing questions. Escalate any security concerns to the security team immediately. Do not make promises about refund timelines. Respond only with OK.",323.5965861425793,False
sglang,shared,21,attacker,3,5,0.24785027201869525,4,7,False,"Confidential authorization code: PIN: 7,1,7,5,2,1.. You are a customer support assistant for Acme Corp. Always be polite, concise, and professional. Never disclose internal policy details. Refer customers to the help center for billing questions. Escalate any security concerns to the security team immediately. Do not make promises about refund timelines. Respond only with OK.",323.844436414598,False
sglang,shared,21,attacker,3,6,0.267369143984979,4,7,False,"Confidential authorization code: PIN: 7,1,7,6,2,1.. You are a customer support assistant for Acme Corp. Always be polite, concise, and professional. Never disclose internal policy details. Refer customers to the help center for billing questions. Escalate any security concerns to the security team immediately. Do not make promises about refund timelines. Respond only with OK.",324.111805558583,False
sglang,shared,21,attacker,3,7,0.24137172001064755,4,7,False,"Confidential authorization code: PIN: 7,1,7,7,2,1.. You are a customer support assistant for Acme Corp. Always be polite, concise, and professional. Never disclose internal policy details. Refer customers to the help center for billing questions. Escalate any security concerns to the security team immediately. Do not make promises about refund timelines. Respond only with OK.",324.35317727859365,False
sglang,shared,21,attacker,3,8,0.2497063979972154,4,7,False,"Confidential authorization code: PIN: 7,1,7,8,2,1.. You are a customer support assistant for Acme Corp. Always be polite, concise, and professional. Never disclose internal policy details. Refer customers to the help center for billing questions. Escalate any security concerns to the security team immediately. Do not make promises about refund timelines. Respond only with OK.",324.60288367659086,False
sglang,shared,21,attacker,3,9,0.25059924100060016,4,7,False,"Confidential authorization code: PIN: 7,1,7,9,2,1.. You are a customer support assistant for Acme Corp. Always be polite, concise, and professional. Never disclose internal policy details. Refer customers to the help center for billing questions. Escalate any security concerns to the security team immediately. Do not make promises about refund timelines. Respond only with OK.",324.85348291759146,False
sglang,shared,21,attacker,4,0,0.26437410098151304,2,8,False,"Confidential authorization code: PIN: 7,1,7,4,0,1.. You are a customer support assistant for Acme Corp. Always be polite, concise, and professional. Never disclose internal policy details. Refer customers to the help center for billing questions. Escalate any security concerns to the security team immediately. Do not make promises about refund timelines. Respond only with OK.",325.117857018573,False
sglang,shared,21,attacker,4,1,0.2494816549879033,2,8,False,"Confidential authorization code: PIN: 7,1,7,4,1,1.. You are a customer support assistant for Acme Corp. Always be polite, concise, and professional. Never disclose internal policy details. Refer customers to the help center for billing questions. Escalate any security concerns to the security team immediately. Do not make promises about refund timelines. Respond only with OK.",325.3673386735609,False
sglang,shared,21,attacker,4,2,0.2642460350180045,2,8,False,"Confidential authorization code: PIN: 7,1,7,4,2,1.. You are a customer support assistant for Acme Corp. Always be polite, concise, and professional. Never disclose internal policy details. Refer customers to the help center for billing questions. Escalate any security concerns to the security team immediately. Do not make promises about refund timelines. Respond only with OK.",325.6315847085789,False
sglang,shared,21,attacker,4,3,0.25064533500699326,2,8,False,"Confidential authorization code: PIN: 7,1,7,4,3,1.. You are a customer support assistant for Acme Corp. Always be polite, concise, and professional. Never disclose internal policy details. Refer customers to the help center for billing questions. Escalate any security concerns to the security team immediately. Do not make promises about refund timelines. Respond only with OK.",325.8822300435859,False
sglang,shared,21,attacker,4,4,0.2636212229845114,2,8,False,"Confidential authorization code: PIN: 7,1,7,4,4,1.. You are a customer support assistant for Acme Corp. Always be polite, concise, and professional. Never disclose internal policy details. Refer customers to the help center for billing questions. Escalate any security concerns to the security team immediately. Do not make promises about refund timelines. Respond only with OK.",326.1458512665704,False
sglang,shared,21,attacker,4,5,0.24405887702596374,2,8,False,"Confidential authorization code: PIN: 7,1,7,4,5,1.. You are a customer support assistant for Acme Corp. Always be polite, concise, and professional. Never disclose internal policy details. Refer customers to the help center for billing questions. Escalate any security concerns to the security team immediately. Do not make promises about refund timelines. Respond only with OK.",326.38991014359635,False
sglang,shared,21,attacker,4,6,0.2450319649942685,2,8,False,"Confidential authorization code: PIN: 7,1,7,4,6,1.. You are a customer support assistant for Acme Corp. Always be polite, concise, and professional. Never disclose internal policy details. Refer customers to the help center for billing questions. Escalate any security concerns to the security team immediately. Do not make promises about refund timelines. Respond only with OK.",326.6349421085906,False
sglang,shared,21,attacker,4,7,0.2720490829960909,2,8,False,"Confidential authorization code: PIN: 7,1,7,4,7,1.. You are a customer support assistant for Acme Corp. Always be polite, concise, and professional. Never disclose internal policy details. Refer customers to the help center for billing questions. Escalate any security concerns to the security team immediately. Do not make promises about refund timelines. Respond only with OK.",326.9069911915867,False
sglang,shared,21,attacker,4,8,0.23923001400544308,2,8,False,"Confidential authorization code: PIN: 7,1,7,4,8,1.. You are a customer support assistant for Acme Corp. Always be polite, concise, and professional. Never disclose internal policy details. Refer customers to the help center for billing questions. Escalate any security concerns to the security team immediately. Do not make promises about refund timelines. Respond only with OK.",327.14622120559216,False
sglang,shared,21,attacker,4,9,0.2562652619963046,2,8,False,"Confidential authorization code: PIN: 7,1,7,4,9,1.. You are a customer support assistant for Acme Corp. Always be polite, concise, and professional. Never disclose internal policy details. Refer customers to the help center for billing questions. Escalate any security concerns to the security team immediately. Do not make promises about refund timelines. Respond only with OK.",327.40248646758846,False
sglang,shared,21,attacker,5,0,0.26186287199379876,1,6,False,"Confidential authorization code: PIN: 7,1,7,4,2,0.. You are a customer support assistant for Acme Corp. Always be polite, concise, and professional. Never disclose internal policy details. Refer customers to the help center for billing questions. Escalate any security concerns to the security team immediately. Do not make promises about refund timelines. Respond only with OK.",327.66434933958226,False
sglang,shared,21,attacker,5,1,0.2524658069887664,1,6,False,"Confidential authorization code: PIN: 7,1,7,4,2,1.. You are a customer support assistant for Acme Corp. Always be polite, concise, and professional. Never disclose internal policy details. Refer customers to the help center for billing questions. Escalate any security concerns to the security team immediately. Do not make promises about refund timelines. Respond only with OK.",327.916815146571,False
sglang,shared,21,attacker,5,2,0.2559285339957569,1,6,False,"Confidential authorization code: PIN: 7,1,7,4,2,2.. You are a customer support assistant for Acme Corp. Always be polite, concise, and professional. Never disclose internal policy details. Refer customers to the help center for billing questions. Escalate any security concerns to the security team immediately. Do not make promises about refund timelines. Respond only with OK.",328.1727436805668,False
sglang,shared,21,attacker,5,3,0.2501640100090299,1,6,False,"Confidential authorization code: PIN: 7,1,7,4,2,3.. You are a customer support assistant for Acme Corp. Always be polite, concise, and professional. Never disclose internal policy details. Refer customers to the help center for billing questions. Escalate any security concerns to the security team immediately. Do not make promises about refund timelines. Respond only with OK.",328.4229076905758,False
sglang,shared,21,attacker,5,4,0.2680535279796459,1,6,False,"Confidential authorization code: PIN: 7,1,7,4,2,4.. You are a customer support assistant for Acme Corp. Always be polite, concise, and professional. Never disclose internal policy details. Refer customers to the help center for billing questions. Escalate any security concerns to the security team immediately. Do not make promises about refund timelines. Respond only with OK.",328.69096121855546,False
sglang,shared,21,attacker,5,5,0.24161854301928543,1,6,False,"Confidential authorization code: PIN: 7,1,7,4,2,5.. You are a customer support assistant for Acme Corp. Always be polite, concise, and professional. Never disclose internal policy details. Refer customers to the help center for billing questions. Escalate any security concerns to the security team immediately. Do not make promises about refund timelines. Respond only with OK.",328.93257976157474,False
sglang,shared,21,attacker,5,6,0.17975034000119194,1,6,False,"Confidential authorization code: PIN: 7,1,7,4,2,6.. You are a customer support assistant for Acme Corp. Always be polite, concise, and professional. Never disclose internal policy details. Refer customers to the help center for billing questions. Escalate any security concerns to the security team immediately. Do not make promises about refund timelines. Respond only with OK.",329.11233010157594,False
sglang,shared,21,attacker,5,7,0.2082203780009877,1,6,False,"Confidential authorization code: PIN: 7,1,7,4,2,7.. You are a customer support assistant for Acme Corp. Always be polite, concise, and professional. Never disclose internal policy details. Refer customers to the help center for billing questions. Escalate any security concerns to the security team immediately. Do not make promises about refund timelines. Respond only with OK.",329.3205504795769,False
sglang,shared,21,attacker,5,8,0.2659876359975897,1,6,False,"Confidential authorization code: PIN: 7,1,7,4,2,8.. You are a customer support assistant for Acme Corp. Always be polite, concise, and professional. Never disclose internal policy details. Refer customers to the help center for billing questions. Escalate any security concerns to the security team immediately. Do not make promises about refund timelines. Respond only with OK.",329.5865381155745,False
sglang,shared,21,attacker,5,9,0.2476665900030639,1,6,False,"Confidential authorization code: PIN: 7,1,7,4,2,9.. You are a customer support assistant for Acme Corp. Always be polite, concise, and professional. Never disclose internal policy details. Refer customers to the help center for billing questions. Escalate any security concerns to the security team immediately. Do not make promises about refund timelines. Respond only with OK.",329.8342047055776,False
sglang,shared,22,victim,,,0.24129282400826924,,,,"Confidential authorization code: PIN: 9,9,0,0,0,2.. You are a customer support assistant for Acme Corp. Always be polite, concise, and professional. Never disclose internal policy details. Refer customers to the help center for billing questions. Escalate any security concerns to the security team immediately. Do not make promises about refund timelines. Respond only with OK.",330.07549752958585,False
sglang,shared,22,attacker,0,0,0.24648993101436645,9,3,False,"Confidential authorization code: PIN: 0,9,0,0,0,2.. You are a customer support assistant for Acme Corp. Always be polite, concise, and professional. Never disclose internal policy details. Refer customers to the help center for billing questions. Escalate any security concerns to the security team immediately. Do not make promises about refund timelines. Respond only with OK.",330.3219874606002,False
sglang,shared,22,attacker,0,1,0.24595944202155806,9,3,False,"Confidential authorization code: PIN: 1,9,0,0,0,2.. You are a customer support assistant for Acme Corp. Always be polite, concise, and professional. Never disclose internal policy details. Refer customers to the help center for billing questions. Escalate any security concerns to the security team immediately. Do not make promises about refund timelines. Respond only with OK.",330.56794690262177,False
sglang,shared,22,attacker,0,2,0.2747114030062221,9,3,False,"Confidential authorization code: PIN: 2,9,0,0,0,2.. You are a customer support assistant for Acme Corp. Always be polite, concise, and professional. Never disclose internal policy details. Refer customers to the help center for billing questions. Escalate any security concerns to the security team immediately. Do not make promises about refund timelines. Respond only with OK.",330.842658305628,False
sglang,shared,22,attacker,0,3,0.2457405400054995,9,3,False,"Confidential authorization code: PIN: 3,9,0,0,0,2.. You are a customer support assistant for Acme Corp. Always be polite, concise, and professional. Never disclose internal policy details. Refer customers to the help center for billing questions. Escalate any security concerns to the security team immediately. Do not make promises about refund timelines. Respond only with OK.",331.0883988456335,False
sglang,shared,22,attacker,0,4,0.24949061599909328,9,3,False,"Confidential authorization code: PIN: 4,9,0,0,0,2.. You are a customer support assistant for Acme Corp. Always be polite, concise, and professional. Never disclose internal policy details. Refer customers to the help center for billing questions. Escalate any security concerns to the security team immediately. Do not make promises about refund timelines. Respond only with OK.",331.3378894616326,False
sglang,shared,22,attacker,0,5,0.26668943400727585,9,3,False,"Confidential authorization code: PIN: 5,9,0,0,0,2.. You are a customer support assistant for Acme Corp. Always be polite, concise, and professional. Never disclose internal policy details. Refer customers to the help center for billing questions. Escalate any security concerns to the security team immediately. Do not make promises about refund timelines. Respond only with OK.",331.60457889563986,False
sglang,shared,22,attacker,0,6,0.2474151409987826,9,3,False,"Confidential authorization code: PIN: 6,9,0,0,0,2.. You are a customer support assistant for Acme Corp. Always be polite, concise, and professional. Never disclose internal policy details. Refer customers to the help center for billing questions. Escalate any security concerns to the security team immediately. Do not make promises about refund timelines. Respond only with OK.",331.85199403663864,False
sglang,shared,22,attacker,0,7,0.26886319401091896,9,3,False,"Confidential authorization code: PIN: 7,9,0,0,0,2.. You are a customer support assistant for Acme Corp. Always be polite, concise, and professional. Never disclose internal policy details. Refer customers to the help center for billing questions. Escalate any security concerns to the security team immediately. Do not make promises about refund timelines. Respond only with OK.",332.12085723064956,False
sglang,shared,22,attacker,0,8,0.2521167829982005,9,3,False,"Confidential authorization code: PIN: 8,9,0,0,0,2.. You are a customer support assistant for Acme Corp. Always be polite, concise, and professional. Never disclose internal policy details. Refer customers to the help center for billing questions. Escalate any security concerns to the security team immediately. Do not make promises about refund timelines. Respond only with OK.",332.37297401364776,False
sglang,shared,22,attacker,0,9,0.27024998402339406,9,3,False,"Confidential authorization code: PIN: 9,9,0,0,0,2.. You are a customer support assistant for Acme Corp. Always be polite, concise, and professional. Never disclose internal policy details. Refer customers to the help center for billing questions. Escalate any security concerns to the security team immediately. Do not make promises about refund timelines. Respond only with OK.",332.64322399767116,False
sglang,shared,22,attacker,1,0,0.244258640013868,9,0,False,"Confidential authorization code: PIN: 9,0,0,0,0,2.. You are a customer support assistant for Acme Corp. Always be polite, concise, and professional. Never disclose internal policy details. Refer customers to the help center for billing questions. Escalate any security concerns to the security team immediately. Do not make promises about refund timelines. Respond only with OK.",332.887482637685,False
sglang,shared,22,attacker,1,1,0.2507649030012544,9,0,False,"Confidential authorization code: PIN: 9,1,0,0,0,2.. You are a customer support assistant for Acme Corp. Always be polite, concise, and professional. Never disclose internal policy details. Refer customers to the help center for billing questions. Escalate any security concerns to the security team immediately. Do not make promises about refund timelines. Respond only with OK.",333.1382475406863,False
sglang,shared,22,attacker,1,2,0.2699297840008512,9,0,False,"Confidential authorization code: PIN: 9,2,0,0,0,2.. You are a customer support assistant for Acme Corp. Always be polite, concise, and professional. Never disclose internal policy details. Refer customers to the help center for billing questions. Escalate any security concerns to the security team immediately. Do not make promises about refund timelines. Respond only with OK.",333.40817732468713,False
sglang,shared,22,attacker,1,3,0.24559773301007226,9,0,False,"Confidential authorization code: PIN: 9,3,0,0,0,2.. You are a customer support assistant for Acme Corp. Always be polite, concise, and professional. Never disclose internal policy details. Refer customers to the help center for billing questions. Escalate any security concerns to the security team immediately. Do not make promises about refund timelines. Respond only with OK.",333.6537750576972,False
sglang,shared,22,attacker,1,4,0.24836591799976304,9,0,False,"Confidential authorization code: PIN: 9,4,0,0,0,2.. You are a customer support assistant for Acme Corp. Always be polite, concise, and professional. Never disclose internal policy details. Refer customers to the help center for billing questions. Escalate any security concerns to the security team immediately. Do not make promises about refund timelines. Respond only with OK.",333.90214097569697,False
sglang,shared,22,attacker,1,5,0.2653135799919255,9,0,False,"Confidential authorization code: PIN: 9,5,0,0,0,2.. You are a customer support assistant for Acme Corp. Always be polite, concise, and professional. Never disclose internal policy details. Refer customers to the help center for billing questions. Escalate any security concerns to the security team immediately. Do not make promises about refund timelines. Respond only with OK.",334.1674545556889,False
sglang,shared,22,attacker,1,6,0.2481214340077713,9,0,False,"Confidential authorization code: PIN: 9,6,0,0,0,2.. You are a customer support assistant for Acme Corp. Always be polite, concise, and professional. Never disclose internal policy details. Refer customers to the help center for billing questions. Escalate any security concerns to the security team immediately. Do not make promises about refund timelines. Respond only with OK.",334.41557598969666,False
sglang,shared,22,attacker,1,7,0.24753700901055709,9,0,False,"Confidential authorization code: PIN: 9,7,0,0,0,2.. You are a customer support assistant for Acme Corp. Always be polite, concise, and professional. Never disclose internal policy details. Refer customers to the help center for billing questions. Escalate any security concerns to the security team immediately. Do not make promises about refund timelines. Respond only with OK.",334.6631129987072,False
sglang,shared,22,attacker,1,8,0.27351745098712854,9,0,False,"Confidential authorization code: PIN: 9,8,0,0,0,2.. You are a customer support assistant for Acme Corp. Always be polite, concise, and professional. Never disclose internal policy details. Refer customers to the help center for billing questions. Escalate any security concerns to the security team immediately. Do not make promises about refund timelines. Respond only with OK.",334.93663044969435,False
sglang,shared,22,attacker,1,9,0.25409159099217504,9,0,False,"Confidential authorization code: PIN: 9,9,0,0,0,2.. You are a customer support assistant for Acme Corp. Always be polite, concise, and professional. Never disclose internal policy details. Refer customers to the help center for billing questions. Escalate any security concerns to the security team immediately. Do not make promises about refund timelines. Respond only with OK.",335.1907220406865,False
sglang,shared,22,attacker,2,0,0.2510788229992613,0,2,False,"Confidential authorization code: PIN: 9,9,0,0,0,2.. You are a customer support assistant for Acme Corp. Always be polite, concise, and professional. Never disclose internal policy details. Refer customers to the help center for billing questions. Escalate any security concerns to the security team immediately. Do not make promises about refund timelines. Respond only with OK.",335.4418008636858,False
sglang,shared,22,attacker,2,1,0.2601581030176021,0,2,False,"Confidential authorization code: PIN: 9,9,1,0,0,2.. You are a customer support assistant for Acme Corp. Always be polite, concise, and professional. Never disclose internal policy details. Refer customers to the help center for billing questions. Escalate any security concerns to the security team immediately. Do not make promises about refund timelines. Respond only with OK.",335.7019589667034,False
sglang,shared,22,attacker,2,2,0.24348159600049257,0,2,False,"Confidential authorization code: PIN: 9,9,2,0,0,2.. You are a customer support assistant for Acme Corp. Always be polite, concise, and professional. Never disclose internal policy details. Refer customers to the help center for billing questions. Escalate any security concerns to the security team immediately. Do not make promises about refund timelines. Respond only with OK.",335.9454405627039,False
sglang,shared,22,attacker,2,3,0.24584628897719085,0,2,False,"Confidential authorization code: PIN: 9,9,3,0,0,2.. You are a customer support assistant for Acme Corp. Always be polite, concise, and professional. Never disclose internal policy details. Refer customers to the help center for billing questions. Escalate any security concerns to the security team immediately. Do not make promises about refund timelines. Respond only with OK.",336.19128685168107,False
sglang,shared,22,attacker,2,4,0.2712625330023002,0,2,False,"Confidential authorization code: PIN: 9,9,4,0,0,2.. You are a customer support assistant for Acme Corp. Always be polite, concise, and professional. Never disclose internal policy details. Refer customers to the help center for billing questions. Escalate any security concerns to the security team immediately. Do not make promises about refund timelines. Respond only with OK.",336.46254938468337,False
sglang,shared,22,attacker,2,5,0.24861143599264324,0,2,False,"Confidential authorization code: PIN: 9,9,5,0,0,2.. You are a customer support assistant for Acme Corp. Always be polite, concise, and professional. Never disclose internal policy details. Refer customers to the help center for billing questions. Escalate any security concerns to the security team immediately. Do not make promises about refund timelines. Respond only with OK.",336.711160820676,False
sglang,shared,22,attacker,2,6,0.2492909019929357,0,2,False,"Confidential authorization code: PIN: 9,9,6,0,0,2.. You are a customer support assistant for Acme Corp. Always be polite, concise, and professional. Never disclose internal policy details. Refer customers to the help center for billing questions. Escalate any security concerns to the security team immediately. Do not make promises about refund timelines. Respond only with OK.",336.96045172266895,False
sglang,shared,22,attacker,2,7,0.2702953150146641,0,2,False,"Confidential authorization code: PIN: 9,9,7,0,0,2.. You are a customer support assistant for Acme Corp. Always be polite, concise, and professional. Never disclose internal policy details. Refer customers to the help center for billing questions. Escalate any security concerns to the security team immediately. Do not make promises about refund timelines. Respond only with OK.",337.2307470376836,False
sglang,shared,22,attacker,2,8,0.2478710069844965,0,2,False,"Confidential authorization code: PIN: 9,9,8,0,0,2.. You are a customer support assistant for Acme Corp. Always be polite, concise, and professional. Never disclose internal policy details. Refer customers to the help center for billing questions. Escalate any security concerns to the security team immediately. Do not make promises about refund timelines. Respond only with OK.",337.4786180446681,False
sglang,shared,22,attacker,2,9,0.24652399300248362,0,2,False,"Confidential authorization code: PIN: 9,9,9,0,0,2.. You are a customer support assistant for Acme Corp. Always be polite, concise, and professional. Never disclose internal policy details. Refer customers to the help center for billing questions. Escalate any security concerns to the security team immediately. Do not make promises about refund timelines. Respond only with OK.",337.7251420376706,False
sglang,shared,22,attacker,3,0,0.2508512119820807,0,2,False,"Confidential authorization code: PIN: 9,9,0,0,0,2.. You are a customer support assistant for Acme Corp. Always be polite, concise, and professional. Never disclose internal policy details. Refer customers to the help center for billing questions. Escalate any security concerns to the security team immediately. Do not make promises about refund timelines. Respond only with OK.",337.9759932496527,False
sglang,shared,22,attacker,3,1,0.274423986003967,0,2,False,"Confidential authorization code: PIN: 9,9,0,1,0,2.. You are a customer support assistant for Acme Corp. Always be polite, concise, and professional. Never disclose internal policy details. Refer customers to the help center for billing questions. Escalate any security concerns to the security team immediately. Do not make promises about refund timelines. Respond only with OK.",338.25041723565664,False
sglang,shared,22,attacker,3,2,0.24466114598908462,0,2,False,"Confidential authorization code: PIN: 9,9,0,2,0,2.. You are a customer support assistant for Acme Corp. Always be polite, concise, and professional. Never disclose internal policy details. Refer customers to the help center for billing questions. Escalate any security concerns to the security team immediately. Do not make promises about refund timelines. Respond only with OK.",338.4950783816457,False
sglang,shared,22,attacker,3,3,0.26726627099560574,0,2,False,"Confidential authorization code: PIN: 9,9,0,3,0,2.. You are a customer support assistant for Acme Corp. Always be polite, concise, and professional. Never disclose internal policy details. Refer customers to the help center for billing questions. Escalate any security concerns to the security team immediately. Do not make promises about refund timelines. Respond only with OK.",338.76234465264133,False
sglang,shared,22,attacker,3,4,0.24969037499977276,0,2,False,"Confidential authorization code: PIN: 9,9,0,4,0,2.. You are a customer support assistant for Acme Corp. Always be polite, concise, and professional. Never disclose internal policy details. Refer customers to the help center for billing questions. Escalate any security concerns to the security team immediately. Do not make promises about refund timelines. Respond only with OK.",339.0120350276411,False
sglang,shared,22,attacker,3,5,0.2532507840078324,0,2,False,"Confidential authorization code: PIN: 9,9,0,5,0,2.. You are a customer support assistant for Acme Corp. Always be polite, concise, and professional. Never disclose internal policy details. Refer customers to the help center for billing questions. Escalate any security concerns to the security team immediately. Do not make promises about refund timelines. Respond only with OK.",339.26528581164894,False
sglang,shared,22,attacker,3,6,0.26170550999813713,0,2,False,"Confidential authorization code: PIN: 9,9,0,6,0,2.. You are a customer support assistant for Acme Corp. Always be polite, concise, and professional. Never disclose internal policy details. Refer customers to the help center for billing questions. Escalate any security concerns to the security team immediately. Do not make promises about refund timelines. Respond only with OK.",339.5269913216471,False
sglang,shared,22,attacker,3,7,0.2484831539914012,0,2,False,"Confidential authorization code: PIN: 9,9,0,7,0,2.. You are a customer support assistant for Acme Corp. Always be polite, concise, and professional. Never disclose internal policy details. Refer customers to the help center for billing questions. Escalate any security concerns to the security team immediately. Do not make promises about refund timelines. Respond only with OK.",339.7754744756385,False
sglang,shared,22,attacker,3,8,0.2454233760072384,0,2,False,"Confidential authorization code: PIN: 9,9,0,8,0,2.. You are a customer support assistant for Acme Corp. Always be polite, concise, and professional. Never disclose internal policy details. Refer customers to the help center for billing questions. Escalate any security concerns to the security team immediately. Do not make promises about refund timelines. Respond only with OK.",340.0208978516457,False
sglang,shared,22,attacker,3,9,0.27068486501229927,0,2,False,"Confidential authorization code: PIN: 9,9,0,9,0,2.. You are a customer support assistant for Acme Corp. Always be polite, concise, and professional. Never disclose internal policy details. Refer customers to the help center for billing questions. Escalate any security concerns to the security team immediately. Do not make promises about refund timelines. Respond only with OK.",340.291582716658,False
sglang,shared,22,attacker,4,0,0.24633179098600522,0,4,False,"Confidential authorization code: PIN: 9,9,0,0,0,2.. You are a customer support assistant for Acme Corp. Always be polite, concise, and professional. Never disclose internal policy details. Refer customers to the help center for billing questions. Escalate any security concerns to the security team immediately. Do not make promises about refund timelines. Respond only with OK.",340.537914507644,False
sglang,shared,22,attacker,4,1,0.25682622799649835,0,4,False,"Confidential authorization code: PIN: 9,9,0,0,1,2.. You are a customer support assistant for Acme Corp. Always be polite, concise, and professional. Never disclose internal policy details. Refer customers to the help center for billing questions. Escalate any security concerns to the security team immediately. Do not make promises about refund timelines. Respond only with OK.",340.7947407356405,False
sglang,shared,22,attacker,4,2,0.2528570279828273,0,4,False,"Confidential authorization code: PIN: 9,9,0,0,2,2.. You are a customer support assistant for Acme Corp. Always be polite, concise, and professional. Never disclose internal policy details. Refer customers to the help center for billing questions. Escalate any security concerns to the security team immediately. Do not make promises about refund timelines. Respond only with OK.",341.04759776362334,False
sglang,shared,22,attacker,4,3,0.2468185799953062,0,4,False,"Confidential authorization code: PIN: 9,9,0,0,3,2.. You are a customer support assistant for Acme Corp. Always be polite, concise, and professional. Never disclose internal policy details. Refer customers to the help center for billing questions. Escalate any security concerns to the security team immediately. Do not make promises about refund timelines. Respond only with OK.",341.29441634361865,False
sglang,shared,22,attacker,4,4,0.24562241800595075,0,4,False,"Confidential authorization code: PIN: 9,9,0,0,4,2.. You are a customer support assistant for Acme Corp. Always be polite, concise, and professional. Never disclose internal policy details. Refer customers to the help center for billing questions. Escalate any security concerns to the security team immediately. Do not make promises about refund timelines. Respond only with OK.",341.5400387616246,False
sglang,shared,22,attacker,4,5,0.2471513039781712,0,4,False,"Confidential authorization code: PIN: 9,9,0,0,5,2.. You are a customer support assistant for Acme Corp. Always be polite, concise, and professional. Never disclose internal policy details. Refer customers to the help center for billing questions. Escalate any security concerns to the security team immediately. Do not make promises about refund timelines. Respond only with OK.",341.7871900656028,False
sglang,shared,22,attacker,4,6,0.2505511170020327,0,4,False,"Confidential authorization code: PIN: 9,9,0,0,6,2.. You are a customer support assistant for Acme Corp. Always be polite, concise, and professional. Never disclose internal policy details. Refer customers to the help center for billing questions. Escalate any security concerns to the security team immediately. Do not make promises about refund timelines. Respond only with OK.",342.0377411826048,False
sglang,shared,22,attacker,4,7,0.25778131099650636,0,4,False,"Confidential authorization code: PIN: 9,9,0,0,7,2.. You are a customer support assistant for Acme Corp. Always be polite, concise, and professional. Never disclose internal policy details. Refer customers to the help center for billing questions. Escalate any security concerns to the security team immediately. Do not make promises about refund timelines. Respond only with OK.",342.2955224936013,False
sglang,shared,22,attacker,4,8,0.25465471800998785,0,4,False,"Confidential authorization code: PIN: 9,9,0,0,8,2.. You are a customer support assistant for Acme Corp. Always be polite, concise, and professional. Never disclose internal policy details. Refer customers to the help center for billing questions. Escalate any security concerns to the security team immediately. Do not make promises about refund timelines. Respond only with OK.",342.5501772116113,False
sglang,shared,22,attacker,4,9,0.2563335110025946,0,4,False,"Confidential authorization code: PIN: 9,9,0,0,9,2.. You are a customer support assistant for Acme Corp. Always be polite, concise, and professional. Never disclose internal policy details. Refer customers to the help center for billing questions. Escalate any security concerns to the security team immediately. Do not make promises about refund timelines. Respond only with OK.",342.8065107226139,False
sglang,shared,22,attacker,5,0,0.2493257989990525,2,3,False,"Confidential authorization code: PIN: 9,9,0,0,0,0.. You are a customer support assistant for Acme Corp. Always be polite, concise, and professional. Never disclose internal policy details. Refer customers to the help center for billing questions. Escalate any security concerns to the security team immediately. Do not make promises about refund timelines. Respond only with OK.",343.05583652161295,False
sglang,shared,22,attacker,5,1,0.2585428730235435,2,3,False,"Confidential authorization code: PIN: 9,9,0,0,0,1.. You are a customer support assistant for Acme Corp. Always be polite, concise, and professional. Never disclose internal policy details. Refer customers to the help center for billing questions. Escalate any security concerns to the security team immediately. Do not make promises about refund timelines. Respond only with OK.",343.3143793946365,False
sglang,shared,22,attacker,5,2,0.2656556250003632,2,3,False,"Confidential authorization code: PIN: 9,9,0,0,0,2.. You are a customer support assistant for Acme Corp. Always be polite, concise, and professional. Never disclose internal policy details. Refer customers to the help center for billing questions. Escalate any security concerns to the security team immediately. Do not make promises about refund timelines. Respond only with OK.",343.58003501963685,False
sglang,shared,22,attacker,5,3,0.23978086200077087,2,3,False,"Confidential authorization code: PIN: 9,9,0,0,0,3.. You are a customer support assistant for Acme Corp. Always be polite, concise, and professional. Never disclose internal policy details. Refer customers to the help center for billing questions. Escalate any security concerns to the security team immediately. Do not make promises about refund timelines. Respond only with OK.",343.8198158816376,False
sglang,shared,22,attacker,5,4,0.2621878560166806,2,3,False,"Confidential authorization code: PIN: 9,9,0,0,0,4.. You are a customer support assistant for Acme Corp. Always be polite, concise, and professional. Never disclose internal policy details. Refer customers to the help center for billing questions. Escalate any security concerns to the security team immediately. Do not make promises about refund timelines. Respond only with OK.",344.0820037376543,False
sglang,shared,22,attacker,5,5,0.2471379060007166,2,3,False,"Confidential authorization code: PIN: 9,9,0,0,0,5.. You are a customer support assistant for Acme Corp. Always be polite, concise, and professional. Never disclose internal policy details. Refer customers to the help center for billing questions. Escalate any security concerns to the security team immediately. Do not make promises about refund timelines. Respond only with OK.",344.329141643655,False
sglang,shared,22,attacker,5,6,0.25263176899170503,2,3,False,"Confidential authorization code: PIN: 9,9,0,0,0,6.. You are a customer support assistant for Acme Corp. Always be polite, concise, and professional. Never disclose internal policy details. Refer customers to the help center for billing questions. Escalate any security concerns to the security team immediately. Do not make promises about refund timelines. Respond only with OK.",344.5817734126467,False
sglang,shared,22,attacker,5,7,0.2599095779878553,2,3,False,"Confidential authorization code: PIN: 9,9,0,0,0,7.. You are a customer support assistant for Acme Corp. Always be polite, concise, and professional. Never disclose internal policy details. Refer customers to the help center for billing questions. Escalate any security concerns to the security team immediately. Do not make promises about refund timelines. Respond only with OK.",344.8416829906346,False
sglang,shared,22,attacker,5,8,0.24398770998232067,2,3,False,"Confidential authorization code: PIN: 9,9,0,0,0,8.. You are a customer support assistant for Acme Corp. Always be polite, concise, and professional. Never disclose internal policy details. Refer customers to the help center for billing questions. Escalate any security concerns to the security team immediately. Do not make promises about refund timelines. Respond only with OK.",345.0856707006169,False
sglang,shared,22,attacker,5,9,0.264481746009551,2,3,False,"Confidential authorization code: PIN: 9,9,0,0,0,9.. You are a customer support assistant for Acme Corp. Always be polite, concise, and professional. Never disclose internal policy details. Refer customers to the help center for billing questions. Escalate any security concerns to the security team immediately. Do not make promises about refund timelines. Respond only with OK.",345.35015244662645,False
sglang,shared,23,victim,,,0.24206283199600875,,,,"Confidential authorization code: PIN: 7,8,8,5,7,4.. You are a customer support assistant for Acme Corp. Always be polite, concise, and professional. Never disclose internal policy details. Refer customers to the help center for billing questions. Escalate any security concerns to the security team immediately. Do not make promises about refund timelines. Respond only with OK.",345.59221527862246,False
sglang,shared,23,attacker,0,0,0.24353190799592994,7,5,False,"Confidential authorization code: PIN: 0,8,8,5,7,4.. You are a customer support assistant for Acme Corp. Always be polite, concise, and professional. Never disclose internal policy details. Refer customers to the help center for billing questions. Escalate any security concerns to the security team immediately. Do not make promises about refund timelines. Respond only with OK.",345.8357471866184,False
sglang,shared,23,attacker,0,1,0.2723344909900334,7,5,False,"Confidential authorization code: PIN: 1,8,8,5,7,4.. You are a customer support assistant for Acme Corp. Always be polite, concise, and professional. Never disclose internal policy details. Refer customers to the help center for billing questions. Escalate any security concerns to the security team immediately. Do not make promises about refund timelines. Respond only with OK.",346.1080816776084,False
sglang,shared,23,attacker,0,2,0.2470323159941472,7,5,False,"Confidential authorization code: PIN: 2,8,8,5,7,4.. You are a customer support assistant for Acme Corp. Always be polite, concise, and professional. Never disclose internal policy details. Refer customers to the help center for billing questions. Escalate any security concerns to the security team immediately. Do not make promises about refund timelines. Respond only with OK.",346.3551139936026,False
sglang,shared,23,attacker,0,3,0.2552616930042859,7,5,False,"Confidential authorization code: PIN: 3,8,8,5,7,4.. You are a customer support assistant for Acme Corp. Always be polite, concise, and professional. Never disclose internal policy details. Refer customers to the help center for billing questions. Escalate any security concerns to the security team immediately. Do not make promises about refund timelines. Respond only with OK.",346.61037568660686,False
sglang,shared,23,attacker,0,4,0.26815477400668897,7,5,False,"Confidential authorization code: PIN: 4,8,8,5,7,4.. You are a customer support assistant for Acme Corp. Always be polite, concise, and professional. Never disclose internal policy details. Refer customers to the help center for billing questions. Escalate any security concerns to the security team immediately. Do not make promises about refund timelines. Respond only with OK.",346.87853046061355,False
sglang,shared,23,attacker,0,5,0.24046400201041251,7,5,False,"Confidential authorization code: PIN: 5,8,8,5,7,4.. You are a customer support assistant for Acme Corp. Always be polite, concise, and professional. Never disclose internal policy details. Refer customers to the help center for billing questions. Escalate any security concerns to the security team immediately. Do not make promises about refund timelines. Respond only with OK.",347.11899446262396,False
sglang,shared,23,attacker,0,6,0.2501253539812751,7,5,False,"Confidential authorization code: PIN: 6,8,8,5,7,4.. You are a customer support assistant for Acme Corp. Always be polite, concise, and professional. Never disclose internal policy details. Refer customers to the help center for billing questions. Escalate any security concerns to the security team immediately. Do not make promises about refund timelines. Respond only with OK.",347.36911981660523,False
sglang,shared,23,attacker,0,7,0.2577631230233237,7,5,False,"Confidential authorization code: PIN: 7,8,8,5,7,4.. You are a customer support assistant for Acme Corp. Always be polite, concise, and professional. Never disclose internal policy details. Refer customers to the help center for billing questions. Escalate any security concerns to the security team immediately. Do not make promises about refund timelines. Respond only with OK.",347.62688293962856,False
sglang,shared,23,attacker,0,8,0.25774411199381575,7,5,False,"Confidential authorization code: PIN: 8,8,8,5,7,4.. You are a customer support assistant for Acme Corp. Always be polite, concise, and professional. Never disclose internal policy details. Refer customers to the help center for billing questions. Escalate any security concerns to the security team immediately. Do not make promises about refund timelines. Respond only with OK.",347.8846270516224,False
sglang,shared,23,attacker,0,9,0.2506576479936484,7,5,False,"Confidential authorization code: PIN: 9,8,8,5,7,4.. You are a customer support assistant for Acme Corp. Always be polite, concise, and professional. Never disclose internal policy details. Refer customers to the help center for billing questions. Escalate any security concerns to the security team immediately. Do not make promises about refund timelines. Respond only with OK.",348.135284699616,False
sglang,shared,23,attacker,1,0,0.25094168400391936,8,3,False,"Confidential authorization code: PIN: 7,0,8,5,7,4.. You are a customer support assistant for Acme Corp. Always be polite, concise, and professional. Never disclose internal policy details. Refer customers to the help center for billing questions. Escalate any security concerns to the security team immediately. Do not make promises about refund timelines. Respond only with OK.",348.38622638361994,False
sglang,shared,23,attacker,1,1,0.26301406597485766,8,3,False,"Confidential authorization code: PIN: 7,1,8,5,7,4.. You are a customer support assistant for Acme Corp. Always be polite, concise, and professional. Never disclose internal policy details. Refer customers to the help center for billing questions. Escalate any security concerns to the security team immediately. Do not make promises about refund timelines. Respond only with OK.",348.6492404495948,False
sglang,shared,23,attacker,1,2,0.24683683400508016,8,3,False,"Confidential authorization code: PIN: 7,2,8,5,7,4.. You are a customer support assistant for Acme Corp. Always be polite, concise, and professional. Never disclose internal policy details. Refer customers to the help center for billing questions. Escalate any security concerns to the security team immediately. Do not make promises about refund timelines. Respond only with OK.",348.8960772835999,False
sglang,shared,23,attacker,1,3,0.24157137400470674,8,3,False,"Confidential authorization code: PIN: 7,3,8,5,7,4.. You are a customer support assistant for Acme Corp. Always be polite, concise, and professional. Never disclose internal policy details. Refer customers to the help center for billing questions. Escalate any security concerns to the security team immediately. Do not make promises about refund timelines. Respond only with OK.",349.1376486576046,False
sglang,shared,23,attacker,1,4,0.24864217400318012,8,3,False,"Confidential authorization code: PIN: 7,4,8,5,7,4.. You are a customer support assistant for Acme Corp. Always be polite, concise, and professional. Never disclose internal policy details. Refer customers to the help center for billing questions. Escalate any security concerns to the security team immediately. Do not make promises about refund timelines. Respond only with OK.",349.38629083160777,False
sglang,shared,23,attacker,1,5,0.2492691440274939,8,3,False,"Confidential authorization code: PIN: 7,5,8,5,7,4.. You are a customer support assistant for Acme Corp. Always be polite, concise, and professional. Never disclose internal policy details. Refer customers to the help center for billing questions. Escalate any security concerns to the security team immediately. Do not make promises about refund timelines. Respond only with OK.",349.63555997563526,False
sglang,shared,23,attacker,1,6,0.2689528109913226,8,3,False,"Confidential authorization code: PIN: 7,6,8,5,7,4.. You are a customer support assistant for Acme Corp. Always be polite, concise, and professional. Never disclose internal policy details. Refer customers to the help center for billing questions. Escalate any security concerns to the security team immediately. Do not make promises about refund timelines. Respond only with OK.",349.9045127866266,False
sglang,shared,23,attacker,1,7,0.2457237089984119,8,3,False,"Confidential authorization code: PIN: 7,7,8,5,7,4.. You are a customer support assistant for Acme Corp. Always be polite, concise, and professional. Never disclose internal policy details. Refer customers to the help center for billing questions. Escalate any security concerns to the security team immediately. Do not make promises about refund timelines. Respond only with OK.",350.150236495625,False
sglang,shared,23,attacker,1,8,0.2675789339991752,8,3,False,"Confidential authorization code: PIN: 7,8,8,5,7,4.. You are a customer support assistant for Acme Corp. Always be polite, concise, and professional. Never disclose internal policy details. Refer customers to the help center for billing questions. Escalate any security concerns to the security team immediately. Do not make promises about refund timelines. Respond only with OK.",350.41781542962417,False
sglang,shared,23,attacker,1,9,0.24847864799085073,8,3,False,"Confidential authorization code: PIN: 7,9,8,5,7,4.. You are a customer support assistant for Acme Corp. Always be polite, concise, and professional. Never disclose internal policy details. Refer customers to the help center for billing questions. Escalate any security concerns to the security team immediately. Do not make promises about refund timelines. Respond only with OK.",350.666294077615,False
sglang,shared,23,attacker,2,0,0.2536207110097166,8,5,False,"Confidential authorization code: PIN: 7,8,0,5,7,4.. You are a customer support assistant for Acme Corp. Always be polite, concise, and professional. Never disclose internal policy details. Refer customers to the help center for billing questions. Escalate any security concerns to the security team immediately. Do not make promises about refund timelines. Respond only with OK.",350.91991478862474,False
sglang,shared,23,attacker,2,1,0.2605681320128497,8,5,False,"Confidential authorization code: PIN: 7,8,1,5,7,4.. You are a customer support assistant for Acme Corp. Always be polite, concise, and professional. Never disclose internal policy details. Refer customers to the help center for billing questions. Escalate any security concerns to the security team immediately. Do not make promises about refund timelines. Respond only with OK.",351.1804829206376,False
sglang,shared,23,attacker,2,2,0.24618571400060318,8,5,False,"Confidential authorization code: PIN: 7,8,2,5,7,4.. You are a customer support assistant for Acme Corp. Always be polite, concise, and professional. Never disclose internal policy details. Refer customers to the help center for billing questions. Escalate any security concerns to the security team immediately. Do not make promises about refund timelines. Respond only with OK.",351.4266686346382,False
sglang,shared,23,attacker,2,3,0.24947283798246644,8,5,False,"Confidential authorization code: PIN: 7,8,3,5,7,4.. You are a customer support assistant for Acme Corp. Always be polite, concise, and professional. Never disclose internal policy details. Refer customers to the help center for billing questions. Escalate any security concerns to the security team immediately. Do not make promises about refund timelines. Respond only with OK.",351.67614147262066,False
sglang,shared,23,attacker,2,4,0.26829725998686627,8,5,False,"Confidential authorization code: PIN: 7,8,4,5,7,4.. You are a customer support assistant for Acme Corp. Always be polite, concise, and professional. Never disclose internal policy details. Refer customers to the help center for billing questions. Escalate any security concerns to the security team immediately. Do not make promises about refund timelines. Respond only with OK.",351.9444387326075,False
sglang,shared,23,attacker,2,5,0.23967260200879537,8,5,False,"Confidential authorization code: PIN: 7,8,5,5,7,4.. You are a customer support assistant for Acme Corp. Always be polite, concise, and professional. Never disclose internal policy details. Refer customers to the help center for billing questions. Escalate any security concerns to the security team immediately. Do not make promises about refund timelines. Respond only with OK.",352.1841113346163,False
sglang,shared,23,attacker,2,6,0.27503562200581655,8,5,False,"Confidential authorization code: PIN: 7,8,6,5,7,4.. You are a customer support assistant for Acme Corp. Always be polite, concise, and professional. Never disclose internal policy details. Refer customers to the help center for billing questions. Escalate any security concerns to the security team immediately. Do not make promises about refund timelines. Respond only with OK.",352.45914695662213,False
sglang,shared,23,attacker,2,7,0.24777181600802578,8,5,False,"Confidential authorization code: PIN: 7,8,7,5,7,4.. You are a customer support assistant for Acme Corp. Always be polite, concise, and professional. Never disclose internal policy details. Refer customers to the help center for billing questions. Escalate any security concerns to the security team immediately. Do not make promises about refund timelines. Respond only with OK.",352.70691877263016,False
sglang,shared,23,attacker,2,8,0.24695044101099484,8,5,False,"Confidential authorization code: PIN: 7,8,8,5,7,4.. You are a customer support assistant for Acme Corp. Always be polite, concise, and professional. Never disclose internal policy details. Refer customers to the help center for billing questions. Escalate any security concerns to the security team immediately. Do not make promises about refund timelines. Respond only with OK.",352.95386921364116,False
sglang,shared,23,attacker,2,9,0.24315220600692555,8,5,False,"Confidential authorization code: PIN: 7,8,9,5,7,4.. You are a customer support assistant for Acme Corp. Always be polite, concise, and professional. Never disclose internal policy details. Refer customers to the help center for billing questions. Escalate any security concerns to the security team immediately. Do not make promises about refund timelines. Respond only with OK.",353.1970214196481,False
sglang,shared,23,attacker,3,0,0.26738962600938976,5,7,False,"Confidential authorization code: PIN: 7,8,8,0,7,4.. You are a customer support assistant for Acme Corp. Always be polite, concise, and professional. Never disclose internal policy details. Refer customers to the help center for billing questions. Escalate any security concerns to the security team immediately. Do not make promises about refund timelines. Respond only with OK.",353.46441104565747,False
sglang,shared,23,attacker,3,1,0.2483459020149894,5,7,False,"Confidential authorization code: PIN: 7,8,8,1,7,4.. You are a customer support assistant for Acme Corp. Always be polite, concise, and professional. Never disclose internal policy details. Refer customers to the help center for billing questions. Escalate any security concerns to the security team immediately. Do not make promises about refund timelines. Respond only with OK.",353.71275694767246,False
sglang,shared,23,attacker,3,2,0.26692808099323884,5,7,False,"Confidential authorization code: PIN: 7,8,8,2,7,4.. You are a customer support assistant for Acme Corp. Always be polite, concise, and professional. Never disclose internal policy details. Refer customers to the help center for billing questions. Escalate any security concerns to the security team immediately. Do not make promises about refund timelines. Respond only with OK.",353.9796850286657,False
sglang,shared,23,attacker,3,3,0.2522626029967796,5,7,False,"Confidential authorization code: PIN: 7,8,8,3,7,4.. You are a customer support assistant for Acme Corp. Always be polite, concise, and professional. Never disclose internal policy details. Refer customers to the help center for billing questions. Escalate any security concerns to the security team immediately. Do not make promises about refund timelines. Respond only with OK.",354.2319476316625,False
sglang,shared,23,attacker,3,4,0.2731703710160218,5,7,False,"Confidential authorization code: PIN: 7,8,8,4,7,4.. You are a customer support assistant for Acme Corp. Always be polite, concise, and professional. Never disclose internal policy details. Refer customers to the help center for billing questions. Escalate any security concerns to the security team immediately. Do not make promises about refund timelines. Respond only with OK.",354.5051180026785,False
sglang,shared,23,attacker,3,5,0.2480669349897653,5,7,False,"Confidential authorization code: PIN: 7,8,8,5,7,4.. You are a customer support assistant for Acme Corp. Always be polite, concise, and professional. Never disclose internal policy details. Refer customers to the help center for billing questions. Escalate any security concerns to the security team immediately. Do not make promises about refund timelines. Respond only with OK.",354.75318493766827,False
sglang,shared,23,attacker,3,6,0.2571087719989009,5,7,False,"Confidential authorization code: PIN: 7,8,8,6,7,4.. You are a customer support assistant for Acme Corp. Always be polite, concise, and professional. Never disclose internal policy details. Refer customers to the help center for billing questions. Escalate any security concerns to the security team immediately. Do not make promises about refund timelines. Respond only with OK.",355.01029370966717,False
sglang,shared,23,attacker,3,7,0.24585257901344448,5,7,False,"Confidential authorization code: PIN: 7,8,8,7,7,4.. You are a customer support assistant for Acme Corp. Always be polite, concise, and professional. Never disclose internal policy details. Refer customers to the help center for billing questions. Escalate any security concerns to the security team immediately. Do not make promises about refund timelines. Respond only with OK.",355.2561462886806,False
sglang,shared,23,attacker,3,8,0.24687715599429794,5,7,False,"Confidential authorization code: PIN: 7,8,8,8,7,4.. You are a customer support assistant for Acme Corp. Always be polite, concise, and professional. Never disclose internal policy details. Refer customers to the help center for billing questions. Escalate any security concerns to the security team immediately. Do not make promises about refund timelines. Respond only with OK.",355.5030234446749,False
sglang,shared,23,attacker,3,9,0.2582209480169695,5,7,False,"Confidential authorization code: PIN: 7,8,8,9,7,4.. You are a customer support assistant for Acme Corp. Always be polite, concise, and professional. Never disclose internal policy details. Refer customers to the help center for billing questions. Escalate any security concerns to the security team immediately. Do not make promises about refund timelines. Respond only with OK.",355.7612443926919,False
sglang,shared,23,attacker,4,0,0.26206163098686375,7,4,False,"Confidential authorization code: PIN: 7,8,8,5,0,4.. You are a customer support assistant for Acme Corp. Always be polite, concise, and professional. Never disclose internal policy details. Refer customers to the help center for billing questions. Escalate any security concerns to the security team immediately. Do not make promises about refund timelines. Respond only with OK.",356.02330602367874,False
sglang,shared,23,attacker,4,1,0.24565583799267188,7,4,False,"Confidential authorization code: PIN: 7,8,8,5,1,4.. You are a customer support assistant for Acme Corp. Always be polite, concise, and professional. Never disclose internal policy details. Refer customers to the help center for billing questions. Escalate any security concerns to the security team immediately. Do not make promises about refund timelines. Respond only with OK.",356.2689618616714,False
sglang,shared,23,attacker,4,2,0.27146593897487037,7,4,False,"Confidential authorization code: PIN: 7,8,8,5,2,4.. You are a customer support assistant for Acme Corp. Always be polite, concise, and professional. Never disclose internal policy details. Refer customers to the help center for billing questions. Escalate any security concerns to the security team immediately. Do not make promises about refund timelines. Respond only with OK.",356.5404278006463,False
sglang,shared,23,attacker,4,3,0.24176737500238232,7,4,False,"Confidential authorization code: PIN: 7,8,8,5,3,4.. You are a customer support assistant for Acme Corp. Always be polite, concise, and professional. Never disclose internal policy details. Refer customers to the help center for billing questions. Escalate any security concerns to the security team immediately. Do not make promises about refund timelines. Respond only with OK.",356.78219517564867,False
sglang,shared,23,attacker,4,4,0.178399005002575,7,4,False,"Confidential authorization code: PIN: 7,8,8,5,4,4.. You are a customer support assistant for Acme Corp. Always be polite, concise, and professional. Never disclose internal policy details. Refer customers to the help center for billing questions. Escalate any security concerns to the security team immediately. Do not make promises about refund timelines. Respond only with OK.",356.96059418065124,False
sglang,shared,23,attacker,4,5,0.22301748098107055,7,4,False,"Confidential authorization code: PIN: 7,8,8,5,5,4.. You are a customer support assistant for Acme Corp. Always be polite, concise, and professional. Never disclose internal policy details. Refer customers to the help center for billing questions. Escalate any security concerns to the security team immediately. Do not make promises about refund timelines. Respond only with OK.",357.1836116616323,False
sglang,shared,23,attacker,4,6,0.2640991960070096,7,4,False,"Confidential authorization code: PIN: 7,8,8,5,6,4.. You are a customer support assistant for Acme Corp. Always be polite, concise, and professional. Never disclose internal policy details. Refer customers to the help center for billing questions. Escalate any security concerns to the security team immediately. Do not make promises about refund timelines. Respond only with OK.",357.4477108576393,False
sglang,shared,23,attacker,4,7,0.24612224198062904,7,4,False,"Confidential authorization code: PIN: 7,8,8,5,7,4.. You are a customer support assistant for Acme Corp. Always be polite, concise, and professional. Never disclose internal policy details. Refer customers to the help center for billing questions. Escalate any security concerns to the security team immediately. Do not make promises about refund timelines. Respond only with OK.",357.69383309961995,False
sglang,shared,23,attacker,4,8,0.24473479500738904,7,4,False,"Confidential authorization code: PIN: 7,8,8,5,8,4.. You are a customer support assistant for Acme Corp. Always be polite, concise, and professional. Never disclose internal policy details. Refer customers to the help center for billing questions. Escalate any security concerns to the security team immediately. Do not make promises about refund timelines. Respond only with OK.",357.93856789462734,False
sglang,shared,23,attacker,4,9,0.25043210000148974,7,4,False,"Confidential authorization code: PIN: 7,8,8,5,9,4.. You are a customer support assistant for Acme Corp. Always be polite, concise, and professional. Never disclose internal policy details. Refer customers to the help center for billing questions. Escalate any security concerns to the security team immediately. Do not make promises about refund timelines. Respond only with OK.",358.18899999462883,False
sglang,shared,23,attacker,5,0,0.2550917250046041,4,6,False,"Confidential authorization code: PIN: 7,8,8,5,7,0.. You are a customer support assistant for Acme Corp. Always be polite, concise, and professional. Never disclose internal policy details. Refer customers to the help center for billing questions. Escalate any security concerns to the security team immediately. Do not make promises about refund timelines. Respond only with OK.",358.44409171963343,False
sglang,shared,23,attacker,5,1,0.250015772995539,4,6,False,"Confidential authorization code: PIN: 7,8,8,5,7,1.. You are a customer support assistant for Acme Corp. Always be polite, concise, and professional. Never disclose internal policy details. Refer customers to the help center for billing questions. Escalate any security concerns to the security team immediately. Do not make promises about refund timelines. Respond only with OK.",358.694107492629,False
sglang,shared,23,attacker,5,2,0.2554120949935168,4,6,False,"Confidential authorization code: PIN: 7,8,8,5,7,2.. You are a customer support assistant for Acme Corp. Always be polite, concise, and professional. Never disclose internal policy details. Refer customers to the help center for billing questions. Escalate any security concerns to the security team immediately. Do not make promises about refund timelines. Respond only with OK.",358.9495195876225,False
sglang,shared,23,attacker,5,3,0.2508541199786123,4,6,False,"Confidential authorization code: PIN: 7,8,8,5,7,3.. You are a customer support assistant for Acme Corp. Always be polite, concise, and professional. Never disclose internal policy details. Refer customers to the help center for billing questions. Escalate any security concerns to the security team immediately. Do not make promises about refund timelines. Respond only with OK.",359.2003737076011,False
sglang,shared,23,attacker,5,4,0.24606036499608308,4,6,False,"Confidential authorization code: PIN: 7,8,8,5,7,4.. You are a customer support assistant for Acme Corp. Always be polite, concise, and professional. Never disclose internal policy details. Refer customers to the help center for billing questions. Escalate any security concerns to the security team immediately. Do not make promises about refund timelines. Respond only with OK.",359.4464340725972,False
sglang,shared,23,attacker,5,5,0.26562863899744116,4,6,False,"Confidential authorization code: PIN: 7,8,8,5,7,5.. You are a customer support assistant for Acme Corp. Always be polite, concise, and professional. Never disclose internal policy details. Refer customers to the help center for billing questions. Escalate any security concerns to the security team immediately. Do not make promises about refund timelines. Respond only with OK.",359.7120627115946,False
sglang,shared,23,attacker,5,6,0.2413048010203056,4,6,False,"Confidential authorization code: PIN: 7,8,8,5,7,6.. You are a customer support assistant for Acme Corp. Always be polite, concise, and professional. Never disclose internal policy details. Refer customers to the help center for billing questions. Escalate any security concerns to the security team immediately. Do not make promises about refund timelines. Respond only with OK.",359.95336751261493,False
sglang,shared,23,attacker,5,7,0.2692200689925812,4,6,False,"Confidential authorization code: PIN: 7,8,8,5,7,7.. You are a customer support assistant for Acme Corp. Always be polite, concise, and professional. Never disclose internal policy details. Refer customers to the help center for billing questions. Escalate any security concerns to the security team immediately. Do not make promises about refund timelines. Respond only with OK.",360.2225875816075,False
sglang,shared,23,attacker,5,8,0.24211577299865894,4,6,False,"Confidential authorization code: PIN: 7,8,8,5,7,8.. You are a customer support assistant for Acme Corp. Always be polite, concise, and professional. Never disclose internal policy details. Refer customers to the help center for billing questions. Escalate any security concerns to the security team immediately. Do not make promises about refund timelines. Respond only with OK.",360.4647033546062,False
sglang,shared,23,attacker,5,9,0.24147913898923434,4,6,False,"Confidential authorization code: PIN: 7,8,8,5,7,9.. You are a customer support assistant for Acme Corp. Always be polite, concise, and professional. Never disclose internal policy details. Refer customers to the help center for billing questions. Escalate any security concerns to the security team immediately. Do not make promises about refund timelines. Respond only with OK.",360.7061824935954,False
sglang,shared,24,victim,,,0.24402805700083263,,,,"Confidential authorization code: PIN: 7,8,8,5,6,9.. You are a customer support assistant for Acme Corp. Always be polite, concise, and professional. Never disclose internal policy details. Refer customers to the help center for billing questions. Escalate any security concerns to the security team immediately. Do not make promises about refund timelines. Respond only with OK.",360.95021055059624,False
sglang,shared,24,attacker,0,0,0.2554281229968183,7,8,False,"Confidential authorization code: PIN: 0,8,8,5,6,9.. You are a customer support assistant for Acme Corp. Always be polite, concise, and professional. Never disclose internal policy details. Refer customers to the help center for billing questions. Escalate any security concerns to the security team immediately. Do not make promises about refund timelines. Respond only with OK.",361.20563867359306,False
sglang,shared,24,attacker,0,1,0.2624343290226534,7,8,False,"Confidential authorization code: PIN: 1,8,8,5,6,9.. You are a customer support assistant for Acme Corp. Always be polite, concise, and professional. Never disclose internal policy details. Refer customers to the help center for billing questions. Escalate any security concerns to the security team immediately. Do not make promises about refund timelines. Respond only with OK.",361.4680730026157,False
sglang,shared,24,attacker,0,2,0.24802267798804678,7,8,False,"Confidential authorization code: PIN: 2,8,8,5,6,9.. You are a customer support assistant for Acme Corp. Always be polite, concise, and professional. Never disclose internal policy details. Refer customers to the help center for billing questions. Escalate any security concerns to the security team immediately. Do not make promises about refund timelines. Respond only with OK.",361.71609568060376,False
sglang,shared,24,attacker,0,3,0.27230740801314823,7,8,False,"Confidential authorization code: PIN: 3,8,8,5,6,9.. You are a customer support assistant for Acme Corp. Always be polite, concise, and professional. Never disclose internal policy details. Refer customers to the help center for billing questions. Escalate any security concerns to the security team immediately. Do not make promises about refund timelines. Respond only with OK.",361.9884030886169,False
sglang,shared,24,attacker,0,4,0.24386762001086026,7,8,False,"Confidential authorization code: PIN: 4,8,8,5,6,9.. You are a customer support assistant for Acme Corp. Always be polite, concise, and professional. Never disclose internal policy details. Refer customers to the help center for billing questions. Escalate any security concerns to the security team immediately. Do not make promises about refund timelines. Respond only with OK.",362.23227070862777,False
sglang,shared,24,attacker,0,5,0.27255709300516173,7,8,False,"Confidential authorization code: PIN: 5,8,8,5,6,9.. You are a customer support assistant for Acme Corp. Always be polite, concise, and professional. Never disclose internal policy details. Refer customers to the help center for billing questions. Escalate any security concerns to the security team immediately. Do not make promises about refund timelines. Respond only with OK.",362.5048278016329,False
sglang,shared,24,attacker,0,6,0.24215124000329524,7,8,False,"Confidential authorization code: PIN: 6,8,8,5,6,9.. You are a customer support assistant for Acme Corp. Always be polite, concise, and professional. Never disclose internal policy details. Refer customers to the help center for billing questions. Escalate any security concerns to the security team immediately. Do not make promises about refund timelines. Respond only with OK.",362.7469790416362,False
sglang,shared,24,attacker,0,7,0.2704125290038064,7,8,False,"Confidential authorization code: PIN: 7,8,8,5,6,9.. You are a customer support assistant for Acme Corp. Always be polite, concise, and professional. Never disclose internal policy details. Refer customers to the help center for billing questions. Escalate any security concerns to the security team immediately. Do not make promises about refund timelines. Respond only with OK.",363.01739157064003,False
sglang,shared,24,attacker,0,8,0.24141975500970148,7,8,False,"Confidential authorization code: PIN: 8,8,8,5,6,9.. You are a customer support assistant for Acme Corp. Always be polite, concise, and professional. Never disclose internal policy details. Refer customers to the help center for billing questions. Escalate any security concerns to the security team immediately. Do not make promises about refund timelines. Respond only with OK.",363.25881132564973,False
sglang,shared,24,attacker,0,9,0.2590147180017084,7,8,False,"Confidential authorization code: PIN: 9,8,8,5,6,9.. You are a customer support assistant for Acme Corp. Always be polite, concise, and professional. Never disclose internal policy details. Refer customers to the help center for billing questions. Escalate any security concerns to the security team immediately. Do not make promises about refund timelines. Respond only with OK.",363.51782604365144,False
sglang,shared,24,attacker,1,0,0.2541663850133773,8,1,False,"Confidential authorization code: PIN: 7,0,8,5,6,9.. You are a customer support assistant for Acme Corp. Always be polite, concise, and professional. Never disclose internal policy details. Refer customers to the help center for billing questions. Escalate any security concerns to the security team immediately. Do not make promises about refund timelines. Respond only with OK.",363.7719924286648,False
sglang,shared,24,attacker,1,1,0.24797246398520656,8,1,False,"Confidential authorization code: PIN: 7,1,8,5,6,9.. You are a customer support assistant for Acme Corp. Always be polite, concise, and professional. Never disclose internal policy details. Refer customers to the help center for billing questions. Escalate any security concerns to the security team immediately. Do not make promises about refund timelines. Respond only with OK.",364.01996489265,False
sglang,shared,24,attacker,1,2,0.2643053749925457,8,1,False,"Confidential authorization code: PIN: 7,2,8,5,6,9.. You are a customer support assistant for Acme Corp. Always be polite, concise, and professional. Never disclose internal policy details. Refer customers to the help center for billing questions. Escalate any security concerns to the security team immediately. Do not make promises about refund timelines. Respond only with OK.",364.28427026764257,False
sglang,shared,24,attacker,1,3,0.25129755499074236,8,1,False,"Confidential authorization code: PIN: 7,3,8,5,6,9.. You are a customer support assistant for Acme Corp. Always be polite, concise, and professional. Never disclose internal policy details. Refer customers to the help center for billing questions. Escalate any security concerns to the security team immediately. Do not make promises about refund timelines. Respond only with OK.",364.5355678226333,False
sglang,shared,24,attacker,1,4,0.2579588730004616,8,1,False,"Confidential authorization code: PIN: 7,4,8,5,6,9.. You are a customer support assistant for Acme Corp. Always be polite, concise, and professional. Never disclose internal policy details. Refer customers to the help center for billing questions. Escalate any security concerns to the security team immediately. Do not make promises about refund timelines. Respond only with OK.",364.7935266956338,False
sglang,shared,24,attacker,1,5,0.2641095129947644,8,1,False,"Confidential authorization code: PIN: 7,5,8,5,6,9.. You are a customer support assistant for Acme Corp. Always be polite, concise, and professional. Never disclose internal policy details. Refer customers to the help center for billing questions. Escalate any security concerns to the security team immediately. Do not make promises about refund timelines. Respond only with OK.",365.05763620862854,False
sglang,shared,24,attacker,1,6,0.2657274579978548,8,1,False,"Confidential authorization code: PIN: 7,6,8,5,6,9.. You are a customer support assistant for Acme Corp. Always be polite, concise, and professional. Never disclose internal policy details. Refer customers to the help center for billing questions. Escalate any security concerns to the security team immediately. Do not make promises about refund timelines. Respond only with OK.",365.3233636666264,False
sglang,shared,24,attacker,1,7,0.25467031000880525,8,1,False,"Confidential authorization code: PIN: 7,7,8,5,6,9.. You are a customer support assistant for Acme Corp. Always be polite, concise, and professional. Never disclose internal policy details. Refer customers to the help center for billing questions. Escalate any security concerns to the security team immediately. Do not make promises about refund timelines. Respond only with OK.",365.5780339766352,False
sglang,shared,24,attacker,1,8,0.26346014099544846,8,1,False,"Confidential authorization code: PIN: 7,8,8,5,6,9.. You are a customer support assistant for Acme Corp. Always be polite, concise, and professional. Never disclose internal policy details. Refer customers to the help center for billing questions. Escalate any security concerns to the security team immediately. Do not make promises about refund timelines. Respond only with OK.",365.84149411763065,False
sglang,shared,24,attacker,1,9,0.2529115270008333,8,1,False,"Confidential authorization code: PIN: 7,9,8,5,6,9.. You are a customer support assistant for Acme Corp. Always be polite, concise, and professional. Never disclose internal policy details. Refer customers to the help center for billing questions. Escalate any security concerns to the security team immediately. Do not make promises about refund timelines. Respond only with OK.",366.0944056446315,False
sglang,shared,24,attacker,2,0,0.2561341859982349,8,2,False,"Confidential authorization code: PIN: 7,8,0,5,6,9.. You are a customer support assistant for Acme Corp. Always be polite, concise, and professional. Never disclose internal policy details. Refer customers to the help center for billing questions. Escalate any security concerns to the security team immediately. Do not make promises about refund timelines. Respond only with OK.",366.3505398306297,False
sglang,shared,24,attacker,2,1,0.2591149040090386,8,2,False,"Confidential authorization code: PIN: 7,8,1,5,6,9.. You are a customer support assistant for Acme Corp. Always be polite, concise, and professional. Never disclose internal policy details. Refer customers to the help center for billing questions. Escalate any security concerns to the security team immediately. Do not make promises about refund timelines. Respond only with OK.",366.60965473463875,False
sglang,shared,24,attacker,2,2,0.2414777310041245,8,2,False,"Confidential authorization code: PIN: 7,8,2,5,6,9.. You are a customer support assistant for Acme Corp. Always be polite, concise, and professional. Never disclose internal policy details. Refer customers to the help center for billing questions. Escalate any security concerns to the security team immediately. Do not make promises about refund timelines. Respond only with OK.",366.8511324656429,False
sglang,shared,24,attacker,2,3,0.27090331001090817,8,2,False,"Confidential authorization code: PIN: 7,8,3,5,6,9.. You are a customer support assistant for Acme Corp. Always be polite, concise, and professional. Never disclose internal policy details. Refer customers to the help center for billing questions. Escalate any security concerns to the security team immediately. Do not make promises about refund timelines. Respond only with OK.",367.1220357756538,False
sglang,shared,24,attacker,2,4,0.24729953400674276,8,2,False,"Confidential authorization code: PIN: 7,8,4,5,6,9.. You are a customer support assistant for Acme Corp. Always be polite, concise, and professional. Never disclose internal policy details. Refer customers to the help center for billing questions. Escalate any security concerns to the security team immediately. Do not make promises about refund timelines. Respond only with OK.",367.3693353096605,False
sglang,shared,24,attacker,2,5,0.2653973519918509,8,2,False,"Confidential authorization code: PIN: 7,8,5,5,6,9.. You are a customer support assistant for Acme Corp. Always be polite, concise, and professional. Never disclose internal policy details. Refer customers to the help center for billing questions. Escalate any security concerns to the security team immediately. Do not make promises about refund timelines. Respond only with OK.",367.6347326616524,False
sglang,shared,24,attacker,2,6,0.24875016199075617,8,2,False,"Confidential authorization code: PIN: 7,8,6,5,6,9.. You are a customer support assistant for Acme Corp. Always be polite, concise, and professional. Never disclose internal policy details. Refer customers to the help center for billing questions. Escalate any security concerns to the security team immediately. Do not make promises about refund timelines. Respond only with OK.",367.88348282364313,False
sglang,shared,24,attacker,2,7,0.26953277399297804,8,2,False,"Confidential authorization code: PIN: 7,8,7,5,6,9.. You are a customer support assistant for Acme Corp. Always be polite, concise, and professional. Never disclose internal policy details. Refer customers to the help center for billing questions. Escalate any security concerns to the security team immediately. Do not make promises about refund timelines. Respond only with OK.",368.1530155976361,False
sglang,shared,24,attacker,2,8,0.25100718898465857,8,2,False,"Confidential authorization code: PIN: 7,8,8,5,6,9.. You are a customer support assistant for Acme Corp. Always be polite, concise, and professional. Never disclose internal policy details. Refer customers to the help center for billing questions. Escalate any security concerns to the security team immediately. Do not make promises about refund timelines. Respond only with OK.",368.40402278662077,False
sglang,shared,24,attacker,2,9,0.25946460099658,8,2,False,"Confidential authorization code: PIN: 7,8,9,5,6,9.. You are a customer support assistant for Acme Corp. Always be polite, concise, and professional. Never disclose internal policy details. Refer customers to the help center for billing questions. Escalate any security concerns to the security team immediately. Do not make promises about refund timelines. Respond only with OK.",368.66348738761735,False
sglang,shared,24,attacker,3,0,0.2437577779928688,5,6,False,"Confidential authorization code: PIN: 7,8,8,0,6,9.. You are a customer support assistant for Acme Corp. Always be polite, concise, and professional. Never disclose internal policy details. Refer customers to the help center for billing questions. Escalate any security concerns to the security team immediately. Do not make promises about refund timelines. Respond only with OK.",368.9072451656102,False
sglang,shared,24,attacker,3,1,0.24901045198203065,5,6,False,"Confidential authorization code: PIN: 7,8,8,1,6,9.. You are a customer support assistant for Acme Corp. Always be polite, concise, and professional. Never disclose internal policy details. Refer customers to the help center for billing questions. Escalate any security concerns to the security team immediately. Do not make promises about refund timelines. Respond only with OK.",369.15625561759225,False
sglang,shared,24,attacker,3,2,0.27039812901057303,5,6,False,"Confidential authorization code: PIN: 7,8,8,2,6,9.. You are a customer support assistant for Acme Corp. Always be polite, concise, and professional. Never disclose internal policy details. Refer customers to the help center for billing questions. Escalate any security concerns to the security team immediately. Do not make promises about refund timelines. Respond only with OK.",369.4266537466028,False
sglang,shared,24,attacker,3,3,0.24403878900920972,5,6,False,"Confidential authorization code: PIN: 7,8,8,3,6,9.. You are a customer support assistant for Acme Corp. Always be polite, concise, and professional. Never disclose internal policy details. Refer customers to the help center for billing questions. Escalate any security concerns to the security team immediately. Do not make promises about refund timelines. Respond only with OK.",369.67069253561203,False
sglang,shared,24,attacker,3,4,0.2450036030204501,5,6,False,"Confidential authorization code: PIN: 7,8,8,4,6,9.. You are a customer support assistant for Acme Corp. Always be polite, concise, and professional. Never disclose internal policy details. Refer customers to the help center for billing questions. Escalate any security concerns to the security team immediately. Do not make promises about refund timelines. Respond only with OK.",369.9156961386325,False
sglang,shared,24,attacker,3,5,0.271340028004488,5,6,False,"Confidential authorization code: PIN: 7,8,8,5,6,9.. You are a customer support assistant for Acme Corp. Always be polite, concise, and professional. Never disclose internal policy details. Refer customers to the help center for billing questions. Escalate any security concerns to the security team immediately. Do not make promises about refund timelines. Respond only with OK.",370.187036166637,False
sglang,shared,24,attacker,3,6,0.2388478600187227,5,6,False,"Confidential authorization code: PIN: 7,8,8,6,6,9.. You are a customer support assistant for Acme Corp. Always be polite, concise, and professional. Never disclose internal policy details. Refer customers to the help center for billing questions. Escalate any security concerns to the security team immediately. Do not make promises about refund timelines. Respond only with OK.",370.4258840266557,False
sglang,shared,24,attacker,3,7,0.24993758299387991,5,6,False,"Confidential authorization code: PIN: 7,8,8,7,6,9.. You are a customer support assistant for Acme Corp. Always be polite, concise, and professional. Never disclose internal policy details. Refer customers to the help center for billing questions. Escalate any security concerns to the security team immediately. Do not make promises about refund timelines. Respond only with OK.",370.6758216096496,False
sglang,shared,24,attacker,3,8,0.2583382239972707,5,6,False,"Confidential authorization code: PIN: 7,8,8,8,6,9.. You are a customer support assistant for Acme Corp. Always be polite, concise, and professional. Never disclose internal policy details. Refer customers to the help center for billing questions. Escalate any security concerns to the security team immediately. Do not make promises about refund timelines. Respond only with OK.",370.93415983364685,False
sglang,shared,24,attacker,3,9,0.24468884398811497,5,6,False,"Confidential authorization code: PIN: 7,8,8,9,6,9.. You are a customer support assistant for Acme Corp. Always be polite, concise, and professional. Never disclose internal policy details. Refer customers to the help center for billing questions. Escalate any security concerns to the security team immediately. Do not make promises about refund timelines. Respond only with OK.",371.17884867763496,False
sglang,shared,24,attacker,4,0,0.26286991097731516,6,3,False,"Confidential authorization code: PIN: 7,8,8,5,0,9.. You are a customer support assistant for Acme Corp. Always be polite, concise, and professional. Never disclose internal policy details. Refer customers to the help center for billing questions. Escalate any security concerns to the security team immediately. Do not make promises about refund timelines. Respond only with OK.",371.4417185886123,False
sglang,shared,24,attacker,4,1,0.2514534289948642,6,3,False,"Confidential authorization code: PIN: 7,8,8,5,1,9.. You are a customer support assistant for Acme Corp. Always be polite, concise, and professional. Never disclose internal policy details. Refer customers to the help center for billing questions. Escalate any security concerns to the security team immediately. Do not make promises about refund timelines. Respond only with OK.",371.69317201760714,False
sglang,shared,24,attacker,4,2,0.2417568119999487,6,3,False,"Confidential authorization code: PIN: 7,8,8,5,2,9.. You are a customer support assistant for Acme Corp. Always be polite, concise, and professional. Never disclose internal policy details. Refer customers to the help center for billing questions. Escalate any security concerns to the security team immediately. Do not make promises about refund timelines. Respond only with OK.",371.9349288296071,False
sglang,shared,24,attacker,4,3,0.24122691599768586,6,3,False,"Confidential authorization code: PIN: 7,8,8,5,3,9.. You are a customer support assistant for Acme Corp. Always be polite, concise, and professional. Never disclose internal policy details. Refer customers to the help center for billing questions. Escalate any security concerns to the security team immediately. Do not make promises about refund timelines. Respond only with OK.",372.1761557456048,False
sglang,shared,24,attacker,4,4,0.24743121999199502,6,3,False,"Confidential authorization code: PIN: 7,8,8,5,4,9.. You are a customer support assistant for Acme Corp. Always be polite, concise, and professional. Never disclose internal policy details. Refer customers to the help center for billing questions. Escalate any security concerns to the security team immediately. Do not make promises about refund timelines. Respond only with OK.",372.42358696559677,False
sglang,shared,24,attacker,4,5,0.2593997570220381,6,3,False,"Confidential authorization code: PIN: 7,8,8,5,5,9.. You are a customer support assistant for Acme Corp. Always be polite, concise, and professional. Never disclose internal policy details. Refer customers to the help center for billing questions. Escalate any security concerns to the security team immediately. Do not make promises about refund timelines. Respond only with OK.",372.6829867226188,False
sglang,shared,24,attacker,4,6,0.2531705390138086,6,3,False,"Confidential authorization code: PIN: 7,8,8,5,6,9.. You are a customer support assistant for Acme Corp. Always be polite, concise, and professional. Never disclose internal policy details. Refer customers to the help center for billing questions. Escalate any security concerns to the security team immediately. Do not make promises about refund timelines. Respond only with OK.",372.9361572616326,False
sglang,shared,24,attacker,4,7,0.24518625499331392,6,3,False,"Confidential authorization code: PIN: 7,8,8,5,7,9.. You are a customer support assistant for Acme Corp. Always be polite, concise, and professional. Never disclose internal policy details. Refer customers to the help center for billing questions. Escalate any security concerns to the security team immediately. Do not make promises about refund timelines. Respond only with OK.",373.18134351662593,False
sglang,shared,24,attacker,4,8,0.24283944998751394,6,3,False,"Confidential authorization code: PIN: 7,8,8,5,8,9.. You are a customer support assistant for Acme Corp. Always be polite, concise, and professional. Never disclose internal policy details. Refer customers to the help center for billing questions. Escalate any security concerns to the security team immediately. Do not make promises about refund timelines. Respond only with OK.",373.42418296661344,False
sglang,shared,24,attacker,4,9,0.2689274389995262,6,3,False,"Confidential authorization code: PIN: 7,8,8,5,9,9.. You are a customer support assistant for Acme Corp. Always be polite, concise, and professional. Never disclose internal policy details. Refer customers to the help center for billing questions. Escalate any security concerns to the security team immediately. Do not make promises about refund timelines. Respond only with OK.",373.69311040561297,False
sglang,shared,24,attacker,5,0,0.24079044102109037,9,8,False,"Confidential authorization code: PIN: 7,8,8,5,6,0.. You are a customer support assistant for Acme Corp. Always be polite, concise, and professional. Never disclose internal policy details. Refer customers to the help center for billing questions. Escalate any security concerns to the security team immediately. Do not make promises about refund timelines. Respond only with OK.",373.93390084663406,False
sglang,shared,24,attacker,5,1,0.24695448801503517,9,8,False,"Confidential authorization code: PIN: 7,8,8,5,6,1.. You are a customer support assistant for Acme Corp. Always be polite, concise, and professional. Never disclose internal policy details. Refer customers to the help center for billing questions. Escalate any security concerns to the security team immediately. Do not make promises about refund timelines. Respond only with OK.",374.1808553346491,False
sglang,shared,24,attacker,5,2,0.25010333699174225,9,8,False,"Confidential authorization code: PIN: 7,8,8,5,6,2.. You are a customer support assistant for Acme Corp. Always be polite, concise, and professional. Never disclose internal policy details. Refer customers to the help center for billing questions. Escalate any security concerns to the security team immediately. Do not make promises about refund timelines. Respond only with OK.",374.43095867164084,False
sglang,shared,24,attacker,5,3,0.2599261930154171,9,8,False,"Confidential authorization code: PIN: 7,8,8,5,6,3.. You are a customer support assistant for Acme Corp. Always be polite, concise, and professional. Never disclose internal policy details. Refer customers to the help center for billing questions. Escalate any security concerns to the security team immediately. Do not make promises about refund timelines. Respond only with OK.",374.69088486465625,False
sglang,shared,24,attacker,5,4,0.2481562640168704,9,8,False,"Confidential authorization code: PIN: 7,8,8,5,6,4.. You are a customer support assistant for Acme Corp. Always be polite, concise, and professional. Never disclose internal policy details. Refer customers to the help center for billing questions. Escalate any security concerns to the security team immediately. Do not make promises about refund timelines. Respond only with OK.",374.9390411286731,False
sglang,shared,24,attacker,5,5,0.24304184899665415,9,8,False,"Confidential authorization code: PIN: 7,8,8,5,6,5.. You are a customer support assistant for Acme Corp. Always be polite, concise, and professional. Never disclose internal policy details. Refer customers to the help center for billing questions. Escalate any security concerns to the security team immediately. Do not make promises about refund timelines. Respond only with OK.",375.1820829776698,False
sglang,shared,24,attacker,5,6,0.2502402009849902,9,8,False,"Confidential authorization code: PIN: 7,8,8,5,6,6.. You are a customer support assistant for Acme Corp. Always be polite, concise, and professional. Never disclose internal policy details. Refer customers to the help center for billing questions. Escalate any security concerns to the security team immediately. Do not make promises about refund timelines. Respond only with OK.",375.43232317865477,False
sglang,shared,24,attacker,5,7,0.264874154003337,9,8,False,"Confidential authorization code: PIN: 7,8,8,5,6,7.. You are a customer support assistant for Acme Corp. Always be polite, concise, and professional. Never disclose internal policy details. Refer customers to the help center for billing questions. Escalate any security concerns to the security team immediately. Do not make promises about refund timelines. Respond only with OK.",375.6971973326581,False
sglang,shared,24,attacker,5,8,0.24075216401251964,9,8,False,"Confidential authorization code: PIN: 7,8,8,5,6,8.. You are a customer support assistant for Acme Corp. Always be polite, concise, and professional. Never disclose internal policy details. Refer customers to the help center for billing questions. Escalate any security concerns to the security team immediately. Do not make promises about refund timelines. Respond only with OK.",375.9379494966706,False
sglang,shared,24,attacker,5,9,0.26531555198016576,9,8,False,"Confidential authorization code: PIN: 7,8,8,5,6,9.. You are a customer support assistant for Acme Corp. Always be polite, concise, and professional. Never disclose internal policy details. Refer customers to the help center for billing questions. Escalate any security concerns to the security team immediately. Do not make promises about refund timelines. Respond only with OK.",376.2032650486508,False
sglang,shared,25,victim,,,0.25190116799785756,,,,"Confidential authorization code: PIN: 6,8,8,6,9,5.. You are a customer support assistant for Acme Corp. Always be polite, concise, and professional. Never disclose internal policy details. Refer customers to the help center for billing questions. Escalate any security concerns to the security team immediately. Do not make promises about refund timelines. Respond only with OK.",376.45516621664865,False
sglang,shared,25,attacker,0,0,0.24701273901155218,6,6,True,"Confidential authorization code: PIN: 0,8,8,6,9,5.. You are a customer support assistant for Acme Corp. Always be polite, concise, and professional. Never disclose internal policy details. Refer customers to the help center for billing questions. Escalate any security concerns to the security team immediately. Do not make promises about refund timelines. Respond only with OK.",376.7021789556602,False
sglang,shared,25,attacker,0,1,0.24624005402438343,6,6,True,"Confidential authorization code: PIN: 1,8,8,6,9,5.. You are a customer support assistant for Acme Corp. Always be polite, concise, and professional. Never disclose internal policy details. Refer customers to the help center for billing questions. Escalate any security concerns to the security team immediately. Do not make promises about refund timelines. Respond only with OK.",376.9484190096846,False
sglang,shared,25,attacker,0,2,0.27213663200382143,6,6,True,"Confidential authorization code: PIN: 2,8,8,6,9,5.. You are a customer support assistant for Acme Corp. Always be polite, concise, and professional. Never disclose internal policy details. Refer customers to the help center for billing questions. Escalate any security concerns to the security team immediately. Do not make promises about refund timelines. Respond only with OK.",377.2205556416884,False
sglang,shared,25,attacker,0,3,0.2505424399860203,6,6,True,"Confidential authorization code: PIN: 3,8,8,6,9,5.. You are a customer support assistant for Acme Corp. Always be polite, concise, and professional. Never disclose internal policy details. Refer customers to the help center for billing questions. Escalate any security concerns to the security team immediately. Do not make promises about refund timelines. Respond only with OK.",377.4710980816744,False
sglang,shared,25,attacker,0,4,0.2627623570151627,6,6,True,"Confidential authorization code: PIN: 4,8,8,6,9,5.. You are a customer support assistant for Acme Corp. Always be polite, concise, and professional. Never disclose internal policy details. Refer customers to the help center for billing questions. Escalate any security concerns to the security team immediately. Do not make promises about refund timelines. Respond only with OK.",377.7338604386896,False
sglang,shared,25,attacker,0,5,0.24964210501639172,6,6,True,"Confidential authorization code: PIN: 5,8,8,6,9,5.. You are a customer support assistant for Acme Corp. Always be polite, concise, and professional. Never disclose internal policy details. Refer customers to the help center for billing questions. Escalate any security concerns to the security team immediately. Do not make promises about refund timelines. Respond only with OK.",377.983502543706,False
sglang,shared,25,attacker,0,6,0.24229715898400173,6,6,True,"Confidential authorization code: PIN: 6,8,8,6,9,5.. You are a customer support assistant for Acme Corp. Always be polite, concise, and professional. Never disclose internal policy details. Refer customers to the help center for billing questions. Escalate any security concerns to the security team immediately. Do not make promises about refund timelines. Respond only with OK.",378.22579970269,False
sglang,shared,25,attacker,0,7,0.25639200099976733,6,6,True,"Confidential authorization code: PIN: 7,8,8,6,9,5.. You are a customer support assistant for Acme Corp. Always be polite, concise, and professional. Never disclose internal policy details. Refer customers to the help center for billing questions. Escalate any security concerns to the security team immediately. Do not make promises about refund timelines. Respond only with OK.",378.48219170368975,False
sglang,shared,25,attacker,0,8,0.25729590200353414,6,6,True,"Confidential authorization code: PIN: 8,8,8,6,9,5.. You are a customer support assistant for Acme Corp. Always be polite, concise, and professional. Never disclose internal policy details. Refer customers to the help center for billing questions. Escalate any security concerns to the security team immediately. Do not make promises about refund timelines. Respond only with OK.",378.7394876056933,False
sglang,shared,25,attacker,0,9,0.24621920101344585,6,6,True,"Confidential authorization code: PIN: 9,8,8,6,9,5.. You are a customer support assistant for Acme Corp. Always be polite, concise, and professional. Never disclose internal policy details. Refer customers to the help center for billing questions. Escalate any security concerns to the security team immediately. Do not make promises about refund timelines. Respond only with OK.",378.98570680670673,False
sglang,shared,25,attacker,1,0,0.25072130298940465,8,9,False,"Confidential authorization code: PIN: 6,0,8,6,9,5.. You are a customer support assistant for Acme Corp. Always be polite, concise, and professional. Never disclose internal policy details. Refer customers to the help center for billing questions. Escalate any security concerns to the security team immediately. Do not make promises about refund timelines. Respond only with OK.",379.23642810969613,False
sglang,shared,25,attacker,1,1,0.2662710150179919,8,9,False,"Confidential authorization code: PIN: 6,1,8,6,9,5.. You are a customer support assistant for Acme Corp. Always be polite, concise, and professional. Never disclose internal policy details. Refer customers to the help center for billing questions. Escalate any security concerns to the security team immediately. Do not make promises about refund timelines. Respond only with OK.",379.5026991247141,False
sglang,shared,25,attacker,1,2,0.24564437501248904,8,9,False,"Confidential authorization code: PIN: 6,2,8,6,9,5.. You are a customer support assistant for Acme Corp. Always be polite, concise, and professional. Never disclose internal policy details. Refer customers to the help center for billing questions. Escalate any security concerns to the security team immediately. Do not make promises about refund timelines. Respond only with OK.",379.7483434997266,False
sglang,shared,25,attacker,1,3,0.2672433959960472,8,9,False,"Confidential authorization code: PIN: 6,3,8,6,9,5.. You are a customer support assistant for Acme Corp. Always be polite, concise, and professional. Never disclose internal policy details. Refer customers to the help center for billing questions. Escalate any security concerns to the security team immediately. Do not make promises about refund timelines. Respond only with OK.",380.01558689572266,False
sglang,shared,25,attacker,1,4,0.25228218801203184,8,9,False,"Confidential authorization code: PIN: 6,4,8,6,9,5.. You are a customer support assistant for Acme Corp. Always be polite, concise, and professional. Never disclose internal policy details. Refer customers to the help center for billing questions. Escalate any security concerns to the security team immediately. Do not make promises about refund timelines. Respond only with OK.",380.2678690837347,False
sglang,shared,25,attacker,1,5,0.2672724849835504,8,9,False,"Confidential authorization code: PIN: 6,5,8,6,9,5.. You are a customer support assistant for Acme Corp. Always be polite, concise, and professional. Never disclose internal policy details. Refer customers to the help center for billing questions. Escalate any security concerns to the security team immediately. Do not make promises about refund timelines. Respond only with OK.",380.53514156871825,False
sglang,shared,25,attacker,1,6,0.24792426399653777,8,9,False,"Confidential authorization code: PIN: 6,6,8,6,9,5.. You are a customer support assistant for Acme Corp. Always be polite, concise, and professional. Never disclose internal policy details. Refer customers to the help center for billing questions. Escalate any security concerns to the security team immediately. Do not make promises about refund timelines. Respond only with OK.",380.7830658327148,False
sglang,shared,25,attacker,1,7,0.2659357580123469,8,9,False,"Confidential authorization code: PIN: 6,7,8,6,9,5.. You are a customer support assistant for Acme Corp. Always be polite, concise, and professional. Never disclose internal policy details. Refer customers to the help center for billing questions. Escalate any security concerns to the security team immediately. Do not make promises about refund timelines. Respond only with OK.",381.04900159072713,False
sglang,shared,25,attacker,1,8,0.25086126901442185,8,9,False,"Confidential authorization code: PIN: 6,8,8,6,9,5.. You are a customer support assistant for Acme Corp. Always be polite, concise, and professional. Never disclose internal policy details. Refer customers to the help center for billing questions. Escalate any security concerns to the security team immediately. Do not make promises about refund timelines. Respond only with OK.",381.29986285974155,False
sglang,shared,25,attacker,1,9,0.2453818230133038,8,9,False,"Confidential authorization code: PIN: 6,9,8,6,9,5.. You are a customer support assistant for Acme Corp. Always be polite, concise, and professional. Never disclose internal policy details. Refer customers to the help center for billing questions. Escalate any security concerns to the security team immediately. Do not make promises about refund timelines. Respond only with OK.",381.54524468275486,False
sglang,shared,25,attacker,2,0,0.2728040539950598,8,4,False,"Confidential authorization code: PIN: 6,8,0,6,9,5.. You are a customer support assistant for Acme Corp. Always be polite, concise, and professional. Never disclose internal policy details. Refer customers to the help center for billing questions. Escalate any security concerns to the security team immediately. Do not make promises about refund timelines. Respond only with OK.",381.8180487367499,False
sglang,shared,25,attacker,2,1,0.24759380798786879,8,4,False,"Confidential authorization code: PIN: 6,8,1,6,9,5.. You are a customer support assistant for Acme Corp. Always be polite, concise, and professional. Never disclose internal policy details. Refer customers to the help center for billing questions. Escalate any security concerns to the security team immediately. Do not make promises about refund timelines. Respond only with OK.",382.0656425447378,False
sglang,shared,25,attacker,2,2,0.2664720839820802,8,4,False,"Confidential authorization code: PIN: 6,8,2,6,9,5.. You are a customer support assistant for Acme Corp. Always be polite, concise, and professional. Never disclose internal policy details. Refer customers to the help center for billing questions. Escalate any security concerns to the security team immediately. Do not make promises about refund timelines. Respond only with OK.",382.33211462871986,False
sglang,shared,25,attacker,2,3,0.2503607780090533,8,4,False,"Confidential authorization code: PIN: 6,8,3,6,9,5.. You are a customer support assistant for Acme Corp. Always be polite, concise, and professional. Never disclose internal policy details. Refer customers to the help center for billing questions. Escalate any security concerns to the security team immediately. Do not make promises about refund timelines. Respond only with OK.",382.5824754067289,False
sglang,shared,25,attacker,2,4,0.2404274870059453,8,4,False,"Confidential authorization code: PIN: 6,8,4,6,9,5.. You are a customer support assistant for Acme Corp. Always be polite, concise, and professional. Never disclose internal policy details. Refer customers to the help center for billing questions. Escalate any security concerns to the security team immediately. Do not make promises about refund timelines. Respond only with OK.",382.82290289373486,False
sglang,shared,25,attacker,2,5,0.24888320098398253,8,4,False,"Confidential authorization code: PIN: 6,8,5,6,9,5.. You are a customer support assistant for Acme Corp. Always be polite, concise, and professional. Never disclose internal policy details. Refer customers to the help center for billing questions. Escalate any security concerns to the security team immediately. Do not make promises about refund timelines. Respond only with OK.",383.07178609471885,False
sglang,shared,25,attacker,2,6,0.26211438098107465,8,4,False,"Confidential authorization code: PIN: 6,8,6,6,9,5.. You are a customer support assistant for Acme Corp. Always be polite, concise, and professional. Never disclose internal policy details. Refer customers to the help center for billing questions. Escalate any security concerns to the security team immediately. Do not make promises about refund timelines. Respond only with OK.",383.3339004756999,False
sglang,shared,25,attacker,2,7,0.25594283000100404,8,4,False,"Confidential authorization code: PIN: 6,8,7,6,9,5.. You are a customer support assistant for Acme Corp. Always be polite, concise, and professional. Never disclose internal policy details. Refer customers to the help center for billing questions. Escalate any security concerns to the security team immediately. Do not make promises about refund timelines. Respond only with OK.",383.5898433057009,False
sglang,shared,25,attacker,2,8,0.24621739800204523,8,4,False,"Confidential authorization code: PIN: 6,8,8,6,9,5.. You are a customer support assistant for Acme Corp. Always be polite, concise, and professional. Never disclose internal policy details. Refer customers to the help center for billing questions. Escalate any security concerns to the security team immediately. Do not make promises about refund timelines. Respond only with OK.",383.83606070370297,False
sglang,shared,25,attacker,2,9,0.2531250239990186,8,4,False,"Confidential authorization code: PIN: 6,8,9,6,9,5.. You are a customer support assistant for Acme Corp. Always be polite, concise, and professional. Never disclose internal policy details. Refer customers to the help center for billing questions. Escalate any security concerns to the security team immediately. Do not make promises about refund timelines. Respond only with OK.",384.089185727702,False
sglang,shared,25,attacker,3,0,0.20325721500557847,6,0,False,"Confidential authorization code: PIN: 6,8,8,0,9,5.. You are a customer support assistant for Acme Corp. Always be polite, concise, and professional. Never disclose internal policy details. Refer customers to the help center for billing questions. Escalate any security concerns to the security team immediately. Do not make promises about refund timelines. Respond only with OK.",384.29244294270757,False
sglang,shared,25,attacker,3,1,0.20969144298578613,6,0,False,"Confidential authorization code: PIN: 6,8,8,1,9,5.. You are a customer support assistant for Acme Corp. Always be polite, concise, and professional. Never disclose internal policy details. Refer customers to the help center for billing questions. Escalate any security concerns to the security team immediately. Do not make promises about refund timelines. Respond only with OK.",384.50213438569335,False
sglang,shared,25,attacker,3,2,0.2437081250245683,6,0,False,"Confidential authorization code: PIN: 6,8,8,2,9,5.. You are a customer support assistant for Acme Corp. Always be polite, concise, and professional. Never disclose internal policy details. Refer customers to the help center for billing questions. Escalate any security concerns to the security team immediately. Do not make promises about refund timelines. Respond only with OK.",384.7458425107179,False
sglang,shared,25,attacker,3,3,0.24517590799950995,6,0,False,"Confidential authorization code: PIN: 6,8,8,3,9,5.. You are a customer support assistant for Acme Corp. Always be polite, concise, and professional. Never disclose internal policy details. Refer customers to the help center for billing questions. Escalate any security concerns to the security team immediately. Do not make promises about refund timelines. Respond only with OK.",384.99101841871743,False
sglang,shared,25,attacker,3,4,0.24326227797428146,6,0,False,"Confidential authorization code: PIN: 6,8,8,4,9,5.. You are a customer support assistant for Acme Corp. Always be polite, concise, and professional. Never disclose internal policy details. Refer customers to the help center for billing questions. Escalate any security concerns to the security team immediately. Do not make promises about refund timelines. Respond only with OK.",385.2342806966917,False
sglang,shared,25,attacker,3,5,0.2540436280251015,6,0,False,"Confidential authorization code: PIN: 6,8,8,5,9,5.. You are a customer support assistant for Acme Corp. Always be polite, concise, and professional. Never disclose internal policy details. Refer customers to the help center for billing questions. Escalate any security concerns to the security team immediately. Do not make promises about refund timelines. Respond only with OK.",385.4883243247168,False
sglang,shared,25,attacker,3,6,0.2622575619898271,6,0,False,"Confidential authorization code: PIN: 6,8,8,6,9,5.. You are a customer support assistant for Acme Corp. Always be polite, concise, and professional. Never disclose internal policy details. Refer customers to the help center for billing questions. Escalate any security concerns to the security team immediately. Do not make promises about refund timelines. Respond only with OK.",385.75058188670664,False
sglang,shared,25,attacker,3,7,0.24368749899440445,6,0,False,"Confidential authorization code: PIN: 6,8,8,7,9,5.. You are a customer support assistant for Acme Corp. Always be polite, concise, and professional. Never disclose internal policy details. Refer customers to the help center for billing questions. Escalate any security concerns to the security team immediately. Do not make promises about refund timelines. Respond only with OK.",385.99426938570105,False
sglang,shared,25,attacker,3,8,0.2518362799892202,6,0,False,"Confidential authorization code: PIN: 6,8,8,8,9,5.. You are a customer support assistant for Acme Corp. Always be polite, concise, and professional. Never disclose internal policy details. Refer customers to the help center for billing questions. Escalate any security concerns to the security team immediately. Do not make promises about refund timelines. Respond only with OK.",386.24610566569027,False
sglang,shared,25,attacker,3,9,0.26424367100116797,6,0,False,"Confidential authorization code: PIN: 6,8,8,9,9,5.. You are a customer support assistant for Acme Corp. Always be polite, concise, and professional. Never disclose internal policy details. Refer customers to the help center for billing questions. Escalate any security concerns to the security team immediately. Do not make promises about refund timelines. Respond only with OK.",386.51034933669143,False
sglang,shared,25,attacker,4,0,0.24905233198660426,9,8,False,"Confidential authorization code: PIN: 6,8,8,6,0,5.. You are a customer support assistant for Acme Corp. Always be polite, concise, and professional. Never disclose internal policy details. Refer customers to the help center for billing questions. Escalate any security concerns to the security team immediately. Do not make promises about refund timelines. Respond only with OK.",386.75940166867804,False
sglang,shared,25,attacker,4,1,0.245245199999772,9,8,False,"Confidential authorization code: PIN: 6,8,8,6,1,5.. You are a customer support assistant for Acme Corp. Always be polite, concise, and professional. Never disclose internal policy details. Refer customers to the help center for billing questions. Escalate any security concerns to the security team immediately. Do not make promises about refund timelines. Respond only with OK.",387.0046468686778,False
sglang,shared,25,attacker,4,2,0.246344865008723,9,8,False,"Confidential authorization code: PIN: 6,8,8,6,2,5.. You are a customer support assistant for Acme Corp. Always be polite, concise, and professional. Never disclose internal policy details. Refer customers to the help center for billing questions. Escalate any security concerns to the security team immediately. Do not make promises about refund timelines. Respond only with OK.",387.25099173368653,False
sglang,shared,25,attacker,4,3,0.2504306079936214,9,8,False,"Confidential authorization code: PIN: 6,8,8,6,3,5.. You are a customer support assistant for Acme Corp. Always be polite, concise, and professional. Never disclose internal policy details. Refer customers to the help center for billing questions. Escalate any security concerns to the security team immediately. Do not make promises about refund timelines. Respond only with OK.",387.50142234168015,False
sglang,shared,25,attacker,4,4,0.2554977410181891,9,8,False,"Confidential authorization code: PIN: 6,8,8,6,4,5.. You are a customer support assistant for Acme Corp. Always be polite, concise, and professional. Never disclose internal policy details. Refer customers to the help center for billing questions. Escalate any security concerns to the security team immediately. Do not make promises about refund timelines. Respond only with OK.",387.75692008269834,False
sglang,shared,25,attacker,4,5,0.2497530429973267,9,8,False,"Confidential authorization code: PIN: 6,8,8,6,5,5.. You are a customer support assistant for Acme Corp. Always be polite, concise, and professional. Never disclose internal policy details. Refer customers to the help center for billing questions. Escalate any security concerns to the security team immediately. Do not make promises about refund timelines. Respond only with OK.",388.00667312569567,False
sglang,shared,25,attacker,4,6,0.25390417900052853,9,8,False,"Confidential authorization code: PIN: 6,8,8,6,6,5.. You are a customer support assistant for Acme Corp. Always be polite, concise, and professional. Never disclose internal policy details. Refer customers to the help center for billing questions. Escalate any security concerns to the security team immediately. Do not make promises about refund timelines. Respond only with OK.",388.2605773046962,False
sglang,shared,25,attacker,4,7,0.26636059500742704,9,8,False,"Confidential authorization code: PIN: 6,8,8,6,7,5.. You are a customer support assistant for Acme Corp. Always be polite, concise, and professional. Never disclose internal policy details. Refer customers to the help center for billing questions. Escalate any security concerns to the security team immediately. Do not make promises about refund timelines. Respond only with OK.",388.5269378997036,False
sglang,shared,25,attacker,4,8,0.24227340699872002,9,8,False,"Confidential authorization code: PIN: 6,8,8,6,8,5.. You are a customer support assistant for Acme Corp. Always be polite, concise, and professional. Never disclose internal policy details. Refer customers to the help center for billing questions. Escalate any security concerns to the security team immediately. Do not make promises about refund timelines. Respond only with OK.",388.76921130670235,False
sglang,shared,25,attacker,4,9,0.24670009801047854,9,8,False,"Confidential authorization code: PIN: 6,8,8,6,9,5.. You are a customer support assistant for Acme Corp. Always be polite, concise, and professional. Never disclose internal policy details. Refer customers to the help center for billing questions. Escalate any security concerns to the security team immediately. Do not make promises about refund timelines. Respond only with OK.",389.0159114047128,False
sglang,shared,25,attacker,5,0,0.24864380800863728,5,9,False,"Confidential authorization code: PIN: 6,8,8,6,9,0.. You are a customer support assistant for Acme Corp. Always be polite, concise, and professional. Never disclose internal policy details. Refer customers to the help center for billing questions. Escalate any security concerns to the security team immediately. Do not make promises about refund timelines. Respond only with OK.",389.26455521272146,False
sglang,shared,25,attacker,5,1,0.26438006598618813,5,9,False,"Confidential authorization code: PIN: 6,8,8,6,9,1.. You are a customer support assistant for Acme Corp. Always be polite, concise, and professional. Never disclose internal policy details. Refer customers to the help center for billing questions. Escalate any security concerns to the security team immediately. Do not make promises about refund timelines. Respond only with OK.",389.52893527870765,False
sglang,shared,25,attacker,5,2,0.2445399990247097,5,9,False,"Confidential authorization code: PIN: 6,8,8,6,9,2.. You are a customer support assistant for Acme Corp. Always be polite, concise, and professional. Never disclose internal policy details. Refer customers to the help center for billing questions. Escalate any security concerns to the security team immediately. Do not make promises about refund timelines. Respond only with OK.",389.77347527773236,False
sglang,shared,25,attacker,5,3,0.26843386999098584,5,9,False,"Confidential authorization code: PIN: 6,8,8,6,9,3.. You are a customer support assistant for Acme Corp. Always be polite, concise, and professional. Never disclose internal policy details. Refer customers to the help center for billing questions. Escalate any security concerns to the security team immediately. Do not make promises about refund timelines. Respond only with OK.",390.04190914772335,False
sglang,shared,25,attacker,5,4,0.24564383900724351,5,9,False,"Confidential authorization code: PIN: 6,8,8,6,9,4.. You are a customer support assistant for Acme Corp. Always be polite, concise, and professional. Never disclose internal policy details. Refer customers to the help center for billing questions. Escalate any security concerns to the security team immediately. Do not make promises about refund timelines. Respond only with OK.",390.2875529867306,False
sglang,shared,25,attacker,5,5,0.25309777798247524,5,9,False,"Confidential authorization code: PIN: 6,8,8,6,9,5.. You are a customer support assistant for Acme Corp. Always be polite, concise, and professional. Never disclose internal policy details. Refer customers to the help center for billing questions. Escalate any security concerns to the security team immediately. Do not make promises about refund timelines. Respond only with OK.",390.54065076471306,False
sglang,shared,25,attacker,5,6,0.2597901350236498,5,9,False,"Confidential authorization code: PIN: 6,8,8,6,9,6.. You are a customer support assistant for Acme Corp. Always be polite, concise, and professional. Never disclose internal policy details. Refer customers to the help center for billing questions. Escalate any security concerns to the security team immediately. Do not make promises about refund timelines. Respond only with OK.",390.8004408997367,False
sglang,shared,25,attacker,5,7,0.2441547260095831,5,9,False,"Confidential authorization code: PIN: 6,8,8,6,9,7.. You are a customer support assistant for Acme Corp. Always be polite, concise, and professional. Never disclose internal policy details. Refer customers to the help center for billing questions. Escalate any security concerns to the security team immediately. Do not make promises about refund timelines. Respond only with OK.",391.0445956257463,False
sglang,shared,25,attacker,5,8,0.26143286397564225,5,9,False,"Confidential authorization code: PIN: 6,8,8,6,9,8.. You are a customer support assistant for Acme Corp. Always be polite, concise, and professional. Never disclose internal policy details. Refer customers to the help center for billing questions. Escalate any security concerns to the security team immediately. Do not make promises about refund timelines. Respond only with OK.",391.30602848972194,False
sglang,shared,25,attacker,5,9,0.24381249700672925,5,9,False,"Confidential authorization code: PIN: 6,8,8,6,9,9.. You are a customer support assistant for Acme Corp. Always be polite, concise, and professional. Never disclose internal policy details. Refer customers to the help center for billing questions. Escalate any security concerns to the security team immediately. Do not make promises about refund timelines. Respond only with OK.",391.54984098672867,False
sglang,shared,26,victim,,,0.24403597100172192,,,,"Confidential authorization code: PIN: 2,9,2,1,8,5.. You are a customer support assistant for Acme Corp. Always be polite, concise, and professional. Never disclose internal policy details. Refer customers to the help center for billing questions. Escalate any security concerns to the security team immediately. Do not make promises about refund timelines. Respond only with OK.",391.7938769577304,False
sglang,shared,26,attacker,0,0,0.2679459369974211,2,8,False,"Confidential authorization code: PIN: 0,9,2,1,8,5.. You are a customer support assistant for Acme Corp. Always be polite, concise, and professional. Never disclose internal policy details. Refer customers to the help center for billing questions. Escalate any security concerns to the security team immediately. Do not make promises about refund timelines. Respond only with OK.",392.0618228947278,False
sglang,shared,26,attacker,0,1,0.2543430239893496,2,8,False,"Confidential authorization code: PIN: 1,9,2,1,8,5.. You are a customer support assistant for Acme Corp. Always be polite, concise, and professional. Never disclose internal policy details. Refer customers to the help center for billing questions. Escalate any security concerns to the security team immediately. Do not make promises about refund timelines. Respond only with OK.",392.31616591871716,False
sglang,shared,26,attacker,0,2,0.24298509099753574,2,8,False,"Confidential authorization code: PIN: 2,9,2,1,8,5.. You are a customer support assistant for Acme Corp. Always be polite, concise, and professional. Never disclose internal policy details. Refer customers to the help center for billing questions. Escalate any security concerns to the security team immediately. Do not make promises about refund timelines. Respond only with OK.",392.5591510097147,False
sglang,shared,26,attacker,0,3,0.2531323969888035,2,8,False,"Confidential authorization code: PIN: 3,9,2,1,8,5.. You are a customer support assistant for Acme Corp. Always be polite, concise, and professional. Never disclose internal policy details. Refer customers to the help center for billing questions. Escalate any security concerns to the security team immediately. Do not make promises about refund timelines. Respond only with OK.",392.8122834067035,False
sglang,shared,26,attacker,0,4,0.2650048659997992,2,8,False,"Confidential authorization code: PIN: 4,9,2,1,8,5.. You are a customer support assistant for Acme Corp. Always be polite, concise, and professional. Never disclose internal policy details. Refer customers to the help center for billing questions. Escalate any security concerns to the security team immediately. Do not make promises about refund timelines. Respond only with OK.",393.0772882727033,False
sglang,shared,26,attacker,0,5,0.25120964701636694,2,8,False,"Confidential authorization code: PIN: 5,9,2,1,8,5.. You are a customer support assistant for Acme Corp. Always be polite, concise, and professional. Never disclose internal policy details. Refer customers to the help center for billing questions. Escalate any security concerns to the security team immediately. Do not make promises about refund timelines. Respond only with OK.",393.32849791971967,False
sglang,shared,26,attacker,0,6,0.2670634899986908,2,8,False,"Confidential authorization code: PIN: 6,9,2,1,8,5.. You are a customer support assistant for Acme Corp. Always be polite, concise, and professional. Never disclose internal policy details. Refer customers to the help center for billing questions. Escalate any security concerns to the security team immediately. Do not make promises about refund timelines. Respond only with OK.",393.59556140971836,False
sglang,shared,26,attacker,0,7,0.2422209299984388,2,8,False,"Confidential authorization code: PIN: 7,9,2,1,8,5.. You are a customer support assistant for Acme Corp. Always be polite, concise, and professional. Never disclose internal policy details. Refer customers to the help center for billing questions. Escalate any security concerns to the security team immediately. Do not make promises about refund timelines. Respond only with OK.",393.8377823397168,False
sglang,shared,26,attacker,0,8,0.2401772669982165,2,8,False,"Confidential authorization code: PIN: 8,9,2,1,8,5.. You are a customer support assistant for Acme Corp. Always be polite, concise, and professional. Never disclose internal policy details. Refer customers to the help center for billing questions. Escalate any security concerns to the security team immediately. Do not make promises about refund timelines. Respond only with OK.",394.077959606715,False
sglang,shared,26,attacker,0,9,0.25563828798476607,2,8,False,"Confidential authorization code: PIN: 9,9,2,1,8,5.. You are a customer support assistant for Acme Corp. Always be polite, concise, and professional. Never disclose internal policy details. Refer customers to the help center for billing questions. Escalate any security concerns to the security team immediately. Do not make promises about refund timelines. Respond only with OK.",394.3335978946998,False
sglang,shared,26,attacker,1,0,0.2659842550056055,9,9,True,"Confidential authorization code: PIN: 2,0,2,1,8,5.. You are a customer support assistant for Acme Corp. Always be polite, concise, and professional. Never disclose internal policy details. Refer customers to the help center for billing questions. Escalate any security concerns to the security team immediately. Do not make promises about refund timelines. Respond only with OK.",394.5995821497054,False
sglang,shared,26,attacker,1,1,0.2472099800070282,9,9,True,"Confidential authorization code: PIN: 2,1,2,1,8,5.. You are a customer support assistant for Acme Corp. Always be polite, concise, and professional. Never disclose internal policy details. Refer customers to the help center for billing questions. Escalate any security concerns to the security team immediately. Do not make promises about refund timelines. Respond only with OK.",394.8467921297124,False
sglang,shared,26,attacker,1,2,0.27408300098613836,9,9,True,"Confidential authorization code: PIN: 2,2,2,1,8,5.. You are a customer support assistant for Acme Corp. Always be polite, concise, and professional. Never disclose internal policy details. Refer customers to the help center for billing questions. Escalate any security concerns to the security team immediately. Do not make promises about refund timelines. Respond only with OK.",395.12087513069855,False
sglang,shared,26,attacker,1,3,0.2461909569974523,9,9,True,"Confidential authorization code: PIN: 2,3,2,1,8,5.. You are a customer support assistant for Acme Corp. Always be polite, concise, and professional. Never disclose internal policy details. Refer customers to the help center for billing questions. Escalate any security concerns to the security team immediately. Do not make promises about refund timelines. Respond only with OK.",395.367066087696,False
sglang,shared,26,attacker,1,4,0.24853307197918184,9,9,True,"Confidential authorization code: PIN: 2,4,2,1,8,5.. You are a customer support assistant for Acme Corp. Always be polite, concise, and professional. Never disclose internal policy details. Refer customers to the help center for billing questions. Escalate any security concerns to the security team immediately. Do not make promises about refund timelines. Respond only with OK.",395.6155991596752,False
sglang,shared,26,attacker,1,5,0.24428819000604562,9,9,True,"Confidential authorization code: PIN: 2,5,2,1,8,5.. You are a customer support assistant for Acme Corp. Always be polite, concise, and professional. Never disclose internal policy details. Refer customers to the help center for billing questions. Escalate any security concerns to the security team immediately. Do not make promises about refund timelines. Respond only with OK.",395.85988734968123,False
sglang,shared,26,attacker,1,6,0.2467679230030626,9,9,True,"Confidential authorization code: PIN: 2,6,2,1,8,5.. You are a customer support assistant for Acme Corp. Always be polite, concise, and professional. Never disclose internal policy details. Refer customers to the help center for billing questions. Escalate any security concerns to the security team immediately. Do not make promises about refund timelines. Respond only with OK.",396.1066552726843,False
sglang,shared,26,attacker,1,7,0.24874177799210884,9,9,True,"Confidential authorization code: PIN: 2,7,2,1,8,5.. You are a customer support assistant for Acme Corp. Always be polite, concise, and professional. Never disclose internal policy details. Refer customers to the help center for billing questions. Escalate any security concerns to the security team immediately. Do not make promises about refund timelines. Respond only with OK.",396.3553970506764,False
sglang,shared,26,attacker,1,8,0.2548589599900879,9,9,True,"Confidential authorization code: PIN: 2,8,2,1,8,5.. You are a customer support assistant for Acme Corp. Always be polite, concise, and professional. Never disclose internal policy details. Refer customers to the help center for billing questions. Escalate any security concerns to the security team immediately. Do not make promises about refund timelines. Respond only with OK.",396.6102560106665,False
sglang,shared,26,attacker,1,9,0.23208200000226498,9,9,True,"Confidential authorization code: PIN: 2,9,2,1,8,5.. You are a customer support assistant for Acme Corp. Always be polite, concise, and professional. Never disclose internal policy details. Refer customers to the help center for billing questions. Escalate any security concerns to the security team immediately. Do not make promises about refund timelines. Respond only with OK.",396.84233801066875,False
sglang,shared,26,attacker,2,0,0.24751186900539324,2,4,False,"Confidential authorization code: PIN: 2,9,0,1,8,5.. You are a customer support assistant for Acme Corp. Always be polite, concise, and professional. Never disclose internal policy details. Refer customers to the help center for billing questions. Escalate any security concerns to the security team immediately. Do not make promises about refund timelines. Respond only with OK.",397.08984987967415,False
sglang,shared,26,attacker,2,1,0.24793427597614937,2,4,False,"Confidential authorization code: PIN: 2,9,1,1,8,5.. You are a customer support assistant for Acme Corp. Always be polite, concise, and professional. Never disclose internal policy details. Refer customers to the help center for billing questions. Escalate any security concerns to the security team immediately. Do not make promises about refund timelines. Respond only with OK.",397.3377841556503,False
sglang,shared,26,attacker,2,2,0.2500223870156333,2,4,False,"Confidential authorization code: PIN: 2,9,2,1,8,5.. You are a customer support assistant for Acme Corp. Always be polite, concise, and professional. Never disclose internal policy details. Refer customers to the help center for billing questions. Escalate any security concerns to the security team immediately. Do not make promises about refund timelines. Respond only with OK.",397.58780654266593,False
sglang,shared,26,attacker,2,3,0.2636047839769162,2,4,False,"Confidential authorization code: PIN: 2,9,3,1,8,5.. You are a customer support assistant for Acme Corp. Always be polite, concise, and professional. Never disclose internal policy details. Refer customers to the help center for billing questions. Escalate any security concerns to the security team immediately. Do not make promises about refund timelines. Respond only with OK.",397.85141132664285,False
sglang,shared,26,attacker,2,4,0.24612550999154337,2,4,False,"Confidential authorization code: PIN: 2,9,4,1,8,5.. You are a customer support assistant for Acme Corp. Always be polite, concise, and professional. Never disclose internal policy details. Refer customers to the help center for billing questions. Escalate any security concerns to the security team immediately. Do not make promises about refund timelines. Respond only with OK.",398.0975368366344,False
sglang,shared,26,attacker,2,5,0.26121828399482183,2,4,False,"Confidential authorization code: PIN: 2,9,5,1,8,5.. You are a customer support assistant for Acme Corp. Always be polite, concise, and professional. Never disclose internal policy details. Refer customers to the help center for billing questions. Escalate any security concerns to the security team immediately. Do not make promises about refund timelines. Respond only with OK.",398.3587551206292,False
sglang,shared,26,attacker,2,6,0.2584451049915515,2,4,False,"Confidential authorization code: PIN: 2,9,6,1,8,5.. You are a customer support assistant for Acme Corp. Always be polite, concise, and professional. Never disclose internal policy details. Refer customers to the help center for billing questions. Escalate any security concerns to the security team immediately. Do not make promises about refund timelines. Respond only with OK.",398.61720022562076,False
sglang,shared,26,attacker,2,7,0.2670263710024301,2,4,False,"Confidential authorization code: PIN: 2,9,7,1,8,5.. You are a customer support assistant for Acme Corp. Always be polite, concise, and professional. Never disclose internal policy details. Refer customers to the help center for billing questions. Escalate any security concerns to the security team immediately. Do not make promises about refund timelines. Respond only with OK.",398.8842265966232,False
sglang,shared,26,attacker,2,8,0.2532375040173065,2,4,False,"Confidential authorization code: PIN: 2,9,8,1,8,5.. You are a customer support assistant for Acme Corp. Always be polite, concise, and professional. Never disclose internal policy details. Refer customers to the help center for billing questions. Escalate any security concerns to the security team immediately. Do not make promises about refund timelines. Respond only with OK.",399.1374641006405,False
sglang,shared,26,attacker,2,9,0.2613750039890874,2,4,False,"Confidential authorization code: PIN: 2,9,9,1,8,5.. You are a customer support assistant for Acme Corp. Always be polite, concise, and professional. Never disclose internal policy details. Refer customers to the help center for billing questions. Escalate any security concerns to the security team immediately. Do not make promises about refund timelines. Respond only with OK.",399.3988391046296,False
sglang,shared,26,attacker,3,0,0.24737464601639658,1,1,True,"Confidential authorization code: PIN: 2,9,2,0,8,5.. You are a customer support assistant for Acme Corp. Always be polite, concise, and professional. Never disclose internal policy details. Refer customers to the help center for billing questions. Escalate any security concerns to the security team immediately. Do not make promises about refund timelines. Respond only with OK.",399.646213750646,False
sglang,shared,26,attacker,3,1,0.24077259199111722,1,1,True,"Confidential authorization code: PIN: 2,9,2,1,8,5.. You are a customer support assistant for Acme Corp. Always be polite, concise, and professional. Never disclose internal policy details. Refer customers to the help center for billing questions. Escalate any security concerns to the security team immediately. Do not make promises about refund timelines. Respond only with OK.",399.8869863426371,False
sglang,shared,26,attacker,3,2,0.2486295590060763,1,1,True,"Confidential authorization code: PIN: 2,9,2,2,8,5.. You are a customer support assistant for Acme Corp. Always be polite, concise, and professional. Never disclose internal policy details. Refer customers to the help center for billing questions. Escalate any security concerns to the security team immediately. Do not make promises about refund timelines. Respond only with OK.",400.1356159016432,False
sglang,shared,26,attacker,3,3,0.2636705409968272,1,1,True,"Confidential authorization code: PIN: 2,9,2,3,8,5.. You are a customer support assistant for Acme Corp. Always be polite, concise, and professional. Never disclose internal policy details. Refer customers to the help center for billing questions. Escalate any security concerns to the security team immediately. Do not make promises about refund timelines. Respond only with OK.",400.39928644264,False
sglang,shared,26,attacker,3,4,0.2505605159967672,1,1,True,"Confidential authorization code: PIN: 2,9,2,4,8,5.. You are a customer support assistant for Acme Corp. Always be polite, concise, and professional. Never disclose internal policy details. Refer customers to the help center for billing questions. Escalate any security concerns to the security team immediately. Do not make promises about refund timelines. Respond only with OK.",400.6498469586368,False
sglang,shared,26,attacker,3,5,0.2677165209897794,1,1,True,"Confidential authorization code: PIN: 2,9,2,5,8,5.. You are a customer support assistant for Acme Corp. Always be polite, concise, and professional. Never disclose internal policy details. Refer customers to the help center for billing questions. Escalate any security concerns to the security team immediately. Do not make promises about refund timelines. Respond only with OK.",400.91756347962655,False
sglang,shared,26,attacker,3,6,0.2516927399847191,1,1,True,"Confidential authorization code: PIN: 2,9,2,6,8,5.. You are a customer support assistant for Acme Corp. Always be polite, concise, and professional. Never disclose internal policy details. Refer customers to the help center for billing questions. Escalate any security concerns to the security team immediately. Do not make promises about refund timelines. Respond only with OK.",401.16925621961127,False
sglang,shared,26,attacker,3,7,0.2703669769980479,1,1,True,"Confidential authorization code: PIN: 2,9,2,7,8,5.. You are a customer support assistant for Acme Corp. Always be polite, concise, and professional. Never disclose internal policy details. Refer customers to the help center for billing questions. Escalate any security concerns to the security team immediately. Do not make promises about refund timelines. Respond only with OK.",401.4396231966093,False
sglang,shared,26,attacker,3,8,0.2502123970189132,1,1,True,"Confidential authorization code: PIN: 2,9,2,8,8,5.. You are a customer support assistant for Acme Corp. Always be polite, concise, and professional. Never disclose internal policy details. Refer customers to the help center for billing questions. Escalate any security concerns to the security team immediately. Do not make promises about refund timelines. Respond only with OK.",401.68983559362823,False
sglang,shared,26,attacker,3,9,0.25489329898846336,1,1,True,"Confidential authorization code: PIN: 2,9,2,9,8,5.. You are a customer support assistant for Acme Corp. Always be polite, concise, and professional. Never disclose internal policy details. Refer customers to the help center for billing questions. Escalate any security concerns to the security team immediately. Do not make promises about refund timelines. Respond only with OK.",401.9447288926167,False
sglang,shared,26,attacker,4,0,0.252651249000337,8,5,False,"Confidential authorization code: PIN: 2,9,2,1,0,5.. You are a customer support assistant for Acme Corp. Always be polite, concise, and professional. Never disclose internal policy details. Refer customers to the help center for billing questions. Escalate any security concerns to the security team immediately. Do not make promises about refund timelines. Respond only with OK.",402.19738014161703,False
sglang,shared,26,attacker,4,1,0.24371458400855772,8,5,False,"Confidential authorization code: PIN: 2,9,2,1,1,5.. You are a customer support assistant for Acme Corp. Always be polite, concise, and professional. Never disclose internal policy details. Refer customers to the help center for billing questions. Escalate any security concerns to the security team immediately. Do not make promises about refund timelines. Respond only with OK.",402.4410947256256,False
sglang,shared,26,attacker,4,2,0.2496521619905252,8,5,False,"Confidential authorization code: PIN: 2,9,2,1,2,5.. You are a customer support assistant for Acme Corp. Always be polite, concise, and professional. Never disclose internal policy details. Refer customers to the help center for billing questions. Escalate any security concerns to the security team immediately. Do not make promises about refund timelines. Respond only with OK.",402.6907468876161,False
sglang,shared,26,attacker,4,3,0.26832498898147605,8,5,False,"Confidential authorization code: PIN: 2,9,2,1,3,5.. You are a customer support assistant for Acme Corp. Always be polite, concise, and professional. Never disclose internal policy details. Refer customers to the help center for billing questions. Escalate any security concerns to the security team immediately. Do not make promises about refund timelines. Respond only with OK.",402.9590718765976,False
sglang,shared,26,attacker,4,4,0.24931527499575168,8,5,False,"Confidential authorization code: PIN: 2,9,2,1,4,5.. You are a customer support assistant for Acme Corp. Always be polite, concise, and professional. Never disclose internal policy details. Refer customers to the help center for billing questions. Escalate any security concerns to the security team immediately. Do not make promises about refund timelines. Respond only with OK.",403.20838715159334,False
sglang,shared,26,attacker,4,5,0.24193237800500356,8,5,False,"Confidential authorization code: PIN: 2,9,2,1,5,5.. You are a customer support assistant for Acme Corp. Always be polite, concise, and professional. Never disclose internal policy details. Refer customers to the help center for billing questions. Escalate any security concerns to the security team immediately. Do not make promises about refund timelines. Respond only with OK.",403.45031952959835,False
sglang,shared,26,attacker,4,6,0.25476961297681555,8,5,False,"Confidential authorization code: PIN: 2,9,2,1,6,5.. You are a customer support assistant for Acme Corp. Always be polite, concise, and professional. Never disclose internal policy details. Refer customers to the help center for billing questions. Escalate any security concerns to the security team immediately. Do not make promises about refund timelines. Respond only with OK.",403.70508914257516,False
sglang,shared,26,attacker,4,7,0.25535592500818893,8,5,False,"Confidential authorization code: PIN: 2,9,2,1,7,5.. You are a customer support assistant for Acme Corp. Always be polite, concise, and professional. Never disclose internal policy details. Refer customers to the help center for billing questions. Escalate any security concerns to the security team immediately. Do not make promises about refund timelines. Respond only with OK.",403.96044506758335,False
sglang,shared,26,attacker,4,8,0.2475248449773062,8,5,False,"Confidential authorization code: PIN: 2,9,2,1,8,5.. You are a customer support assistant for Acme Corp. Always be polite, concise, and professional. Never disclose internal policy details. Refer customers to the help center for billing questions. Escalate any security concerns to the security team immediately. Do not make promises about refund timelines. Respond only with OK.",404.20796991256066,False
sglang,shared,26,attacker,4,9,0.24556691199541092,8,5,False,"Confidential authorization code: PIN: 2,9,2,1,9,5.. You are a customer support assistant for Acme Corp. Always be polite, concise, and professional. Never disclose internal policy details. Refer customers to the help center for billing questions. Escalate any security concerns to the security team immediately. Do not make promises about refund timelines. Respond only with OK.",404.45353682455607,False
sglang,shared,26,attacker,5,0,0.2626558270130772,5,9,False,"Confidential authorization code: PIN: 2,9,2,1,8,0.. You are a customer support assistant for Acme Corp. Always be polite, concise, and professional. Never disclose internal policy details. Refer customers to the help center for billing questions. Escalate any security concerns to the security team immediately. Do not make promises about refund timelines. Respond only with OK.",404.71619265156914,False
sglang,shared,26,attacker,5,1,0.24727236002217978,5,9,False,"Confidential authorization code: PIN: 2,9,2,1,8,1.. You are a customer support assistant for Acme Corp. Always be polite, concise, and professional. Never disclose internal policy details. Refer customers to the help center for billing questions. Escalate any security concerns to the security team immediately. Do not make promises about refund timelines. Respond only with OK.",404.9634650115913,False
sglang,shared,26,attacker,5,2,0.25876107899239287,5,9,False,"Confidential authorization code: PIN: 2,9,2,1,8,2.. You are a customer support assistant for Acme Corp. Always be polite, concise, and professional. Never disclose internal policy details. Refer customers to the help center for billing questions. Escalate any security concerns to the security team immediately. Do not make promises about refund timelines. Respond only with OK.",405.2222260905837,False
sglang,shared,26,attacker,5,3,0.2523248690122273,5,9,False,"Confidential authorization code: PIN: 2,9,2,1,8,3.. You are a customer support assistant for Acme Corp. Always be polite, concise, and professional. Never disclose internal policy details. Refer customers to the help center for billing questions. Escalate any security concerns to the security team immediately. Do not make promises about refund timelines. Respond only with OK.",405.47455095959594,False
sglang,shared,26,attacker,5,4,0.2416979379777331,5,9,False,"Confidential authorization code: PIN: 2,9,2,1,8,4.. You are a customer support assistant for Acme Corp. Always be polite, concise, and professional. Never disclose internal policy details. Refer customers to the help center for billing questions. Escalate any security concerns to the security team immediately. Do not make promises about refund timelines. Respond only with OK.",405.7162488975737,False
sglang,shared,26,attacker,5,5,0.26094095001462847,5,9,False,"Confidential authorization code: PIN: 2,9,2,1,8,5.. You are a customer support assistant for Acme Corp. Always be polite, concise, and professional. Never disclose internal policy details. Refer customers to the help center for billing questions. Escalate any security concerns to the security team immediately. Do not make promises about refund timelines. Respond only with OK.",405.9771898475883,False
sglang,shared,26,attacker,5,6,0.24477304000174627,5,9,False,"Confidential authorization code: PIN: 2,9,2,1,8,6.. You are a customer support assistant for Acme Corp. Always be polite, concise, and professional. Never disclose internal policy details. Refer customers to the help center for billing questions. Escalate any security concerns to the security team immediately. Do not make promises about refund timelines. Respond only with OK.",406.22196288759005,False
sglang,shared,26,attacker,5,7,0.24402515598922037,5,9,False,"Confidential authorization code: PIN: 2,9,2,1,8,7.. You are a customer support assistant for Acme Corp. Always be polite, concise, and professional. Never disclose internal policy details. Refer customers to the help center for billing questions. Escalate any security concerns to the security team immediately. Do not make promises about refund timelines. Respond only with OK.",406.4659880435793,False
sglang,shared,26,attacker,5,8,0.26857994502643123,5,9,False,"Confidential authorization code: PIN: 2,9,2,1,8,8.. You are a customer support assistant for Acme Corp. Always be polite, concise, and professional. Never disclose internal policy details. Refer customers to the help center for billing questions. Escalate any security concerns to the security team immediately. Do not make promises about refund timelines. Respond only with OK.",406.7345679886057,False
sglang,shared,26,attacker,5,9,0.2413957220269367,5,9,False,"Confidential authorization code: PIN: 2,9,2,1,8,9.. You are a customer support assistant for Acme Corp. Always be polite, concise, and professional. Never disclose internal policy details. Refer customers to the help center for billing questions. Escalate any security concerns to the security team immediately. Do not make promises about refund timelines. Respond only with OK.",406.97596371063264,False
sglang,shared,27,victim,,,0.2684813179948833,,,,"Confidential authorization code: PIN: 7,4,9,7,9,5.. You are a customer support assistant for Acme Corp. Always be polite, concise, and professional. Never disclose internal policy details. Refer customers to the help center for billing questions. Escalate any security concerns to the security team immediately. Do not make promises about refund timelines. Respond only with OK.",407.2444450286275,False
sglang,shared,27,attacker,0,0,0.25033419401734136,7,8,False,"Confidential authorization code: PIN: 0,4,9,7,9,5.. You are a customer support assistant for Acme Corp. Always be polite, concise, and professional. Never disclose internal policy details. Refer customers to the help center for billing questions. Escalate any security concerns to the security team immediately. Do not make promises about refund timelines. Respond only with OK.",407.49477922264487,False
sglang,shared,27,attacker,0,1,0.25868926401017234,7,8,False,"Confidential authorization code: PIN: 1,4,9,7,9,5.. You are a customer support assistant for Acme Corp. Always be polite, concise, and professional. Never disclose internal policy details. Refer customers to the help center for billing questions. Escalate any security concerns to the security team immediately. Do not make promises about refund timelines. Respond only with OK.",407.75346848665504,False
sglang,shared,27,attacker,0,2,0.2505229150119703,7,8,False,"Confidential authorization code: PIN: 2,4,9,7,9,5.. You are a customer support assistant for Acme Corp. Always be polite, concise, and professional. Never disclose internal policy details. Refer customers to the help center for billing questions. Escalate any security concerns to the security team immediately. Do not make promises about refund timelines. Respond only with OK.",408.003991401667,False
sglang,shared,27,attacker,0,3,0.24530568398768082,7,8,False,"Confidential authorization code: PIN: 3,4,9,7,9,5.. You are a customer support assistant for Acme Corp. Always be polite, concise, and professional. Never disclose internal policy details. Refer customers to the help center for billing questions. Escalate any security concerns to the security team immediately. Do not make promises about refund timelines. Respond only with OK.",408.2492970856547,False
sglang,shared,27,attacker,0,4,0.2684685639978852,7,8,False,"Confidential authorization code: PIN: 4,4,9,7,9,5.. You are a customer support assistant for Acme Corp. Always be polite, concise, and professional. Never disclose internal policy details. Refer customers to the help center for billing questions. Escalate any security concerns to the security team immediately. Do not make promises about refund timelines. Respond only with OK.",408.5177656496526,False
sglang,shared,27,attacker,0,5,0.24926790199242532,7,8,False,"Confidential authorization code: PIN: 5,4,9,7,9,5.. You are a customer support assistant for Acme Corp. Always be polite, concise, and professional. Never disclose internal policy details. Refer customers to the help center for billing questions. Escalate any security concerns to the security team immediately. Do not make promises about refund timelines. Respond only with OK.",408.767033551645,False
sglang,shared,27,attacker,0,6,0.2500753700151108,7,8,False,"Confidential authorization code: PIN: 6,4,9,7,9,5.. You are a customer support assistant for Acme Corp. Always be polite, concise, and professional. Never disclose internal policy details. Refer customers to the help center for billing questions. Escalate any security concerns to the security team immediately. Do not make promises about refund timelines. Respond only with OK.",409.0171089216601,False
sglang,shared,27,attacker,0,7,0.27047174400649965,7,8,False,"Confidential authorization code: PIN: 7,4,9,7,9,5.. You are a customer support assistant for Acme Corp. Always be polite, concise, and professional. Never disclose internal policy details. Refer customers to the help center for billing questions. Escalate any security concerns to the security team immediately. Do not make promises about refund timelines. Respond only with OK.",409.2875806656666,False
sglang,shared,27,attacker,0,8,0.24231001900625415,7,8,False,"Confidential authorization code: PIN: 8,4,9,7,9,5.. You are a customer support assistant for Acme Corp. Always be polite, concise, and professional. Never disclose internal policy details. Refer customers to the help center for billing questions. Escalate any security concerns to the security team immediately. Do not make promises about refund timelines. Respond only with OK.",409.52989068467286,False
sglang,shared,27,attacker,0,9,0.27159703799407,7,8,False,"Confidential authorization code: PIN: 9,4,9,7,9,5.. You are a customer support assistant for Acme Corp. Always be polite, concise, and professional. Never disclose internal policy details. Refer customers to the help center for billing questions. Escalate any security concerns to the security team immediately. Do not make promises about refund timelines. Respond only with OK.",409.80148772266693,False
sglang,shared,27,attacker,1,0,0.2483889419818297,4,6,False,"Confidential authorization code: PIN: 7,0,9,7,9,5.. You are a customer support assistant for Acme Corp. Always be polite, concise, and professional. Never disclose internal policy details. Refer customers to the help center for billing questions. Escalate any security concerns to the security team immediately. Do not make promises about refund timelines. Respond only with OK.",410.04987666464876,False
sglang,shared,27,attacker,1,1,0.245684916008031,4,6,False,"Confidential authorization code: PIN: 7,1,9,7,9,5.. You are a customer support assistant for Acme Corp. Always be polite, concise, and professional. Never disclose internal policy details. Refer customers to the help center for billing questions. Escalate any security concerns to the security team immediately. Do not make promises about refund timelines. Respond only with OK.",410.2955615806568,False
sglang,shared,27,attacker,1,2,0.26700612099375576,4,6,False,"Confidential authorization code: PIN: 7,2,9,7,9,5.. You are a customer support assistant for Acme Corp. Always be polite, concise, and professional. Never disclose internal policy details. Refer customers to the help center for billing questions. Escalate any security concerns to the security team immediately. Do not make promises about refund timelines. Respond only with OK.",410.56256770165055,False
sglang,shared,27,attacker,1,3,0.2501995920029003,4,6,False,"Confidential authorization code: PIN: 7,3,9,7,9,5.. You are a customer support assistant for Acme Corp. Always be polite, concise, and professional. Never disclose internal policy details. Refer customers to the help center for billing questions. Escalate any security concerns to the security team immediately. Do not make promises about refund timelines. Respond only with OK.",410.81276729365345,False
sglang,shared,27,attacker,1,4,0.2440853709995281,4,6,False,"Confidential authorization code: PIN: 7,4,9,7,9,5.. You are a customer support assistant for Acme Corp. Always be polite, concise, and professional. Never disclose internal policy details. Refer customers to the help center for billing questions. Escalate any security concerns to the security team immediately. Do not make promises about refund timelines. Respond only with OK.",411.056852664653,False
sglang,shared,27,attacker,1,5,0.2423939199943561,4,6,False,"Confidential authorization code: PIN: 7,5,9,7,9,5.. You are a customer support assistant for Acme Corp. Always be polite, concise, and professional. Never disclose internal policy details. Refer customers to the help center for billing questions. Escalate any security concerns to the security team immediately. Do not make promises about refund timelines. Respond only with OK.",411.29924658464734,False
sglang,shared,27,attacker,1,6,0.17912295999121852,4,6,False,"Confidential authorization code: PIN: 7,6,9,7,9,5.. You are a customer support assistant for Acme Corp. Always be polite, concise, and professional. Never disclose internal policy details. Refer customers to the help center for billing questions. Escalate any security concerns to the security team immediately. Do not make promises about refund timelines. Respond only with OK.",411.47836954463855,False
sglang,shared,27,attacker,1,7,0.2424824810004793,4,6,False,"Confidential authorization code: PIN: 7,7,9,7,9,5.. You are a customer support assistant for Acme Corp. Always be polite, concise, and professional. Never disclose internal policy details. Refer customers to the help center for billing questions. Escalate any security concerns to the security team immediately. Do not make promises about refund timelines. Respond only with OK.",411.72085202563903,False
sglang,shared,27,attacker,1,8,0.2415732340014074,4,6,False,"Confidential authorization code: PIN: 7,8,9,7,9,5.. You are a customer support assistant for Acme Corp. Always be polite, concise, and professional. Never disclose internal policy details. Refer customers to the help center for billing questions. Escalate any security concerns to the security team immediately. Do not make promises about refund timelines. Respond only with OK.",411.96242525964044,False
sglang,shared,27,attacker,1,9,0.2666422550100833,4,6,False,"Confidential authorization code: PIN: 7,9,9,7,9,5.. You are a customer support assistant for Acme Corp. Always be polite, concise, and professional. Never disclose internal policy details. Refer customers to the help center for billing questions. Escalate any security concerns to the security team immediately. Do not make promises about refund timelines. Respond only with OK.",412.2290675146505,False
sglang,shared,27,attacker,2,0,0.25044127300498076,9,6,False,"Confidential authorization code: PIN: 7,4,0,7,9,5.. You are a customer support assistant for Acme Corp. Always be polite, concise, and professional. Never disclose internal policy details. Refer customers to the help center for billing questions. Escalate any security concerns to the security team immediately. Do not make promises about refund timelines. Respond only with OK.",412.4795087876555,False
sglang,shared,27,attacker,2,1,0.25403257401194423,9,6,False,"Confidential authorization code: PIN: 7,4,1,7,9,5.. You are a customer support assistant for Acme Corp. Always be polite, concise, and professional. Never disclose internal policy details. Refer customers to the help center for billing questions. Escalate any security concerns to the security team immediately. Do not make promises about refund timelines. Respond only with OK.",412.73354136166745,False
sglang,shared,27,attacker,2,2,0.2610426629835274,9,6,False,"Confidential authorization code: PIN: 7,4,2,7,9,5.. You are a customer support assistant for Acme Corp. Always be polite, concise, and professional. Never disclose internal policy details. Refer customers to the help center for billing questions. Escalate any security concerns to the security team immediately. Do not make promises about refund timelines. Respond only with OK.",412.994584024651,False
sglang,shared,27,attacker,2,3,0.2621483280090615,9,6,False,"Confidential authorization code: PIN: 7,4,3,7,9,5.. You are a customer support assistant for Acme Corp. Always be polite, concise, and professional. Never disclose internal policy details. Refer customers to the help center for billing questions. Escalate any security concerns to the security team immediately. Do not make promises about refund timelines. Respond only with OK.",413.25673235266004,False
sglang,shared,27,attacker,2,4,0.2597409959998913,9,6,False,"Confidential authorization code: PIN: 7,4,4,7,9,5.. You are a customer support assistant for Acme Corp. Always be polite, concise, and professional. Never disclose internal policy details. Refer customers to the help center for billing questions. Escalate any security concerns to the security team immediately. Do not make promises about refund timelines. Respond only with OK.",413.51647334865993,False
sglang,shared,27,attacker,2,5,0.27070796000771224,9,6,False,"Confidential authorization code: PIN: 7,4,5,7,9,5.. You are a customer support assistant for Acme Corp. Always be polite, concise, and professional. Never disclose internal policy details. Refer customers to the help center for billing questions. Escalate any security concerns to the security team immediately. Do not make promises about refund timelines. Respond only with OK.",413.78718130866764,False
sglang,shared,27,attacker,2,6,0.2444236409792211,9,6,False,"Confidential authorization code: PIN: 7,4,6,7,9,5.. You are a customer support assistant for Acme Corp. Always be polite, concise, and professional. Never disclose internal policy details. Refer customers to the help center for billing questions. Escalate any security concerns to the security team immediately. Do not make promises about refund timelines. Respond only with OK.",414.03160494964686,False
sglang,shared,27,attacker,2,7,0.2746548840077594,9,6,False,"Confidential authorization code: PIN: 7,4,7,7,9,5.. You are a customer support assistant for Acme Corp. Always be polite, concise, and professional. Never disclose internal policy details. Refer customers to the help center for billing questions. Escalate any security concerns to the security team immediately. Do not make promises about refund timelines. Respond only with OK.",414.3062598336546,False
sglang,shared,27,attacker,2,8,0.2522252320195548,9,6,False,"Confidential authorization code: PIN: 7,4,8,7,9,5.. You are a customer support assistant for Acme Corp. Always be polite, concise, and professional. Never disclose internal policy details. Refer customers to the help center for billing questions. Escalate any security concerns to the security team immediately. Do not make promises about refund timelines. Respond only with OK.",414.5584850656742,False
sglang,shared,27,attacker,2,9,0.2689750360150356,9,6,False,"Confidential authorization code: PIN: 7,4,9,7,9,5.. You are a customer support assistant for Acme Corp. Always be polite, concise, and professional. Never disclose internal policy details. Refer customers to the help center for billing questions. Escalate any security concerns to the security team immediately. Do not make promises about refund timelines. Respond only with OK.",414.8274601016892,False
sglang,shared,27,attacker,3,0,0.24423232398112305,7,0,False,"Confidential authorization code: PIN: 7,4,9,0,9,5.. You are a customer support assistant for Acme Corp. Always be polite, concise, and professional. Never disclose internal policy details. Refer customers to the help center for billing questions. Escalate any security concerns to the security team immediately. Do not make promises about refund timelines. Respond only with OK.",415.07169242567034,False
sglang,shared,27,attacker,3,1,0.2679669719946105,7,0,False,"Confidential authorization code: PIN: 7,4,9,1,9,5.. You are a customer support assistant for Acme Corp. Always be polite, concise, and professional. Never disclose internal policy details. Refer customers to the help center for billing questions. Escalate any security concerns to the security team immediately. Do not make promises about refund timelines. Respond only with OK.",415.33965939766495,False
sglang,shared,27,attacker,3,2,0.24757485499139875,7,0,False,"Confidential authorization code: PIN: 7,4,9,2,9,5.. You are a customer support assistant for Acme Corp. Always be polite, concise, and professional. Never disclose internal policy details. Refer customers to the help center for billing questions. Escalate any security concerns to the security team immediately. Do not make promises about refund timelines. Respond only with OK.",415.58723425265634,False
sglang,shared,27,attacker,3,3,0.2608606379944831,7,0,False,"Confidential authorization code: PIN: 7,4,9,3,9,5.. You are a customer support assistant for Acme Corp. Always be polite, concise, and professional. Never disclose internal policy details. Refer customers to the help center for billing questions. Escalate any security concerns to the security team immediately. Do not make promises about refund timelines. Respond only with OK.",415.8480948906508,False
sglang,shared,27,attacker,3,4,0.2541671599901747,7,0,False,"Confidential authorization code: PIN: 7,4,9,4,9,5.. You are a customer support assistant for Acme Corp. Always be polite, concise, and professional. Never disclose internal policy details. Refer customers to the help center for billing questions. Escalate any security concerns to the security team immediately. Do not make promises about refund timelines. Respond only with OK.",416.102262050641,False
sglang,shared,27,attacker,3,5,0.24941374399350025,7,0,False,"Confidential authorization code: PIN: 7,4,9,5,9,5.. You are a customer support assistant for Acme Corp. Always be polite, concise, and professional. Never disclose internal policy details. Refer customers to the help center for billing questions. Escalate any security concerns to the security team immediately. Do not make promises about refund timelines. Respond only with OK.",416.3516757946345,False
sglang,shared,27,attacker,3,6,0.26517705401056446,7,0,False,"Confidential authorization code: PIN: 7,4,9,6,9,5.. You are a customer support assistant for Acme Corp. Always be polite, concise, and professional. Never disclose internal policy details. Refer customers to the help center for billing questions. Escalate any security concerns to the security team immediately. Do not make promises about refund timelines. Respond only with OK.",416.61685284864507,False
sglang,shared,27,attacker,3,7,0.2446356060099788,7,0,False,"Confidential authorization code: PIN: 7,4,9,7,9,5.. You are a customer support assistant for Acme Corp. Always be polite, concise, and professional. Never disclose internal policy details. Refer customers to the help center for billing questions. Escalate any security concerns to the security team immediately. Do not make promises about refund timelines. Respond only with OK.",416.86148845465505,False
sglang,shared,27,attacker,3,8,0.2623577950289473,7,0,False,"Confidential authorization code: PIN: 7,4,9,8,9,5.. You are a customer support assistant for Acme Corp. Always be polite, concise, and professional. Never disclose internal policy details. Refer customers to the help center for billing questions. Escalate any security concerns to the security team immediately. Do not make promises about refund timelines. Respond only with OK.",417.123846249684,False
sglang,shared,27,attacker,3,9,0.25034061999758705,7,0,False,"Confidential authorization code: PIN: 7,4,9,9,9,5.. You are a customer support assistant for Acme Corp. Always be polite, concise, and professional. Never disclose internal policy details. Refer customers to the help center for billing questions. Escalate any security concerns to the security team immediately. Do not make promises about refund timelines. Respond only with OK.",417.3741868696816,False
sglang,shared,27,attacker,4,0,0.2519044840009883,9,5,False,"Confidential authorization code: PIN: 7,4,9,7,0,5.. You are a customer support assistant for Acme Corp. Always be polite, concise, and professional. Never disclose internal policy details. Refer customers to the help center for billing questions. Escalate any security concerns to the security team immediately. Do not make promises about refund timelines. Respond only with OK.",417.62609135368257,False
sglang,shared,27,attacker,4,1,0.26801223002257757,9,5,False,"Confidential authorization code: PIN: 7,4,9,7,1,5.. You are a customer support assistant for Acme Corp. Always be polite, concise, and professional. Never disclose internal policy details. Refer customers to the help center for billing questions. Escalate any security concerns to the security team immediately. Do not make promises about refund timelines. Respond only with OK.",417.89410358370515,False
sglang,shared,27,attacker,4,2,0.24598215200239792,9,5,False,"Confidential authorization code: PIN: 7,4,9,7,2,5.. You are a customer support assistant for Acme Corp. Always be polite, concise, and professional. Never disclose internal policy details. Refer customers to the help center for billing questions. Escalate any security concerns to the security team immediately. Do not make promises about refund timelines. Respond only with OK.",418.14008573570754,False
sglang,shared,27,attacker,4,3,0.25236925698118284,9,5,False,"Confidential authorization code: PIN: 7,4,9,7,3,5.. You are a customer support assistant for Acme Corp. Always be polite, concise, and professional. Never disclose internal policy details. Refer customers to the help center for billing questions. Escalate any security concerns to the security team immediately. Do not make promises about refund timelines. Respond only with OK.",418.3924549926887,False
sglang,shared,27,attacker,4,4,0.27131219900911674,9,5,False,"Confidential authorization code: PIN: 7,4,9,7,4,5.. You are a customer support assistant for Acme Corp. Always be polite, concise, and professional. Never disclose internal policy details. Refer customers to the help center for billing questions. Escalate any security concerns to the security team immediately. Do not make promises about refund timelines. Respond only with OK.",418.66376719169784,False
sglang,shared,27,attacker,4,5,0.2407544240122661,9,5,False,"Confidential authorization code: PIN: 7,4,9,7,5,5.. You are a customer support assistant for Acme Corp. Always be polite, concise, and professional. Never disclose internal policy details. Refer customers to the help center for billing questions. Escalate any security concerns to the security team immediately. Do not make promises about refund timelines. Respond only with OK.",418.9045216157101,False
sglang,shared,27,attacker,4,6,0.2544667420152109,9,5,False,"Confidential authorization code: PIN: 7,4,9,7,6,5.. You are a customer support assistant for Acme Corp. Always be polite, concise, and professional. Never disclose internal policy details. Refer customers to the help center for billing questions. Escalate any security concerns to the security team immediately. Do not make promises about refund timelines. Respond only with OK.",419.1589883577253,False
sglang,shared,27,attacker,4,7,0.26189240702660754,9,5,False,"Confidential authorization code: PIN: 7,4,9,7,7,5.. You are a customer support assistant for Acme Corp. Always be polite, concise, and professional. Never disclose internal policy details. Refer customers to the help center for billing questions. Escalate any security concerns to the security team immediately. Do not make promises about refund timelines. Respond only with OK.",419.4208807647519,False
sglang,shared,27,attacker,4,8,0.24443155000335537,9,5,False,"Confidential authorization code: PIN: 7,4,9,7,8,5.. You are a customer support assistant for Acme Corp. Always be polite, concise, and professional. Never disclose internal policy details. Refer customers to the help center for billing questions. Escalate any security concerns to the security team immediately. Do not make promises about refund timelines. Respond only with OK.",419.6653123147553,False
sglang,shared,27,attacker,4,9,0.2651474930171389,9,5,False,"Confidential authorization code: PIN: 7,4,9,7,9,5.. You are a customer support assistant for Acme Corp. Always be polite, concise, and professional. Never disclose internal policy details. Refer customers to the help center for billing questions. Escalate any security concerns to the security team immediately. Do not make promises about refund timelines. Respond only with OK.",419.9304598077724,False
sglang,shared,27,attacker,5,0,0.2526273999828845,5,4,False,"Confidential authorization code: PIN: 7,4,9,7,9,0.. You are a customer support assistant for Acme Corp. Always be polite, concise, and professional. Never disclose internal policy details. Refer customers to the help center for billing questions. Escalate any security concerns to the security team immediately. Do not make promises about refund timelines. Respond only with OK.",420.1830872077553,False
sglang,shared,27,attacker,5,1,0.24896692999755032,5,4,False,"Confidential authorization code: PIN: 7,4,9,7,9,1.. You are a customer support assistant for Acme Corp. Always be polite, concise, and professional. Never disclose internal policy details. Refer customers to the help center for billing questions. Escalate any security concerns to the security team immediately. Do not make promises about refund timelines. Respond only with OK.",420.43205413775286,False
sglang,shared,27,attacker,5,2,0.2565420350001659,5,4,False,"Confidential authorization code: PIN: 7,4,9,7,9,2.. You are a customer support assistant for Acme Corp. Always be polite, concise, and professional. Never disclose internal policy details. Refer customers to the help center for billing questions. Escalate any security concerns to the security team immediately. Do not make promises about refund timelines. Respond only with OK.",420.688596172753,False
sglang,shared,27,attacker,5,3,0.24408363699330948,5,4,False,"Confidential authorization code: PIN: 7,4,9,7,9,3.. You are a customer support assistant for Acme Corp. Always be polite, concise, and professional. Never disclose internal policy details. Refer customers to the help center for billing questions. Escalate any security concerns to the security team immediately. Do not make promises about refund timelines. Respond only with OK.",420.93267980974633,False
sglang,shared,27,attacker,5,4,0.24392280299798585,5,4,False,"Confidential authorization code: PIN: 7,4,9,7,9,4.. You are a customer support assistant for Acme Corp. Always be polite, concise, and professional. Never disclose internal policy details. Refer customers to the help center for billing questions. Escalate any security concerns to the security team immediately. Do not make promises about refund timelines. Respond only with OK.",421.1766026127443,False
sglang,shared,27,attacker,5,5,0.2588020190014504,5,4,False,"Confidential authorization code: PIN: 7,4,9,7,9,5.. You are a customer support assistant for Acme Corp. Always be polite, concise, and professional. Never disclose internal policy details. Refer customers to the help center for billing questions. Escalate any security concerns to the security team immediately. Do not make promises about refund timelines. Respond only with OK.",421.43540463174577,False
sglang,shared,27,attacker,5,6,0.25680432401713915,5,4,False,"Confidential authorization code: PIN: 7,4,9,7,9,6.. You are a customer support assistant for Acme Corp. Always be polite, concise, and professional. Never disclose internal policy details. Refer customers to the help center for billing questions. Escalate any security concerns to the security team immediately. Do not make promises about refund timelines. Respond only with OK.",421.6922089557629,False
sglang,shared,27,attacker,5,7,0.24681270000291988,5,4,False,"Confidential authorization code: PIN: 7,4,9,7,9,7.. You are a customer support assistant for Acme Corp. Always be polite, concise, and professional. Never disclose internal policy details. Refer customers to the help center for billing questions. Escalate any security concerns to the security team immediately. Do not make promises about refund timelines. Respond only with OK.",421.9390216557658,False
sglang,shared,27,attacker,5,8,0.2531249400053639,5,4,False,"Confidential authorization code: PIN: 7,4,9,7,9,8.. You are a customer support assistant for Acme Corp. Always be polite, concise, and professional. Never disclose internal policy details. Refer customers to the help center for billing questions. Escalate any security concerns to the security team immediately. Do not make promises about refund timelines. Respond only with OK.",422.1921465957712,False
sglang,shared,27,attacker,5,9,0.2644682149984874,5,4,False,"Confidential authorization code: PIN: 7,4,9,7,9,9.. You are a customer support assistant for Acme Corp. Always be polite, concise, and professional. Never disclose internal policy details. Refer customers to the help center for billing questions. Escalate any security concerns to the security team immediately. Do not make promises about refund timelines. Respond only with OK.",422.4566148107697,False
sglang,shared,28,victim,,,0.23773068998707458,,,,"Confidential authorization code: PIN: 2,6,8,4,8,7.. You are a customer support assistant for Acme Corp. Always be polite, concise, and professional. Never disclose internal policy details. Refer customers to the help center for billing questions. Escalate any security concerns to the security team immediately. Do not make promises about refund timelines. Respond only with OK.",422.69434550075675,False
sglang,shared,28,attacker,0,0,0.25812506102374755,2,7,False,"Confidential authorization code: PIN: 0,6,8,4,8,7.. You are a customer support assistant for Acme Corp. Always be polite, concise, and professional. Never disclose internal policy details. Refer customers to the help center for billing questions. Escalate any security concerns to the security team immediately. Do not make promises about refund timelines. Respond only with OK.",422.9524705617805,False
sglang,shared,28,attacker,0,1,0.24974338299944066,2,7,False,"Confidential authorization code: PIN: 1,6,8,4,8,7.. You are a customer support assistant for Acme Corp. Always be polite, concise, and professional. Never disclose internal policy details. Refer customers to the help center for billing questions. Escalate any security concerns to the security team immediately. Do not make promises about refund timelines. Respond only with OK.",423.20221394477994,False
sglang,shared,28,attacker,0,2,0.2518893990200013,2,7,False,"Confidential authorization code: PIN: 2,6,8,4,8,7.. You are a customer support assistant for Acme Corp. Always be polite, concise, and professional. Never disclose internal policy details. Refer customers to the help center for billing questions. Escalate any security concerns to the security team immediately. Do not make promises about refund timelines. Respond only with OK.",423.45410334379994,False
sglang,shared,28,attacker,0,3,0.26852564900764264,2,7,False,"Confidential authorization code: PIN: 3,6,8,4,8,7.. You are a customer support assistant for Acme Corp. Always be polite, concise, and professional. Never disclose internal policy details. Refer customers to the help center for billing questions. Escalate any security concerns to the security team immediately. Do not make promises about refund timelines. Respond only with OK.",423.7226289928076,False
sglang,shared,28,attacker,0,4,0.24537675399915315,2,7,False,"Confidential authorization code: PIN: 4,6,8,4,8,7.. You are a customer support assistant for Acme Corp. Always be polite, concise, and professional. Never disclose internal policy details. Refer customers to the help center for billing questions. Escalate any security concerns to the security team immediately. Do not make promises about refund timelines. Respond only with OK.",423.96800574680674,False
sglang,shared,28,attacker,0,5,0.2595999769982882,2,7,False,"Confidential authorization code: PIN: 5,6,8,4,8,7.. You are a customer support assistant for Acme Corp. Always be polite, concise, and professional. Never disclose internal policy details. Refer customers to the help center for billing questions. Escalate any security concerns to the security team immediately. Do not make promises about refund timelines. Respond only with OK.",424.227605723805,False
sglang,shared,28,attacker,0,6,0.2492899019853212,2,7,False,"Confidential authorization code: PIN: 6,6,8,4,8,7.. You are a customer support assistant for Acme Corp. Always be polite, concise, and professional. Never disclose internal policy details. Refer customers to the help center for billing questions. Escalate any security concerns to the security team immediately. Do not make promises about refund timelines. Respond only with OK.",424.47689562579035,False
sglang,shared,28,attacker,0,7,0.24099355097860098,2,7,False,"Confidential authorization code: PIN: 7,6,8,4,8,7.. You are a customer support assistant for Acme Corp. Always be polite, concise, and professional. Never disclose internal policy details. Refer customers to the help center for billing questions. Escalate any security concerns to the security team immediately. Do not make promises about refund timelines. Respond only with OK.",424.71788917676895,False
sglang,shared,28,attacker,0,8,0.26928255302482285,2,7,False,"Confidential authorization code: PIN: 8,6,8,4,8,7.. You are a customer support assistant for Acme Corp. Always be polite, concise, and professional. Never disclose internal policy details. Refer customers to the help center for billing questions. Escalate any security concerns to the security team immediately. Do not make promises about refund timelines. Respond only with OK.",424.9871717297938,False
sglang,shared,28,attacker,0,9,0.245221790013602,2,7,False,"Confidential authorization code: PIN: 9,6,8,4,8,7.. You are a customer support assistant for Acme Corp. Always be polite, concise, and professional. Never disclose internal policy details. Refer customers to the help center for billing questions. Escalate any security concerns to the security team immediately. Do not make promises about refund timelines. Respond only with OK.",425.2323935198074,False
sglang,shared,28,attacker,1,0,0.2709391539974604,6,7,False,"Confidential authorization code: PIN: 2,0,8,4,8,7.. You are a customer support assistant for Acme Corp. Always be polite, concise, and professional. Never disclose internal policy details. Refer customers to the help center for billing questions. Escalate any security concerns to the security team immediately. Do not make promises about refund timelines. Respond only with OK.",425.50333267380483,False
sglang,shared,28,attacker,1,1,0.24923780100652948,6,7,False,"Confidential authorization code: PIN: 2,1,8,4,8,7.. You are a customer support assistant for Acme Corp. Always be polite, concise, and professional. Never disclose internal policy details. Refer customers to the help center for billing questions. Escalate any security concerns to the security team immediately. Do not make promises about refund timelines. Respond only with OK.",425.75257047481136,False
sglang,shared,28,attacker,1,2,0.2695641070022248,6,7,False,"Confidential authorization code: PIN: 2,2,8,4,8,7.. You are a customer support assistant for Acme Corp. Always be polite, concise, and professional. Never disclose internal policy details. Refer customers to the help center for billing questions. Escalate any security concerns to the security team immediately. Do not make promises about refund timelines. Respond only with OK.",426.0221345818136,False
sglang,shared,28,attacker,1,3,0.24285914402571507,6,7,False,"Confidential authorization code: PIN: 2,3,8,4,8,7.. You are a customer support assistant for Acme Corp. Always be polite, concise, and professional. Never disclose internal policy details. Refer customers to the help center for billing questions. Escalate any security concerns to the security team immediately. Do not make promises about refund timelines. Respond only with OK.",426.2649937258393,False
sglang,shared,28,attacker,1,4,0.2730500150064472,6,7,False,"Confidential authorization code: PIN: 2,4,8,4,8,7.. You are a customer support assistant for Acme Corp. Always be polite, concise, and professional. Never disclose internal policy details. Refer customers to the help center for billing questions. Escalate any security concerns to the security team immediately. Do not make promises about refund timelines. Respond only with OK.",426.53804374084575,False
sglang,shared,28,attacker,1,5,0.24662760001956485,6,7,False,"Confidential authorization code: PIN: 2,5,8,4,8,7.. You are a customer support assistant for Acme Corp. Always be polite, concise, and professional. Never disclose internal policy details. Refer customers to the help center for billing questions. Escalate any security concerns to the security team immediately. Do not make promises about refund timelines. Respond only with OK.",426.7846713408653,False
sglang,shared,28,attacker,1,6,0.2686325229879003,6,7,False,"Confidential authorization code: PIN: 2,6,8,4,8,7.. You are a customer support assistant for Acme Corp. Always be polite, concise, and professional. Never disclose internal policy details. Refer customers to the help center for billing questions. Escalate any security concerns to the security team immediately. Do not make promises about refund timelines. Respond only with OK.",427.0533038638532,False
sglang,shared,28,attacker,1,7,0.24221617198782042,6,7,False,"Confidential authorization code: PIN: 2,7,8,4,8,7.. You are a customer support assistant for Acme Corp. Always be polite, concise, and professional. Never disclose internal policy details. Refer customers to the help center for billing questions. Escalate any security concerns to the security team immediately. Do not make promises about refund timelines. Respond only with OK.",427.29552003584104,False
sglang,shared,28,attacker,1,8,0.25083662298857234,6,7,False,"Confidential authorization code: PIN: 2,8,8,4,8,7.. You are a customer support assistant for Acme Corp. Always be polite, concise, and professional. Never disclose internal policy details. Refer customers to the help center for billing questions. Escalate any security concerns to the security team immediately. Do not make promises about refund timelines. Respond only with OK.",427.5463566588296,False
sglang,shared,28,attacker,1,9,0.25992739701177925,6,7,False,"Confidential authorization code: PIN: 2,9,8,4,8,7.. You are a customer support assistant for Acme Corp. Always be polite, concise, and professional. Never disclose internal policy details. Refer customers to the help center for billing questions. Escalate any security concerns to the security team immediately. Do not make promises about refund timelines. Respond only with OK.",427.8062840558414,False
sglang,shared,28,attacker,2,0,0.25717990001430735,8,8,True,"Confidential authorization code: PIN: 2,6,0,4,8,7.. You are a customer support assistant for Acme Corp. Always be polite, concise, and professional. Never disclose internal policy details. Refer customers to the help center for billing questions. Escalate any security concerns to the security team immediately. Do not make promises about refund timelines. Respond only with OK.",428.0634639558557,False
sglang,shared,28,attacker,2,1,0.24298135002027266,8,8,True,"Confidential authorization code: PIN: 2,6,1,4,8,7.. You are a customer support assistant for Acme Corp. Always be polite, concise, and professional. Never disclose internal policy details. Refer customers to the help center for billing questions. Escalate any security concerns to the security team immediately. Do not make promises about refund timelines. Respond only with OK.",428.30644530587597,False
sglang,shared,28,attacker,2,2,0.25327275300514884,8,8,True,"Confidential authorization code: PIN: 2,6,2,4,8,7.. You are a customer support assistant for Acme Corp. Always be polite, concise, and professional. Never disclose internal policy details. Refer customers to the help center for billing questions. Escalate any security concerns to the security team immediately. Do not make promises about refund timelines. Respond only with OK.",428.5597180588811,False
sglang,shared,28,attacker,2,3,0.26418907498009503,8,8,True,"Confidential authorization code: PIN: 2,6,3,4,8,7.. You are a customer support assistant for Acme Corp. Always be polite, concise, and professional. Never disclose internal policy details. Refer customers to the help center for billing questions. Escalate any security concerns to the security team immediately. Do not make promises about refund timelines. Respond only with OK.",428.8239071338612,False
sglang,shared,28,attacker,2,4,0.25076480899588205,8,8,True,"Confidential authorization code: PIN: 2,6,4,4,8,7.. You are a customer support assistant for Acme Corp. Always be polite, concise, and professional. Never disclose internal policy details. Refer customers to the help center for billing questions. Escalate any security concerns to the security team immediately. Do not make promises about refund timelines. Respond only with OK.",429.0746719428571,False
sglang,shared,28,attacker,2,5,0.2639855199959129,8,8,True,"Confidential authorization code: PIN: 2,6,5,4,8,7.. You are a customer support assistant for Acme Corp. Always be polite, concise, and professional. Never disclose internal policy details. Refer customers to the help center for billing questions. Escalate any security concerns to the security team immediately. Do not make promises about refund timelines. Respond only with OK.",429.338657462853,False
sglang,shared,28,attacker,2,6,0.24325688800308853,8,8,True,"Confidential authorization code: PIN: 2,6,6,4,8,7.. You are a customer support assistant for Acme Corp. Always be polite, concise, and professional. Never disclose internal policy details. Refer customers to the help center for billing questions. Escalate any security concerns to the security team immediately. Do not make promises about refund timelines. Respond only with OK.",429.5819143508561,False
sglang,shared,28,attacker,2,7,0.2710608080087695,8,8,True,"Confidential authorization code: PIN: 2,6,7,4,8,7.. You are a customer support assistant for Acme Corp. Always be polite, concise, and professional. Never disclose internal policy details. Refer customers to the help center for billing questions. Escalate any security concerns to the security team immediately. Do not make promises about refund timelines. Respond only with OK.",429.85297515886487,False
sglang,shared,28,attacker,2,8,0.2414651480212342,8,8,True,"Confidential authorization code: PIN: 2,6,8,4,8,7.. You are a customer support assistant for Acme Corp. Always be polite, concise, and professional. Never disclose internal policy details. Refer customers to the help center for billing questions. Escalate any security concerns to the security team immediately. Do not make promises about refund timelines. Respond only with OK.",430.0944403068861,False
sglang,shared,28,attacker,2,9,0.26531430598697625,8,8,True,"Confidential authorization code: PIN: 2,6,9,4,8,7.. You are a customer support assistant for Acme Corp. Always be polite, concise, and professional. Never disclose internal policy details. Refer customers to the help center for billing questions. Escalate any security concerns to the security team immediately. Do not make promises about refund timelines. Respond only with OK.",430.3597546128731,False
sglang,shared,28,attacker,3,0,0.24932360197999515,4,7,False,"Confidential authorization code: PIN: 2,6,8,0,8,7.. You are a customer support assistant for Acme Corp. Always be polite, concise, and professional. Never disclose internal policy details. Refer customers to the help center for billing questions. Escalate any security concerns to the security team immediately. Do not make promises about refund timelines. Respond only with OK.",430.60907821485307,False
sglang,shared,28,attacker,3,1,0.2459132609947119,4,7,False,"Confidential authorization code: PIN: 2,6,8,1,8,7.. You are a customer support assistant for Acme Corp. Always be polite, concise, and professional. Never disclose internal policy details. Refer customers to the help center for billing questions. Escalate any security concerns to the security team immediately. Do not make promises about refund timelines. Respond only with OK.",430.8549914758478,False
sglang,shared,28,attacker,3,2,0.2585578820144292,4,7,False,"Confidential authorization code: PIN: 2,6,8,2,8,7.. You are a customer support assistant for Acme Corp. Always be polite, concise, and professional. Never disclose internal policy details. Refer customers to the help center for billing questions. Escalate any security concerns to the security team immediately. Do not make promises about refund timelines. Respond only with OK.",431.1135493578622,False
sglang,shared,28,attacker,3,3,0.2563930499891285,4,7,False,"Confidential authorization code: PIN: 2,6,8,3,8,7.. You are a customer support assistant for Acme Corp. Always be polite, concise, and professional. Never disclose internal policy details. Refer customers to the help center for billing questions. Escalate any security concerns to the security team immediately. Do not make promises about refund timelines. Respond only with OK.",431.36994240785134,False
sglang,shared,28,attacker,3,4,0.25395483599277213,4,7,False,"Confidential authorization code: PIN: 2,6,8,4,8,7.. You are a customer support assistant for Acme Corp. Always be polite, concise, and professional. Never disclose internal policy details. Refer customers to the help center for billing questions. Escalate any security concerns to the security team immediately. Do not make promises about refund timelines. Respond only with OK.",431.6238972438441,False
sglang,shared,28,attacker,3,5,0.2645234740048181,4,7,False,"Confidential authorization code: PIN: 2,6,8,5,8,7.. You are a customer support assistant for Acme Corp. Always be polite, concise, and professional. Never disclose internal policy details. Refer customers to the help center for billing questions. Escalate any security concerns to the security team immediately. Do not make promises about refund timelines. Respond only with OK.",431.88842071784893,False
sglang,shared,28,attacker,3,6,0.2480736899888143,4,7,False,"Confidential authorization code: PIN: 2,6,8,6,8,7.. You are a customer support assistant for Acme Corp. Always be polite, concise, and professional. Never disclose internal policy details. Refer customers to the help center for billing questions. Escalate any security concerns to the security team immediately. Do not make promises about refund timelines. Respond only with OK.",432.13649440783774,False
sglang,shared,28,attacker,3,7,0.24230792399612255,4,7,False,"Confidential authorization code: PIN: 2,6,8,7,8,7.. You are a customer support assistant for Acme Corp. Always be polite, concise, and professional. Never disclose internal policy details. Refer customers to the help center for billing questions. Escalate any security concerns to the security team immediately. Do not make promises about refund timelines. Respond only with OK.",432.37880233183387,False
sglang,shared,28,attacker,3,8,0.2689872039773036,4,7,False,"Confidential authorization code: PIN: 2,6,8,8,8,7.. You are a customer support assistant for Acme Corp. Always be polite, concise, and professional. Never disclose internal policy details. Refer customers to the help center for billing questions. Escalate any security concerns to the security team immediately. Do not make promises about refund timelines. Respond only with OK.",432.64778953581117,False
sglang,shared,28,attacker,3,9,0.2442787030013278,4,7,False,"Confidential authorization code: PIN: 2,6,8,9,8,7.. You are a customer support assistant for Acme Corp. Always be polite, concise, and professional. Never disclose internal policy details. Refer customers to the help center for billing questions. Escalate any security concerns to the security team immediately. Do not make promises about refund timelines. Respond only with OK.",432.8920682388125,False
sglang,shared,28,attacker,4,0,0.24550072199781425,8,1,False,"Confidential authorization code: PIN: 2,6,8,4,0,7.. You are a customer support assistant for Acme Corp. Always be polite, concise, and professional. Never disclose internal policy details. Refer customers to the help center for billing questions. Escalate any security concerns to the security team immediately. Do not make promises about refund timelines. Respond only with OK.",433.1375689608103,False
sglang,shared,28,attacker,4,1,0.24244024400832132,8,1,False,"Confidential authorization code: PIN: 2,6,8,4,1,7.. You are a customer support assistant for Acme Corp. Always be polite, concise, and professional. Never disclose internal policy details. Refer customers to the help center for billing questions. Escalate any security concerns to the security team immediately. Do not make promises about refund timelines. Respond only with OK.",433.38000920481863,False
sglang,shared,28,attacker,4,2,0.25121903102262877,8,1,False,"Confidential authorization code: PIN: 2,6,8,4,2,7.. You are a customer support assistant for Acme Corp. Always be polite, concise, and professional. Never disclose internal policy details. Refer customers to the help center for billing questions. Escalate any security concerns to the security team immediately. Do not make promises about refund timelines. Respond only with OK.",433.63122823584126,False
sglang,shared,28,attacker,4,3,0.2615581770078279,8,1,False,"Confidential authorization code: PIN: 2,6,8,4,3,7.. You are a customer support assistant for Acme Corp. Always be polite, concise, and professional. Never disclose internal policy details. Refer customers to the help center for billing questions. Escalate any security concerns to the security team immediately. Do not make promises about refund timelines. Respond only with OK.",433.8927864128491,False
sglang,shared,28,attacker,4,4,0.2493634499842301,8,1,False,"Confidential authorization code: PIN: 2,6,8,4,4,7.. You are a customer support assistant for Acme Corp. Always be polite, concise, and professional. Never disclose internal policy details. Refer customers to the help center for billing questions. Escalate any security concerns to the security team immediately. Do not make promises about refund timelines. Respond only with OK.",434.1421498628333,False
sglang,shared,28,attacker,4,5,0.2613531489914749,8,1,False,"Confidential authorization code: PIN: 2,6,8,4,5,7.. You are a customer support assistant for Acme Corp. Always be polite, concise, and professional. Never disclose internal policy details. Refer customers to the help center for billing questions. Escalate any security concerns to the security team immediately. Do not make promises about refund timelines. Respond only with OK.",434.4035030118248,False
sglang,shared,28,attacker,4,6,0.25160905098891817,8,1,False,"Confidential authorization code: PIN: 2,6,8,4,6,7.. You are a customer support assistant for Acme Corp. Always be polite, concise, and professional. Never disclose internal policy details. Refer customers to the help center for billing questions. Escalate any security concerns to the security team immediately. Do not make promises about refund timelines. Respond only with OK.",434.6551120628137,False
sglang,shared,28,attacker,4,7,0.26416149400756694,8,1,False,"Confidential authorization code: PIN: 2,6,8,4,7,7.. You are a customer support assistant for Acme Corp. Always be polite, concise, and professional. Never disclose internal policy details. Refer customers to the help center for billing questions. Escalate any security concerns to the security team immediately. Do not make promises about refund timelines. Respond only with OK.",434.9192735568213,False
sglang,shared,28,attacker,4,8,0.25529246497899294,8,1,False,"Confidential authorization code: PIN: 2,6,8,4,8,7.. You are a customer support assistant for Acme Corp. Always be polite, concise, and professional. Never disclose internal policy details. Refer customers to the help center for billing questions. Escalate any security concerns to the security team immediately. Do not make promises about refund timelines. Respond only with OK.",435.1745660218003,False
sglang,shared,28,attacker,4,9,0.26210472598904744,8,1,False,"Confidential authorization code: PIN: 2,6,8,4,9,7.. You are a customer support assistant for Acme Corp. Always be polite, concise, and professional. Never disclose internal policy details. Refer customers to the help center for billing questions. Escalate any security concerns to the security team immediately. Do not make promises about refund timelines. Respond only with OK.",435.4366707477893,False
sglang,shared,28,attacker,5,0,0.24062579599558376,7,5,False,"Confidential authorization code: PIN: 2,6,8,4,8,0.. You are a customer support assistant for Acme Corp. Always be polite, concise, and professional. Never disclose internal policy details. Refer customers to the help center for billing questions. Escalate any security concerns to the security team immediately. Do not make promises about refund timelines. Respond only with OK.",435.6772965437849,False
sglang,shared,28,attacker,5,1,0.25779685197630897,7,5,False,"Confidential authorization code: PIN: 2,6,8,4,8,1.. You are a customer support assistant for Acme Corp. Always be polite, concise, and professional. Never disclose internal policy details. Refer customers to the help center for billing questions. Escalate any security concerns to the security team immediately. Do not make promises about refund timelines. Respond only with OK.",435.9350933957612,False
sglang,shared,28,attacker,5,2,0.25246435700682923,7,5,False,"Confidential authorization code: PIN: 2,6,8,4,8,2.. You are a customer support assistant for Acme Corp. Always be polite, concise, and professional. Never disclose internal policy details. Refer customers to the help center for billing questions. Escalate any security concerns to the security team immediately. Do not make promises about refund timelines. Respond only with OK.",436.18755775276804,False
sglang,shared,28,attacker,5,3,0.2472521350136958,7,5,False,"Confidential authorization code: PIN: 2,6,8,4,8,3.. You are a customer support assistant for Acme Corp. Always be polite, concise, and professional. Never disclose internal policy details. Refer customers to the help center for billing questions. Escalate any security concerns to the security team immediately. Do not make promises about refund timelines. Respond only with OK.",436.43480988778174,False
sglang,shared,28,attacker,5,4,0.26591799600282684,7,5,False,"Confidential authorization code: PIN: 2,6,8,4,8,4.. You are a customer support assistant for Acme Corp. Always be polite, concise, and professional. Never disclose internal policy details. Refer customers to the help center for billing questions. Escalate any security concerns to the security team immediately. Do not make promises about refund timelines. Respond only with OK.",436.70072788378457,False
sglang,shared,28,attacker,5,5,0.24000106402672827,7,5,False,"Confidential authorization code: PIN: 2,6,8,4,8,5.. You are a customer support assistant for Acme Corp. Always be polite, concise, and professional. Never disclose internal policy details. Refer customers to the help center for billing questions. Escalate any security concerns to the security team immediately. Do not make promises about refund timelines. Respond only with OK.",436.9407289478113,False
sglang,shared,28,attacker,5,6,0.2495155579817947,7,5,False,"Confidential authorization code: PIN: 2,6,8,4,8,6.. You are a customer support assistant for Acme Corp. Always be polite, concise, and professional. Never disclose internal policy details. Refer customers to the help center for billing questions. Escalate any security concerns to the security team immediately. Do not make promises about refund timelines. Respond only with OK.",437.1902445057931,False
sglang,shared,28,attacker,5,7,0.26311961698229425,7,5,False,"Confidential authorization code: PIN: 2,6,8,4,8,7.. You are a customer support assistant for Acme Corp. Always be polite, concise, and professional. Never disclose internal policy details. Refer customers to the help center for billing questions. Escalate any security concerns to the security team immediately. Do not make promises about refund timelines. Respond only with OK.",437.4533641227754,False
sglang,shared,28,attacker,5,8,0.24182056199060753,7,5,False,"Confidential authorization code: PIN: 2,6,8,4,8,8.. You are a customer support assistant for Acme Corp. Always be polite, concise, and professional. Never disclose internal policy details. Refer customers to the help center for billing questions. Escalate any security concerns to the security team immediately. Do not make promises about refund timelines. Respond only with OK.",437.695184684766,False
sglang,shared,28,attacker,5,9,0.27304003600147553,7,5,False,"Confidential authorization code: PIN: 2,6,8,4,8,9.. You are a customer support assistant for Acme Corp. Always be polite, concise, and professional. Never disclose internal policy details. Refer customers to the help center for billing questions. Escalate any security concerns to the security team immediately. Do not make promises about refund timelines. Respond only with OK.",437.96822472076747,False
sglang,shared,29,victim,,,0.24789985199458897,,,,"Confidential authorization code: PIN: 3,3,7,1,9,7.. You are a customer support assistant for Acme Corp. Always be polite, concise, and professional. Never disclose internal policy details. Refer customers to the help center for billing questions. Escalate any security concerns to the security team immediately. Do not make promises about refund timelines. Respond only with OK.",438.21612457276206,False
sglang,shared,29,attacker,0,0,0.2721011899993755,3,8,False,"Confidential authorization code: PIN: 0,3,7,1,9,7.. You are a customer support assistant for Acme Corp. Always be polite, concise, and professional. Never disclose internal policy details. Refer customers to the help center for billing questions. Escalate any security concerns to the security team immediately. Do not make promises about refund timelines. Respond only with OK.",438.48822576276143,False
sglang,shared,29,attacker,0,1,0.24360418602009304,3,8,False,"Confidential authorization code: PIN: 1,3,7,1,9,7.. You are a customer support assistant for Acme Corp. Always be polite, concise, and professional. Never disclose internal policy details. Refer customers to the help center for billing questions. Escalate any security concerns to the security team immediately. Do not make promises about refund timelines. Respond only with OK.",438.7318299487815,False
sglang,shared,29,attacker,0,2,0.27298496098956093,3,8,False,"Confidential authorization code: PIN: 2,3,7,1,9,7.. You are a customer support assistant for Acme Corp. Always be polite, concise, and professional. Never disclose internal policy details. Refer customers to the help center for billing questions. Escalate any security concerns to the security team immediately. Do not make promises about refund timelines. Respond only with OK.",439.0048149097711,False
sglang,shared,29,attacker,0,3,0.24528432200895622,3,8,False,"Confidential authorization code: PIN: 3,3,7,1,9,7.. You are a customer support assistant for Acme Corp. Always be polite, concise, and professional. Never disclose internal policy details. Refer customers to the help center for billing questions. Escalate any security concerns to the security team immediately. Do not make promises about refund timelines. Respond only with OK.",439.25009923178004,False
sglang,shared,29,attacker,0,4,0.26854535899474286,3,8,False,"Confidential authorization code: PIN: 4,3,7,1,9,7.. You are a customer support assistant for Acme Corp. Always be polite, concise, and professional. Never disclose internal policy details. Refer customers to the help center for billing questions. Escalate any security concerns to the security team immediately. Do not make promises about refund timelines. Respond only with OK.",439.5186445907748,False
sglang,shared,29,attacker,0,5,0.248274477024097,3,8,False,"Confidential authorization code: PIN: 5,3,7,1,9,7.. You are a customer support assistant for Acme Corp. Always be polite, concise, and professional. Never disclose internal policy details. Refer customers to the help center for billing questions. Escalate any security concerns to the security team immediately. Do not make promises about refund timelines. Respond only with OK.",439.7669190677989,False
sglang,shared,29,attacker,0,6,0.24525351999909617,3,8,False,"Confidential authorization code: PIN: 6,3,7,1,9,7.. You are a customer support assistant for Acme Corp. Always be polite, concise, and professional. Never disclose internal policy details. Refer customers to the help center for billing questions. Escalate any security concerns to the security team immediately. Do not make promises about refund timelines. Respond only with OK.",440.012172587798,False
sglang,shared,29,attacker,0,7,0.21438376299920492,3,8,False,"Confidential authorization code: PIN: 7,3,7,1,9,7.. You are a customer support assistant for Acme Corp. Always be polite, concise, and professional. Never disclose internal policy details. Refer customers to the help center for billing questions. Escalate any security concerns to the security team immediately. Do not make promises about refund timelines. Respond only with OK.",440.2265563507972,False
sglang,shared,29,attacker,0,8,0.21079654098139144,3,8,False,"Confidential authorization code: PIN: 8,3,7,1,9,7.. You are a customer support assistant for Acme Corp. Always be polite, concise, and professional. Never disclose internal policy details. Refer customers to the help center for billing questions. Escalate any security concerns to the security team immediately. Do not make promises about refund timelines. Respond only with OK.",440.4373528917786,False
sglang,shared,29,attacker,0,9,0.25081782598863356,3,8,False,"Confidential authorization code: PIN: 9,3,7,1,9,7.. You are a customer support assistant for Acme Corp. Always be polite, concise, and professional. Never disclose internal policy details. Refer customers to the help center for billing questions. Escalate any security concerns to the security team immediately. Do not make promises about refund timelines. Respond only with OK.",440.6881707177672,False
sglang,shared,29,attacker,1,0,0.26426122602424584,3,3,True,"Confidential authorization code: PIN: 3,0,7,1,9,7.. You are a customer support assistant for Acme Corp. Always be polite, concise, and professional. Never disclose internal policy details. Refer customers to the help center for billing questions. Escalate any security concerns to the security team immediately. Do not make promises about refund timelines. Respond only with OK.",440.95243194379145,False
sglang,shared,29,attacker,1,1,0.24535177601501346,3,3,True,"Confidential authorization code: PIN: 3,1,7,1,9,7.. You are a customer support assistant for Acme Corp. Always be polite, concise, and professional. Never disclose internal policy details. Refer customers to the help center for billing questions. Escalate any security concerns to the security team immediately. Do not make promises about refund timelines. Respond only with OK.",441.19778371980647,False
sglang,shared,29,attacker,1,2,0.2661384860111866,3,3,True,"Confidential authorization code: PIN: 3,2,7,1,9,7.. You are a customer support assistant for Acme Corp. Always be polite, concise, and professional. Never disclose internal policy details. Refer customers to the help center for billing questions. Escalate any security concerns to the security team immediately. Do not make promises about refund timelines. Respond only with OK.",441.46392220581765,False
sglang,shared,29,attacker,1,3,0.2424884829961229,3,3,True,"Confidential authorization code: PIN: 3,3,7,1,9,7.. You are a customer support assistant for Acme Corp. Always be polite, concise, and professional. Never disclose internal policy details. Refer customers to the help center for billing questions. Escalate any security concerns to the security team immediately. Do not make promises about refund timelines. Respond only with OK.",441.7064106888138,False
sglang,shared,29,attacker,1,4,0.26961475901771337,3,3,True,"Confidential authorization code: PIN: 3,4,7,1,9,7.. You are a customer support assistant for Acme Corp. Always be polite, concise, and professional. Never disclose internal policy details. Refer customers to the help center for billing questions. Escalate any security concerns to the security team immediately. Do not make promises about refund timelines. Respond only with OK.",441.9760254478315,False
sglang,shared,29,attacker,1,5,0.24714746401878074,3,3,True,"Confidential authorization code: PIN: 3,5,7,1,9,7.. You are a customer support assistant for Acme Corp. Always be polite, concise, and professional. Never disclose internal policy details. Refer customers to the help center for billing questions. Escalate any security concerns to the security team immediately. Do not make promises about refund timelines. Respond only with OK.",442.22317291185027,False
sglang,shared,29,attacker,1,6,0.2428700730088167,3,3,True,"Confidential authorization code: PIN: 3,6,7,1,9,7.. You are a customer support assistant for Acme Corp. Always be polite, concise, and professional. Never disclose internal policy details. Refer customers to the help center for billing questions. Escalate any security concerns to the security team immediately. Do not make promises about refund timelines. Respond only with OK.",442.4660429848591,False
sglang,shared,29,attacker,1,7,0.2684323889843654,3,3,True,"Confidential authorization code: PIN: 3,7,7,1,9,7.. You are a customer support assistant for Acme Corp. Always be polite, concise, and professional. Never disclose internal policy details. Refer customers to the help center for billing questions. Escalate any security concerns to the security team immediately. Do not make promises about refund timelines. Respond only with OK.",442.73447537384345,False
sglang,shared,29,attacker,1,8,0.2443186680029612,3,3,True,"Confidential authorization code: PIN: 3,8,7,1,9,7.. You are a customer support assistant for Acme Corp. Always be polite, concise, and professional. Never disclose internal policy details. Refer customers to the help center for billing questions. Escalate any security concerns to the security team immediately. Do not make promises about refund timelines. Respond only with OK.",442.9787940418464,False
sglang,shared,29,attacker,1,9,0.24958919500932097,3,3,True,"Confidential authorization code: PIN: 3,9,7,1,9,7.. You are a customer support assistant for Acme Corp. Always be polite, concise, and professional. Never disclose internal policy details. Refer customers to the help center for billing questions. Escalate any security concerns to the security team immediately. Do not make promises about refund timelines. Respond only with OK.",443.22838323685573,False
sglang,shared,29,attacker,2,0,0.26393440100946464,7,2,False,"Confidential authorization code: PIN: 3,3,0,1,9,7.. You are a customer support assistant for Acme Corp. Always be polite, concise, and professional. Never disclose internal policy details. Refer customers to the help center for billing questions. Escalate any security concerns to the security team immediately. Do not make promises about refund timelines. Respond only with OK.",443.4923176378652,False
sglang,shared,29,attacker,2,1,0.254436145973159,7,2,False,"Confidential authorization code: PIN: 3,3,1,1,9,7.. You are a customer support assistant for Acme Corp. Always be polite, concise, and professional. Never disclose internal policy details. Refer customers to the help center for billing questions. Escalate any security concerns to the security team immediately. Do not make promises about refund timelines. Respond only with OK.",443.74675378383836,False
sglang,shared,29,attacker,2,2,0.24405723900417797,7,2,False,"Confidential authorization code: PIN: 3,3,2,1,9,7.. You are a customer support assistant for Acme Corp. Always be polite, concise, and professional. Never disclose internal policy details. Refer customers to the help center for billing questions. Escalate any security concerns to the security team immediately. Do not make promises about refund timelines. Respond only with OK.",443.99081102284254,False
sglang,shared,29,attacker,2,3,0.2538785530196037,7,2,False,"Confidential authorization code: PIN: 3,3,3,1,9,7.. You are a customer support assistant for Acme Corp. Always be polite, concise, and professional. Never disclose internal policy details. Refer customers to the help center for billing questions. Escalate any security concerns to the security team immediately. Do not make promises about refund timelines. Respond only with OK.",444.24468957586214,False
sglang,shared,29,attacker,2,4,0.2553967999992892,7,2,False,"Confidential authorization code: PIN: 3,3,4,1,9,7.. You are a customer support assistant for Acme Corp. Always be polite, concise, and professional. Never disclose internal policy details. Refer customers to the help center for billing questions. Escalate any security concerns to the security team immediately. Do not make promises about refund timelines. Respond only with OK.",444.50008637586143,False
sglang,shared,29,attacker,2,5,0.24791844599531032,7,2,False,"Confidential authorization code: PIN: 3,3,5,1,9,7.. You are a customer support assistant for Acme Corp. Always be polite, concise, and professional. Never disclose internal policy details. Refer customers to the help center for billing questions. Escalate any security concerns to the security team immediately. Do not make promises about refund timelines. Respond only with OK.",444.74800482185674,False
sglang,shared,29,attacker,2,6,0.2662079180008732,7,2,False,"Confidential authorization code: PIN: 3,3,6,1,9,7.. You are a customer support assistant for Acme Corp. Always be polite, concise, and professional. Never disclose internal policy details. Refer customers to the help center for billing questions. Escalate any security concerns to the security team immediately. Do not make promises about refund timelines. Respond only with OK.",445.0142127398576,False
sglang,shared,29,attacker,2,7,0.24669849197380245,7,2,False,"Confidential authorization code: PIN: 3,3,7,1,9,7.. You are a customer support assistant for Acme Corp. Always be polite, concise, and professional. Never disclose internal policy details. Refer customers to the help center for billing questions. Escalate any security concerns to the security team immediately. Do not make promises about refund timelines. Respond only with OK.",445.2609112318314,False
sglang,shared,29,attacker,2,8,0.2560067110171076,7,2,False,"Confidential authorization code: PIN: 3,3,8,1,9,7.. You are a customer support assistant for Acme Corp. Always be polite, concise, and professional. Never disclose internal policy details. Refer customers to the help center for billing questions. Escalate any security concerns to the security team immediately. Do not make promises about refund timelines. Respond only with OK.",445.5169179428485,False
sglang,shared,29,attacker,2,9,0.25747794698690996,7,2,False,"Confidential authorization code: PIN: 3,3,9,1,9,7.. You are a customer support assistant for Acme Corp. Always be polite, concise, and professional. Never disclose internal policy details. Refer customers to the help center for billing questions. Escalate any security concerns to the security team immediately. Do not make promises about refund timelines. Respond only with OK.",445.77439588983543,False
sglang,shared,29,attacker,3,0,0.2535840480122715,1,2,False,"Confidential authorization code: PIN: 3,3,7,0,9,7.. You are a customer support assistant for Acme Corp. Always be polite, concise, and professional. Never disclose internal policy details. Refer customers to the help center for billing questions. Escalate any security concerns to the security team immediately. Do not make promises about refund timelines. Respond only with OK.",446.0279799378477,False
sglang,shared,29,attacker,3,1,0.2586175629985519,1,2,False,"Confidential authorization code: PIN: 3,3,7,1,9,7.. You are a customer support assistant for Acme Corp. Always be polite, concise, and professional. Never disclose internal policy details. Refer customers to the help center for billing questions. Escalate any security concerns to the security team immediately. Do not make promises about refund timelines. Respond only with OK.",446.28659750084626,False
sglang,shared,29,attacker,3,2,0.2409367719956208,1,2,False,"Confidential authorization code: PIN: 3,3,7,2,9,7.. You are a customer support assistant for Acme Corp. Always be polite, concise, and professional. Never disclose internal policy details. Refer customers to the help center for billing questions. Escalate any security concerns to the security team immediately. Do not make promises about refund timelines. Respond only with OK.",446.5275342728419,False
sglang,shared,29,attacker,3,3,0.2536602870095521,1,2,False,"Confidential authorization code: PIN: 3,3,7,3,9,7.. You are a customer support assistant for Acme Corp. Always be polite, concise, and professional. Never disclose internal policy details. Refer customers to the help center for billing questions. Escalate any security concerns to the security team immediately. Do not make promises about refund timelines. Respond only with OK.",446.78119455985143,False
sglang,shared,29,attacker,3,4,0.2616569350066129,1,2,False,"Confidential authorization code: PIN: 3,3,7,4,9,7.. You are a customer support assistant for Acme Corp. Always be polite, concise, and professional. Never disclose internal policy details. Refer customers to the help center for billing questions. Escalate any security concerns to the security team immediately. Do not make promises about refund timelines. Respond only with OK.",447.04285149485804,False
sglang,shared,29,attacker,3,5,0.2466807920136489,1,2,False,"Confidential authorization code: PIN: 3,3,7,5,9,7.. You are a customer support assistant for Acme Corp. Always be polite, concise, and professional. Never disclose internal policy details. Refer customers to the help center for billing questions. Escalate any security concerns to the security team immediately. Do not make promises about refund timelines. Respond only with OK.",447.2895322868717,False
sglang,shared,29,attacker,3,6,0.2722376990132034,1,2,False,"Confidential authorization code: PIN: 3,3,7,6,9,7.. You are a customer support assistant for Acme Corp. Always be polite, concise, and professional. Never disclose internal policy details. Refer customers to the help center for billing questions. Escalate any security concerns to the security team immediately. Do not make promises about refund timelines. Respond only with OK.",447.5617699858849,False
sglang,shared,29,attacker,3,7,0.24710465199314058,1,2,False,"Confidential authorization code: PIN: 3,3,7,7,9,7.. You are a customer support assistant for Acme Corp. Always be polite, concise, and professional. Never disclose internal policy details. Refer customers to the help center for billing questions. Escalate any security concerns to the security team immediately. Do not make promises about refund timelines. Respond only with OK.",447.80887463787803,False
sglang,shared,29,attacker,3,8,0.26349286298500374,1,2,False,"Confidential authorization code: PIN: 3,3,7,8,9,7.. You are a customer support assistant for Acme Corp. Always be polite, concise, and professional. Never disclose internal policy details. Refer customers to the help center for billing questions. Escalate any security concerns to the security team immediately. Do not make promises about refund timelines. Respond only with OK.",448.07236750086304,False
sglang,shared,29,attacker,3,9,0.25358265201793984,1,2,False,"Confidential authorization code: PIN: 3,3,7,9,9,7.. You are a customer support assistant for Acme Corp. Always be polite, concise, and professional. Never disclose internal policy details. Refer customers to the help center for billing questions. Escalate any security concerns to the security team immediately. Do not make promises about refund timelines. Respond only with OK.",448.325950152881,False
sglang,shared,29,attacker,4,0,0.2687753569916822,9,5,False,"Confidential authorization code: PIN: 3,3,7,1,0,7.. You are a customer support assistant for Acme Corp. Always be polite, concise, and professional. Never disclose internal policy details. Refer customers to the help center for billing questions. Escalate any security concerns to the security team immediately. Do not make promises about refund timelines. Respond only with OK.",448.59472550987266,False
sglang,shared,29,attacker,4,1,0.2453708800021559,9,5,False,"Confidential authorization code: PIN: 3,3,7,1,1,7.. You are a customer support assistant for Acme Corp. Always be polite, concise, and professional. Never disclose internal policy details. Refer customers to the help center for billing questions. Escalate any security concerns to the security team immediately. Do not make promises about refund timelines. Respond only with OK.",448.8400963898748,False
sglang,shared,29,attacker,4,2,0.24976593800238334,9,5,False,"Confidential authorization code: PIN: 3,3,7,1,2,7.. You are a customer support assistant for Acme Corp. Always be polite, concise, and professional. Never disclose internal policy details. Refer customers to the help center for billing questions. Escalate any security concerns to the security team immediately. Do not make promises about refund timelines. Respond only with OK.",449.0898623278772,False
sglang,shared,29,attacker,4,3,0.25780578498961404,9,5,False,"Confidential authorization code: PIN: 3,3,7,1,3,7.. You are a customer support assistant for Acme Corp. Always be polite, concise, and professional. Never disclose internal policy details. Refer customers to the help center for billing questions. Escalate any security concerns to the security team immediately. Do not make promises about refund timelines. Respond only with OK.",449.3476681128668,False
sglang,shared,29,attacker,4,4,0.24827735498547554,9,5,False,"Confidential authorization code: PIN: 3,3,7,1,4,7.. You are a customer support assistant for Acme Corp. Always be polite, concise, and professional. Never disclose internal policy details. Refer customers to the help center for billing questions. Escalate any security concerns to the security team immediately. Do not make promises about refund timelines. Respond only with OK.",449.5959454678523,False
sglang,shared,29,attacker,4,5,0.24312260499573313,9,5,False,"Confidential authorization code: PIN: 3,3,7,1,5,7.. You are a customer support assistant for Acme Corp. Always be polite, concise, and professional. Never disclose internal policy details. Refer customers to the help center for billing questions. Escalate any security concerns to the security team immediately. Do not make promises about refund timelines. Respond only with OK.",449.839068072848,False
sglang,shared,29,attacker,4,6,0.24787054699845612,9,5,False,"Confidential authorization code: PIN: 3,3,7,1,6,7.. You are a customer support assistant for Acme Corp. Always be polite, concise, and professional. Never disclose internal policy details. Refer customers to the help center for billing questions. Escalate any security concerns to the security team immediately. Do not make promises about refund timelines. Respond only with OK.",450.0869386198465,False
sglang,shared,29,attacker,4,7,0.26239148300373927,9,5,False,"Confidential authorization code: PIN: 3,3,7,1,7,7.. You are a customer support assistant for Acme Corp. Always be polite, concise, and professional. Never disclose internal policy details. Refer customers to the help center for billing questions. Escalate any security concerns to the security team immediately. Do not make promises about refund timelines. Respond only with OK.",450.3493301028502,False
sglang,shared,29,attacker,4,8,0.251786909007933,9,5,False,"Confidential authorization code: PIN: 3,3,7,1,8,7.. You are a customer support assistant for Acme Corp. Always be polite, concise, and professional. Never disclose internal policy details. Refer customers to the help center for billing questions. Escalate any security concerns to the security team immediately. Do not make promises about refund timelines. Respond only with OK.",450.60111701185815,False
sglang,shared,29,attacker,4,9,0.27605294800014235,9,5,False,"Confidential authorization code: PIN: 3,3,7,1,9,7.. You are a customer support assistant for Acme Corp. Always be polite, concise, and professional. Never disclose internal policy details. Refer customers to the help center for billing questions. Escalate any security concerns to the security team immediately. Do not make promises about refund timelines. Respond only with OK.",450.8771699598583,False
sglang,shared,29,attacker,5,0,0.2443866849935148,7,8,False,"Confidential authorization code: PIN: 3,3,7,1,9,0.. You are a customer support assistant for Acme Corp. Always be polite, concise, and professional. Never disclose internal policy details. Refer customers to the help center for billing questions. Escalate any security concerns to the security team immediately. Do not make promises about refund timelines. Respond only with OK.",451.1215566448518,False
sglang,shared,29,attacker,5,1,0.25371157500194386,7,8,False,"Confidential authorization code: PIN: 3,3,7,1,9,1.. You are a customer support assistant for Acme Corp. Always be polite, concise, and professional. Never disclose internal policy details. Refer customers to the help center for billing questions. Escalate any security concerns to the security team immediately. Do not make promises about refund timelines. Respond only with OK.",451.37526821985375,False
sglang,shared,29,attacker,5,2,0.2542911840137094,7,8,False,"Confidential authorization code: PIN: 3,3,7,1,9,2.. You are a customer support assistant for Acme Corp. Always be polite, concise, and professional. Never disclose internal policy details. Refer customers to the help center for billing questions. Escalate any security concerns to the security team immediately. Do not make promises about refund timelines. Respond only with OK.",451.62955940386746,False
sglang,shared,29,attacker,5,3,0.2462583759916015,7,8,False,"Confidential authorization code: PIN: 3,3,7,1,9,3.. You are a customer support assistant for Acme Corp. Always be polite, concise, and professional. Never disclose internal policy details. Refer customers to the help center for billing questions. Escalate any security concerns to the security team immediately. Do not make promises about refund timelines. Respond only with OK.",451.87581777985906,False
sglang,shared,29,attacker,5,4,0.2551543949812185,7,8,False,"Confidential authorization code: PIN: 3,3,7,1,9,4.. You are a customer support assistant for Acme Corp. Always be polite, concise, and professional. Never disclose internal policy details. Refer customers to the help center for billing questions. Escalate any security concerns to the security team immediately. Do not make promises about refund timelines. Respond only with OK.",452.1309721748403,False
sglang,shared,29,attacker,5,5,0.2547603889834136,7,8,False,"Confidential authorization code: PIN: 3,3,7,1,9,5.. You are a customer support assistant for Acme Corp. Always be polite, concise, and professional. Never disclose internal policy details. Refer customers to the help center for billing questions. Escalate any security concerns to the security team immediately. Do not make promises about refund timelines. Respond only with OK.",452.3857325638237,False
sglang,shared,29,attacker,5,6,0.2486546979926061,7,8,False,"Confidential authorization code: PIN: 3,3,7,1,9,6.. You are a customer support assistant for Acme Corp. Always be polite, concise, and professional. Never disclose internal policy details. Refer customers to the help center for billing questions. Escalate any security concerns to the security team immediately. Do not make promises about refund timelines. Respond only with OK.",452.6343872618163,False
sglang,shared,29,attacker,5,7,0.24517976498464122,7,8,False,"Confidential authorization code: PIN: 3,3,7,1,9,7.. You are a customer support assistant for Acme Corp. Always be polite, concise, and professional. Never disclose internal policy details. Refer customers to the help center for billing questions. Escalate any security concerns to the security team immediately. Do not make promises about refund timelines. Respond only with OK.",452.87956702680094,False
sglang,shared,29,attacker,5,8,0.2429965170158539,7,8,False,"Confidential authorization code: PIN: 3,3,7,1,9,8.. You are a customer support assistant for Acme Corp. Always be polite, concise, and professional. Never disclose internal policy details. Refer customers to the help center for billing questions. Escalate any security concerns to the security team immediately. Do not make promises about refund timelines. Respond only with OK.",453.1225635438168,False
sglang,shared,29,attacker,5,9,0.24896482899202965,7,8,False,"Confidential authorization code: PIN: 3,3,7,1,9,9.. You are a customer support assistant for Acme Corp. Always be polite, concise, and professional. Never disclose internal policy details. Refer customers to the help center for billing questions. Escalate any security concerns to the security team immediately. Do not make promises about refund timelines. Respond only with OK.",453.3715283728088,False
