framework,cache_mode,model,trial,position,probe_digit,wall_clock_latency_ms,ground_truth_digit,position_guess,position_correct
vllm,cache-disabled,deepseek-ai/DeepSeek-R1-Distill-Llama-8B,0,0,0,209.79143003933132,7,0,False
vllm,cache-disabled,deepseek-ai/DeepSeek-R1-Distill-Llama-8B,0,0,1,211.06498793233186,7,0,False
vllm,cache-disabled,deepseek-ai/DeepSeek-R1-Distill-Llama-8B,0,0,2,231.41473904252052,7,0,False
vllm,cache-disabled,deepseek-ai/DeepSeek-R1-Distill-Llama-8B,0,0,3,754.0952429408208,7,0,False
vllm,cache-disabled,deepseek-ai/DeepSeek-R1-Distill-Llama-8B,0,0,4,212.15155301615596,7,0,False
vllm,cache-disabled,deepseek-ai/DeepSeek-R1-Distill-Llama-8B,0,0,5,223.96466007921845,7,0,False
vllm,cache-disabled,deepseek-ai/DeepSeek-R1-Distill-Llama-8B,0,0,6,218.90823799185455,7,0,False
vllm,cache-disabled,deepseek-ai/DeepSeek-R1-Distill-Llama-8B,0,0,7,750.7169579621404,7,0,False
vllm,cache-disabled,deepseek-ai/DeepSeek-R1-Distill-Llama-8B,0,0,8,218.46490807365626,7,0,False
vllm,cache-disabled,deepseek-ai/DeepSeek-R1-Distill-Llama-8B,0,0,9,217.67962502781302,7,0,False
vllm,cache-disabled,deepseek-ai/DeepSeek-R1-Distill-Llama-8B,0,1,0,217.82340202480555,4,9,False
vllm,cache-disabled,deepseek-ai/DeepSeek-R1-Distill-Llama-8B,0,1,1,739.0646529383957,4,9,False
vllm,cache-disabled,deepseek-ai/DeepSeek-R1-Distill-Llama-8B,0,1,2,223.22484897449613,4,9,False
vllm,cache-disabled,deepseek-ai/DeepSeek-R1-Distill-Llama-8B,0,1,3,216.2365469848737,4,9,False
vllm,cache-disabled,deepseek-ai/DeepSeek-R1-Distill-Llama-8B,0,1,4,587.3705119593069,4,9,False
vllm,cache-disabled,deepseek-ai/DeepSeek-R1-Distill-Llama-8B,0,1,5,388.4398000082001,4,9,False
vllm,cache-disabled,deepseek-ai/DeepSeek-R1-Distill-Llama-8B,0,1,6,213.01338204648346,4,9,False
vllm,cache-disabled,deepseek-ai/DeepSeek-R1-Distill-Llama-8B,0,1,7,214.79974093381315,4,9,False
vllm,cache-disabled,deepseek-ai/DeepSeek-R1-Distill-Llama-8B,0,1,8,837.7311760559678,4,9,False
vllm,cache-disabled,deepseek-ai/DeepSeek-R1-Distill-Llama-8B,0,1,9,212.89299696218222,4,9,False
vllm,cache-disabled,deepseek-ai/DeepSeek-R1-Distill-Llama-8B,0,2,0,212.63581200037152,5,7,False
vllm,cache-disabled,deepseek-ai/DeepSeek-R1-Distill-Llama-8B,0,2,1,214.98954994603992,5,7,False
vllm,cache-disabled,deepseek-ai/DeepSeek-R1-Distill-Llama-8B,0,2,2,777.645078022033,5,7,False
vllm,cache-disabled,deepseek-ai/DeepSeek-R1-Distill-Llama-8B,0,2,3,210.5132119031623,5,7,False
vllm,cache-disabled,deepseek-ai/DeepSeek-R1-Distill-Llama-8B,0,2,4,211.2931669689715,5,7,False
vllm,cache-disabled,deepseek-ai/DeepSeek-R1-Distill-Llama-8B,0,2,5,216.36593993753195,5,7,False
vllm,cache-disabled,deepseek-ai/DeepSeek-R1-Distill-Llama-8B,0,2,6,772.0886709867045,5,7,False
vllm,cache-disabled,deepseek-ai/DeepSeek-R1-Distill-Llama-8B,0,2,7,204.20064008794725,5,7,False
vllm,cache-disabled,deepseek-ai/DeepSeek-R1-Distill-Llama-8B,0,2,8,214.50748399365693,5,7,False
vllm,cache-disabled,deepseek-ai/DeepSeek-R1-Distill-Llama-8B,0,2,9,215.31343995593488,5,7,False
vllm,cache-disabled,deepseek-ai/DeepSeek-R1-Distill-Llama-8B,0,3,0,767.5776609685272,3,1,False
vllm,cache-disabled,deepseek-ai/DeepSeek-R1-Distill-Llama-8B,0,3,1,208.88488495256752,3,1,False
vllm,cache-disabled,deepseek-ai/DeepSeek-R1-Distill-Llama-8B,0,3,2,221.03668202180415,3,1,False
vllm,cache-disabled,deepseek-ai/DeepSeek-R1-Distill-Llama-8B,0,3,3,211.06375800445676,3,1,False
vllm,cache-disabled,deepseek-ai/DeepSeek-R1-Distill-Llama-8B,0,3,4,756.1002840520814,3,1,False
vllm,cache-disabled,deepseek-ai/DeepSeek-R1-Distill-Llama-8B,0,3,5,215.35126504022628,3,1,False
vllm,cache-disabled,deepseek-ai/DeepSeek-R1-Distill-Llama-8B,0,3,6,213.09925592504442,3,1,False
vllm,cache-disabled,deepseek-ai/DeepSeek-R1-Distill-Llama-8B,0,3,7,218.00402901135385,3,1,False
vllm,cache-disabled,deepseek-ai/DeepSeek-R1-Distill-Llama-8B,0,3,8,759.7343330271542,3,1,False
vllm,cache-disabled,deepseek-ai/DeepSeek-R1-Distill-Llama-8B,0,3,9,209.83424899168313,3,1,False
vllm,cache-disabled,deepseek-ai/DeepSeek-R1-Distill-Llama-8B,0,4,0,212.46866090223193,2,3,False
vllm,cache-disabled,deepseek-ai/DeepSeek-R1-Distill-Llama-8B,0,4,1,214.3728780793026,2,3,False
vllm,cache-disabled,deepseek-ai/DeepSeek-R1-Distill-Llama-8B,0,4,2,755.7120770215988,2,3,False
vllm,cache-disabled,deepseek-ai/DeepSeek-R1-Distill-Llama-8B,0,4,3,210.23999503813684,2,3,False
vllm,cache-disabled,deepseek-ai/DeepSeek-R1-Distill-Llama-8B,0,4,4,214.9276960408315,2,3,False
vllm,cache-disabled,deepseek-ai/DeepSeek-R1-Distill-Llama-8B,0,4,5,220.29621503315866,2,3,False
vllm,cache-disabled,deepseek-ai/DeepSeek-R1-Distill-Llama-8B,0,4,6,764.6704850485548,2,3,False
vllm,cache-disabled,deepseek-ai/DeepSeek-R1-Distill-Llama-8B,0,4,7,212.50167000107467,2,3,False
vllm,cache-disabled,deepseek-ai/DeepSeek-R1-Distill-Llama-8B,0,4,8,217.5409389892593,2,3,False
vllm,cache-disabled,deepseek-ai/DeepSeek-R1-Distill-Llama-8B,0,4,9,215.09835193865,2,3,False
vllm,cache-disabled,deepseek-ai/DeepSeek-R1-Distill-Llama-8B,0,5,0,764.0479869442061,6,6,True
vllm,cache-disabled,deepseek-ai/DeepSeek-R1-Distill-Llama-8B,0,5,1,207.96188991516829,6,6,True
vllm,cache-disabled,deepseek-ai/DeepSeek-R1-Distill-Llama-8B,0,5,2,218.63564802333713,6,6,True
vllm,cache-disabled,deepseek-ai/DeepSeek-R1-Distill-Llama-8B,0,5,3,218.6857599299401,6,6,True
vllm,cache-disabled,deepseek-ai/DeepSeek-R1-Distill-Llama-8B,0,5,4,757.7376259723678,6,6,True
vllm,cache-disabled,deepseek-ai/DeepSeek-R1-Distill-Llama-8B,0,5,5,214.67083203606308,6,6,True
vllm,cache-disabled,deepseek-ai/DeepSeek-R1-Distill-Llama-8B,0,5,6,206.29917993210256,6,6,True
vllm,cache-disabled,deepseek-ai/DeepSeek-R1-Distill-Llama-8B,0,5,7,216.2567590130493,6,6,True
vllm,cache-disabled,deepseek-ai/DeepSeek-R1-Distill-Llama-8B,0,5,8,767.8233820479363,6,6,True
vllm,cache-disabled,deepseek-ai/DeepSeek-R1-Distill-Llama-8B,0,5,9,234.02779607567936,6,6,True
vllm,cache-disabled,deepseek-ai/DeepSeek-R1-Distill-Llama-8B,1,0,0,214.66019202489406,8,6,False
vllm,cache-disabled,deepseek-ai/DeepSeek-R1-Distill-Llama-8B,1,0,1,771.8086489476264,8,6,False
vllm,cache-disabled,deepseek-ai/DeepSeek-R1-Distill-Llama-8B,1,0,2,210.21886100061238,8,6,False
vllm,cache-disabled,deepseek-ai/DeepSeek-R1-Distill-Llama-8B,1,0,3,210.144876036793,8,6,False
vllm,cache-disabled,deepseek-ai/DeepSeek-R1-Distill-Llama-8B,1,0,4,222.0502869458869,8,6,False
vllm,cache-disabled,deepseek-ai/DeepSeek-R1-Distill-Llama-8B,1,0,5,769.3926249630749,8,6,False
vllm,cache-disabled,deepseek-ai/DeepSeek-R1-Distill-Llama-8B,1,0,6,208.7513019796461,8,6,False
vllm,cache-disabled,deepseek-ai/DeepSeek-R1-Distill-Llama-8B,1,0,7,221.3098689680919,8,6,False
vllm,cache-disabled,deepseek-ai/DeepSeek-R1-Distill-Llama-8B,1,0,8,209.74191511049867,8,6,False
vllm,cache-disabled,deepseek-ai/DeepSeek-R1-Distill-Llama-8B,1,0,9,760.7009869534522,8,6,False
vllm,cache-disabled,deepseek-ai/DeepSeek-R1-Distill-Llama-8B,1,1,0,211.5822109626606,2,8,False
vllm,cache-disabled,deepseek-ai/DeepSeek-R1-Distill-Llama-8B,1,1,1,220.19445698242635,2,8,False
vllm,cache-disabled,deepseek-ai/DeepSeek-R1-Distill-Llama-8B,1,1,2,209.49357794597745,2,8,False
vllm,cache-disabled,deepseek-ai/DeepSeek-R1-Distill-Llama-8B,1,1,3,759.745704010129,2,8,False
vllm,cache-disabled,deepseek-ai/DeepSeek-R1-Distill-Llama-8B,1,1,4,216.8832590105012,2,8,False
vllm,cache-disabled,deepseek-ai/DeepSeek-R1-Distill-Llama-8B,1,1,5,213.00594601780176,2,8,False
vllm,cache-disabled,deepseek-ai/DeepSeek-R1-Distill-Llama-8B,1,1,6,216.23532101511955,2,8,False
vllm,cache-disabled,deepseek-ai/DeepSeek-R1-Distill-Llama-8B,1,1,7,769.1500169457868,2,8,False
vllm,cache-disabled,deepseek-ai/DeepSeek-R1-Distill-Llama-8B,1,1,8,207.45630597230047,2,8,False
vllm,cache-disabled,deepseek-ai/DeepSeek-R1-Distill-Llama-8B,1,1,9,211.6093160584569,2,8,False
vllm,cache-disabled,deepseek-ai/DeepSeek-R1-Distill-Llama-8B,1,2,0,217.93992002494633,6,6,True
vllm,cache-disabled,deepseek-ai/DeepSeek-R1-Distill-Llama-8B,1,2,1,770.2902000164613,6,6,True
vllm,cache-disabled,deepseek-ai/DeepSeek-R1-Distill-Llama-8B,1,2,2,212.11432700511068,6,6,True
vllm,cache-disabled,deepseek-ai/DeepSeek-R1-Distill-Llama-8B,1,2,3,212.10693405009806,6,6,True
vllm,cache-disabled,deepseek-ai/DeepSeek-R1-Distill-Llama-8B,1,2,4,220.5474510556087,6,6,True
vllm,cache-disabled,deepseek-ai/DeepSeek-R1-Distill-Llama-8B,1,2,5,761.7321310099214,6,6,True
vllm,cache-disabled,deepseek-ai/DeepSeek-R1-Distill-Llama-8B,1,2,6,204.65139800217003,6,6,True
vllm,cache-disabled,deepseek-ai/DeepSeek-R1-Distill-Llama-8B,1,2,7,220.8755490137264,6,6,True
vllm,cache-disabled,deepseek-ai/DeepSeek-R1-Distill-Llama-8B,1,2,8,214.8604990215972,6,6,True
vllm,cache-disabled,deepseek-ai/DeepSeek-R1-Distill-Llama-8B,1,2,9,761.517715989612,6,6,True
vllm,cache-disabled,deepseek-ai/DeepSeek-R1-Distill-Llama-8B,1,3,0,203.32849700935185,0,0,True
vllm,cache-disabled,deepseek-ai/DeepSeek-R1-Distill-Llama-8B,1,3,1,221.58003190997988,0,0,True
vllm,cache-disabled,deepseek-ai/DeepSeek-R1-Distill-Llama-8B,1,3,2,217.67063904553652,0,0,True
vllm,cache-disabled,deepseek-ai/DeepSeek-R1-Distill-Llama-8B,1,3,3,757.9289500135928,0,0,True
vllm,cache-disabled,deepseek-ai/DeepSeek-R1-Distill-Llama-8B,1,3,4,213.76534295268357,0,0,True
vllm,cache-disabled,deepseek-ai/DeepSeek-R1-Distill-Llama-8B,1,3,5,213.2288449211046,0,0,True
vllm,cache-disabled,deepseek-ai/DeepSeek-R1-Distill-Llama-8B,1,3,6,217.23543806001544,0,0,True
vllm,cache-disabled,deepseek-ai/DeepSeek-R1-Distill-Llama-8B,1,3,7,765.0147089734674,0,0,True
vllm,cache-disabled,deepseek-ai/DeepSeek-R1-Distill-Llama-8B,1,3,8,207.46987604070455,0,0,True
vllm,cache-disabled,deepseek-ai/DeepSeek-R1-Distill-Llama-8B,1,3,9,211.77435899153352,0,0,True
vllm,cache-disabled,deepseek-ai/DeepSeek-R1-Distill-Llama-8B,1,4,0,215.45877400785685,4,6,False
vllm,cache-disabled,deepseek-ai/DeepSeek-R1-Distill-Llama-8B,1,4,1,775.3535399679095,4,6,False
vllm,cache-disabled,deepseek-ai/DeepSeek-R1-Distill-Llama-8B,1,4,2,211.0978759592399,4,6,False
vllm,cache-disabled,deepseek-ai/DeepSeek-R1-Distill-Llama-8B,1,4,3,211.24696405604482,4,6,False
vllm,cache-disabled,deepseek-ai/DeepSeek-R1-Distill-Llama-8B,1,4,4,216.1812890553847,4,6,False
vllm,cache-disabled,deepseek-ai/DeepSeek-R1-Distill-Llama-8B,1,4,5,779.5330620137975,4,6,False
vllm,cache-disabled,deepseek-ai/DeepSeek-R1-Distill-Llama-8B,1,4,6,202.35258992761374,4,6,False
vllm,cache-disabled,deepseek-ai/DeepSeek-R1-Distill-Llama-8B,1,4,7,220.06439499091357,4,6,False
vllm,cache-disabled,deepseek-ai/DeepSeek-R1-Distill-Llama-8B,1,4,8,214.6971559850499,4,6,False
vllm,cache-disabled,deepseek-ai/DeepSeek-R1-Distill-Llama-8B,1,4,9,775.6593660451472,4,6,False
vllm,cache-disabled,deepseek-ai/DeepSeek-R1-Distill-Llama-8B,1,5,0,198.30711605027318,7,0,False
vllm,cache-disabled,deepseek-ai/DeepSeek-R1-Distill-Llama-8B,1,5,1,219.17536796536297,7,0,False
vllm,cache-disabled,deepseek-ai/DeepSeek-R1-Distill-Llama-8B,1,5,2,215.97069792915136,7,0,False
vllm,cache-disabled,deepseek-ai/DeepSeek-R1-Distill-Llama-8B,1,5,3,755.2741440013051,7,0,False
vllm,cache-disabled,deepseek-ai/DeepSeek-R1-Distill-Llama-8B,1,5,4,216.15788305643946,7,0,False
vllm,cache-disabled,deepseek-ai/DeepSeek-R1-Distill-Llama-8B,1,5,5,211.00120502524078,7,0,False
vllm,cache-disabled,deepseek-ai/DeepSeek-R1-Distill-Llama-8B,1,5,6,216.41386800911278,7,0,False
vllm,cache-disabled,deepseek-ai/DeepSeek-R1-Distill-Llama-8B,1,5,7,777.0315030356869,7,0,False
vllm,cache-disabled,deepseek-ai/DeepSeek-R1-Distill-Llama-8B,1,5,8,199.4598590536043,7,0,False
vllm,cache-disabled,deepseek-ai/DeepSeek-R1-Distill-Llama-8B,1,5,9,213.8720330549404,7,0,False
vllm,cache-disabled,deepseek-ai/DeepSeek-R1-Distill-Llama-8B,2,0,0,782.3865830432624,1,1,True
vllm,cache-disabled,deepseek-ai/DeepSeek-R1-Distill-Llama-8B,2,0,1,196.73706300090998,1,1,True
vllm,cache-disabled,deepseek-ai/DeepSeek-R1-Distill-Llama-8B,2,0,2,212.39269897341728,1,1,True
vllm,cache-disabled,deepseek-ai/DeepSeek-R1-Distill-Llama-8B,2,0,3,221.2053929688409,1,1,True
vllm,cache-disabled,deepseek-ai/DeepSeek-R1-Distill-Llama-8B,2,0,4,767.9008729755878,1,1,True
vllm,cache-disabled,deepseek-ai/DeepSeek-R1-Distill-Llama-8B,2,0,5,211.80546493269503,1,1,True
vllm,cache-disabled,deepseek-ai/DeepSeek-R1-Distill-Llama-8B,2,0,6,219.24084099009633,1,1,True
vllm,cache-disabled,deepseek-ai/DeepSeek-R1-Distill-Llama-8B,2,0,7,217.23307203501463,1,1,True
vllm,cache-disabled,deepseek-ai/DeepSeek-R1-Distill-Llama-8B,2,0,8,760.1148569956422,1,1,True
vllm,cache-disabled,deepseek-ai/DeepSeek-R1-Distill-Llama-8B,2,0,9,208.03080801852047,1,1,True
vllm,cache-disabled,deepseek-ai/DeepSeek-R1-Distill-Llama-8B,2,1,0,220.96564900130033,4,4,True
vllm,cache-disabled,deepseek-ai/DeepSeek-R1-Distill-Llama-8B,2,1,1,216.98166395071894,4,4,True
vllm,cache-disabled,deepseek-ai/DeepSeek-R1-Distill-Llama-8B,2,1,2,762.2758579673246,4,4,True
vllm,cache-disabled,deepseek-ai/DeepSeek-R1-Distill-Llama-8B,2,1,3,213.1795029854402,4,4,True
vllm,cache-disabled,deepseek-ai/DeepSeek-R1-Distill-Llama-8B,2,1,4,207.1750769391656,4,4,True
vllm,cache-disabled,deepseek-ai/DeepSeek-R1-Distill-Llama-8B,2,1,5,215.14607197605073,4,4,True
vllm,cache-disabled,deepseek-ai/DeepSeek-R1-Distill-Llama-8B,2,1,6,765.6738589284942,4,4,True
vllm,cache-disabled,deepseek-ai/DeepSeek-R1-Distill-Llama-8B,2,1,7,208.7048119865358,4,4,True
vllm,cache-disabled,deepseek-ai/DeepSeek-R1-Distill-Llama-8B,2,1,8,212.33106695581228,4,4,True
vllm,cache-disabled,deepseek-ai/DeepSeek-R1-Distill-Llama-8B,2,1,9,218.53477496188134,4,4,True
vllm,cache-disabled,deepseek-ai/DeepSeek-R1-Distill-Llama-8B,2,2,0,774.7449079761282,7,5,False
vllm,cache-disabled,deepseek-ai/DeepSeek-R1-Distill-Llama-8B,2,2,1,209.61259200703353,7,5,False
vllm,cache-disabled,deepseek-ai/DeepSeek-R1-Distill-Llama-8B,2,2,2,211.0085349995643,7,5,False
vllm,cache-disabled,deepseek-ai/DeepSeek-R1-Distill-Llama-8B,2,2,3,221.58315603155643,7,5,False
vllm,cache-disabled,deepseek-ai/DeepSeek-R1-Distill-Llama-8B,2,2,4,765.6808529281989,7,5,False
vllm,cache-disabled,deepseek-ai/DeepSeek-R1-Distill-Llama-8B,2,2,5,208.94671801943332,7,5,False
vllm,cache-disabled,deepseek-ai/DeepSeek-R1-Distill-Llama-8B,2,2,6,219.07689003273845,7,5,False
vllm,cache-disabled,deepseek-ai/DeepSeek-R1-Distill-Llama-8B,2,2,7,209.3663199339062,7,5,False
vllm,cache-disabled,deepseek-ai/DeepSeek-R1-Distill-Llama-8B,2,2,8,778.564446954988,7,5,False
vllm,cache-disabled,deepseek-ai/DeepSeek-R1-Distill-Llama-8B,2,2,9,210.4791720630601,7,5,False
vllm,cache-disabled,deepseek-ai/DeepSeek-R1-Distill-Llama-8B,2,3,0,220.50008096266538,4,4,True
vllm,cache-disabled,deepseek-ai/DeepSeek-R1-Distill-Llama-8B,2,3,1,214.91087297908962,4,4,True
vllm,cache-disabled,deepseek-ai/DeepSeek-R1-Distill-Llama-8B,2,3,2,769.3115280708298,4,4,True
vllm,cache-disabled,deepseek-ai/DeepSeek-R1-Distill-Llama-8B,2,3,3,206.9267900660634,4,4,True
vllm,cache-disabled,deepseek-ai/DeepSeek-R1-Distill-Llama-8B,2,3,4,204.73991602193564,4,4,True
vllm,cache-disabled,deepseek-ai/DeepSeek-R1-Distill-Llama-8B,2,3,5,215.92042897827923,4,4,True
vllm,cache-disabled,deepseek-ai/DeepSeek-R1-Distill-Llama-8B,2,3,6,818.2600770378485,4,4,True
vllm,cache-disabled,deepseek-ai/DeepSeek-R1-Distill-Llama-8B,2,3,7,209.4908650033176,4,4,True
vllm,cache-disabled,deepseek-ai/DeepSeek-R1-Distill-Llama-8B,2,3,8,211.6122980369255,4,4,True
vllm,cache-disabled,deepseek-ai/DeepSeek-R1-Distill-Llama-8B,2,3,9,213.56217795982957,4,4,True
vllm,cache-disabled,deepseek-ai/DeepSeek-R1-Distill-Llama-8B,2,4,0,773.0666500283405,5,5,True
vllm,cache-disabled,deepseek-ai/DeepSeek-R1-Distill-Llama-8B,2,4,1,211.57948300242424,5,5,True
vllm,cache-disabled,deepseek-ai/DeepSeek-R1-Distill-Llama-8B,2,4,2,212.72880001924932,5,5,True
vllm,cache-disabled,deepseek-ai/DeepSeek-R1-Distill-Llama-8B,2,4,3,222.61196305043995,5,5,True
vllm,cache-disabled,deepseek-ai/DeepSeek-R1-Distill-Llama-8B,2,4,4,775.6699409801513,5,5,True
vllm,cache-disabled,deepseek-ai/DeepSeek-R1-Distill-Llama-8B,2,4,5,196.76829793024808,5,5,True
vllm,cache-disabled,deepseek-ai/DeepSeek-R1-Distill-Llama-8B,2,4,6,221.92456701304764,5,5,True
vllm,cache-disabled,deepseek-ai/DeepSeek-R1-Distill-Llama-8B,2,4,7,215.50745202694088,5,5,True
vllm,cache-disabled,deepseek-ai/DeepSeek-R1-Distill-Llama-8B,2,4,8,769.1833870485425,5,5,True
vllm,cache-disabled,deepseek-ai/DeepSeek-R1-Distill-Llama-8B,2,4,9,205.89670597109944,5,5,True
vllm,cache-disabled,deepseek-ai/DeepSeek-R1-Distill-Llama-8B,2,5,0,220.97056393977255,4,4,True
vllm,cache-disabled,deepseek-ai/DeepSeek-R1-Distill-Llama-8B,2,5,1,216.49452799465507,4,4,True
vllm,cache-disabled,deepseek-ai/DeepSeek-R1-Distill-Llama-8B,2,5,2,764.3241829937324,4,4,True
vllm,cache-disabled,deepseek-ai/DeepSeek-R1-Distill-Llama-8B,2,5,3,213.18249905016273,4,4,True
vllm,cache-disabled,deepseek-ai/DeepSeek-R1-Distill-Llama-8B,2,5,4,207.74500200059265,4,4,True
vllm,cache-disabled,deepseek-ai/DeepSeek-R1-Distill-Llama-8B,2,5,5,218.31789601128548,4,4,True
vllm,cache-disabled,deepseek-ai/DeepSeek-R1-Distill-Llama-8B,2,5,6,761.2592909717932,4,4,True
vllm,cache-disabled,deepseek-ai/DeepSeek-R1-Distill-Llama-8B,2,5,7,208.7114549940452,4,4,True
vllm,cache-disabled,deepseek-ai/DeepSeek-R1-Distill-Llama-8B,2,5,8,211.73868398182094,4,4,True
vllm,cache-disabled,deepseek-ai/DeepSeek-R1-Distill-Llama-8B,2,5,9,214.60021694656461,4,4,True
vllm,cache-disabled,deepseek-ai/DeepSeek-R1-Distill-Llama-8B,3,0,0,213.36806705221534,7,8,False
vllm,cache-disabled,deepseek-ai/DeepSeek-R1-Distill-Llama-8B,3,0,1,208.74367898795754,7,8,False
vllm,cache-disabled,deepseek-ai/DeepSeek-R1-Distill-Llama-8B,3,0,2,223.76008098945022,7,8,False
vllm,cache-disabled,deepseek-ai/DeepSeek-R1-Distill-Llama-8B,3,0,3,763.5827419580892,7,8,False
vllm,cache-disabled,deepseek-ai/DeepSeek-R1-Distill-Llama-8B,3,0,4,210.61034395825118,7,8,False
vllm,cache-disabled,deepseek-ai/DeepSeek-R1-Distill-Llama-8B,3,0,5,218.66047498770058,7,8,False
vllm,cache-disabled,deepseek-ai/DeepSeek-R1-Distill-Llama-8B,3,0,6,216.90601902082562,7,8,False
vllm,cache-disabled,deepseek-ai/DeepSeek-R1-Distill-Llama-8B,3,0,7,748.8093510037288,7,8,False
vllm,cache-disabled,deepseek-ai/DeepSeek-R1-Distill-Llama-8B,3,0,8,208.36718194186687,7,8,False
vllm,cache-disabled,deepseek-ai/DeepSeek-R1-Distill-Llama-8B,3,0,9,219.68876803293824,7,8,False
vllm,cache-disabled,deepseek-ai/DeepSeek-R1-Distill-Llama-8B,3,1,0,217.89236005861312,3,3,True
vllm,cache-disabled,deepseek-ai/DeepSeek-R1-Distill-Llama-8B,3,1,1,766.0787859931588,3,3,True
vllm,cache-disabled,deepseek-ai/DeepSeek-R1-Distill-Llama-8B,3,1,2,207.0705370279029,3,3,True
vllm,cache-disabled,deepseek-ai/DeepSeek-R1-Distill-Llama-8B,3,1,3,206.93031302653253,3,3,True
vllm,cache-disabled,deepseek-ai/DeepSeek-R1-Distill-Llama-8B,3,1,4,218.53090694639832,3,3,True
vllm,cache-disabled,deepseek-ai/DeepSeek-R1-Distill-Llama-8B,3,1,5,761.3320319214836,3,3,True
vllm,cache-disabled,deepseek-ai/DeepSeek-R1-Distill-Llama-8B,3,1,6,210.3980709798634,3,3,True
vllm,cache-disabled,deepseek-ai/DeepSeek-R1-Distill-Llama-8B,3,1,7,212.0721589308232,3,3,True
vllm,cache-disabled,deepseek-ai/DeepSeek-R1-Distill-Llama-8B,3,1,8,217.7088080206886,3,3,True
vllm,cache-disabled,deepseek-ai/DeepSeek-R1-Distill-Llama-8B,3,1,9,766.5408550528809,3,3,True
vllm,cache-disabled,deepseek-ai/DeepSeek-R1-Distill-Llama-8B,3,2,0,212.69451407715678,8,8,True
vllm,cache-disabled,deepseek-ai/DeepSeek-R1-Distill-Llama-8B,3,2,1,213.1332840071991,8,8,True
vllm,cache-disabled,deepseek-ai/DeepSeek-R1-Distill-Llama-8B,3,2,2,221.21463203802705,8,8,True
vllm,cache-disabled,deepseek-ai/DeepSeek-R1-Distill-Llama-8B,3,2,3,762.7375749871135,8,8,True
vllm,cache-disabled,deepseek-ai/DeepSeek-R1-Distill-Llama-8B,3,2,4,214.83207610435784,8,8,True
vllm,cache-disabled,deepseek-ai/DeepSeek-R1-Distill-Llama-8B,3,2,5,219.61448108777404,8,8,True
vllm,cache-disabled,deepseek-ai/DeepSeek-R1-Distill-Llama-8B,3,2,6,215.85088002029806,8,8,True
vllm,cache-disabled,deepseek-ai/DeepSeek-R1-Distill-Llama-8B,3,2,7,777.6166659314185,8,8,True
vllm,cache-disabled,deepseek-ai/DeepSeek-R1-Distill-Llama-8B,3,2,8,190.85667503532022,8,8,True
vllm,cache-disabled,deepseek-ai/DeepSeek-R1-Distill-Llama-8B,3,2,9,221.65810596197844,8,8,True
vllm,cache-disabled,deepseek-ai/DeepSeek-R1-Distill-Llama-8B,3,3,0,215.80323204398155,1,6,False
vllm,cache-disabled,deepseek-ai/DeepSeek-R1-Distill-Llama-8B,3,3,1,750.8559259586036,1,6,False
vllm,cache-disabled,deepseek-ai/DeepSeek-R1-Distill-Llama-8B,3,3,2,213.1180849391967,1,6,False
vllm,cache-disabled,deepseek-ai/DeepSeek-R1-Distill-Llama-8B,3,3,3,213.88869697693735,1,6,False
vllm,cache-disabled,deepseek-ai/DeepSeek-R1-Distill-Llama-8B,3,3,4,213.99296901654452,1,6,False
vllm,cache-disabled,deepseek-ai/DeepSeek-R1-Distill-Llama-8B,3,3,5,765.8246159553528,1,6,False
vllm,cache-disabled,deepseek-ai/DeepSeek-R1-Distill-Llama-8B,3,3,6,211.41559805255383,1,6,False
vllm,cache-disabled,deepseek-ai/DeepSeek-R1-Distill-Llama-8B,3,3,7,211.55865502078086,1,6,False
vllm,cache-disabled,deepseek-ai/DeepSeek-R1-Distill-Llama-8B,3,3,8,214.3763619242236,1,6,False
vllm,cache-disabled,deepseek-ai/DeepSeek-R1-Distill-Llama-8B,3,3,9,767.1410869807005,1,6,False
vllm,cache-disabled,deepseek-ai/DeepSeek-R1-Distill-Llama-8B,3,4,0,204.09249397926033,0,0,True
vllm,cache-disabled,deepseek-ai/DeepSeek-R1-Distill-Llama-8B,3,4,1,206.9428419927135,0,0,True
vllm,cache-disabled,deepseek-ai/DeepSeek-R1-Distill-Llama-8B,3,4,2,223.69024401996285,0,0,True
vllm,cache-disabled,deepseek-ai/DeepSeek-R1-Distill-Llama-8B,3,4,3,764.3883090931922,0,0,True
vllm,cache-disabled,deepseek-ai/DeepSeek-R1-Distill-Llama-8B,3,4,4,213.68199202697724,0,0,True
vllm,cache-disabled,deepseek-ai/DeepSeek-R1-Distill-Llama-8B,3,4,5,218.08321110438555,0,0,True
vllm,cache-disabled,deepseek-ai/DeepSeek-R1-Distill-Llama-8B,3,4,6,214.94871703907847,0,0,True
vllm,cache-disabled,deepseek-ai/DeepSeek-R1-Distill-Llama-8B,3,4,7,759.351343032904,0,0,True
vllm,cache-disabled,deepseek-ai/DeepSeek-R1-Distill-Llama-8B,3,4,8,211.81996900122613,0,0,True
vllm,cache-disabled,deepseek-ai/DeepSeek-R1-Distill-Llama-8B,3,4,9,218.7512150267139,0,0,True
vllm,cache-disabled,deepseek-ai/DeepSeek-R1-Distill-Llama-8B,3,5,0,216.754358028993,6,6,True
vllm,cache-disabled,deepseek-ai/DeepSeek-R1-Distill-Llama-8B,3,5,1,756.4452509395778,6,6,True
vllm,cache-disabled,deepseek-ai/DeepSeek-R1-Distill-Llama-8B,3,5,2,215.14329500496387,6,6,True
vllm,cache-disabled,deepseek-ai/DeepSeek-R1-Distill-Llama-8B,3,5,3,211.7595839081332,6,6,True
vllm,cache-disabled,deepseek-ai/DeepSeek-R1-Distill-Llama-8B,3,5,4,217.35292009543628,6,6,True
vllm,cache-disabled,deepseek-ai/DeepSeek-R1-Distill-Llama-8B,3,5,5,774.5825649471954,6,6,True
vllm,cache-disabled,deepseek-ai/DeepSeek-R1-Distill-Llama-8B,3,5,6,192.18921102583408,6,6,True
vllm,cache-disabled,deepseek-ai/DeepSeek-R1-Distill-Llama-8B,3,5,7,210.43810690753162,6,6,True
vllm,cache-disabled,deepseek-ai/DeepSeek-R1-Distill-Llama-8B,3,5,8,215.0518390117213,6,6,True
vllm,cache-disabled,deepseek-ai/DeepSeek-R1-Distill-Llama-8B,3,5,9,796.6320210834965,6,6,True
vllm,cache-disabled,deepseek-ai/DeepSeek-R1-Distill-Llama-8B,4,0,0,212.88559003733099,2,3,False
vllm,cache-disabled,deepseek-ai/DeepSeek-R1-Distill-Llama-8B,4,0,1,223.37718808557838,2,3,False
vllm,cache-disabled,deepseek-ai/DeepSeek-R1-Distill-Llama-8B,4,0,2,762.1163190342486,2,3,False
vllm,cache-disabled,deepseek-ai/DeepSeek-R1-Distill-Llama-8B,4,0,3,202.55124103277922,2,3,False
vllm,cache-disabled,deepseek-ai/DeepSeek-R1-Distill-Llama-8B,4,0,4,220.10415000841022,2,3,False
vllm,cache-disabled,deepseek-ai/DeepSeek-R1-Distill-Llama-8B,4,0,5,217.98238100018352,2,3,False
vllm,cache-disabled,deepseek-ai/DeepSeek-R1-Distill-Llama-8B,4,0,6,769.3278240039945,2,3,False
vllm,cache-disabled,deepseek-ai/DeepSeek-R1-Distill-Llama-8B,4,0,7,209.96618492063135,2,3,False
vllm,cache-disabled,deepseek-ai/DeepSeek-R1-Distill-Llama-8B,4,0,8,220.16347793396562,2,3,False
vllm,cache-disabled,deepseek-ai/DeepSeek-R1-Distill-Llama-8B,4,0,9,216.74680698197335,2,3,False
vllm,cache-disabled,deepseek-ai/DeepSeek-R1-Distill-Llama-8B,4,1,0,763.3199270348996,8,6,False
vllm,cache-disabled,deepseek-ai/DeepSeek-R1-Distill-Llama-8B,4,1,1,214.3103330163285,8,6,False
vllm,cache-disabled,deepseek-ai/DeepSeek-R1-Distill-Llama-8B,4,1,2,212.87071099504828,8,6,False
vllm,cache-disabled,deepseek-ai/DeepSeek-R1-Distill-Llama-8B,4,1,3,217.2557219164446,8,6,False
vllm,cache-disabled,deepseek-ai/DeepSeek-R1-Distill-Llama-8B,4,1,4,765.651921974495,8,6,False
vllm,cache-disabled,deepseek-ai/DeepSeek-R1-Distill-Llama-8B,4,1,5,210.09916299954057,8,6,False
vllm,cache-disabled,deepseek-ai/DeepSeek-R1-Distill-Llama-8B,4,1,6,210.07492300122976,8,6,False
vllm,cache-disabled,deepseek-ai/DeepSeek-R1-Distill-Llama-8B,4,1,7,215.5337140429765,8,6,False
vllm,cache-disabled,deepseek-ai/DeepSeek-R1-Distill-Llama-8B,4,1,8,756.40543398913,8,6,False
vllm,cache-disabled,deepseek-ai/DeepSeek-R1-Distill-Llama-8B,4,1,9,214.0277560101822,8,6,False
vllm,cache-disabled,deepseek-ai/DeepSeek-R1-Distill-Llama-8B,4,2,0,209.35725595336407,1,7,False
vllm,cache-disabled,deepseek-ai/DeepSeek-R1-Distill-Llama-8B,4,2,1,216.84588096104562,1,7,False
vllm,cache-disabled,deepseek-ai/DeepSeek-R1-Distill-Llama-8B,4,2,2,775.6196160335094,1,7,False
vllm,cache-disabled,deepseek-ai/DeepSeek-R1-Distill-Llama-8B,4,2,3,202.82970694825053,1,7,False
vllm,cache-disabled,deepseek-ai/DeepSeek-R1-Distill-Llama-8B,4,2,4,220.25911207310855,1,7,False
vllm,cache-disabled,deepseek-ai/DeepSeek-R1-Distill-Llama-8B,4,2,5,217.12465002201498,1,7,False
vllm,cache-disabled,deepseek-ai/DeepSeek-R1-Distill-Llama-8B,4,2,6,778.693855041638,1,7,False
vllm,cache-disabled,deepseek-ai/DeepSeek-R1-Distill-Llama-8B,4,2,7,199.6050210436806,1,7,False
vllm,cache-disabled,deepseek-ai/DeepSeek-R1-Distill-Llama-8B,4,2,8,220.30634398106486,1,7,False
vllm,cache-disabled,deepseek-ai/DeepSeek-R1-Distill-Llama-8B,4,2,9,218.65825704298913,1,7,False
vllm,cache-disabled,deepseek-ai/DeepSeek-R1-Distill-Llama-8B,4,3,0,760.4734560009092,5,5,True
vllm,cache-disabled,deepseek-ai/DeepSeek-R1-Distill-Llama-8B,4,3,1,215.50000400748104,5,5,True
vllm,cache-disabled,deepseek-ai/DeepSeek-R1-Distill-Llama-8B,4,3,2,212.63896697200835,5,5,True
vllm,cache-disabled,deepseek-ai/DeepSeek-R1-Distill-Llama-8B,4,3,3,214.49988707900047,5,5,True
vllm,cache-disabled,deepseek-ai/DeepSeek-R1-Distill-Llama-8B,4,3,4,768.5644839657471,5,5,True
vllm,cache-disabled,deepseek-ai/DeepSeek-R1-Distill-Llama-8B,4,3,5,203.49190302658826,5,5,True
vllm,cache-disabled,deepseek-ai/DeepSeek-R1-Distill-Llama-8B,4,3,6,211.24883298762143,5,5,True
vllm,cache-disabled,deepseek-ai/DeepSeek-R1-Distill-Llama-8B,4,3,7,216.4434960577637,5,5,True
vllm,cache-disabled,deepseek-ai/DeepSeek-R1-Distill-Llama-8B,4,3,8,771.6667539207265,5,5,True
vllm,cache-disabled,deepseek-ai/DeepSeek-R1-Distill-Llama-8B,4,3,9,211.68971504084766,5,5,True
vllm,cache-disabled,deepseek-ai/DeepSeek-R1-Distill-Llama-8B,4,4,0,209.57881002686918,4,0,False
vllm,cache-disabled,deepseek-ai/DeepSeek-R1-Distill-Llama-8B,4,4,1,221.56459093093872,4,0,False
vllm,cache-disabled,deepseek-ai/DeepSeek-R1-Distill-Llama-8B,4,4,2,768.3899089461192,4,0,False
vllm,cache-disabled,deepseek-ai/DeepSeek-R1-Distill-Llama-8B,4,4,3,214.31171102449298,4,0,False
vllm,cache-disabled,deepseek-ai/DeepSeek-R1-Distill-Llama-8B,4,4,4,210.01634804997593,4,0,False
vllm,cache-disabled,deepseek-ai/DeepSeek-R1-Distill-Llama-8B,4,4,5,215.17760294955224,4,0,False
vllm,cache-disabled,deepseek-ai/DeepSeek-R1-Distill-Llama-8B,4,4,6,759.8501440370455,4,0,False
vllm,cache-disabled,deepseek-ai/DeepSeek-R1-Distill-Llama-8B,4,4,7,209.97553202323616,4,0,False
vllm,cache-disabled,deepseek-ai/DeepSeek-R1-Distill-Llama-8B,4,4,8,220.9544440265745,4,0,False
vllm,cache-disabled,deepseek-ai/DeepSeek-R1-Distill-Llama-8B,4,4,9,218.47014594823122,4,0,False
vllm,cache-disabled,deepseek-ai/DeepSeek-R1-Distill-Llama-8B,4,5,0,743.3916080044582,0,5,False
vllm,cache-disabled,deepseek-ai/DeepSeek-R1-Distill-Llama-8B,4,5,1,215.1963229989633,0,5,False
vllm,cache-disabled,deepseek-ai/DeepSeek-R1-Distill-Llama-8B,4,5,2,210.3381420020014,0,5,False
vllm,cache-disabled,deepseek-ai/DeepSeek-R1-Distill-Llama-8B,4,5,3,219.09805305767804,0,5,False
vllm,cache-disabled,deepseek-ai/DeepSeek-R1-Distill-Llama-8B,4,5,4,762.0744759915397,0,5,False
vllm,cache-disabled,deepseek-ai/DeepSeek-R1-Distill-Llama-8B,4,5,5,206.76028600428253,0,5,False
vllm,cache-disabled,deepseek-ai/DeepSeek-R1-Distill-Llama-8B,4,5,6,211.865718010813,0,5,False
vllm,cache-disabled,deepseek-ai/DeepSeek-R1-Distill-Llama-8B,4,5,7,216.8964269803837,0,5,False
vllm,cache-disabled,deepseek-ai/DeepSeek-R1-Distill-Llama-8B,4,5,8,768.6540250433609,0,5,False
vllm,cache-disabled,deepseek-ai/DeepSeek-R1-Distill-Llama-8B,4,5,9,212.9620260093361,0,5,False
vllm,cache-disabled,deepseek-ai/DeepSeek-R1-Distill-Llama-8B,5,0,0,221.97832202073187,8,8,True
vllm,cache-disabled,deepseek-ai/DeepSeek-R1-Distill-Llama-8B,5,0,1,770.8960369927809,8,8,True
vllm,cache-disabled,deepseek-ai/DeepSeek-R1-Distill-Llama-8B,5,0,2,211.96135005448014,8,8,True
vllm,cache-disabled,deepseek-ai/DeepSeek-R1-Distill-Llama-8B,5,0,3,220.85964505095035,8,8,True
vllm,cache-disabled,deepseek-ai/DeepSeek-R1-Distill-Llama-8B,5,0,4,216.4635939989239,8,8,True
vllm,cache-disabled,deepseek-ai/DeepSeek-R1-Distill-Llama-8B,5,0,5,765.9372159978375,8,8,True
vllm,cache-disabled,deepseek-ai/DeepSeek-R1-Distill-Llama-8B,5,0,6,209.3516259919852,8,8,True
vllm,cache-disabled,deepseek-ai/DeepSeek-R1-Distill-Llama-8B,5,0,7,220.26785102207214,8,8,True
vllm,cache-disabled,deepseek-ai/DeepSeek-R1-Distill-Llama-8B,5,0,8,207.01491204090416,8,8,True
vllm,cache-disabled,deepseek-ai/DeepSeek-R1-Distill-Llama-8B,5,0,9,760.1753680501133,8,8,True
vllm,cache-disabled,deepseek-ai/DeepSeek-R1-Distill-Llama-8B,5,1,0,216.8480110121891,7,4,False
vllm,cache-disabled,deepseek-ai/DeepSeek-R1-Distill-Llama-8B,5,1,1,210.66176099702716,7,4,False
vllm,cache-disabled,deepseek-ai/DeepSeek-R1-Distill-Llama-8B,5,1,2,215.25859693065286,7,4,False
vllm,cache-disabled,deepseek-ai/DeepSeek-R1-Distill-Llama-8B,5,1,3,778.6021210486069,7,4,False
vllm,cache-disabled,deepseek-ai/DeepSeek-R1-Distill-Llama-8B,5,1,4,201.35399198625237,7,4,False
vllm,cache-disabled,deepseek-ai/DeepSeek-R1-Distill-Llama-8B,5,1,5,211.56296494882554,7,4,False
vllm,cache-disabled,deepseek-ai/DeepSeek-R1-Distill-Llama-8B,5,1,6,214.2327050678432,7,4,False
vllm,cache-disabled,deepseek-ai/DeepSeek-R1-Distill-Llama-8B,5,1,7,751.7039079684764,7,4,False
vllm,cache-disabled,deepseek-ai/DeepSeek-R1-Distill-Llama-8B,5,1,8,211.75947797019035,7,4,False
vllm,cache-disabled,deepseek-ai/DeepSeek-R1-Distill-Llama-8B,5,1,9,214.10945698153228,7,4,False
vllm,cache-disabled,deepseek-ai/DeepSeek-R1-Distill-Llama-8B,5,2,0,216.30543400533497,0,8,False
vllm,cache-disabled,deepseek-ai/DeepSeek-R1-Distill-Llama-8B,5,2,1,762.71816494409,0,8,False
vllm,cache-disabled,deepseek-ai/DeepSeek-R1-Distill-Llama-8B,5,2,2,212.74463401641697,0,8,False
vllm,cache-disabled,deepseek-ai/DeepSeek-R1-Distill-Llama-8B,5,2,3,219.8510819580406,0,8,False
vllm,cache-disabled,deepseek-ai/DeepSeek-R1-Distill-Llama-8B,5,2,4,213.2691330043599,0,8,False
vllm,cache-disabled,deepseek-ai/DeepSeek-R1-Distill-Llama-8B,5,2,5,213.11350096948445,0,8,False
vllm,cache-disabled,deepseek-ai/DeepSeek-R1-Distill-Llama-8B,5,2,6,215.95338499173522,0,8,False
vllm,cache-disabled,deepseek-ai/DeepSeek-R1-Distill-Llama-8B,5,2,7,857.3582159588113,0,8,False
vllm,cache-disabled,deepseek-ai/DeepSeek-R1-Distill-Llama-8B,5,2,8,199.99329803977162,0,8,False
vllm,cache-disabled,deepseek-ai/DeepSeek-R1-Distill-Llama-8B,5,2,9,212.39145006984472,0,8,False
vllm,cache-disabled,deepseek-ai/DeepSeek-R1-Distill-Llama-8B,5,3,0,792.6688910229132,1,1,True
vllm,cache-disabled,deepseek-ai/DeepSeek-R1-Distill-Llama-8B,5,3,1,208.2255920395255,1,1,True
vllm,cache-disabled,deepseek-ai/DeepSeek-R1-Distill-Llama-8B,5,3,2,209.39910097513348,1,1,True
vllm,cache-disabled,deepseek-ai/DeepSeek-R1-Distill-Llama-8B,5,3,3,219.7625059634447,1,1,True
vllm,cache-disabled,deepseek-ai/DeepSeek-R1-Distill-Llama-8B,5,3,4,762.0228849118575,1,1,True
vllm,cache-disabled,deepseek-ai/DeepSeek-R1-Distill-Llama-8B,5,3,5,216.07408998534083,1,1,True
vllm,cache-disabled,deepseek-ai/DeepSeek-R1-Distill-Llama-8B,5,3,6,221.41072200611234,1,1,True
vllm,cache-disabled,deepseek-ai/DeepSeek-R1-Distill-Llama-8B,5,3,7,781.8027649773285,1,1,True
vllm,cache-disabled,deepseek-ai/DeepSeek-R1-Distill-Llama-8B,5,3,8,570.6773359561339,1,1,True
vllm,cache-disabled,deepseek-ai/DeepSeek-R1-Distill-Llama-8B,5,3,9,399.9490300193429,1,1,True
vllm,cache-disabled,deepseek-ai/DeepSeek-R1-Distill-Llama-8B,5,4,0,219.79457105044276,4,2,False
vllm,cache-disabled,deepseek-ai/DeepSeek-R1-Distill-Llama-8B,5,4,1,215.06024594418705,4,2,False
vllm,cache-disabled,deepseek-ai/DeepSeek-R1-Distill-Llama-8B,5,4,2,211.3942779833451,4,2,False
vllm,cache-disabled,deepseek-ai/DeepSeek-R1-Distill-Llama-8B,5,4,3,596.8110370449722,4,2,False
vllm,cache-disabled,deepseek-ai/DeepSeek-R1-Distill-Llama-8B,5,4,4,394.5555998943746,4,2,False
vllm,cache-disabled,deepseek-ai/DeepSeek-R1-Distill-Llama-8B,5,4,5,214.6449489519,4,2,False
vllm,cache-disabled,deepseek-ai/DeepSeek-R1-Distill-Llama-8B,5,4,6,220.47422302421182,4,2,False
vllm,cache-disabled,deepseek-ai/DeepSeek-R1-Distill-Llama-8B,5,4,7,214.02270602993667,4,2,False
vllm,cache-disabled,deepseek-ai/DeepSeek-R1-Distill-Llama-8B,5,4,8,213.8213450089097,4,2,False
vllm,cache-disabled,deepseek-ai/DeepSeek-R1-Distill-Llama-8B,5,4,9,772.3505339818075,4,2,False
vllm,cache-disabled,deepseek-ai/DeepSeek-R1-Distill-Llama-8B,5,5,0,205.88307094294578,3,6,False
vllm,cache-disabled,deepseek-ai/DeepSeek-R1-Distill-Llama-8B,5,5,1,213.43057591002434,3,6,False
vllm,cache-disabled,deepseek-ai/DeepSeek-R1-Distill-Llama-8B,5,5,2,209.20310099609196,3,6,False
vllm,cache-disabled,deepseek-ai/DeepSeek-R1-Distill-Llama-8B,5,5,3,213.91254605259746,3,6,False
vllm,cache-disabled,deepseek-ai/DeepSeek-R1-Distill-Llama-8B,5,5,4,219.16509803850204,3,6,False
vllm,cache-disabled,deepseek-ai/DeepSeek-R1-Distill-Llama-8B,5,5,5,767.5438899314031,3,6,False
vllm,cache-disabled,deepseek-ai/DeepSeek-R1-Distill-Llama-8B,5,5,6,204.24983103293926,3,6,False
vllm,cache-disabled,deepseek-ai/DeepSeek-R1-Distill-Llama-8B,5,5,7,590.1538740145043,3,6,False
vllm,cache-disabled,deepseek-ai/DeepSeek-R1-Distill-Llama-8B,5,5,8,380.5307709844783,3,6,False
vllm,cache-disabled,deepseek-ai/DeepSeek-R1-Distill-Llama-8B,5,5,9,213.96211406681687,3,6,False
vllm,cache-disabled,deepseek-ai/DeepSeek-R1-Distill-Llama-8B,6,0,0,214.48289998807013,2,9,False
vllm,cache-disabled,deepseek-ai/DeepSeek-R1-Distill-Llama-8B,6,0,1,212.2681550681591,2,9,False
vllm,cache-disabled,deepseek-ai/DeepSeek-R1-Distill-Llama-8B,6,0,2,220.52283200901002,2,9,False
vllm,cache-disabled,deepseek-ai/DeepSeek-R1-Distill-Llama-8B,6,0,3,835.0859829224646,2,9,False
vllm,cache-disabled,deepseek-ai/DeepSeek-R1-Distill-Llama-8B,6,0,4,206.23448095284402,2,9,False
vllm,cache-disabled,deepseek-ai/DeepSeek-R1-Distill-Llama-8B,6,0,5,219.1938819596544,2,9,False
vllm,cache-disabled,deepseek-ai/DeepSeek-R1-Distill-Llama-8B,6,0,6,212.9950540838763,2,9,False
vllm,cache-disabled,deepseek-ai/DeepSeek-R1-Distill-Llama-8B,6,0,7,216.9997119344771,2,9,False
vllm,cache-disabled,deepseek-ai/DeepSeek-R1-Distill-Llama-8B,6,0,8,829.9626969965175,2,9,False
vllm,cache-disabled,deepseek-ai/DeepSeek-R1-Distill-Llama-8B,6,0,9,197.50650599598885,2,9,False
vllm,cache-disabled,deepseek-ai/DeepSeek-R1-Distill-Llama-8B,6,1,0,212.86623808555305,3,5,False
vllm,cache-disabled,deepseek-ai/DeepSeek-R1-Distill-Llama-8B,6,1,1,213.39361695572734,3,5,False
vllm,cache-disabled,deepseek-ai/DeepSeek-R1-Distill-Llama-8B,6,1,2,219.97254202142358,3,5,False
vllm,cache-disabled,deepseek-ai/DeepSeek-R1-Distill-Llama-8B,6,1,3,210.1090099895373,3,5,False
vllm,cache-disabled,deepseek-ai/DeepSeek-R1-Distill-Llama-8B,6,1,4,774.7493339702487,3,5,False
vllm,cache-disabled,deepseek-ai/DeepSeek-R1-Distill-Llama-8B,6,1,5,203.39424500707537,3,5,False
vllm,cache-disabled,deepseek-ai/DeepSeek-R1-Distill-Llama-8B,6,1,6,214.70747899729759,3,5,False
vllm,cache-disabled,deepseek-ai/DeepSeek-R1-Distill-Llama-8B,6,1,7,762.802961980924,3,5,False
vllm,cache-disabled,deepseek-ai/DeepSeek-R1-Distill-Llama-8B,6,1,8,221.83603898156434,3,5,False
vllm,cache-disabled,deepseek-ai/DeepSeek-R1-Distill-Llama-8B,6,1,9,213.3980169892311,3,5,False
vllm,cache-disabled,deepseek-ai/DeepSeek-R1-Distill-Llama-8B,6,2,0,212.88251096848398,1,5,False
vllm,cache-disabled,deepseek-ai/DeepSeek-R1-Distill-Llama-8B,6,2,1,581.9068180862814,1,5,False
vllm,cache-disabled,deepseek-ai/DeepSeek-R1-Distill-Llama-8B,6,2,2,385.91687800362706,1,5,False
vllm,cache-disabled,deepseek-ai/DeepSeek-R1-Distill-Llama-8B,6,2,3,215.58881097007543,1,5,False
vllm,cache-disabled,deepseek-ai/DeepSeek-R1-Distill-Llama-8B,6,2,4,771.329642040655,1,5,False
vllm,cache-disabled,deepseek-ai/DeepSeek-R1-Distill-Llama-8B,6,2,5,206.8436680128798,1,5,False
vllm,cache-disabled,deepseek-ai/DeepSeek-R1-Distill-Llama-8B,6,2,6,213.6320499703288,1,5,False
vllm,cache-disabled,deepseek-ai/DeepSeek-R1-Distill-Llama-8B,6,2,7,214.717383030802,1,5,False
vllm,cache-disabled,deepseek-ai/DeepSeek-R1-Distill-Llama-8B,6,2,8,220.61262594070286,1,5,False
vllm,cache-disabled,deepseek-ai/DeepSeek-R1-Distill-Llama-8B,6,2,9,213.04937696550041,1,5,False
vllm,cache-disabled,deepseek-ai/DeepSeek-R1-Distill-Llama-8B,6,3,0,214.63816706091166,6,8,False
vllm,cache-disabled,deepseek-ai/DeepSeek-R1-Distill-Llama-8B,6,3,1,763.0977029912174,6,8,False
vllm,cache-disabled,deepseek-ai/DeepSeek-R1-Distill-Llama-8B,6,3,2,216.8099049013108,6,8,False
vllm,cache-disabled,deepseek-ai/DeepSeek-R1-Distill-Llama-8B,6,3,3,213.1994729861617,6,8,False
vllm,cache-disabled,deepseek-ai/DeepSeek-R1-Distill-Llama-8B,6,3,4,579.0131749818102,6,8,False
vllm,cache-disabled,deepseek-ai/DeepSeek-R1-Distill-Llama-8B,6,3,5,407.7149439835921,6,8,False
vllm,cache-disabled,deepseek-ai/DeepSeek-R1-Distill-Llama-8B,6,3,6,219.83806195203215,6,8,False
vllm,cache-disabled,deepseek-ai/DeepSeek-R1-Distill-Llama-8B,6,3,7,223.8754089921713,6,8,False
vllm,cache-disabled,deepseek-ai/DeepSeek-R1-Distill-Llama-8B,6,3,8,160.50279198680073,6,8,False
vllm,cache-disabled,deepseek-ai/DeepSeek-R1-Distill-Llama-8B,6,3,9,596.2021169252694,6,8,False
vllm,cache-disabled,deepseek-ai/DeepSeek-R1-Distill-Llama-8B,6,4,0,405.3180539049208,8,7,False
vllm,cache-disabled,deepseek-ai/DeepSeek-R1-Distill-Llama-8B,6,4,1,220.5815219786018,8,7,False
vllm,cache-disabled,deepseek-ai/DeepSeek-R1-Distill-Llama-8B,6,4,2,229.75764295551926,8,7,False
vllm,cache-disabled,deepseek-ai/DeepSeek-R1-Distill-Llama-8B,6,4,3,219.77684600278735,8,7,False
vllm,cache-disabled,deepseek-ai/DeepSeek-R1-Distill-Llama-8B,6,4,4,219.0651319688186,8,7,False
vllm,cache-disabled,deepseek-ai/DeepSeek-R1-Distill-Llama-8B,6,4,5,774.0913209272549,8,7,False
vllm,cache-disabled,deepseek-ai/DeepSeek-R1-Distill-Llama-8B,6,4,6,220.18561698496342,8,7,False
vllm,cache-disabled,deepseek-ai/DeepSeek-R1-Distill-Llama-8B,6,4,7,214.2459269380197,8,7,False
vllm,cache-disabled,deepseek-ai/DeepSeek-R1-Distill-Llama-8B,6,4,8,215.66910098772496,8,7,False
vllm,cache-disabled,deepseek-ai/DeepSeek-R1-Distill-Llama-8B,6,4,9,598.4008479863405,8,7,False
vllm,cache-disabled,deepseek-ai/DeepSeek-R1-Distill-Llama-8B,6,5,0,402.71357900928706,4,5,False
vllm,cache-disabled,deepseek-ai/DeepSeek-R1-Distill-Llama-8B,6,5,1,216.73284994903952,4,5,False
vllm,cache-disabled,deepseek-ai/DeepSeek-R1-Distill-Llama-8B,6,5,2,232.0811420213431,4,5,False
vllm,cache-disabled,deepseek-ai/DeepSeek-R1-Distill-Llama-8B,6,5,3,219.83974298927933,4,5,False
vllm,cache-disabled,deepseek-ai/DeepSeek-R1-Distill-Llama-8B,6,5,4,215.23991506546736,4,5,False
vllm,cache-disabled,deepseek-ai/DeepSeek-R1-Distill-Llama-8B,6,5,5,161.99550300370902,4,5,False
vllm,cache-disabled,deepseek-ai/DeepSeek-R1-Distill-Llama-8B,6,5,6,781.3900139881298,4,5,False
vllm,cache-disabled,deepseek-ai/DeepSeek-R1-Distill-Llama-8B,6,5,7,223.96793798543513,4,5,False
vllm,cache-disabled,deepseek-ai/DeepSeek-R1-Distill-Llama-8B,6,5,8,219.0657400060445,4,5,False
vllm,cache-disabled,deepseek-ai/DeepSeek-R1-Distill-Llama-8B,6,5,9,226.35510098189116,4,5,False
vllm,cache-disabled,deepseek-ai/DeepSeek-R1-Distill-Llama-8B,7,0,0,401.3050129869953,8,4,False
vllm,cache-disabled,deepseek-ai/DeepSeek-R1-Distill-Llama-8B,7,0,1,227.97547711525112,8,4,False
vllm,cache-disabled,deepseek-ai/DeepSeek-R1-Distill-Llama-8B,7,0,2,222.98364690504968,8,4,False
vllm,cache-disabled,deepseek-ai/DeepSeek-R1-Distill-Llama-8B,7,0,3,797.2347739851102,8,4,False
vllm,cache-disabled,deepseek-ai/DeepSeek-R1-Distill-Llama-8B,7,0,4,217.03725203406066,8,4,False
vllm,cache-disabled,deepseek-ai/DeepSeek-R1-Distill-Llama-8B,7,0,5,224.2433960782364,8,4,False
vllm,cache-disabled,deepseek-ai/DeepSeek-R1-Distill-Llama-8B,7,0,6,775.1701000379398,8,4,False
vllm,cache-disabled,deepseek-ai/DeepSeek-R1-Distill-Llama-8B,7,0,7,217.63648698106408,8,4,False
vllm,cache-disabled,deepseek-ai/DeepSeek-R1-Distill-Llama-8B,7,0,8,224.90339900832623,8,4,False
vllm,cache-disabled,deepseek-ai/DeepSeek-R1-Distill-Llama-8B,7,0,9,849.0796289406717,8,4,False
vllm,cache-disabled,deepseek-ai/DeepSeek-R1-Distill-Llama-8B,7,1,0,226.51953401509672,5,6,False
vllm,cache-disabled,deepseek-ai/DeepSeek-R1-Distill-Llama-8B,7,1,1,219.7177920024842,5,6,False
vllm,cache-disabled,deepseek-ai/DeepSeek-R1-Distill-Llama-8B,7,1,2,222.45617303997278,5,6,False
vllm,cache-disabled,deepseek-ai/DeepSeek-R1-Distill-Llama-8B,7,1,3,218.5224109562114,5,6,False
vllm,cache-disabled,deepseek-ai/DeepSeek-R1-Distill-Llama-8B,7,1,4,225.6936429766938,5,6,False
vllm,cache-disabled,deepseek-ai/DeepSeek-R1-Distill-Llama-8B,7,1,5,758.53858795017,5,6,False
vllm,cache-disabled,deepseek-ai/DeepSeek-R1-Distill-Llama-8B,7,1,6,217.30797400232404,5,6,False
vllm,cache-disabled,deepseek-ai/DeepSeek-R1-Distill-Llama-8B,7,1,7,222.31625206768513,5,6,False
vllm,cache-disabled,deepseek-ai/DeepSeek-R1-Distill-Llama-8B,7,1,8,218.24095398187637,5,6,False
vllm,cache-disabled,deepseek-ai/DeepSeek-R1-Distill-Llama-8B,7,1,9,225.28565709944814,5,6,False
vllm,cache-disabled,deepseek-ai/DeepSeek-R1-Distill-Llama-8B,7,2,0,754.6333860373124,3,3,True
vllm,cache-disabled,deepseek-ai/DeepSeek-R1-Distill-Llama-8B,7,2,1,223.85461197700351,3,3,True
vllm,cache-disabled,deepseek-ai/DeepSeek-R1-Distill-Llama-8B,7,2,2,219.52529600821435,3,3,True
vllm,cache-disabled,deepseek-ai/DeepSeek-R1-Distill-Llama-8B,7,2,3,212.99448399804533,3,3,True
vllm,cache-disabled,deepseek-ai/DeepSeek-R1-Distill-Llama-8B,7,2,4,231.57826205715537,3,3,True
vllm,cache-disabled,deepseek-ai/DeepSeek-R1-Distill-Llama-8B,7,2,5,591.3242619717494,3,3,True
vllm,cache-disabled,deepseek-ai/DeepSeek-R1-Distill-Llama-8B,7,2,6,397.68008899409324,3,3,True
vllm,cache-disabled,deepseek-ai/DeepSeek-R1-Distill-Llama-8B,7,2,7,221.9729230273515,3,3,True
vllm,cache-disabled,deepseek-ai/DeepSeek-R1-Distill-Llama-8B,7,2,8,788.5061800479889,3,3,True
vllm,cache-disabled,deepseek-ai/DeepSeek-R1-Distill-Llama-8B,7,2,9,217.61095302645117,3,3,True
vllm,cache-disabled,deepseek-ai/DeepSeek-R1-Distill-Llama-8B,7,3,0,216.23480203561485,3,3,True
vllm,cache-disabled,deepseek-ai/DeepSeek-R1-Distill-Llama-8B,7,3,1,224.07518897671252,3,3,True
vllm,cache-disabled,deepseek-ai/DeepSeek-R1-Distill-Llama-8B,7,3,2,219.85307394061238,3,3,True
vllm,cache-disabled,deepseek-ai/DeepSeek-R1-Distill-Llama-8B,7,3,3,211.32730797398835,3,3,True
vllm,cache-disabled,deepseek-ai/DeepSeek-R1-Distill-Llama-8B,7,3,4,232.73865203373134,3,3,True
vllm,cache-disabled,deepseek-ai/DeepSeek-R1-Distill-Llama-8B,7,3,5,776.8681299639866,3,3,True
vllm,cache-disabled,deepseek-ai/DeepSeek-R1-Distill-Llama-8B,7,3,6,219.1248789895326,3,3,True
vllm,cache-disabled,deepseek-ai/DeepSeek-R1-Distill-Llama-8B,7,3,7,219.84505793079734,3,3,True
vllm,cache-disabled,deepseek-ai/DeepSeek-R1-Distill-Llama-8B,7,3,8,226.9878580700606,3,3,True
vllm,cache-disabled,deepseek-ai/DeepSeek-R1-Distill-Llama-8B,7,3,9,754.8093600198627,3,3,True
vllm,cache-disabled,deepseek-ai/DeepSeek-R1-Distill-Llama-8B,7,4,0,219.779362087138,0,2,False
vllm,cache-disabled,deepseek-ai/DeepSeek-R1-Distill-Llama-8B,7,4,1,776.7109640408307,0,2,False
vllm,cache-disabled,deepseek-ai/DeepSeek-R1-Distill-Llama-8B,7,4,2,218.0995469680056,0,2,False
vllm,cache-disabled,deepseek-ai/DeepSeek-R1-Distill-Llama-8B,7,4,3,219.19259196147323,0,2,False
vllm,cache-disabled,deepseek-ai/DeepSeek-R1-Distill-Llama-8B,7,4,4,229.599165963009,0,2,False
vllm,cache-disabled,deepseek-ai/DeepSeek-R1-Distill-Llama-8B,7,4,5,220.49597394652665,0,2,False
vllm,cache-disabled,deepseek-ai/DeepSeek-R1-Distill-Llama-8B,7,4,6,220.6536700250581,0,2,False
vllm,cache-disabled,deepseek-ai/DeepSeek-R1-Distill-Llama-8B,7,4,7,590.9788410644978,0,2,False
vllm,cache-disabled,deepseek-ai/DeepSeek-R1-Distill-Llama-8B,7,4,8,438.3069759933278,0,2,False
vllm,cache-disabled,deepseek-ai/DeepSeek-R1-Distill-Llama-8B,7,4,9,226.27835208550096,0,2,False
vllm,cache-disabled,deepseek-ai/DeepSeek-R1-Distill-Llama-8B,7,5,0,222.9071049951017,1,5,False
vllm,cache-disabled,deepseek-ai/DeepSeek-R1-Distill-Llama-8B,7,5,1,219.22248089686036,1,5,False
vllm,cache-disabled,deepseek-ai/DeepSeek-R1-Distill-Llama-8B,7,5,2,219.93269200902432,1,5,False
vllm,cache-disabled,deepseek-ai/DeepSeek-R1-Distill-Llama-8B,7,5,3,223.5833799932152,1,5,False
vllm,cache-disabled,deepseek-ai/DeepSeek-R1-Distill-Llama-8B,7,5,4,770.1438650256023,1,5,False
vllm,cache-disabled,deepseek-ai/DeepSeek-R1-Distill-Llama-8B,7,5,5,217.5588411046192,1,5,False
vllm,cache-disabled,deepseek-ai/DeepSeek-R1-Distill-Llama-8B,7,5,6,220.0977640459314,1,5,False
vllm,cache-disabled,deepseek-ai/DeepSeek-R1-Distill-Llama-8B,7,5,7,217.80745103023946,1,5,False
vllm,cache-disabled,deepseek-ai/DeepSeek-R1-Distill-Llama-8B,7,5,8,226.94038797635585,1,5,False
vllm,cache-disabled,deepseek-ai/DeepSeek-R1-Distill-Llama-8B,7,5,9,222.98537800088525,1,5,False
vllm,cache-disabled,deepseek-ai/DeepSeek-R1-Distill-Llama-8B,8,0,0,155.88589501567185,3,3,True
vllm,cache-disabled,deepseek-ai/DeepSeek-R1-Distill-Llama-8B,8,0,1,154.7437619883567,3,3,True
vllm,cache-disabled,deepseek-ai/DeepSeek-R1-Distill-Llama-8B,8,0,2,152.82706602010876,3,3,True
vllm,cache-disabled,deepseek-ai/DeepSeek-R1-Distill-Llama-8B,8,0,3,146.86009497381747,3,3,True
vllm,cache-disabled,deepseek-ai/DeepSeek-R1-Distill-Llama-8B,8,0,4,155.08289902936667,3,3,True
vllm,cache-disabled,deepseek-ai/DeepSeek-R1-Distill-Llama-8B,8,0,5,156.44306503236294,3,3,True
vllm,cache-disabled,deepseek-ai/DeepSeek-R1-Distill-Llama-8B,8,0,6,153.78290903754532,3,3,True
vllm,cache-disabled,deepseek-ai/DeepSeek-R1-Distill-Llama-8B,8,0,7,154.11335905082524,3,3,True
vllm,cache-disabled,deepseek-ai/DeepSeek-R1-Distill-Llama-8B,8,0,8,154.68892909120768,3,3,True
vllm,cache-disabled,deepseek-ai/DeepSeek-R1-Distill-Llama-8B,8,0,9,154.2660950217396,3,3,True
vllm,cache-disabled,deepseek-ai/DeepSeek-R1-Distill-Llama-8B,8,1,0,153.89372606296092,8,8,True
vllm,cache-disabled,deepseek-ai/DeepSeek-R1-Distill-Llama-8B,8,1,1,154.34609598014504,8,8,True
vllm,cache-disabled,deepseek-ai/DeepSeek-R1-Distill-Llama-8B,8,1,2,149.9005879741162,8,8,True
vllm,cache-disabled,deepseek-ai/DeepSeek-R1-Distill-Llama-8B,8,1,3,153.77411001827568,8,8,True
vllm,cache-disabled,deepseek-ai/DeepSeek-R1-Distill-Llama-8B,8,1,4,155.29597294516861,8,8,True
vllm,cache-disabled,deepseek-ai/DeepSeek-R1-Distill-Llama-8B,8,1,5,156.40300104860216,8,8,True
vllm,cache-disabled,deepseek-ai/DeepSeek-R1-Distill-Llama-8B,8,1,6,154.48273706715554,8,8,True
vllm,cache-disabled,deepseek-ai/DeepSeek-R1-Distill-Llama-8B,8,1,7,151.28573100082576,8,8,True
vllm,cache-disabled,deepseek-ai/DeepSeek-R1-Distill-Llama-8B,8,1,8,147.6982580497861,8,8,True
vllm,cache-disabled,deepseek-ai/DeepSeek-R1-Distill-Llama-8B,8,1,9,154.7954099951312,8,8,True
vllm,cache-disabled,deepseek-ai/DeepSeek-R1-Distill-Llama-8B,8,2,0,154.5842420309782,3,3,True
vllm,cache-disabled,deepseek-ai/DeepSeek-R1-Distill-Llama-8B,8,2,1,153.58745295088738,3,3,True
vllm,cache-disabled,deepseek-ai/DeepSeek-R1-Distill-Llama-8B,8,2,2,154.88358703441918,3,3,True
vllm,cache-disabled,deepseek-ai/DeepSeek-R1-Distill-Llama-8B,8,2,3,148.89714505989105,3,3,True
vllm,cache-disabled,deepseek-ai/DeepSeek-R1-Distill-Llama-8B,8,2,4,154.56337691284716,3,3,True
vllm,cache-disabled,deepseek-ai/DeepSeek-R1-Distill-Llama-8B,8,2,5,152.99404202960432,3,3,True
vllm,cache-disabled,deepseek-ai/DeepSeek-R1-Distill-Llama-8B,8,2,6,154.94822803884745,3,3,True
vllm,cache-disabled,deepseek-ai/DeepSeek-R1-Distill-Llama-8B,8,2,7,155.62959003727883,3,3,True
vllm,cache-disabled,deepseek-ai/DeepSeek-R1-Distill-Llama-8B,8,2,8,153.82910298649222,3,3,True
vllm,cache-disabled,deepseek-ai/DeepSeek-R1-Distill-Llama-8B,8,2,9,167.92378900572658,3,3,True
vllm,cache-disabled,deepseek-ai/DeepSeek-R1-Distill-Llama-8B,8,3,0,216.2218439625576,0,7,False
vllm,cache-disabled,deepseek-ai/DeepSeek-R1-Distill-Llama-8B,8,3,1,219.06446502543986,0,7,False
vllm,cache-disabled,deepseek-ai/DeepSeek-R1-Distill-Llama-8B,8,3,2,224.4708409998566,0,7,False
vllm,cache-disabled,deepseek-ai/DeepSeek-R1-Distill-Llama-8B,8,3,3,219.62176403030753,0,7,False
vllm,cache-disabled,deepseek-ai/DeepSeek-R1-Distill-Llama-8B,8,3,4,757.985204923898,0,7,False
vllm,cache-disabled,deepseek-ai/DeepSeek-R1-Distill-Llama-8B,8,3,5,214.88129498902708,0,7,False
vllm,cache-disabled,deepseek-ai/DeepSeek-R1-Distill-Llama-8B,8,3,6,232.37577301915735,0,7,False
vllm,cache-disabled,deepseek-ai/DeepSeek-R1-Distill-Llama-8B,8,3,7,214.64918192941695,0,7,False
vllm,cache-disabled,deepseek-ai/DeepSeek-R1-Distill-Llama-8B,8,3,8,219.02678499463946,0,7,False
vllm,cache-disabled,deepseek-ai/DeepSeek-R1-Distill-Llama-8B,8,3,9,768.0629150709137,0,7,False
vllm,cache-disabled,deepseek-ai/DeepSeek-R1-Distill-Llama-8B,8,4,0,222.55369706545025,5,8,False
vllm,cache-disabled,deepseek-ai/DeepSeek-R1-Distill-Llama-8B,8,4,1,225.32174200750887,5,8,False
vllm,cache-disabled,deepseek-ai/DeepSeek-R1-Distill-Llama-8B,8,4,2,229.52966496814042,5,8,False
vllm,cache-disabled,deepseek-ai/DeepSeek-R1-Distill-Llama-8B,8,4,3,219.54442001879215,5,8,False
vllm,cache-disabled,deepseek-ai/DeepSeek-R1-Distill-Llama-8B,8,4,4,594.4199649384245,5,8,False
vllm,cache-disabled,deepseek-ai/DeepSeek-R1-Distill-Llama-8B,8,4,5,390.63038397580385,5,8,False
vllm,cache-disabled,deepseek-ai/DeepSeek-R1-Distill-Llama-8B,8,4,6,235.3034180123359,5,8,False
vllm,cache-disabled,deepseek-ai/DeepSeek-R1-Distill-Llama-8B,8,4,7,771.6004060348496,5,8,False
vllm,cache-disabled,deepseek-ai/DeepSeek-R1-Distill-Llama-8B,8,4,8,216.25583001878113,5,8,False
vllm,cache-disabled,deepseek-ai/DeepSeek-R1-Distill-Llama-8B,8,4,9,224.21260189730674,5,8,False
vllm,cache-disabled,deepseek-ai/DeepSeek-R1-Distill-Llama-8B,8,5,0,221.82124701794237,6,4,False
vllm,cache-disabled,deepseek-ai/DeepSeek-R1-Distill-Llama-8B,8,5,1,771.1021639406681,6,4,False
vllm,cache-disabled,deepseek-ai/DeepSeek-R1-Distill-Llama-8B,8,5,2,245.17060001380742,6,4,False
vllm,cache-disabled,deepseek-ai/DeepSeek-R1-Distill-Llama-8B,8,5,3,228.45575609244406,6,4,False
vllm,cache-disabled,deepseek-ai/DeepSeek-R1-Distill-Llama-8B,8,5,4,220.4622010467574,6,4,False
vllm,cache-disabled,deepseek-ai/DeepSeek-R1-Distill-Llama-8B,8,5,5,223.6782320542261,6,4,False
vllm,cache-disabled,deepseek-ai/DeepSeek-R1-Distill-Llama-8B,8,5,6,226.37363604735583,6,4,False
vllm,cache-disabled,deepseek-ai/DeepSeek-R1-Distill-Llama-8B,8,5,7,773.6940169706941,6,4,False
vllm,cache-disabled,deepseek-ai/DeepSeek-R1-Distill-Llama-8B,8,5,8,224.85749993938953,6,4,False
vllm,cache-disabled,deepseek-ai/DeepSeek-R1-Distill-Llama-8B,8,5,9,231.81853990536183,6,4,False
vllm,cache-disabled,deepseek-ai/DeepSeek-R1-Distill-Llama-8B,9,0,0,839.997578994371,8,7,False
vllm,cache-disabled,deepseek-ai/DeepSeek-R1-Distill-Llama-8B,9,0,1,220.50172195304185,8,7,False
vllm,cache-disabled,deepseek-ai/DeepSeek-R1-Distill-Llama-8B,9,0,2,220.76599404681474,8,7,False
vllm,cache-disabled,deepseek-ai/DeepSeek-R1-Distill-Llama-8B,9,0,3,223.54575095232576,8,7,False
vllm,cache-disabled,deepseek-ai/DeepSeek-R1-Distill-Llama-8B,9,0,4,215.09504201821983,8,7,False
vllm,cache-disabled,deepseek-ai/DeepSeek-R1-Distill-Llama-8B,9,0,5,592.5624719820917,8,7,False
vllm,cache-disabled,deepseek-ai/DeepSeek-R1-Distill-Llama-8B,9,0,6,407.0632910588756,8,7,False
vllm,cache-disabled,deepseek-ai/DeepSeek-R1-Distill-Llama-8B,9,0,7,213.24266504961997,8,7,False
vllm,cache-disabled,deepseek-ai/DeepSeek-R1-Distill-Llama-8B,9,0,8,227.8787309769541,8,7,False
vllm,cache-disabled,deepseek-ai/DeepSeek-R1-Distill-Llama-8B,9,0,9,221.04477998800576,8,7,False
vllm,cache-disabled,deepseek-ai/DeepSeek-R1-Distill-Llama-8B,9,1,0,228.4218049608171,7,9,False
vllm,cache-disabled,deepseek-ai/DeepSeek-R1-Distill-Llama-8B,9,1,1,813.0657800938934,7,9,False
vllm,cache-disabled,deepseek-ai/DeepSeek-R1-Distill-Llama-8B,9,1,2,218.84603495709598,7,9,False
vllm,cache-disabled,deepseek-ai/DeepSeek-R1-Distill-Llama-8B,9,1,3,221.912752953358,7,9,False
vllm,cache-disabled,deepseek-ai/DeepSeek-R1-Distill-Llama-8B,9,1,4,227.1027279784903,7,9,False
vllm,cache-disabled,deepseek-ai/DeepSeek-R1-Distill-Llama-8B,9,1,5,233.96219906862825,7,9,False
vllm,cache-disabled,deepseek-ai/DeepSeek-R1-Distill-Llama-8B,9,1,6,226.55830904841423,7,9,False
vllm,cache-disabled,deepseek-ai/DeepSeek-R1-Distill-Llama-8B,9,1,7,751.010608044453,7,9,False
vllm,cache-disabled,deepseek-ai/DeepSeek-R1-Distill-Llama-8B,9,1,8,235.80057499930263,7,9,False
vllm,cache-disabled,deepseek-ai/DeepSeek-R1-Distill-Llama-8B,9,1,9,217.70836599171162,7,9,False
vllm,cache-disabled,deepseek-ai/DeepSeek-R1-Distill-Llama-8B,9,2,0,226.85776697471738,2,7,False
vllm,cache-disabled,deepseek-ai/DeepSeek-R1-Distill-Llama-8B,9,2,1,756.6100410185754,2,7,False
vllm,cache-disabled,deepseek-ai/DeepSeek-R1-Distill-Llama-8B,9,2,2,215.30016395263374,2,7,False
vllm,cache-disabled,deepseek-ai/DeepSeek-R1-Distill-Llama-8B,9,2,3,221.3459189515561,2,7,False
vllm,cache-disabled,deepseek-ai/DeepSeek-R1-Distill-Llama-8B,9,2,4,225.89709097519517,2,7,False
vllm,cache-disabled,deepseek-ai/DeepSeek-R1-Distill-Llama-8B,9,2,5,234.95041101705283,2,7,False
vllm,cache-disabled,deepseek-ai/DeepSeek-R1-Distill-Llama-8B,9,2,6,773.7605669535697,2,7,False
vllm,cache-disabled,deepseek-ai/DeepSeek-R1-Distill-Llama-8B,9,2,7,210.0792450364679,2,7,False
vllm,cache-disabled,deepseek-ai/DeepSeek-R1-Distill-Llama-8B,9,2,8,235.4559819214046,2,7,False
vllm,cache-disabled,deepseek-ai/DeepSeek-R1-Distill-Llama-8B,9,2,9,221.40425501856953,2,7,False
vllm,cache-disabled,deepseek-ai/DeepSeek-R1-Distill-Llama-8B,9,3,0,230.45951104722917,2,2,True
vllm,cache-disabled,deepseek-ai/DeepSeek-R1-Distill-Llama-8B,9,3,1,799.1338489810005,2,2,True
vllm,cache-disabled,deepseek-ai/DeepSeek-R1-Distill-Llama-8B,9,3,2,210.33167804125696,2,2,True
vllm,cache-disabled,deepseek-ai/DeepSeek-R1-Distill-Llama-8B,9,3,3,223.70616893749684,2,2,True
vllm,cache-disabled,deepseek-ai/DeepSeek-R1-Distill-Llama-8B,9,3,4,763.6061880039051,2,2,True
vllm,cache-disabled,deepseek-ai/DeepSeek-R1-Distill-Llama-8B,9,3,5,235.1247170008719,2,2,True
vllm,cache-disabled,deepseek-ai/DeepSeek-R1-Distill-Llama-8B,9,3,6,216.0572389839217,2,2,True
vllm,cache-disabled,deepseek-ai/DeepSeek-R1-Distill-Llama-8B,9,3,7,233.8063910137862,2,2,True
vllm,cache-disabled,deepseek-ai/DeepSeek-R1-Distill-Llama-8B,9,3,8,225.34510493278503,2,2,True
vllm,cache-disabled,deepseek-ai/DeepSeek-R1-Distill-Llama-8B,9,3,9,767.9303670302033,2,2,True
vllm,cache-disabled,deepseek-ai/DeepSeek-R1-Distill-Llama-8B,9,4,0,223.6121380701661,4,3,False
vllm,cache-disabled,deepseek-ai/DeepSeek-R1-Distill-Llama-8B,9,4,1,233.4970779484138,4,3,False
vllm,cache-disabled,deepseek-ai/DeepSeek-R1-Distill-Llama-8B,9,4,2,765.8993669319898,4,3,False
vllm,cache-disabled,deepseek-ai/DeepSeek-R1-Distill-Llama-8B,9,4,3,214.4546729978174,4,3,False
vllm,cache-disabled,deepseek-ai/DeepSeek-R1-Distill-Llama-8B,9,4,4,216.94962796755135,4,3,False
vllm,cache-disabled,deepseek-ai/DeepSeek-R1-Distill-Llama-8B,9,4,5,235.86048104334623,4,3,False
vllm,cache-disabled,deepseek-ai/DeepSeek-R1-Distill-Llama-8B,9,4,6,224.22378894407302,4,3,False
vllm,cache-disabled,deepseek-ai/DeepSeek-R1-Distill-Llama-8B,9,4,7,222.8950629942119,4,3,False
vllm,cache-disabled,deepseek-ai/DeepSeek-R1-Distill-Llama-8B,9,4,8,782.2156980400905,4,3,False
vllm,cache-disabled,deepseek-ai/DeepSeek-R1-Distill-Llama-8B,9,4,9,221.90382704138756,4,3,False
vllm,cache-disabled,deepseek-ai/DeepSeek-R1-Distill-Llama-8B,9,5,0,226.23072599526495,8,7,False
vllm,cache-disabled,deepseek-ai/DeepSeek-R1-Distill-Llama-8B,9,5,1,231.12228396348655,8,7,False
vllm,cache-disabled,deepseek-ai/DeepSeek-R1-Distill-Llama-8B,9,5,2,221.28048003651202,8,7,False
vllm,cache-disabled,deepseek-ai/DeepSeek-R1-Distill-Llama-8B,9,5,3,766.9526690151542,8,7,False
vllm,cache-disabled,deepseek-ai/DeepSeek-R1-Distill-Llama-8B,9,5,4,221.14057501312345,8,7,False
vllm,cache-disabled,deepseek-ai/DeepSeek-R1-Distill-Llama-8B,9,5,5,224.51692691538483,8,7,False
vllm,cache-disabled,deepseek-ai/DeepSeek-R1-Distill-Llama-8B,9,5,6,220.30554804950953,8,7,False
vllm,cache-disabled,deepseek-ai/DeepSeek-R1-Distill-Llama-8B,9,5,7,219.0751590533182,8,7,False
vllm,cache-disabled,deepseek-ai/DeepSeek-R1-Distill-Llama-8B,9,5,8,229.51779700815678,8,7,False
vllm,cache-disabled,deepseek-ai/DeepSeek-R1-Distill-Llama-8B,9,5,9,758.1944220000878,8,7,False
vllm,cache-disabled,deepseek-ai/DeepSeek-R1-Distill-Llama-8B,10,0,0,234.69559708610177,7,8,False
vllm,cache-disabled,deepseek-ai/DeepSeek-R1-Distill-Llama-8B,10,0,1,771.2727070320398,7,8,False
vllm,cache-disabled,deepseek-ai/DeepSeek-R1-Distill-Llama-8B,10,0,2,216.78367699496448,7,8,False
vllm,cache-disabled,deepseek-ai/DeepSeek-R1-Distill-Llama-8B,10,0,3,222.75024699047208,7,8,False
vllm,cache-disabled,deepseek-ai/DeepSeek-R1-Distill-Llama-8B,10,0,4,230.9450840111822,7,8,False
vllm,cache-disabled,deepseek-ai/DeepSeek-R1-Distill-Llama-8B,10,0,5,213.71934295166284,7,8,False
vllm,cache-disabled,deepseek-ai/DeepSeek-R1-Distill-Llama-8B,10,0,6,768.6968399211764,7,8,False
vllm,cache-disabled,deepseek-ai/DeepSeek-R1-Distill-Llama-8B,10,0,7,230.14925594907254,7,8,False
vllm,cache-disabled,deepseek-ai/DeepSeek-R1-Distill-Llama-8B,10,0,8,210.49102395772934,7,8,False
vllm,cache-disabled,deepseek-ai/DeepSeek-R1-Distill-Llama-8B,10,0,9,226.33076005149633,7,8,False
vllm,cache-disabled,deepseek-ai/DeepSeek-R1-Distill-Llama-8B,10,1,0,233.96949702873826,3,6,False
vllm,cache-disabled,deepseek-ai/DeepSeek-R1-Distill-Llama-8B,10,1,1,221.96581191383302,3,6,False
vllm,cache-disabled,deepseek-ai/DeepSeek-R1-Distill-Llama-8B,10,1,2,222.93319297023118,3,6,False
vllm,cache-disabled,deepseek-ai/DeepSeek-R1-Distill-Llama-8B,10,1,3,758.4817389724776,3,6,False
vllm,cache-disabled,deepseek-ai/DeepSeek-R1-Distill-Llama-8B,10,1,4,237.05939995124936,3,6,False
vllm,cache-disabled,deepseek-ai/DeepSeek-R1-Distill-Llama-8B,10,1,5,222.45490201748908,3,6,False
vllm,cache-disabled,deepseek-ai/DeepSeek-R1-Distill-Llama-8B,10,1,6,221.4398740325123,3,6,False
vllm,cache-disabled,deepseek-ai/DeepSeek-R1-Distill-Llama-8B,10,1,7,239.3347700126469,3,6,False
vllm,cache-disabled,deepseek-ai/DeepSeek-R1-Distill-Llama-8B,10,1,8,222.71871205884963,3,6,False
vllm,cache-disabled,deepseek-ai/DeepSeek-R1-Distill-Llama-8B,10,1,9,769.0315949730575,3,6,False
vllm,cache-disabled,deepseek-ai/DeepSeek-R1-Distill-Llama-8B,10,2,0,225.04744201432914,0,6,False
vllm,cache-disabled,deepseek-ai/DeepSeek-R1-Distill-Llama-8B,10,2,1,843.7955629779026,0,6,False
vllm,cache-disabled,deepseek-ai/DeepSeek-R1-Distill-Llama-8B,10,2,2,225.31054797582328,0,6,False
vllm,cache-disabled,deepseek-ai/DeepSeek-R1-Distill-Llama-8B,10,2,3,223.61329197883606,0,6,False
vllm,cache-disabled,deepseek-ai/DeepSeek-R1-Distill-Llama-8B,10,2,4,224.63617695029825,0,6,False
vllm,cache-disabled,deepseek-ai/DeepSeek-R1-Distill-Llama-8B,10,2,5,802.0666420925409,0,6,False
vllm,cache-disabled,deepseek-ai/DeepSeek-R1-Distill-Llama-8B,10,2,6,216.5710689732805,0,6,False
vllm,cache-disabled,deepseek-ai/DeepSeek-R1-Distill-Llama-8B,10,2,7,232.83069394528866,0,6,False
vllm,cache-disabled,deepseek-ai/DeepSeek-R1-Distill-Llama-8B,10,2,8,588.5907879564911,0,6,False
vllm,cache-disabled,deepseek-ai/DeepSeek-R1-Distill-Llama-8B,10,2,9,400.06030804943293,0,6,False
vllm,cache-disabled,deepseek-ai/DeepSeek-R1-Distill-Llama-8B,10,3,0,236.19619698729366,5,5,True
vllm,cache-disabled,deepseek-ai/DeepSeek-R1-Distill-Llama-8B,10,3,1,220.7000310299918,5,5,True
vllm,cache-disabled,deepseek-ai/DeepSeek-R1-Distill-Llama-8B,10,3,2,223.670365056023,5,5,True
vllm,cache-disabled,deepseek-ai/DeepSeek-R1-Distill-Llama-8B,10,3,3,580.274319043383,5,5,True
vllm,cache-disabled,deepseek-ai/DeepSeek-R1-Distill-Llama-8B,10,3,4,453.64110998343676,5,5,True
vllm,cache-disabled,deepseek-ai/DeepSeek-R1-Distill-Llama-8B,10,3,5,210.33932897262275,5,5,True
vllm,cache-disabled,deepseek-ai/DeepSeek-R1-Distill-Llama-8B,10,3,6,220.7608640892431,5,5,True
vllm,cache-disabled,deepseek-ai/DeepSeek-R1-Distill-Llama-8B,10,3,7,232.0770419901237,5,5,True
vllm,cache-disabled,deepseek-ai/DeepSeek-R1-Distill-Llama-8B,10,3,8,225.765414070338,5,5,True
vllm,cache-disabled,deepseek-ai/DeepSeek-R1-Distill-Llama-8B,10,3,9,775.2631639596075,5,5,True
vllm,cache-disabled,deepseek-ai/DeepSeek-R1-Distill-Llama-8B,10,4,0,223.53105200454593,8,2,False
vllm,cache-disabled,deepseek-ai/DeepSeek-R1-Distill-Llama-8B,10,4,1,223.07228308636695,8,2,False
vllm,cache-disabled,deepseek-ai/DeepSeek-R1-Distill-Llama-8B,10,4,2,218.5647739097476,8,2,False
vllm,cache-disabled,deepseek-ai/DeepSeek-R1-Distill-Llama-8B,10,4,3,227.45715000201017,8,2,False
vllm,cache-disabled,deepseek-ai/DeepSeek-R1-Distill-Llama-8B,10,4,4,224.48728105518967,8,2,False
vllm,cache-disabled,deepseek-ai/DeepSeek-R1-Distill-Llama-8B,10,4,5,764.8382859770209,8,2,False
vllm,cache-disabled,deepseek-ai/DeepSeek-R1-Distill-Llama-8B,10,4,6,221.20937902946025,8,2,False
vllm,cache-disabled,deepseek-ai/DeepSeek-R1-Distill-Llama-8B,10,4,7,236.31960607599467,8,2,False
vllm,cache-disabled,deepseek-ai/DeepSeek-R1-Distill-Llama-8B,10,4,8,767.6845230162144,8,2,False
vllm,cache-disabled,deepseek-ai/DeepSeek-R1-Distill-Llama-8B,10,4,9,223.19348307792097,8,2,False
vllm,cache-disabled,deepseek-ai/DeepSeek-R1-Distill-Llama-8B,10,5,0,233.1717519555241,1,9,False
vllm,cache-disabled,deepseek-ai/DeepSeek-R1-Distill-Llama-8B,10,5,1,214.7463569417596,1,9,False
vllm,cache-disabled,deepseek-ai/DeepSeek-R1-Distill-Llama-8B,10,5,2,214.23489891458303,1,9,False
vllm,cache-disabled,deepseek-ai/DeepSeek-R1-Distill-Llama-8B,10,5,3,757.1244119899347,1,9,False
vllm,cache-disabled,deepseek-ai/DeepSeek-R1-Distill-Llama-8B,10,5,4,221.47998795844615,1,9,False
vllm,cache-disabled,deepseek-ai/DeepSeek-R1-Distill-Llama-8B,10,5,5,224.5800020173192,1,9,False
vllm,cache-disabled,deepseek-ai/DeepSeek-R1-Distill-Llama-8B,10,5,6,762.7165029989555,1,9,False
vllm,cache-disabled,deepseek-ai/DeepSeek-R1-Distill-Llama-8B,10,5,7,217.28942601475865,1,9,False
vllm,cache-disabled,deepseek-ai/DeepSeek-R1-Distill-Llama-8B,10,5,8,230.1174351014197,1,9,False
vllm,cache-disabled,deepseek-ai/DeepSeek-R1-Distill-Llama-8B,10,5,9,207.8695420641452,1,9,False
vllm,cache-disabled,deepseek-ai/DeepSeek-R1-Distill-Llama-8B,11,0,0,222.35549602191895,2,2,True
vllm,cache-disabled,deepseek-ai/DeepSeek-R1-Distill-Llama-8B,11,0,1,223.4446050133556,2,2,True
vllm,cache-disabled,deepseek-ai/DeepSeek-R1-Distill-Llama-8B,11,0,2,90.58738290332258,2,2,True
vllm,cache-disabled,deepseek-ai/DeepSeek-R1-Distill-Llama-8B,11,0,3,226.5390509273857,2,2,True
vllm,cache-disabled,deepseek-ai/DeepSeek-R1-Distill-Llama-8B,11,0,4,232.75629500858486,2,2,True
vllm,cache-disabled,deepseek-ai/DeepSeek-R1-Distill-Llama-8B,11,0,5,754.0499850874767,2,2,True
vllm,cache-disabled,deepseek-ai/DeepSeek-R1-Distill-Llama-8B,11,0,6,182.71575099788606,2,2,True
vllm,cache-disabled,deepseek-ai/DeepSeek-R1-Distill-Llama-8B,11,0,7,220.176238915883,2,2,True
vllm,cache-disabled,deepseek-ai/DeepSeek-R1-Distill-Llama-8B,11,0,8,226.7878680722788,2,2,True
vllm,cache-disabled,deepseek-ai/DeepSeek-R1-Distill-Llama-8B,11,0,9,168.094148975797,2,2,True
vllm,cache-disabled,deepseek-ai/DeepSeek-R1-Distill-Llama-8B,11,1,0,231.17560090031475,7,9,False
vllm,cache-disabled,deepseek-ai/DeepSeek-R1-Distill-Llama-8B,11,1,1,764.1156159806997,7,9,False
vllm,cache-disabled,deepseek-ai/DeepSeek-R1-Distill-Llama-8B,11,1,2,217.8352519404143,7,9,False
vllm,cache-disabled,deepseek-ai/DeepSeek-R1-Distill-Llama-8B,11,1,3,222.08352794405073,7,9,False
vllm,cache-disabled,deepseek-ai/DeepSeek-R1-Distill-Llama-8B,11,1,4,580.759319011122,7,9,False
vllm,cache-disabled,deepseek-ai/DeepSeek-R1-Distill-Llama-8B,11,1,5,405.8823080267757,7,9,False
vllm,cache-disabled,deepseek-ai/DeepSeek-R1-Distill-Llama-8B,11,1,6,175.3552220761776,7,9,False
vllm,cache-disabled,deepseek-ai/DeepSeek-R1-Distill-Llama-8B,11,1,7,213.8448030455038,7,9,False
vllm,cache-disabled,deepseek-ai/DeepSeek-R1-Distill-Llama-8B,11,1,8,222.81281102914363,7,9,False
vllm,cache-disabled,deepseek-ai/DeepSeek-R1-Distill-Llama-8B,11,1,9,167.6388829946518,7,9,False
vllm,cache-disabled,deepseek-ai/DeepSeek-R1-Distill-Llama-8B,11,2,0,593.8753469381481,5,6,False
vllm,cache-disabled,deepseek-ai/DeepSeek-R1-Distill-Llama-8B,11,2,1,410.23843991570175,5,6,False
vllm,cache-disabled,deepseek-ai/DeepSeek-R1-Distill-Llama-8B,11,2,2,213.064671959728,5,6,False
vllm,cache-disabled,deepseek-ai/DeepSeek-R1-Distill-Llama-8B,11,2,3,235.64739804714918,5,6,False
vllm,cache-disabled,deepseek-ai/DeepSeek-R1-Distill-Llama-8B,11,2,4,833.4988419665024,5,6,False
vllm,cache-disabled,deepseek-ai/DeepSeek-R1-Distill-Llama-8B,11,2,5,208.83129292633384,5,6,False
vllm,cache-disabled,deepseek-ai/DeepSeek-R1-Distill-Llama-8B,11,2,6,154.32015107944608,5,6,False
vllm,cache-disabled,deepseek-ai/DeepSeek-R1-Distill-Llama-8B,11,2,7,229.51124201063067,5,6,False
vllm,cache-disabled,deepseek-ai/DeepSeek-R1-Distill-Llama-8B,11,2,8,216.4688949706033,5,6,False
vllm,cache-disabled,deepseek-ai/DeepSeek-R1-Distill-Llama-8B,11,2,9,749.4481450412422,5,6,False
vllm,cache-disabled,deepseek-ai/DeepSeek-R1-Distill-Llama-8B,11,3,0,228.32006902899593,7,9,False
vllm,cache-disabled,deepseek-ai/DeepSeek-R1-Distill-Llama-8B,11,3,1,219.39465298783034,7,9,False
vllm,cache-disabled,deepseek-ai/DeepSeek-R1-Distill-Llama-8B,11,3,2,224.43646704778075,7,9,False
vllm,cache-disabled,deepseek-ai/DeepSeek-R1-Distill-Llama-8B,11,3,3,224.90702907089144,7,9,False
vllm,cache-disabled,deepseek-ai/DeepSeek-R1-Distill-Llama-8B,11,3,4,219.35169294010848,7,9,False
vllm,cache-disabled,deepseek-ai/DeepSeek-R1-Distill-Llama-8B,11,3,5,387.1973130153492,7,9,False
vllm,cache-disabled,deepseek-ai/DeepSeek-R1-Distill-Llama-8B,11,3,6,222.90418902412057,7,9,False
vllm,cache-disabled,deepseek-ai/DeepSeek-R1-Distill-Llama-8B,11,3,7,222.20120998099446,7,9,False
vllm,cache-disabled,deepseek-ai/DeepSeek-R1-Distill-Llama-8B,11,3,8,224.20277097262442,7,9,False
vllm,cache-disabled,deepseek-ai/DeepSeek-R1-Distill-Llama-8B,11,3,9,213.98728399071842,7,9,False
vllm,cache-disabled,deepseek-ai/DeepSeek-R1-Distill-Llama-8B,11,4,0,227.0307510625571,9,9,True
vllm,cache-disabled,deepseek-ai/DeepSeek-R1-Distill-Llama-8B,11,4,1,385.9025549609214,9,9,True
vllm,cache-disabled,deepseek-ai/DeepSeek-R1-Distill-Llama-8B,11,4,2,227.1032000426203,9,9,True
vllm,cache-disabled,deepseek-ai/DeepSeek-R1-Distill-Llama-8B,11,4,3,230.03247694578022,9,9,True
vllm,cache-disabled,deepseek-ai/DeepSeek-R1-Distill-Llama-8B,11,4,4,224.1453619208187,9,9,True
vllm,cache-disabled,deepseek-ai/DeepSeek-R1-Distill-Llama-8B,11,4,5,224.29001901764423,9,9,True
vllm,cache-disabled,deepseek-ai/DeepSeek-R1-Distill-Llama-8B,11,4,6,234.13230304140598,9,9,True
vllm,cache-disabled,deepseek-ai/DeepSeek-R1-Distill-Llama-8B,11,4,7,383.1425759708509,9,9,True
vllm,cache-disabled,deepseek-ai/DeepSeek-R1-Distill-Llama-8B,11,4,8,222.50930697191507,9,9,True
vllm,cache-disabled,deepseek-ai/DeepSeek-R1-Distill-Llama-8B,11,4,9,214.62429594248533,9,9,True
vllm,cache-disabled,deepseek-ai/DeepSeek-R1-Distill-Llama-8B,11,5,0,227.7580990921706,2,4,False
vllm,cache-disabled,deepseek-ai/DeepSeek-R1-Distill-Llama-8B,11,5,1,220.72715498507023,2,4,False
vllm,cache-disabled,deepseek-ai/DeepSeek-R1-Distill-Llama-8B,11,5,2,215.39231610950083,2,4,False
vllm,cache-disabled,deepseek-ai/DeepSeek-R1-Distill-Llama-8B,11,5,3,386.45083096344024,2,4,False
vllm,cache-disabled,deepseek-ai/DeepSeek-R1-Distill-Llama-8B,11,5,4,213.30473793204874,2,4,False
vllm,cache-disabled,deepseek-ai/DeepSeek-R1-Distill-Llama-8B,11,5,5,217.474628938362,2,4,False
vllm,cache-disabled,deepseek-ai/DeepSeek-R1-Distill-Llama-8B,11,5,6,222.08468208555132,2,4,False
vllm,cache-disabled,deepseek-ai/DeepSeek-R1-Distill-Llama-8B,11,5,7,228.05809997953475,2,4,False
vllm,cache-disabled,deepseek-ai/DeepSeek-R1-Distill-Llama-8B,11,5,8,221.44162305630744,2,4,False
vllm,cache-disabled,deepseek-ai/DeepSeek-R1-Distill-Llama-8B,11,5,9,380.21369895432144,2,4,False
vllm,cache-disabled,deepseek-ai/DeepSeek-R1-Distill-Llama-8B,12,0,0,215.10337095241994,0,8,False
vllm,cache-disabled,deepseek-ai/DeepSeek-R1-Distill-Llama-8B,12,0,1,225.6982499966398,0,8,False
vllm,cache-disabled,deepseek-ai/DeepSeek-R1-Distill-Llama-8B,12,0,2,228.04384399205446,0,8,False
vllm,cache-disabled,deepseek-ai/DeepSeek-R1-Distill-Llama-8B,12,0,3,222.22837898880243,0,8,False
vllm,cache-disabled,deepseek-ai/DeepSeek-R1-Distill-Llama-8B,12,0,4,374.08900004811585,0,8,False
vllm,cache-disabled,deepseek-ai/DeepSeek-R1-Distill-Llama-8B,12,0,5,219.46497389581054,0,8,False
vllm,cache-disabled,deepseek-ai/DeepSeek-R1-Distill-Llama-8B,12,0,6,231.24896304216236,0,8,False
vllm,cache-disabled,deepseek-ai/DeepSeek-R1-Distill-Llama-8B,12,0,7,223.02999801468104,0,8,False
vllm,cache-disabled,deepseek-ai/DeepSeek-R1-Distill-Llama-8B,12,0,8,214.59888806566596,0,8,False
vllm,cache-disabled,deepseek-ai/DeepSeek-R1-Distill-Llama-8B,12,0,9,238.9047099277377,0,8,False
vllm,cache-disabled,deepseek-ai/DeepSeek-R1-Distill-Llama-8B,12,1,0,394.7520860238001,7,8,False
vllm,cache-disabled,deepseek-ai/DeepSeek-R1-Distill-Llama-8B,12,1,1,223.61059300601482,7,8,False
vllm,cache-disabled,deepseek-ai/DeepSeek-R1-Distill-Llama-8B,12,1,2,227.94662893284112,7,8,False
vllm,cache-disabled,deepseek-ai/DeepSeek-R1-Distill-Llama-8B,12,1,3,222.77974197641015,7,8,False
vllm,cache-disabled,deepseek-ai/DeepSeek-R1-Distill-Llama-8B,12,1,4,222.10629796609282,7,8,False
vllm,cache-disabled,deepseek-ai/DeepSeek-R1-Distill-Llama-8B,12,1,5,225.27696890756488,7,8,False
vllm,cache-disabled,deepseek-ai/DeepSeek-R1-Distill-Llama-8B,12,1,6,389.8202880518511,7,8,False
vllm,cache-disabled,deepseek-ai/DeepSeek-R1-Distill-Llama-8B,12,1,7,215.3076760005206,7,8,False
vllm,cache-disabled,deepseek-ai/DeepSeek-R1-Distill-Llama-8B,12,1,8,213.42635503970087,7,8,False
vllm,cache-disabled,deepseek-ai/DeepSeek-R1-Distill-Llama-8B,12,1,9,228.6284880246967,7,8,False
vllm,cache-disabled,deepseek-ai/DeepSeek-R1-Distill-Llama-8B,12,2,0,222.09340299014002,2,8,False
vllm,cache-disabled,deepseek-ai/DeepSeek-R1-Distill-Llama-8B,12,2,1,223.36254501715302,2,8,False
vllm,cache-disabled,deepseek-ai/DeepSeek-R1-Distill-Llama-8B,12,2,2,401.95250301621854,2,8,False
vllm,cache-disabled,deepseek-ai/DeepSeek-R1-Distill-Llama-8B,12,2,3,216.08716703485698,2,8,False
vllm,cache-disabled,deepseek-ai/DeepSeek-R1-Distill-Llama-8B,12,2,4,215.97739099524915,2,8,False
vllm,cache-disabled,deepseek-ai/DeepSeek-R1-Distill-Llama-8B,12,2,5,221.8990819528699,2,8,False
vllm,cache-disabled,deepseek-ai/DeepSeek-R1-Distill-Llama-8B,12,2,6,227.96851792372763,2,8,False
vllm,cache-disabled,deepseek-ai/DeepSeek-R1-Distill-Llama-8B,12,2,7,223.2332160929218,2,8,False
vllm,cache-disabled,deepseek-ai/DeepSeek-R1-Distill-Llama-8B,12,2,8,215.54972603917122,2,8,False
vllm,cache-disabled,deepseek-ai/DeepSeek-R1-Distill-Llama-8B,12,2,9,227.44848299771547,2,8,False
vllm,cache-disabled,deepseek-ai/DeepSeek-R1-Distill-Llama-8B,12,3,0,381.9455010816455,2,2,True
vllm,cache-disabled,deepseek-ai/DeepSeek-R1-Distill-Llama-8B,12,3,1,224.4848699774593,2,2,True
vllm,cache-disabled,deepseek-ai/DeepSeek-R1-Distill-Llama-8B,12,3,2,213.33909197710454,2,2,True
vllm,cache-disabled,deepseek-ai/DeepSeek-R1-Distill-Llama-8B,12,3,3,219.88244901876897,2,2,True
vllm,cache-disabled,deepseek-ai/DeepSeek-R1-Distill-Llama-8B,12,3,4,218.74644397757947,2,2,True
vllm,cache-disabled,deepseek-ai/DeepSeek-R1-Distill-Llama-8B,12,3,5,225.07263300940394,2,2,True
vllm,cache-disabled,deepseek-ai/DeepSeek-R1-Distill-Llama-8B,12,3,6,388.3028900017962,2,2,True
vllm,cache-disabled,deepseek-ai/DeepSeek-R1-Distill-Llama-8B,12,3,7,225.5091309780255,2,2,True
vllm,cache-disabled,deepseek-ai/DeepSeek-R1-Distill-Llama-8B,12,3,8,218.39117805939168,2,2,True
vllm,cache-disabled,deepseek-ai/DeepSeek-R1-Distill-Llama-8B,12,3,9,228.5918490961194,2,2,True
vllm,cache-disabled,deepseek-ai/DeepSeek-R1-Distill-Llama-8B,12,4,0,223.73638697899878,1,5,False
vllm,cache-disabled,deepseek-ai/DeepSeek-R1-Distill-Llama-8B,12,4,1,217.34379802364856,1,5,False
vllm,cache-disabled,deepseek-ai/DeepSeek-R1-Distill-Llama-8B,12,4,2,380.48047106713057,1,5,False
vllm,cache-disabled,deepseek-ai/DeepSeek-R1-Distill-Llama-8B,12,4,3,223.16239995416254,1,5,False
vllm,cache-disabled,deepseek-ai/DeepSeek-R1-Distill-Llama-8B,12,4,4,220.85408598650247,1,5,False
vllm,cache-disabled,deepseek-ai/DeepSeek-R1-Distill-Llama-8B,12,4,5,214.63488996960223,1,5,False
vllm,cache-disabled,deepseek-ai/DeepSeek-R1-Distill-Llama-8B,12,4,6,229.11220300011337,1,5,False
vllm,cache-disabled,deepseek-ai/DeepSeek-R1-Distill-Llama-8B,12,4,7,217.1143420273438,1,5,False
vllm,cache-disabled,deepseek-ai/DeepSeek-R1-Distill-Llama-8B,12,4,8,387.0075569720939,1,5,False
vllm,cache-disabled,deepseek-ai/DeepSeek-R1-Distill-Llama-8B,12,4,9,231.4971589948982,1,5,False
vllm,cache-disabled,deepseek-ai/DeepSeek-R1-Distill-Llama-8B,12,5,0,231.98231309652328,5,1,False
vllm,cache-disabled,deepseek-ai/DeepSeek-R1-Distill-Llama-8B,12,5,1,211.25055407173932,5,1,False
vllm,cache-disabled,deepseek-ai/DeepSeek-R1-Distill-Llama-8B,12,5,2,225.50245898310095,5,1,False
vllm,cache-disabled,deepseek-ai/DeepSeek-R1-Distill-Llama-8B,12,5,3,221.59378498326987,5,1,False
vllm,cache-disabled,deepseek-ai/DeepSeek-R1-Distill-Llama-8B,12,5,4,222.6606539916247,5,1,False
vllm,cache-disabled,deepseek-ai/DeepSeek-R1-Distill-Llama-8B,12,5,5,371.57399905845523,5,1,False
vllm,cache-disabled,deepseek-ai/DeepSeek-R1-Distill-Llama-8B,12,5,6,227.50838904175907,5,1,False
vllm,cache-disabled,deepseek-ai/DeepSeek-R1-Distill-Llama-8B,12,5,7,222.2054679878056,5,1,False
vllm,cache-disabled,deepseek-ai/DeepSeek-R1-Distill-Llama-8B,12,5,8,217.25871006492525,5,1,False
vllm,cache-disabled,deepseek-ai/DeepSeek-R1-Distill-Llama-8B,12,5,9,226.92861000541598,5,1,False
vllm,cache-disabled,deepseek-ai/DeepSeek-R1-Distill-Llama-8B,13,0,0,379.06224199105054,1,2,False
vllm,cache-disabled,deepseek-ai/DeepSeek-R1-Distill-Llama-8B,13,0,1,222.15103695634753,1,2,False
vllm,cache-disabled,deepseek-ai/DeepSeek-R1-Distill-Llama-8B,13,0,2,213.61899795010686,1,2,False
vllm,cache-disabled,deepseek-ai/DeepSeek-R1-Distill-Llama-8B,13,0,3,219.57601699978113,1,2,False
vllm,cache-disabled,deepseek-ai/DeepSeek-R1-Distill-Llama-8B,13,0,4,223.434530897066,1,2,False
vllm,cache-disabled,deepseek-ai/DeepSeek-R1-Distill-Llama-8B,13,0,5,230.92010093387216,1,2,False
vllm,cache-disabled,deepseek-ai/DeepSeek-R1-Distill-Llama-8B,13,0,6,229.991951957345,1,2,False
vllm,cache-disabled,deepseek-ai/DeepSeek-R1-Distill-Llama-8B,13,0,7,218.35338801611215,1,2,False
vllm,cache-disabled,deepseek-ai/DeepSeek-R1-Distill-Llama-8B,13,0,8,220.58583004400134,1,2,False
vllm,cache-disabled,deepseek-ai/DeepSeek-R1-Distill-Llama-8B,13,0,9,221.46972105838358,1,2,False
vllm,cache-disabled,deepseek-ai/DeepSeek-R1-Distill-Llama-8B,13,1,0,224.0790609503165,4,6,False
vllm,cache-disabled,deepseek-ai/DeepSeek-R1-Distill-Llama-8B,13,1,1,230.7703719707206,4,6,False
vllm,cache-disabled,deepseek-ai/DeepSeek-R1-Distill-Llama-8B,13,1,2,225.90284596662968,4,6,False
vllm,cache-disabled,deepseek-ai/DeepSeek-R1-Distill-Llama-8B,13,1,3,228.83737203665078,4,6,False
vllm,cache-disabled,deepseek-ai/DeepSeek-R1-Distill-Llama-8B,13,1,4,217.48607198242098,4,6,False
vllm,cache-disabled,deepseek-ai/DeepSeek-R1-Distill-Llama-8B,13,1,5,228.18981599994004,4,6,False
vllm,cache-disabled,deepseek-ai/DeepSeek-R1-Distill-Llama-8B,13,1,6,216.69262798968703,4,6,False
vllm,cache-disabled,deepseek-ai/DeepSeek-R1-Distill-Llama-8B,13,1,7,573.414321988821,4,6,False
vllm,cache-disabled,deepseek-ai/DeepSeek-R1-Distill-Llama-8B,13,1,8,465.34271293785423,4,6,False
vllm,cache-disabled,deepseek-ai/DeepSeek-R1-Distill-Llama-8B,13,1,9,222.11207693908364,4,6,False
vllm,cache-disabled,deepseek-ai/DeepSeek-R1-Distill-Llama-8B,13,2,0,227.90087095927447,1,7,False
vllm,cache-disabled,deepseek-ai/DeepSeek-R1-Distill-Llama-8B,13,2,1,762.9796291003004,1,7,False
vllm,cache-disabled,deepseek-ai/DeepSeek-R1-Distill-Llama-8B,13,2,2,219.1947690444067,1,7,False
vllm,cache-disabled,deepseek-ai/DeepSeek-R1-Distill-Llama-8B,13,2,3,222.38526307046413,1,7,False
vllm,cache-disabled,deepseek-ai/DeepSeek-R1-Distill-Llama-8B,13,2,4,224.23253499437124,1,7,False
vllm,cache-disabled,deepseek-ai/DeepSeek-R1-Distill-Llama-8B,13,2,5,777.5654549477622,1,7,False
vllm,cache-disabled,deepseek-ai/DeepSeek-R1-Distill-Llama-8B,13,2,6,218.96385494619608,1,7,False
vllm,cache-disabled,deepseek-ai/DeepSeek-R1-Distill-Llama-8B,13,2,7,215.98284994252026,1,7,False
vllm,cache-disabled,deepseek-ai/DeepSeek-R1-Distill-Llama-8B,13,2,8,228.71727601159364,1,7,False
vllm,cache-disabled,deepseek-ai/DeepSeek-R1-Distill-Llama-8B,13,2,9,772.8421859210357,1,7,False
vllm,cache-disabled,deepseek-ai/DeepSeek-R1-Distill-Llama-8B,13,3,0,212.14209706522524,0,8,False
vllm,cache-disabled,deepseek-ai/DeepSeek-R1-Distill-Llama-8B,13,3,1,228.77404396422207,0,8,False
vllm,cache-disabled,deepseek-ai/DeepSeek-R1-Distill-Llama-8B,13,3,2,223.48893200978637,0,8,False
vllm,cache-disabled,deepseek-ai/DeepSeek-R1-Distill-Llama-8B,13,3,3,773.6287669977173,0,8,False
vllm,cache-disabled,deepseek-ai/DeepSeek-R1-Distill-Llama-8B,13,3,4,215.8060329966247,0,8,False
vllm,cache-disabled,deepseek-ai/DeepSeek-R1-Distill-Llama-8B,13,3,5,229.32215803302824,0,8,False
vllm,cache-disabled,deepseek-ai/DeepSeek-R1-Distill-Llama-8B,13,3,6,227.21666109282523,0,8,False
vllm,cache-disabled,deepseek-ai/DeepSeek-R1-Distill-Llama-8B,13,3,7,775.000580935739,0,8,False
vllm,cache-disabled,deepseek-ai/DeepSeek-R1-Distill-Llama-8B,13,3,8,211.96787303779274,0,8,False
vllm,cache-disabled,deepseek-ai/DeepSeek-R1-Distill-Llama-8B,13,3,9,221.97174199391156,0,8,False
vllm,cache-disabled,deepseek-ai/DeepSeek-R1-Distill-Llama-8B,13,4,0,226.64110595360398,5,6,False
vllm,cache-disabled,deepseek-ai/DeepSeek-R1-Distill-Llama-8B,13,4,1,801.3736620778218,5,6,False
vllm,cache-disabled,deepseek-ai/DeepSeek-R1-Distill-Llama-8B,13,4,2,216.88840701244771,5,6,False
vllm,cache-disabled,deepseek-ai/DeepSeek-R1-Distill-Llama-8B,13,4,3,224.27463193889707,5,6,False
vllm,cache-disabled,deepseek-ai/DeepSeek-R1-Distill-Llama-8B,13,4,4,224.37736904248595,5,6,False
vllm,cache-disabled,deepseek-ai/DeepSeek-R1-Distill-Llama-8B,13,4,5,785.7274800771847,5,6,False
vllm,cache-disabled,deepseek-ai/DeepSeek-R1-Distill-Llama-8B,13,4,6,207.17037899885327,5,6,False
vllm,cache-disabled,deepseek-ai/DeepSeek-R1-Distill-Llama-8B,13,4,7,218.85129599831998,5,6,False
vllm,cache-disabled,deepseek-ai/DeepSeek-R1-Distill-Llama-8B,13,4,8,230.36981199402362,5,6,False
vllm,cache-disabled,deepseek-ai/DeepSeek-R1-Distill-Llama-8B,13,4,9,770.5187400570139,5,6,False
vllm,cache-disabled,deepseek-ai/DeepSeek-R1-Distill-Llama-8B,13,5,0,221.4514350052923,2,8,False
vllm,cache-disabled,deepseek-ai/DeepSeek-R1-Distill-Llama-8B,13,5,1,223.70184608735144,2,8,False
vllm,cache-disabled,deepseek-ai/DeepSeek-R1-Distill-Llama-8B,13,5,2,217.7177220582962,2,8,False
vllm,cache-disabled,deepseek-ai/DeepSeek-R1-Distill-Llama-8B,13,5,3,765.7820150488988,2,8,False
vllm,cache-disabled,deepseek-ai/DeepSeek-R1-Distill-Llama-8B,13,5,4,216.84627910144627,2,8,False
vllm,cache-disabled,deepseek-ai/DeepSeek-R1-Distill-Llama-8B,13,5,5,228.78014098387212,2,8,False
vllm,cache-disabled,deepseek-ai/DeepSeek-R1-Distill-Llama-8B,13,5,6,224.74437905475497,2,8,False
vllm,cache-disabled,deepseek-ai/DeepSeek-R1-Distill-Llama-8B,13,5,7,817.6374830072746,2,8,False
vllm,cache-disabled,deepseek-ai/DeepSeek-R1-Distill-Llama-8B,13,5,8,214.92578997276723,2,8,False
vllm,cache-disabled,deepseek-ai/DeepSeek-R1-Distill-Llama-8B,13,5,9,241.4611589629203,2,8,False
vllm,cache-disabled,deepseek-ai/DeepSeek-R1-Distill-Llama-8B,14,0,0,760.6214659754187,7,6,False
vllm,cache-disabled,deepseek-ai/DeepSeek-R1-Distill-Llama-8B,14,0,1,222.41747309453785,7,6,False
vllm,cache-disabled,deepseek-ai/DeepSeek-R1-Distill-Llama-8B,14,0,2,222.82726597040892,7,6,False
vllm,cache-disabled,deepseek-ai/DeepSeek-R1-Distill-Llama-8B,14,0,3,583.2701809704304,7,6,False
vllm,cache-disabled,deepseek-ai/DeepSeek-R1-Distill-Llama-8B,14,0,4,445.7321340451017,7,6,False
vllm,cache-disabled,deepseek-ai/DeepSeek-R1-Distill-Llama-8B,14,0,5,225.6143509875983,7,6,False
vllm,cache-disabled,deepseek-ai/DeepSeek-R1-Distill-Llama-8B,14,0,6,208.49011302925646,7,6,False
vllm,cache-disabled,deepseek-ai/DeepSeek-R1-Distill-Llama-8B,14,0,7,842.2603639774024,7,6,False
vllm,cache-disabled,deepseek-ai/DeepSeek-R1-Distill-Llama-8B,14,0,8,219.12422589957714,7,6,False
vllm,cache-disabled,deepseek-ai/DeepSeek-R1-Distill-Llama-8B,14,0,9,221.81950195226818,7,6,False
vllm,cache-disabled,deepseek-ai/DeepSeek-R1-Distill-Llama-8B,14,1,0,230.4801020072773,7,9,False
vllm,cache-disabled,deepseek-ai/DeepSeek-R1-Distill-Llama-8B,14,1,1,758.3637769566849,7,9,False
vllm,cache-disabled,deepseek-ai/DeepSeek-R1-Distill-Llama-8B,14,1,2,223.52627804502845,7,9,False
vllm,cache-disabled,deepseek-ai/DeepSeek-R1-Distill-Llama-8B,14,1,3,227.49980003573,7,9,False
vllm,cache-disabled,deepseek-ai/DeepSeek-R1-Distill-Llama-8B,14,1,4,582.204625941813,7,9,False
vllm,cache-disabled,deepseek-ai/DeepSeek-R1-Distill-Llama-8B,14,1,5,459.59973300341517,7,9,False
vllm,cache-disabled,deepseek-ai/DeepSeek-R1-Distill-Llama-8B,14,1,6,223.74275897163898,7,9,False
vllm,cache-disabled,deepseek-ai/DeepSeek-R1-Distill-Llama-8B,14,1,7,222.11995196994394,7,9,False
vllm,cache-disabled,deepseek-ai/DeepSeek-R1-Distill-Llama-8B,14,1,8,838.5903990129009,7,9,False
vllm,cache-disabled,deepseek-ai/DeepSeek-R1-Distill-Llama-8B,14,1,9,219.08229088876396,7,9,False
vllm,cache-disabled,deepseek-ai/DeepSeek-R1-Distill-Llama-8B,14,2,0,228.5172939300537,1,8,False
vllm,cache-disabled,deepseek-ai/DeepSeek-R1-Distill-Llama-8B,14,2,1,217.78394898865372,1,8,False
vllm,cache-disabled,deepseek-ai/DeepSeek-R1-Distill-Llama-8B,14,2,2,799.6946868952364,1,8,False
vllm,cache-disabled,deepseek-ai/DeepSeek-R1-Distill-Llama-8B,14,2,3,213.6364900507033,1,8,False
vllm,cache-disabled,deepseek-ai/DeepSeek-R1-Distill-Llama-8B,14,2,4,221.42351791262627,1,8,False
vllm,cache-disabled,deepseek-ai/DeepSeek-R1-Distill-Llama-8B,14,2,5,225.56983993854374,1,8,False
vllm,cache-disabled,deepseek-ai/DeepSeek-R1-Distill-Llama-8B,14,2,6,765.2130749775097,1,8,False
vllm,cache-disabled,deepseek-ai/DeepSeek-R1-Distill-Llama-8B,14,2,7,218.9468020806089,1,8,False
vllm,cache-disabled,deepseek-ai/DeepSeek-R1-Distill-Llama-8B,14,2,8,213.53821805678308,1,8,False
vllm,cache-disabled,deepseek-ai/DeepSeek-R1-Distill-Llama-8B,14,2,9,222.69851609598845,1,8,False
vllm,cache-disabled,deepseek-ai/DeepSeek-R1-Distill-Llama-8B,14,3,0,762.6043279888108,5,5,True
vllm,cache-disabled,deepseek-ai/DeepSeek-R1-Distill-Llama-8B,14,3,1,225.38115200586617,5,5,True
vllm,cache-disabled,deepseek-ai/DeepSeek-R1-Distill-Llama-8B,14,3,2,221.9288320047781,5,5,True
vllm,cache-disabled,deepseek-ai/DeepSeek-R1-Distill-Llama-8B,14,3,3,578.0632660025731,5,5,True
vllm,cache-disabled,deepseek-ai/DeepSeek-R1-Distill-Llama-8B,14,3,4,442.2168250894174,5,5,True
vllm,cache-disabled,deepseek-ai/DeepSeek-R1-Distill-Llama-8B,14,3,5,212.74469408672303,5,5,True
vllm,cache-disabled,deepseek-ai/DeepSeek-R1-Distill-Llama-8B,14,3,6,215.8786120126024,5,5,True
vllm,cache-disabled,deepseek-ai/DeepSeek-R1-Distill-Llama-8B,14,3,7,590.9147809725255,5,5,True
vllm,cache-disabled,deepseek-ai/DeepSeek-R1-Distill-Llama-8B,14,3,8,463.81265099626034,5,5,True
vllm,cache-disabled,deepseek-ai/DeepSeek-R1-Distill-Llama-8B,14,3,9,224.60647602565587,5,5,True
vllm,cache-disabled,deepseek-ai/DeepSeek-R1-Distill-Llama-8B,14,4,0,229.01083203032613,3,6,False
vllm,cache-disabled,deepseek-ai/DeepSeek-R1-Distill-Llama-8B,14,4,1,838.5340990498662,3,6,False
vllm,cache-disabled,deepseek-ai/DeepSeek-R1-Distill-Llama-8B,14,4,2,220.72191606275737,3,6,False
vllm,cache-disabled,deepseek-ai/DeepSeek-R1-Distill-Llama-8B,14,4,3,220.8758199121803,3,6,False
vllm,cache-disabled,deepseek-ai/DeepSeek-R1-Distill-Llama-8B,14,4,4,226.57936497125775,3,6,False
vllm,cache-disabled,deepseek-ai/DeepSeek-R1-Distill-Llama-8B,14,4,5,805.6619819253683,3,6,False
vllm,cache-disabled,deepseek-ai/DeepSeek-R1-Distill-Llama-8B,14,4,6,219.49658100493252,3,6,False
vllm,cache-disabled,deepseek-ai/DeepSeek-R1-Distill-Llama-8B,14,4,7,222.2967860288918,3,6,False
vllm,cache-disabled,deepseek-ai/DeepSeek-R1-Distill-Llama-8B,14,4,8,223.28971896786243,3,6,False
vllm,cache-disabled,deepseek-ai/DeepSeek-R1-Distill-Llama-8B,14,4,9,770.185180939734,3,6,False
vllm,cache-disabled,deepseek-ai/DeepSeek-R1-Distill-Llama-8B,14,5,0,223.91759394668043,9,4,False
vllm,cache-disabled,deepseek-ai/DeepSeek-R1-Distill-Llama-8B,14,5,1,220.82220402080566,9,4,False
vllm,cache-disabled,deepseek-ai/DeepSeek-R1-Distill-Llama-8B,14,5,2,225.24707193952054,9,4,False
vllm,cache-disabled,deepseek-ai/DeepSeek-R1-Distill-Llama-8B,14,5,3,760.5062739457935,9,4,False
vllm,cache-disabled,deepseek-ai/DeepSeek-R1-Distill-Llama-8B,14,5,4,214.96614499483258,9,4,False
vllm,cache-disabled,deepseek-ai/DeepSeek-R1-Distill-Llama-8B,14,5,5,222.24827494937927,9,4,False
vllm,cache-disabled,deepseek-ai/DeepSeek-R1-Distill-Llama-8B,14,5,6,225.72045109700412,9,4,False
vllm,cache-disabled,deepseek-ai/DeepSeek-R1-Distill-Llama-8B,14,5,7,748.6575009534135,9,4,False
vllm,cache-disabled,deepseek-ai/DeepSeek-R1-Distill-Llama-8B,14,5,8,219.94207298848778,9,4,False
vllm,cache-disabled,deepseek-ai/DeepSeek-R1-Distill-Llama-8B,14,5,9,215.27872397564352,9,4,False
vllm,cache-disabled,deepseek-ai/DeepSeek-R1-Distill-Llama-8B,15,0,0,763.4360970696434,6,8,False
vllm,cache-disabled,deepseek-ai/DeepSeek-R1-Distill-Llama-8B,15,0,1,224.92487903218716,6,8,False
vllm,cache-disabled,deepseek-ai/DeepSeek-R1-Distill-Llama-8B,15,0,2,228.98406500462443,6,8,False
vllm,cache-disabled,deepseek-ai/DeepSeek-R1-Distill-Llama-8B,15,0,3,585.9898818889633,6,8,False
vllm,cache-disabled,deepseek-ai/DeepSeek-R1-Distill-Llama-8B,15,0,4,407.67195099033415,6,8,False
vllm,cache-disabled,deepseek-ai/DeepSeek-R1-Distill-Llama-8B,15,0,5,223.64421805832535,6,8,False
vllm,cache-disabled,deepseek-ai/DeepSeek-R1-Distill-Llama-8B,15,0,6,216.72820299863815,6,8,False
vllm,cache-disabled,deepseek-ai/DeepSeek-R1-Distill-Llama-8B,15,0,7,767.7993969991803,6,8,False
vllm,cache-disabled,deepseek-ai/DeepSeek-R1-Distill-Llama-8B,15,0,8,211.44404995720834,6,8,False
vllm,cache-disabled,deepseek-ai/DeepSeek-R1-Distill-Llama-8B,15,0,9,221.83292999397963,6,8,False
vllm,cache-disabled,deepseek-ai/DeepSeek-R1-Distill-Llama-8B,15,1,0,222.48101304285228,7,7,True
vllm,cache-disabled,deepseek-ai/DeepSeek-R1-Distill-Llama-8B,15,1,1,826.0428459616378,7,7,True
vllm,cache-disabled,deepseek-ai/DeepSeek-R1-Distill-Llama-8B,15,1,2,223.34876097738743,7,7,True
vllm,cache-disabled,deepseek-ai/DeepSeek-R1-Distill-Llama-8B,15,1,3,226.82428103871644,7,7,True
vllm,cache-disabled,deepseek-ai/DeepSeek-R1-Distill-Llama-8B,15,1,4,225.07191996555775,7,7,True
vllm,cache-disabled,deepseek-ai/DeepSeek-R1-Distill-Llama-8B,15,1,5,756.6472360631451,7,7,True
vllm,cache-disabled,deepseek-ai/DeepSeek-R1-Distill-Llama-8B,15,1,6,222.69501397386193,7,7,True
vllm,cache-disabled,deepseek-ai/DeepSeek-R1-Distill-Llama-8B,15,1,7,213.9358859276399,7,7,True
vllm,cache-disabled,deepseek-ai/DeepSeek-R1-Distill-Llama-8B,15,1,8,585.5042178882286,7,7,True
vllm,cache-disabled,deepseek-ai/DeepSeek-R1-Distill-Llama-8B,15,1,9,436.8363890098408,7,7,True
vllm,cache-disabled,deepseek-ai/DeepSeek-R1-Distill-Llama-8B,15,2,0,218.67755497805774,4,4,True
vllm,cache-disabled,deepseek-ai/DeepSeek-R1-Distill-Llama-8B,15,2,1,226.25389392487705,4,4,True
vllm,cache-disabled,deepseek-ai/DeepSeek-R1-Distill-Llama-8B,15,2,2,899.0832139970735,4,4,True
vllm,cache-disabled,deepseek-ai/DeepSeek-R1-Distill-Llama-8B,15,2,3,237.15799197088927,4,4,True
vllm,cache-disabled,deepseek-ai/DeepSeek-R1-Distill-Llama-8B,15,2,4,214.02428695000708,4,4,True
vllm,cache-disabled,deepseek-ai/DeepSeek-R1-Distill-Llama-8B,15,2,5,228.08774199802428,4,4,True
vllm,cache-disabled,deepseek-ai/DeepSeek-R1-Distill-Llama-8B,15,2,6,764.6472569322214,4,4,True
vllm,cache-disabled,deepseek-ai/DeepSeek-R1-Distill-Llama-8B,15,2,7,222.47349296230823,4,4,True
vllm,cache-disabled,deepseek-ai/DeepSeek-R1-Distill-Llama-8B,15,2,8,223.33733702544123,4,4,True
vllm,cache-disabled,deepseek-ai/DeepSeek-R1-Distill-Llama-8B,15,2,9,223.35728909820318,4,4,True
vllm,cache-disabled,deepseek-ai/DeepSeek-R1-Distill-Llama-8B,15,3,0,761.2881880486384,4,8,False
vllm,cache-disabled,deepseek-ai/DeepSeek-R1-Distill-Llama-8B,15,3,1,222.78522292617708,4,8,False
vllm,cache-disabled,deepseek-ai/DeepSeek-R1-Distill-Llama-8B,15,3,2,222.10723592434078,4,8,False
vllm,cache-disabled,deepseek-ai/DeepSeek-R1-Distill-Llama-8B,15,3,3,583.0607200041413,4,8,False
vllm,cache-disabled,deepseek-ai/DeepSeek-R1-Distill-Llama-8B,15,3,4,398.37307995185256,4,8,False
vllm,cache-disabled,deepseek-ai/DeepSeek-R1-Distill-Llama-8B,15,3,5,228.21272001601756,4,8,False
vllm,cache-disabled,deepseek-ai/DeepSeek-R1-Distill-Llama-8B,15,3,6,224.91900902241468,4,8,False
vllm,cache-disabled,deepseek-ai/DeepSeek-R1-Distill-Llama-8B,15,3,7,835.5356469983235,4,8,False
vllm,cache-disabled,deepseek-ai/DeepSeek-R1-Distill-Llama-8B,15,3,8,219.6549529908225,4,8,False
vllm,cache-disabled,deepseek-ai/DeepSeek-R1-Distill-Llama-8B,15,3,9,223.03688805550337,4,8,False
vllm,cache-disabled,deepseek-ai/DeepSeek-R1-Distill-Llama-8B,15,4,0,226.75994504243135,3,3,True
vllm,cache-disabled,deepseek-ai/DeepSeek-R1-Distill-Llama-8B,15,4,1,807.3948490200564,3,3,True
vllm,cache-disabled,deepseek-ai/DeepSeek-R1-Distill-Llama-8B,15,4,2,218.95910997409374,3,3,True
vllm,cache-disabled,deepseek-ai/DeepSeek-R1-Distill-Llama-8B,15,4,3,214.0092320041731,3,3,True
vllm,cache-disabled,deepseek-ai/DeepSeek-R1-Distill-Llama-8B,15,4,4,224.03598192613572,3,3,True
vllm,cache-disabled,deepseek-ai/DeepSeek-R1-Distill-Llama-8B,15,4,5,829.0884509915486,3,3,True
vllm,cache-disabled,deepseek-ai/DeepSeek-R1-Distill-Llama-8B,15,4,6,219.0119429724291,3,3,True
vllm,cache-disabled,deepseek-ai/DeepSeek-R1-Distill-Llama-8B,15,4,7,219.33866397012025,3,3,True
vllm,cache-disabled,deepseek-ai/DeepSeek-R1-Distill-Llama-8B,15,4,8,231.12190200481564,3,3,True
vllm,cache-disabled,deepseek-ai/DeepSeek-R1-Distill-Llama-8B,15,4,9,824.2985410615802,3,3,True
vllm,cache-disabled,deepseek-ai/DeepSeek-R1-Distill-Llama-8B,15,5,0,218.93069392535836,8,8,True
vllm,cache-disabled,deepseek-ai/DeepSeek-R1-Distill-Llama-8B,15,5,1,228.52787491865456,8,8,True
vllm,cache-disabled,deepseek-ai/DeepSeek-R1-Distill-Llama-8B,15,5,2,225.40722007397562,8,8,True
vllm,cache-disabled,deepseek-ai/DeepSeek-R1-Distill-Llama-8B,15,5,3,772.4946100497618,8,8,True
vllm,cache-disabled,deepseek-ai/DeepSeek-R1-Distill-Llama-8B,15,5,4,209.76439595688134,8,8,True
vllm,cache-disabled,deepseek-ai/DeepSeek-R1-Distill-Llama-8B,15,5,5,227.86721494048834,8,8,True
vllm,cache-disabled,deepseek-ai/DeepSeek-R1-Distill-Llama-8B,15,5,6,222.87661593873054,8,8,True
vllm,cache-disabled,deepseek-ai/DeepSeek-R1-Distill-Llama-8B,15,5,7,830.7692928938195,8,8,True
vllm,cache-disabled,deepseek-ai/DeepSeek-R1-Distill-Llama-8B,15,5,8,202.27440993767232,8,8,True
vllm,cache-disabled,deepseek-ai/DeepSeek-R1-Distill-Llama-8B,15,5,9,213.42762897256762,8,8,True
vllm,cache-disabled,deepseek-ai/DeepSeek-R1-Distill-Llama-8B,16,0,0,801.1429340112954,6,6,True
vllm,cache-disabled,deepseek-ai/DeepSeek-R1-Distill-Llama-8B,16,0,1,218.91891898121685,6,6,True
vllm,cache-disabled,deepseek-ai/DeepSeek-R1-Distill-Llama-8B,16,0,2,221.00374498404562,6,6,True
vllm,cache-disabled,deepseek-ai/DeepSeek-R1-Distill-Llama-8B,16,0,3,225.7278140168637,6,6,True
vllm,cache-disabled,deepseek-ai/DeepSeek-R1-Distill-Llama-8B,16,0,4,824.6558570535854,6,6,True
vllm,cache-disabled,deepseek-ai/DeepSeek-R1-Distill-Llama-8B,16,0,5,222.11251698900014,6,6,True
vllm,cache-disabled,deepseek-ai/DeepSeek-R1-Distill-Llama-8B,16,0,6,214.07262503635138,6,6,True
vllm,cache-disabled,deepseek-ai/DeepSeek-R1-Distill-Llama-8B,16,0,7,219.02792702894658,6,6,True
vllm,cache-disabled,deepseek-ai/DeepSeek-R1-Distill-Llama-8B,16,0,8,827.106831013225,6,6,True
vllm,cache-disabled,deepseek-ai/DeepSeek-R1-Distill-Llama-8B,16,0,9,221.09686501789838,6,6,True
vllm,cache-disabled,deepseek-ai/DeepSeek-R1-Distill-Llama-8B,16,1,0,230.54305207915604,7,7,True
vllm,cache-disabled,deepseek-ai/DeepSeek-R1-Distill-Llama-8B,16,1,1,222.49346401076764,7,7,True
vllm,cache-disabled,deepseek-ai/DeepSeek-R1-Distill-Llama-8B,16,1,2,765.9601680934429,7,7,True
vllm,cache-disabled,deepseek-ai/DeepSeek-R1-Distill-Llama-8B,16,1,3,218.25579600408673,7,7,True
vllm,cache-disabled,deepseek-ai/DeepSeek-R1-Distill-Llama-8B,16,1,4,230.56887602433562,7,7,True
vllm,cache-disabled,deepseek-ai/DeepSeek-R1-Distill-Llama-8B,16,1,5,226.5273859957233,7,7,True
vllm,cache-disabled,deepseek-ai/DeepSeek-R1-Distill-Llama-8B,16,1,6,819.0902820788324,7,7,True
vllm,cache-disabled,deepseek-ai/DeepSeek-R1-Distill-Llama-8B,16,1,7,215.9443140262738,7,7,True
vllm,cache-disabled,deepseek-ai/DeepSeek-R1-Distill-Llama-8B,16,1,8,221.95979801472276,7,7,True
vllm,cache-disabled,deepseek-ai/DeepSeek-R1-Distill-Llama-8B,16,1,9,230.53727706428617,7,7,True
vllm,cache-disabled,deepseek-ai/DeepSeek-R1-Distill-Llama-8B,16,2,0,811.8150990922004,8,1,False
vllm,cache-disabled,deepseek-ai/DeepSeek-R1-Distill-Llama-8B,16,2,1,197.6663270033896,8,1,False
vllm,cache-disabled,deepseek-ai/DeepSeek-R1-Distill-Llama-8B,16,2,2,221.24432201962918,8,1,False
vllm,cache-disabled,deepseek-ai/DeepSeek-R1-Distill-Llama-8B,16,2,3,225.21346108987927,8,1,False
vllm,cache-disabled,deepseek-ai/DeepSeek-R1-Distill-Llama-8B,16,2,4,829.7592940507457,8,1,False
vllm,cache-disabled,deepseek-ai/DeepSeek-R1-Distill-Llama-8B,16,2,5,221.01339406799525,8,1,False
vllm,cache-disabled,deepseek-ai/DeepSeek-R1-Distill-Llama-8B,16,2,6,226.6745229717344,8,1,False
vllm,cache-disabled,deepseek-ai/DeepSeek-R1-Distill-Llama-8B,16,2,7,218.0609320057556,8,1,False
vllm,cache-disabled,deepseek-ai/DeepSeek-R1-Distill-Llama-8B,16,2,8,782.7091759536415,8,1,False
vllm,cache-disabled,deepseek-ai/DeepSeek-R1-Distill-Llama-8B,16,2,9,210.56214603595436,8,1,False
vllm,cache-disabled,deepseek-ai/DeepSeek-R1-Distill-Llama-8B,16,3,0,227.2149099735543,1,1,True
vllm,cache-disabled,deepseek-ai/DeepSeek-R1-Distill-Llama-8B,16,3,1,213.6483850190416,1,1,True
vllm,cache-disabled,deepseek-ai/DeepSeek-R1-Distill-Llama-8B,16,3,2,768.1080049369484,1,1,True
vllm,cache-disabled,deepseek-ai/DeepSeek-R1-Distill-Llama-8B,16,3,3,216.72159794252366,1,1,True
vllm,cache-disabled,deepseek-ai/DeepSeek-R1-Distill-Llama-8B,16,3,4,219.17159296572208,1,1,True
vllm,cache-disabled,deepseek-ai/DeepSeek-R1-Distill-Llama-8B,16,3,5,225.68469494581223,1,1,True
vllm,cache-disabled,deepseek-ai/DeepSeek-R1-Distill-Llama-8B,16,3,6,793.0300559382886,1,1,True
vllm,cache-disabled,deepseek-ai/DeepSeek-R1-Distill-Llama-8B,16,3,7,227.43462398648262,1,1,True
vllm,cache-disabled,deepseek-ai/DeepSeek-R1-Distill-Llama-8B,16,3,8,221.61130094900727,1,1,True
vllm,cache-disabled,deepseek-ai/DeepSeek-R1-Distill-Llama-8B,16,3,9,218.96911296062171,1,1,True
vllm,cache-disabled,deepseek-ai/DeepSeek-R1-Distill-Llama-8B,16,4,0,812.1266709640622,7,1,False
vllm,cache-disabled,deepseek-ai/DeepSeek-R1-Distill-Llama-8B,16,4,1,215.94493906013668,7,1,False
vllm,cache-disabled,deepseek-ai/DeepSeek-R1-Distill-Llama-8B,16,4,2,221.2130909319967,7,1,False
vllm,cache-disabled,deepseek-ai/DeepSeek-R1-Distill-Llama-8B,16,4,3,227.09546994883567,7,1,False
vllm,cache-disabled,deepseek-ai/DeepSeek-R1-Distill-Llama-8B,16,4,4,830.8017830131575,7,1,False
vllm,cache-disabled,deepseek-ai/DeepSeek-R1-Distill-Llama-8B,16,4,5,222.18560799956322,7,1,False
vllm,cache-disabled,deepseek-ai/DeepSeek-R1-Distill-Llama-8B,16,4,6,218.9347279490903,7,1,False
vllm,cache-disabled,deepseek-ai/DeepSeek-R1-Distill-Llama-8B,16,4,7,217.75936393532902,7,1,False
vllm,cache-disabled,deepseek-ai/DeepSeek-R1-Distill-Llama-8B,16,4,8,818.8580629648641,7,1,False
vllm,cache-disabled,deepseek-ai/DeepSeek-R1-Distill-Llama-8B,16,4,9,222.11085504386574,7,1,False
vllm,cache-disabled,deepseek-ai/DeepSeek-R1-Distill-Llama-8B,16,5,0,239.63179998099804,9,3,False
vllm,cache-disabled,deepseek-ai/DeepSeek-R1-Distill-Llama-8B,16,5,1,223.2958049280569,9,3,False
vllm,cache-disabled,deepseek-ai/DeepSeek-R1-Distill-Llama-8B,16,5,2,779.7311979811639,9,3,False
vllm,cache-disabled,deepseek-ai/DeepSeek-R1-Distill-Llama-8B,16,5,3,206.0708299977705,9,3,False
vllm,cache-disabled,deepseek-ai/DeepSeek-R1-Distill-Llama-8B,16,5,4,228.74218202196062,9,3,False
vllm,cache-disabled,deepseek-ai/DeepSeek-R1-Distill-Llama-8B,16,5,5,226.69287701137364,9,3,False
vllm,cache-disabled,deepseek-ai/DeepSeek-R1-Distill-Llama-8B,16,5,6,758.9428789215162,9,3,False
vllm,cache-disabled,deepseek-ai/DeepSeek-R1-Distill-Llama-8B,16,5,7,224.39062595367432,9,3,False
vllm,cache-disabled,deepseek-ai/DeepSeek-R1-Distill-Llama-8B,16,5,8,221.28176502883434,9,3,False
vllm,cache-disabled,deepseek-ai/DeepSeek-R1-Distill-Llama-8B,16,5,9,220.75867396779358,9,3,False
vllm,cache-disabled,deepseek-ai/DeepSeek-R1-Distill-Llama-8B,17,0,0,219.3534040125087,9,5,False
vllm,cache-disabled,deepseek-ai/DeepSeek-R1-Distill-Llama-8B,17,0,1,221.33280499838293,9,5,False
vllm,cache-disabled,deepseek-ai/DeepSeek-R1-Distill-Llama-8B,17,0,2,229.96833198703825,9,5,False
vllm,cache-disabled,deepseek-ai/DeepSeek-R1-Distill-Llama-8B,17,0,3,829.5974290231243,9,5,False
vllm,cache-disabled,deepseek-ai/DeepSeek-R1-Distill-Llama-8B,17,0,4,221.82426298968494,9,5,False
vllm,cache-disabled,deepseek-ai/DeepSeek-R1-Distill-Llama-8B,17,0,5,218.17656699568033,9,5,False
vllm,cache-disabled,deepseek-ai/DeepSeek-R1-Distill-Llama-8B,17,0,6,233.1900269491598,9,5,False
vllm,cache-disabled,deepseek-ai/DeepSeek-R1-Distill-Llama-8B,17,0,7,828.0171500518918,9,5,False
vllm,cache-disabled,deepseek-ai/DeepSeek-R1-Distill-Llama-8B,17,0,8,221.33602108806372,9,5,False
vllm,cache-disabled,deepseek-ai/DeepSeek-R1-Distill-Llama-8B,17,0,9,218.93780201207846,9,5,False
vllm,cache-disabled,deepseek-ai/DeepSeek-R1-Distill-Llama-8B,17,1,0,223.54687901679426,6,6,True
vllm,cache-disabled,deepseek-ai/DeepSeek-R1-Distill-Llama-8B,17,1,1,768.7308960594237,6,6,True
vllm,cache-disabled,deepseek-ai/DeepSeek-R1-Distill-Llama-8B,17,1,2,217.6155400229618,6,6,True
vllm,cache-disabled,deepseek-ai/DeepSeek-R1-Distill-Llama-8B,17,1,3,231.59344401210546,6,6,True
vllm,cache-disabled,deepseek-ai/DeepSeek-R1-Distill-Llama-8B,17,1,4,226.36734100524336,6,6,True
vllm,cache-disabled,deepseek-ai/DeepSeek-R1-Distill-Llama-8B,17,1,5,773.2154119294137,6,6,True
vllm,cache-disabled,deepseek-ai/DeepSeek-R1-Distill-Llama-8B,17,1,6,202.43174291681498,6,6,True
vllm,cache-disabled,deepseek-ai/DeepSeek-R1-Distill-Llama-8B,17,1,7,221.0412200074643,6,6,True
vllm,cache-disabled,deepseek-ai/DeepSeek-R1-Distill-Llama-8B,17,1,8,226.43581999000162,6,6,True
vllm,cache-disabled,deepseek-ai/DeepSeek-R1-Distill-Llama-8B,17,1,9,794.6059750393033,6,6,True
vllm,cache-disabled,deepseek-ai/DeepSeek-R1-Distill-Llama-8B,17,2,0,219.1202030517161,4,4,True
vllm,cache-disabled,deepseek-ai/DeepSeek-R1-Distill-Llama-8B,17,2,1,224.0981780923903,4,4,True
vllm,cache-disabled,deepseek-ai/DeepSeek-R1-Distill-Llama-8B,17,2,2,224.1564029827714,4,4,True
vllm,cache-disabled,deepseek-ai/DeepSeek-R1-Distill-Llama-8B,17,2,3,777.9706830624491,4,4,True
vllm,cache-disabled,deepseek-ai/DeepSeek-R1-Distill-Llama-8B,17,2,4,215.84572503343225,4,4,True
vllm,cache-disabled,deepseek-ai/DeepSeek-R1-Distill-Llama-8B,17,2,5,216.68720000889152,4,4,True
vllm,cache-disabled,deepseek-ai/DeepSeek-R1-Distill-Llama-8B,17,2,6,230.25329399388283,4,4,True
vllm,cache-disabled,deepseek-ai/DeepSeek-R1-Distill-Llama-8B,17,2,7,760.2968430146575,4,4,True
vllm,cache-disabled,deepseek-ai/DeepSeek-R1-Distill-Llama-8B,17,2,8,222.13831299450248,4,4,True
vllm,cache-disabled,deepseek-ai/DeepSeek-R1-Distill-Llama-8B,17,2,9,223.90585695393384,4,4,True
vllm,cache-disabled,deepseek-ai/DeepSeek-R1-Distill-Llama-8B,17,3,0,215.52700304891914,2,2,True
vllm,cache-disabled,deepseek-ai/DeepSeek-R1-Distill-Llama-8B,17,3,1,760.1647950941697,2,2,True
vllm,cache-disabled,deepseek-ai/DeepSeek-R1-Distill-Llama-8B,17,3,2,212.5497260130942,2,2,True
vllm,cache-disabled,deepseek-ai/DeepSeek-R1-Distill-Llama-8B,17,3,3,227.33057802543044,2,2,True
vllm,cache-disabled,deepseek-ai/DeepSeek-R1-Distill-Llama-8B,17,3,4,227.95590898022056,2,2,True
vllm,cache-disabled,deepseek-ai/DeepSeek-R1-Distill-Llama-8B,17,3,5,760.849375044927,2,2,True
vllm,cache-disabled,deepseek-ai/DeepSeek-R1-Distill-Llama-8B,17,3,6,228.60024694819003,2,2,True
vllm,cache-disabled,deepseek-ai/DeepSeek-R1-Distill-Llama-8B,17,3,7,223.01491000689566,2,2,True
vllm,cache-disabled,deepseek-ai/DeepSeek-R1-Distill-Llama-8B,17,3,8,587.1936669573188,2,2,True
vllm,cache-disabled,deepseek-ai/DeepSeek-R1-Distill-Llama-8B,17,3,9,442.1255940105766,2,2,True
vllm,cache-disabled,deepseek-ai/DeepSeek-R1-Distill-Llama-8B,17,4,0,220.96936497837305,5,5,True
vllm,cache-disabled,deepseek-ai/DeepSeek-R1-Distill-Llama-8B,17,4,1,226.37028491590172,5,5,True
vllm,cache-disabled,deepseek-ai/DeepSeek-R1-Distill-Llama-8B,17,4,2,823.0845730286092,5,5,True
vllm,cache-disabled,deepseek-ai/DeepSeek-R1-Distill-Llama-8B,17,4,3,225.38312897086143,5,5,True
vllm,cache-disabled,deepseek-ai/DeepSeek-R1-Distill-Llama-8B,17,4,4,224.08907499630004,5,5,True
vllm,cache-disabled,deepseek-ai/DeepSeek-R1-Distill-Llama-8B,17,4,5,207.78402395080775,5,5,True
vllm,cache-disabled,deepseek-ai/DeepSeek-R1-Distill-Llama-8B,17,4,6,761.3886909093708,5,5,True
vllm,cache-disabled,deepseek-ai/DeepSeek-R1-Distill-Llama-8B,17,4,7,222.46082790661603,5,5,True
vllm,cache-disabled,deepseek-ai/DeepSeek-R1-Distill-Llama-8B,17,4,8,226.52860602829605,5,5,True
vllm,cache-disabled,deepseek-ai/DeepSeek-R1-Distill-Llama-8B,17,4,9,229.43154792301357,5,5,True
vllm,cache-disabled,deepseek-ai/DeepSeek-R1-Distill-Llama-8B,17,5,0,748.6970799509436,0,1,False
vllm,cache-disabled,deepseek-ai/DeepSeek-R1-Distill-Llama-8B,17,5,1,211.52212203014642,0,1,False
vllm,cache-disabled,deepseek-ai/DeepSeek-R1-Distill-Llama-8B,17,5,2,221.27637395169586,0,1,False
vllm,cache-disabled,deepseek-ai/DeepSeek-R1-Distill-Llama-8B,17,5,3,228.4913680050522,0,1,False
vllm,cache-disabled,deepseek-ai/DeepSeek-R1-Distill-Llama-8B,17,5,4,764.5919709466398,0,1,False
vllm,cache-disabled,deepseek-ai/DeepSeek-R1-Distill-Llama-8B,17,5,5,217.9461669875309,0,1,False
vllm,cache-disabled,deepseek-ai/DeepSeek-R1-Distill-Llama-8B,17,5,6,224.74163898732513,0,1,False
vllm,cache-disabled,deepseek-ai/DeepSeek-R1-Distill-Llama-8B,17,5,7,587.3228220734745,0,1,False
vllm,cache-disabled,deepseek-ai/DeepSeek-R1-Distill-Llama-8B,17,5,8,408.21656107436866,0,1,False
vllm,cache-disabled,deepseek-ai/DeepSeek-R1-Distill-Llama-8B,17,5,9,219.13385298103094,0,1,False
vllm,cache-disabled,deepseek-ai/DeepSeek-R1-Distill-Llama-8B,18,0,0,773.0910510290414,0,1,False
vllm,cache-disabled,deepseek-ai/DeepSeek-R1-Distill-Llama-8B,18,0,1,217.57589397020638,0,1,False
vllm,cache-disabled,deepseek-ai/DeepSeek-R1-Distill-Llama-8B,18,0,2,229.88772601820529,0,1,False
vllm,cache-disabled,deepseek-ai/DeepSeek-R1-Distill-Llama-8B,18,0,3,225.6436909083277,0,1,False
vllm,cache-disabled,deepseek-ai/DeepSeek-R1-Distill-Llama-8B,18,0,4,757.0628969697282,0,1,False
vllm,cache-disabled,deepseek-ai/DeepSeek-R1-Distill-Llama-8B,18,0,5,218.26544997747988,0,1,False
vllm,cache-disabled,deepseek-ai/DeepSeek-R1-Distill-Llama-8B,18,0,6,221.36146400589496,0,1,False
vllm,cache-disabled,deepseek-ai/DeepSeek-R1-Distill-Llama-8B,18,0,7,226.9501129630953,0,1,False
vllm,cache-disabled,deepseek-ai/DeepSeek-R1-Distill-Llama-8B,18,0,8,754.6446629567072,0,1,False
vllm,cache-disabled,deepseek-ai/DeepSeek-R1-Distill-Llama-8B,18,0,9,219.97283294331282,0,1,False
vllm,cache-disabled,deepseek-ai/DeepSeek-R1-Distill-Llama-8B,18,1,0,225.32879409845918,9,6,False
vllm,cache-disabled,deepseek-ai/DeepSeek-R1-Distill-Llama-8B,18,1,1,514.737642952241,9,6,False
vllm,cache-disabled,deepseek-ai/DeepSeek-R1-Distill-Llama-8B,18,1,2,453.9273950504139,9,6,False
vllm,cache-disabled,deepseek-ai/DeepSeek-R1-Distill-Llama-8B,18,1,3,224.719526944682,9,6,False
vllm,cache-disabled,deepseek-ai/DeepSeek-R1-Distill-Llama-8B,18,1,4,219.40025500953197,9,6,False
vllm,cache-disabled,deepseek-ai/DeepSeek-R1-Distill-Llama-8B,18,1,5,860.9836309915408,9,6,False
vllm,cache-disabled,deepseek-ai/DeepSeek-R1-Distill-Llama-8B,18,1,6,216.35342598892748,9,6,False
vllm,cache-disabled,deepseek-ai/DeepSeek-R1-Distill-Llama-8B,18,1,7,219.45443202275783,9,6,False
vllm,cache-disabled,deepseek-ai/DeepSeek-R1-Distill-Llama-8B,18,1,8,223.73939503449947,9,6,False
vllm,cache-disabled,deepseek-ai/DeepSeek-R1-Distill-Llama-8B,18,1,9,768.9354349859059,9,6,False
vllm,cache-disabled,deepseek-ai/DeepSeek-R1-Distill-Llama-8B,18,2,0,219.507648027502,8,1,False
vllm,cache-disabled,deepseek-ai/DeepSeek-R1-Distill-Llama-8B,18,2,1,156.34980495087802,8,1,False
vllm,cache-disabled,deepseek-ai/DeepSeek-R1-Distill-Llama-8B,18,2,2,231.41435894649476,8,1,False
vllm,cache-disabled,deepseek-ai/DeepSeek-R1-Distill-Llama-8B,18,2,3,834.2277170158923,8,1,False
vllm,cache-disabled,deepseek-ai/DeepSeek-R1-Distill-Llama-8B,18,2,4,204.74845997523516,8,1,False
vllm,cache-disabled,deepseek-ai/DeepSeek-R1-Distill-Llama-8B,18,2,5,227.81075804959983,8,1,False
vllm,cache-disabled,deepseek-ai/DeepSeek-R1-Distill-Llama-8B,18,2,6,217.15979801956564,8,1,False
vllm,cache-disabled,deepseek-ai/DeepSeek-R1-Distill-Llama-8B,18,2,7,769.6684310212731,8,1,False
vllm,cache-disabled,deepseek-ai/DeepSeek-R1-Distill-Llama-8B,18,2,8,213.9766300097108,8,1,False
vllm,cache-disabled,deepseek-ai/DeepSeek-R1-Distill-Llama-8B,18,2,9,218.1012099608779,8,1,False
vllm,cache-disabled,deepseek-ai/DeepSeek-R1-Distill-Llama-8B,18,3,0,225.2000579610467,7,7,True
vllm,cache-disabled,deepseek-ai/DeepSeek-R1-Distill-Llama-8B,18,3,1,817.4942340701818,7,7,True
vllm,cache-disabled,deepseek-ai/DeepSeek-R1-Distill-Llama-8B,18,3,2,224.27077405154705,7,7,True
vllm,cache-disabled,deepseek-ai/DeepSeek-R1-Distill-Llama-8B,18,3,3,223.15726499073207,7,7,True
vllm,cache-disabled,deepseek-ai/DeepSeek-R1-Distill-Llama-8B,18,3,4,217.16917399317026,7,7,True
vllm,cache-disabled,deepseek-ai/DeepSeek-R1-Distill-Llama-8B,18,3,5,803.8108600303531,7,7,True
vllm,cache-disabled,deepseek-ai/DeepSeek-R1-Distill-Llama-8B,18,3,6,217.71237603388727,7,7,True
vllm,cache-disabled,deepseek-ai/DeepSeek-R1-Distill-Llama-8B,18,3,7,213.12710701022297,7,7,True
vllm,cache-disabled,deepseek-ai/DeepSeek-R1-Distill-Llama-8B,18,3,8,228.92985201906413,7,7,True
vllm,cache-disabled,deepseek-ai/DeepSeek-R1-Distill-Llama-8B,18,3,9,832.0592779200524,7,7,True
vllm,cache-disabled,deepseek-ai/DeepSeek-R1-Distill-Llama-8B,18,4,0,220.4167250311002,4,4,True
vllm,cache-disabled,deepseek-ai/DeepSeek-R1-Distill-Llama-8B,18,4,1,225.12976999860257,4,4,True
vllm,cache-disabled,deepseek-ai/DeepSeek-R1-Distill-Llama-8B,18,4,2,233.25204802677035,4,4,True
vllm,cache-disabled,deepseek-ai/DeepSeek-R1-Distill-Llama-8B,18,4,3,768.8506999984384,4,4,True
vllm,cache-disabled,deepseek-ai/DeepSeek-R1-Distill-Llama-8B,18,4,4,213.37528503499925,4,4,True
vllm,cache-disabled,deepseek-ai/DeepSeek-R1-Distill-Llama-8B,18,4,5,225.08260293398052,4,4,True
vllm,cache-disabled,deepseek-ai/DeepSeek-R1-Distill-Llama-8B,18,4,6,225.5315650254488,4,4,True
vllm,cache-disabled,deepseek-ai/DeepSeek-R1-Distill-Llama-8B,18,4,7,766.5611240081489,4,4,True
vllm,cache-disabled,deepseek-ai/DeepSeek-R1-Distill-Llama-8B,18,4,8,214.48469697497785,4,4,True
vllm,cache-disabled,deepseek-ai/DeepSeek-R1-Distill-Llama-8B,18,4,9,228.75458793714643,4,4,True
vllm,cache-disabled,deepseek-ai/DeepSeek-R1-Distill-Llama-8B,18,5,0,221.10419999808073,6,6,True
vllm,cache-disabled,deepseek-ai/DeepSeek-R1-Distill-Llama-8B,18,5,1,823.8428760087118,6,6,True
vllm,cache-disabled,deepseek-ai/DeepSeek-R1-Distill-Llama-8B,18,5,2,220.34856502432376,6,6,True
vllm,cache-disabled,deepseek-ai/DeepSeek-R1-Distill-Llama-8B,18,5,3,222.0805409597233,6,6,True
vllm,cache-disabled,deepseek-ai/DeepSeek-R1-Distill-Llama-8B,18,5,4,225.87982297409326,6,6,True
vllm,cache-disabled,deepseek-ai/DeepSeek-R1-Distill-Llama-8B,18,5,5,800.6818080320954,6,6,True
vllm,cache-disabled,deepseek-ai/DeepSeek-R1-Distill-Llama-8B,18,5,6,211.53473295271397,6,6,True
vllm,cache-disabled,deepseek-ai/DeepSeek-R1-Distill-Llama-8B,18,5,7,219.64929800014943,6,6,True
vllm,cache-disabled,deepseek-ai/DeepSeek-R1-Distill-Llama-8B,18,5,8,223.5619240673259,6,6,True
vllm,cache-disabled,deepseek-ai/DeepSeek-R1-Distill-Llama-8B,18,5,9,777.7559920214117,6,6,True
vllm,cache-disabled,deepseek-ai/DeepSeek-R1-Distill-Llama-8B,19,0,0,220.27323592919856,9,9,True
vllm,cache-disabled,deepseek-ai/DeepSeek-R1-Distill-Llama-8B,19,0,1,230.19243404269218,9,9,True
vllm,cache-disabled,deepseek-ai/DeepSeek-R1-Distill-Llama-8B,19,0,2,768.5681260190904,9,9,True
vllm,cache-disabled,deepseek-ai/DeepSeek-R1-Distill-Llama-8B,19,0,3,218.56062102597207,9,9,True
vllm,cache-disabled,deepseek-ai/DeepSeek-R1-Distill-Llama-8B,19,0,4,227.34546102583408,9,9,True
vllm,cache-disabled,deepseek-ai/DeepSeek-R1-Distill-Llama-8B,19,0,5,227.30434103868902,9,9,True
vllm,cache-disabled,deepseek-ai/DeepSeek-R1-Distill-Llama-8B,19,0,6,770.3262469731271,9,9,True
vllm,cache-disabled,deepseek-ai/DeepSeek-R1-Distill-Llama-8B,19,0,7,219.44745699875057,9,9,True
vllm,cache-disabled,deepseek-ai/DeepSeek-R1-Distill-Llama-8B,19,0,8,229.15996599476784,9,9,True
vllm,cache-disabled,deepseek-ai/DeepSeek-R1-Distill-Llama-8B,19,0,9,218.15695497207344,9,9,True
vllm,cache-disabled,deepseek-ai/DeepSeek-R1-Distill-Llama-8B,19,1,0,754.205773002468,4,1,False
vllm,cache-disabled,deepseek-ai/DeepSeek-R1-Distill-Llama-8B,19,1,1,218.49518199451268,4,1,False
vllm,cache-disabled,deepseek-ai/DeepSeek-R1-Distill-Llama-8B,19,1,2,221.67402796912938,4,1,False
vllm,cache-disabled,deepseek-ai/DeepSeek-R1-Distill-Llama-8B,19,1,3,589.1413340577856,4,1,False
vllm,cache-disabled,deepseek-ai/DeepSeek-R1-Distill-Llama-8B,19,1,4,454.558010911569,4,1,False
vllm,cache-disabled,deepseek-ai/DeepSeek-R1-Distill-Llama-8B,19,1,5,223.60040503554046,4,1,False
vllm,cache-disabled,deepseek-ai/DeepSeek-R1-Distill-Llama-8B,19,1,6,224.25615193787962,4,1,False
vllm,cache-disabled,deepseek-ai/DeepSeek-R1-Distill-Llama-8B,19,1,7,803.0282539548352,4,1,False
vllm,cache-disabled,deepseek-ai/DeepSeek-R1-Distill-Llama-8B,19,1,8,224.580681999214,4,1,False
vllm,cache-disabled,deepseek-ai/DeepSeek-R1-Distill-Llama-8B,19,1,9,226.04816092643887,4,1,False
vllm,cache-disabled,deepseek-ai/DeepSeek-R1-Distill-Llama-8B,19,2,0,216.56051697209477,5,9,False
vllm,cache-disabled,deepseek-ai/DeepSeek-R1-Distill-Llama-8B,19,2,1,759.3175100628287,5,9,False
vllm,cache-disabled,deepseek-ai/DeepSeek-R1-Distill-Llama-8B,19,2,2,221.69484407640994,5,9,False
vllm,cache-disabled,deepseek-ai/DeepSeek-R1-Distill-Llama-8B,19,2,3,224.61457003373653,5,9,False
vllm,cache-disabled,deepseek-ai/DeepSeek-R1-Distill-Llama-8B,19,2,4,585.1241339696571,5,9,False
vllm,cache-disabled,deepseek-ai/DeepSeek-R1-Distill-Llama-8B,19,2,5,435.936167021282,5,9,False
vllm,cache-disabled,deepseek-ai/DeepSeek-R1-Distill-Llama-8B,19,2,6,220.16405302565545,5,9,False
vllm,cache-disabled,deepseek-ai/DeepSeek-R1-Distill-Llama-8B,19,2,7,219.95080402120948,5,9,False
vllm,cache-disabled,deepseek-ai/DeepSeek-R1-Distill-Llama-8B,19,2,8,843.8734689261764,5,9,False
vllm,cache-disabled,deepseek-ai/DeepSeek-R1-Distill-Llama-8B,19,2,9,211.481197969988,5,9,False
vllm,cache-disabled,deepseek-ai/DeepSeek-R1-Distill-Llama-8B,19,3,0,220.29989503789693,9,3,False
vllm,cache-disabled,deepseek-ai/DeepSeek-R1-Distill-Llama-8B,19,3,1,229.61729706730694,9,3,False
vllm,cache-disabled,deepseek-ai/DeepSeek-R1-Distill-Llama-8B,19,3,2,780.3632570430636,9,3,False
vllm,cache-disabled,deepseek-ai/DeepSeek-R1-Distill-Llama-8B,19,3,3,203.0741199851036,9,3,False
vllm,cache-disabled,deepseek-ai/DeepSeek-R1-Distill-Llama-8B,19,3,4,225.4916779929772,9,3,False
vllm,cache-disabled,deepseek-ai/DeepSeek-R1-Distill-Llama-8B,19,3,5,223.61443808767945,9,3,False
vllm,cache-disabled,deepseek-ai/DeepSeek-R1-Distill-Llama-8B,19,3,6,769.9081690516323,9,3,False
vllm,cache-disabled,deepseek-ai/DeepSeek-R1-Distill-Llama-8B,19,3,7,217.15621696785092,9,3,False
vllm,cache-disabled,deepseek-ai/DeepSeek-R1-Distill-Llama-8B,19,3,8,221.04266588576138,9,3,False
vllm,cache-disabled,deepseek-ai/DeepSeek-R1-Distill-Llama-8B,19,3,9,215.52003198303282,9,3,False
vllm,cache-disabled,deepseek-ai/DeepSeek-R1-Distill-Llama-8B,19,4,0,810.4053320130333,4,1,False
vllm,cache-disabled,deepseek-ai/DeepSeek-R1-Distill-Llama-8B,19,4,1,214.3769080284983,4,1,False
vllm,cache-disabled,deepseek-ai/DeepSeek-R1-Distill-Llama-8B,19,4,2,223.5920859966427,4,1,False
vllm,cache-disabled,deepseek-ai/DeepSeek-R1-Distill-Llama-8B,19,4,3,237.85927204880863,4,1,False
vllm,cache-disabled,deepseek-ai/DeepSeek-R1-Distill-Llama-8B,19,4,4,772.1255730139092,4,1,False
vllm,cache-disabled,deepseek-ai/DeepSeek-R1-Distill-Llama-8B,19,4,5,216.64016600698233,4,1,False
vllm,cache-disabled,deepseek-ai/DeepSeek-R1-Distill-Llama-8B,19,4,6,221.9929259736091,4,1,False
vllm,cache-disabled,deepseek-ai/DeepSeek-R1-Distill-Llama-8B,19,4,7,232.66075202263892,4,1,False
vllm,cache-disabled,deepseek-ai/DeepSeek-R1-Distill-Llama-8B,19,4,8,769.054007017985,4,1,False
vllm,cache-disabled,deepseek-ai/DeepSeek-R1-Distill-Llama-8B,19,4,9,220.52959201391786,4,1,False
vllm,cache-disabled,deepseek-ai/DeepSeek-R1-Distill-Llama-8B,19,5,0,224.31933705229312,1,3,False
vllm,cache-disabled,deepseek-ai/DeepSeek-R1-Distill-Llama-8B,19,5,1,223.54423010256141,1,3,False
vllm,cache-disabled,deepseek-ai/DeepSeek-R1-Distill-Llama-8B,19,5,2,775.8169509470463,1,3,False
vllm,cache-disabled,deepseek-ai/DeepSeek-R1-Distill-Llama-8B,19,5,3,215.40584100876004,1,3,False
vllm,cache-disabled,deepseek-ai/DeepSeek-R1-Distill-Llama-8B,19,5,4,227.7963770320639,1,3,False
vllm,cache-disabled,deepseek-ai/DeepSeek-R1-Distill-Llama-8B,19,5,5,216.00701205898076,1,3,False
vllm,cache-disabled,deepseek-ai/DeepSeek-R1-Distill-Llama-8B,19,5,6,763.9577760128304,1,3,False
vllm,cache-disabled,deepseek-ai/DeepSeek-R1-Distill-Llama-8B,19,5,7,221.71270195394754,1,3,False
vllm,cache-disabled,deepseek-ai/DeepSeek-R1-Distill-Llama-8B,19,5,8,220.54378397297114,1,3,False
vllm,cache-disabled,deepseek-ai/DeepSeek-R1-Distill-Llama-8B,19,5,9,221.76499001216143,1,3,False
vllm,cache-disabled,deepseek-ai/DeepSeek-R1-Distill-Llama-8B,20,0,0,224.70852395053953,7,6,False
vllm,cache-disabled,deepseek-ai/DeepSeek-R1-Distill-Llama-8B,20,0,1,220.7833060529083,7,6,False
vllm,cache-disabled,deepseek-ai/DeepSeek-R1-Distill-Llama-8B,20,0,2,220.96415399573743,7,6,False
vllm,cache-disabled,deepseek-ai/DeepSeek-R1-Distill-Llama-8B,20,0,3,779.2251909850165,7,6,False
vllm,cache-disabled,deepseek-ai/DeepSeek-R1-Distill-Llama-8B,20,0,4,223.82279194425792,7,6,False
vllm,cache-disabled,deepseek-ai/DeepSeek-R1-Distill-Llama-8B,20,0,5,219.31045199744403,7,6,False
vllm,cache-disabled,deepseek-ai/DeepSeek-R1-Distill-Llama-8B,20,0,6,173.70020900852978,7,6,False
vllm,cache-disabled,deepseek-ai/DeepSeek-R1-Distill-Llama-8B,20,0,7,757.1527069667354,7,6,False
vllm,cache-disabled,deepseek-ai/DeepSeek-R1-Distill-Llama-8B,20,0,8,213.77416898030788,7,6,False
vllm,cache-disabled,deepseek-ai/DeepSeek-R1-Distill-Llama-8B,20,0,9,220.6958980532363,7,6,False
vllm,cache-disabled,deepseek-ai/DeepSeek-R1-Distill-Llama-8B,20,1,0,229.8262440599501,4,9,False
vllm,cache-disabled,deepseek-ai/DeepSeek-R1-Distill-Llama-8B,20,1,1,767.7597809815779,4,9,False
vllm,cache-disabled,deepseek-ai/DeepSeek-R1-Distill-Llama-8B,20,1,2,219.2648189375177,4,9,False
vllm,cache-disabled,deepseek-ai/DeepSeek-R1-Distill-Llama-8B,20,1,3,230.78298405744135,4,9,False
vllm,cache-disabled,deepseek-ai/DeepSeek-R1-Distill-Llama-8B,20,1,4,590.0654729921371,4,9,False
vllm,cache-disabled,deepseek-ai/DeepSeek-R1-Distill-Llama-8B,20,1,5,404.8190190223977,4,9,False
vllm,cache-disabled,deepseek-ai/DeepSeek-R1-Distill-Llama-8B,20,1,6,226.75336606334895,4,9,False
vllm,cache-disabled,deepseek-ai/DeepSeek-R1-Distill-Llama-8B,20,1,7,229.50157092418522,4,9,False
vllm,cache-disabled,deepseek-ai/DeepSeek-R1-Distill-Llama-8B,20,1,8,772.6451799971983,4,9,False
vllm,cache-disabled,deepseek-ai/DeepSeek-R1-Distill-Llama-8B,20,1,9,211.91200090106577,4,9,False
vllm,cache-disabled,deepseek-ai/DeepSeek-R1-Distill-Llama-8B,20,2,0,226.4754930511117,4,4,True
vllm,cache-disabled,deepseek-ai/DeepSeek-R1-Distill-Llama-8B,20,2,1,223.74755993951112,4,4,True
vllm,cache-disabled,deepseek-ai/DeepSeek-R1-Distill-Llama-8B,20,2,2,768.0961830774322,4,4,True
vllm,cache-disabled,deepseek-ai/DeepSeek-R1-Distill-Llama-8B,20,2,3,225.12606193777174,4,4,True
vllm,cache-disabled,deepseek-ai/DeepSeek-R1-Distill-Llama-8B,20,2,4,213.57764198910445,4,4,True
vllm,cache-disabled,deepseek-ai/DeepSeek-R1-Distill-Llama-8B,20,2,5,223.6513040261343,4,4,True
vllm,cache-disabled,deepseek-ai/DeepSeek-R1-Distill-Llama-8B,20,2,6,808.7333800503984,4,4,True
vllm,cache-disabled,deepseek-ai/DeepSeek-R1-Distill-Llama-8B,20,2,7,219.28192395716906,4,4,True
vllm,cache-disabled,deepseek-ai/DeepSeek-R1-Distill-Llama-8B,20,2,8,225.25057499296963,4,4,True
vllm,cache-disabled,deepseek-ai/DeepSeek-R1-Distill-Llama-8B,20,2,9,218.54764805175364,4,4,True
vllm,cache-disabled,deepseek-ai/DeepSeek-R1-Distill-Llama-8B,20,3,0,834.7916270140558,8,1,False
vllm,cache-disabled,deepseek-ai/DeepSeek-R1-Distill-Llama-8B,20,3,1,206.89929090440273,8,1,False
vllm,cache-disabled,deepseek-ai/DeepSeek-R1-Distill-Llama-8B,20,3,2,212.65845408197492,8,1,False
vllm,cache-disabled,deepseek-ai/DeepSeek-R1-Distill-Llama-8B,20,3,3,228.6658720113337,8,1,False
vllm,cache-disabled,deepseek-ai/DeepSeek-R1-Distill-Llama-8B,20,3,4,780.9458919800818,8,1,False
vllm,cache-disabled,deepseek-ai/DeepSeek-R1-Distill-Llama-8B,20,3,5,212.52630895469338,8,1,False
vllm,cache-disabled,deepseek-ai/DeepSeek-R1-Distill-Llama-8B,20,3,6,225.45580798760056,8,1,False
vllm,cache-disabled,deepseek-ai/DeepSeek-R1-Distill-Llama-8B,20,3,7,229.68490002676845,8,1,False
vllm,cache-disabled,deepseek-ai/DeepSeek-R1-Distill-Llama-8B,20,3,8,773.1211530044675,8,1,False
vllm,cache-disabled,deepseek-ai/DeepSeek-R1-Distill-Llama-8B,20,3,9,211.97243500500917,8,1,False
vllm,cache-disabled,deepseek-ai/DeepSeek-R1-Distill-Llama-8B,20,4,0,224.64514896273613,9,3,False
vllm,cache-disabled,deepseek-ai/DeepSeek-R1-Distill-Llama-8B,20,4,1,224.823966040276,9,3,False
vllm,cache-disabled,deepseek-ai/DeepSeek-R1-Distill-Llama-8B,20,4,2,765.6313739717007,9,3,False
vllm,cache-disabled,deepseek-ai/DeepSeek-R1-Distill-Llama-8B,20,4,3,221.99524892494082,9,3,False
vllm,cache-disabled,deepseek-ai/DeepSeek-R1-Distill-Llama-8B,20,4,4,226.17418004665524,9,3,False
vllm,cache-disabled,deepseek-ai/DeepSeek-R1-Distill-Llama-8B,20,4,5,226.35997307952493,9,3,False
vllm,cache-disabled,deepseek-ai/DeepSeek-R1-Distill-Llama-8B,20,4,6,755.0662390422076,9,3,False
vllm,cache-disabled,deepseek-ai/DeepSeek-R1-Distill-Llama-8B,20,4,7,225.9661159478128,9,3,False
vllm,cache-disabled,deepseek-ai/DeepSeek-R1-Distill-Llama-8B,20,4,8,223.89104997273535,9,3,False
vllm,cache-disabled,deepseek-ai/DeepSeek-R1-Distill-Llama-8B,20,4,9,585.5846400372684,9,3,False
vllm,cache-disabled,deepseek-ai/DeepSeek-R1-Distill-Llama-8B,20,5,0,445.1231280108914,1,1,True
vllm,cache-disabled,deepseek-ai/DeepSeek-R1-Distill-Llama-8B,20,5,1,213.51423405576497,1,1,True
vllm,cache-disabled,deepseek-ai/DeepSeek-R1-Distill-Llama-8B,20,5,2,218.75189000274986,1,1,True
vllm,cache-disabled,deepseek-ai/DeepSeek-R1-Distill-Llama-8B,20,5,3,902.4491450982168,1,1,True
vllm,cache-disabled,deepseek-ai/DeepSeek-R1-Distill-Llama-8B,20,5,4,217.38372405525297,1,1,True
vllm,cache-disabled,deepseek-ai/DeepSeek-R1-Distill-Llama-8B,20,5,5,218.21214398369193,1,1,True
vllm,cache-disabled,deepseek-ai/DeepSeek-R1-Distill-Llama-8B,20,5,6,229.1615540161729,1,1,True
vllm,cache-disabled,deepseek-ai/DeepSeek-R1-Distill-Llama-8B,20,5,7,776.0123850312084,1,1,True
vllm,cache-disabled,deepseek-ai/DeepSeek-R1-Distill-Llama-8B,20,5,8,217.92731003370136,1,1,True
vllm,cache-disabled,deepseek-ai/DeepSeek-R1-Distill-Llama-8B,20,5,9,222.04952198080719,1,1,True
vllm,cache-disabled,deepseek-ai/DeepSeek-R1-Distill-Llama-8B,21,0,0,767.9023330565542,3,1,False
vllm,cache-disabled,deepseek-ai/DeepSeek-R1-Distill-Llama-8B,21,0,1,214.56857596058398,3,1,False
vllm,cache-disabled,deepseek-ai/DeepSeek-R1-Distill-Llama-8B,21,0,2,227.66813996713609,3,1,False
vllm,cache-disabled,deepseek-ai/DeepSeek-R1-Distill-Llama-8B,21,0,3,216.19799104519188,3,1,False
vllm,cache-disabled,deepseek-ai/DeepSeek-R1-Distill-Llama-8B,21,0,4,745.4516519792378,3,1,False
vllm,cache-disabled,deepseek-ai/DeepSeek-R1-Distill-Llama-8B,21,0,5,224.28937209770083,3,1,False
vllm,cache-disabled,deepseek-ai/DeepSeek-R1-Distill-Llama-8B,21,0,6,216.35272703133523,3,1,False
vllm,cache-disabled,deepseek-ai/DeepSeek-R1-Distill-Llama-8B,21,0,7,223.6371770268306,3,1,False
vllm,cache-disabled,deepseek-ai/DeepSeek-R1-Distill-Llama-8B,21,0,8,829.3843769934028,3,1,False
vllm,cache-disabled,deepseek-ai/DeepSeek-R1-Distill-Llama-8B,21,0,9,221.61313600372523,3,1,False
vllm,cache-disabled,deepseek-ai/DeepSeek-R1-Distill-Llama-8B,21,1,0,222.3187880590558,8,8,True
vllm,cache-disabled,deepseek-ai/DeepSeek-R1-Distill-Llama-8B,21,1,1,222.57414902560413,8,8,True
vllm,cache-disabled,deepseek-ai/DeepSeek-R1-Distill-Llama-8B,21,1,2,779.7194441081956,8,8,True
vllm,cache-disabled,deepseek-ai/DeepSeek-R1-Distill-Llama-8B,21,1,3,221.8879220308736,8,8,True
vllm,cache-disabled,deepseek-ai/DeepSeek-R1-Distill-Llama-8B,21,1,4,221.45529510453343,8,8,True
vllm,cache-disabled,deepseek-ai/DeepSeek-R1-Distill-Llama-8B,21,1,5,590.6073050573468,8,8,True
vllm,cache-disabled,deepseek-ai/DeepSeek-R1-Distill-Llama-8B,21,1,6,461.6557180415839,8,8,True
vllm,cache-disabled,deepseek-ai/DeepSeek-R1-Distill-Llama-8B,21,1,7,225.87349195964634,8,8,True
vllm,cache-disabled,deepseek-ai/DeepSeek-R1-Distill-Llama-8B,21,1,8,214.64993606787175,8,8,True
vllm,cache-disabled,deepseek-ai/DeepSeek-R1-Distill-Llama-8B,21,1,9,838.9581029769033,8,8,True
vllm,cache-disabled,deepseek-ai/DeepSeek-R1-Distill-Llama-8B,21,2,0,221.94913809653372,4,4,True
vllm,cache-disabled,deepseek-ai/DeepSeek-R1-Distill-Llama-8B,21,2,1,223.8748430972919,4,4,True
vllm,cache-disabled,deepseek-ai/DeepSeek-R1-Distill-Llama-8B,21,2,2,220.30116198584437,4,4,True
vllm,cache-disabled,deepseek-ai/DeepSeek-R1-Distill-Llama-8B,21,2,3,758.427730994299,4,4,True
vllm,cache-disabled,deepseek-ai/DeepSeek-R1-Distill-Llama-8B,21,2,4,212.64263102784753,4,4,True
vllm,cache-disabled,deepseek-ai/DeepSeek-R1-Distill-Llama-8B,21,2,5,228.59526600223035,4,4,True
vllm,cache-disabled,deepseek-ai/DeepSeek-R1-Distill-Llama-8B,21,2,6,222.69496601074934,4,4,True
vllm,cache-disabled,deepseek-ai/DeepSeek-R1-Distill-Llama-8B,21,2,7,765.9820700064301,4,4,True
vllm,cache-disabled,deepseek-ai/DeepSeek-R1-Distill-Llama-8B,21,2,8,224.2786689894274,4,4,True
vllm,cache-disabled,deepseek-ai/DeepSeek-R1-Distill-Llama-8B,21,2,9,224.05390010681003,4,4,True
vllm,cache-disabled,deepseek-ai/DeepSeek-R1-Distill-Llama-8B,21,3,0,587.6659179339185,0,9,False
vllm,cache-disabled,deepseek-ai/DeepSeek-R1-Distill-Llama-8B,21,3,1,384.41859500017017,0,9,False
vllm,cache-disabled,deepseek-ai/DeepSeek-R1-Distill-Llama-8B,21,3,2,223.31266500987113,0,9,False
vllm,cache-disabled,deepseek-ai/DeepSeek-R1-Distill-Llama-8B,21,3,3,222.31105994433165,0,9,False
vllm,cache-disabled,deepseek-ai/DeepSeek-R1-Distill-Llama-8B,21,3,4,761.9477799162269,0,9,False
vllm,cache-disabled,deepseek-ai/DeepSeek-R1-Distill-Llama-8B,21,3,5,226.49952699430287,0,9,False
vllm,cache-disabled,deepseek-ai/DeepSeek-R1-Distill-Llama-8B,21,3,6,222.42475708480924,0,9,False
vllm,cache-disabled,deepseek-ai/DeepSeek-R1-Distill-Llama-8B,21,3,7,222.069907002151,0,9,False
vllm,cache-disabled,deepseek-ai/DeepSeek-R1-Distill-Llama-8B,21,3,8,805.0281089963391,0,9,False
vllm,cache-disabled,deepseek-ai/DeepSeek-R1-Distill-Llama-8B,21,3,9,221.8724029371515,0,9,False
vllm,cache-disabled,deepseek-ai/DeepSeek-R1-Distill-Llama-8B,21,4,0,222.50966890715063,8,5,False
vllm,cache-disabled,deepseek-ai/DeepSeek-R1-Distill-Llama-8B,21,4,1,220.71138897445053,8,5,False
vllm,cache-disabled,deepseek-ai/DeepSeek-R1-Distill-Llama-8B,21,4,2,781.0257580131292,8,5,False
vllm,cache-disabled,deepseek-ai/DeepSeek-R1-Distill-Llama-8B,21,4,3,221.3054079329595,8,5,False
vllm,cache-disabled,deepseek-ai/DeepSeek-R1-Distill-Llama-8B,21,4,4,222.35118900425732,8,5,False
vllm,cache-disabled,deepseek-ai/DeepSeek-R1-Distill-Llama-8B,21,4,5,160.83146398887038,8,5,False
vllm,cache-disabled,deepseek-ai/DeepSeek-R1-Distill-Llama-8B,21,4,6,762.4188240151852,8,5,False
vllm,cache-disabled,deepseek-ai/DeepSeek-R1-Distill-Llama-8B,21,4,7,226.3595280237496,8,5,False
vllm,cache-disabled,deepseek-ai/DeepSeek-R1-Distill-Llama-8B,21,4,8,164.77330692578107,8,5,False
vllm,cache-disabled,deepseek-ai/DeepSeek-R1-Distill-Llama-8B,21,4,9,227.79647901188582,8,5,False
vllm,cache-disabled,deepseek-ai/DeepSeek-R1-Distill-Llama-8B,21,5,0,762.2580240713432,5,5,True
vllm,cache-disabled,deepseek-ai/DeepSeek-R1-Distill-Llama-8B,21,5,1,216.2810970330611,5,5,True
vllm,cache-disabled,deepseek-ai/DeepSeek-R1-Distill-Llama-8B,21,5,2,230.10682605672628,5,5,True
vllm,cache-disabled,deepseek-ai/DeepSeek-R1-Distill-Llama-8B,21,5,3,586.0698650358245,5,5,True
vllm,cache-disabled,deepseek-ai/DeepSeek-R1-Distill-Llama-8B,21,5,4,395.73988097254187,5,5,True
vllm,cache-disabled,deepseek-ai/DeepSeek-R1-Distill-Llama-8B,21,5,5,172.69985494203866,5,5,True
vllm,cache-disabled,deepseek-ai/DeepSeek-R1-Distill-Llama-8B,21,5,6,220.7995979115367,5,5,True
vllm,cache-disabled,deepseek-ai/DeepSeek-R1-Distill-Llama-8B,21,5,7,591.0513119306415,5,5,True
vllm,cache-disabled,deepseek-ai/DeepSeek-R1-Distill-Llama-8B,21,5,8,351.22553107794374,5,5,True
vllm,cache-disabled,deepseek-ai/DeepSeek-R1-Distill-Llama-8B,21,5,9,224.547888035886,5,5,True
vllm,cache-disabled,deepseek-ai/DeepSeek-R1-Distill-Llama-8B,22,0,0,873.1646190863103,5,1,False
vllm,cache-disabled,deepseek-ai/DeepSeek-R1-Distill-Llama-8B,22,0,1,212.40290394052863,5,1,False
vllm,cache-disabled,deepseek-ai/DeepSeek-R1-Distill-Llama-8B,22,0,2,220.91388702392578,5,1,False
vllm,cache-disabled,deepseek-ai/DeepSeek-R1-Distill-Llama-8B,22,0,3,221.42049798276275,5,1,False
vllm,cache-disabled,deepseek-ai/DeepSeek-R1-Distill-Llama-8B,22,0,4,830.2313799504191,5,1,False
vllm,cache-disabled,deepseek-ai/DeepSeek-R1-Distill-Llama-8B,22,0,5,213.0970989819616,5,1,False
vllm,cache-disabled,deepseek-ai/DeepSeek-R1-Distill-Llama-8B,22,0,6,220.38574097678065,5,1,False
vllm,cache-disabled,deepseek-ai/DeepSeek-R1-Distill-Llama-8B,22,0,7,230.7458360446617,5,1,False
vllm,cache-disabled,deepseek-ai/DeepSeek-R1-Distill-Llama-8B,22,0,8,768.7912880210206,5,1,False
vllm,cache-disabled,deepseek-ai/DeepSeek-R1-Distill-Llama-8B,22,0,9,224.08185398671776,5,1,False
vllm,cache-disabled,deepseek-ai/DeepSeek-R1-Distill-Llama-8B,22,1,0,224.61368096992373,7,7,True
vllm,cache-disabled,deepseek-ai/DeepSeek-R1-Distill-Llama-8B,22,1,1,218.94343104213476,7,7,True
vllm,cache-disabled,deepseek-ai/DeepSeek-R1-Distill-Llama-8B,22,1,2,763.9191220514476,7,7,True
vllm,cache-disabled,deepseek-ai/DeepSeek-R1-Distill-Llama-8B,22,1,3,222.45607001241297,7,7,True
vllm,cache-disabled,deepseek-ai/DeepSeek-R1-Distill-Llama-8B,22,1,4,228.99381292518228,7,7,True
vllm,cache-disabled,deepseek-ai/DeepSeek-R1-Distill-Llama-8B,22,1,5,584.071361925453,7,7,True
vllm,cache-disabled,deepseek-ai/DeepSeek-R1-Distill-Llama-8B,22,1,6,460.22397198248655,7,7,True
vllm,cache-disabled,deepseek-ai/DeepSeek-R1-Distill-Llama-8B,22,1,7,211.7165488889441,7,7,True
vllm,cache-disabled,deepseek-ai/DeepSeek-R1-Distill-Llama-8B,22,1,8,227.02961205504835,7,7,True
vllm,cache-disabled,deepseek-ai/DeepSeek-R1-Distill-Llama-8B,22,1,9,901.8619380658492,7,7,True
vllm,cache-disabled,deepseek-ai/DeepSeek-R1-Distill-Llama-8B,22,2,0,211.52846794575453,4,0,False
vllm,cache-disabled,deepseek-ai/DeepSeek-R1-Distill-Llama-8B,22,2,1,226.76953102927655,4,0,False
vllm,cache-disabled,deepseek-ai/DeepSeek-R1-Distill-Llama-8B,22,2,2,231.96665896102786,4,0,False
vllm,cache-disabled,deepseek-ai/DeepSeek-R1-Distill-Llama-8B,22,2,3,802.7815920067951,4,0,False
vllm,cache-disabled,deepseek-ai/DeepSeek-R1-Distill-Llama-8B,22,2,4,213.517630007118,4,0,False
vllm,cache-disabled,deepseek-ai/DeepSeek-R1-Distill-Llama-8B,22,2,5,219.4675450446084,4,0,False
vllm,cache-disabled,deepseek-ai/DeepSeek-R1-Distill-Llama-8B,22,2,6,222.82485594041646,4,0,False
vllm,cache-disabled,deepseek-ai/DeepSeek-R1-Distill-Llama-8B,22,2,7,826.6484389314428,4,0,False
vllm,cache-disabled,deepseek-ai/DeepSeek-R1-Distill-Llama-8B,22,2,8,216.968541033566,4,0,False
vllm,cache-disabled,deepseek-ai/DeepSeek-R1-Distill-Llama-8B,22,2,9,220.72886291425675,4,0,False
vllm,cache-disabled,deepseek-ai/DeepSeek-R1-Distill-Llama-8B,22,3,0,229.40701502375305,4,2,False
vllm,cache-disabled,deepseek-ai/DeepSeek-R1-Distill-Llama-8B,22,3,1,772.8498700307682,4,2,False
vllm,cache-disabled,deepseek-ai/DeepSeek-R1-Distill-Llama-8B,22,3,2,214.2432340187952,4,2,False
vllm,cache-disabled,deepseek-ai/DeepSeek-R1-Distill-Llama-8B,22,3,3,221.415619016625,4,2,False
vllm,cache-disabled,deepseek-ai/DeepSeek-R1-Distill-Llama-8B,22,3,4,222.73872897494584,4,2,False
vllm,cache-disabled,deepseek-ai/DeepSeek-R1-Distill-Llama-8B,22,3,5,780.1181280519813,4,2,False
vllm,cache-disabled,deepseek-ai/DeepSeek-R1-Distill-Llama-8B,22,3,6,215.6114949611947,4,2,False
vllm,cache-disabled,deepseek-ai/DeepSeek-R1-Distill-Llama-8B,22,3,7,230.2009230479598,4,2,False
vllm,cache-disabled,deepseek-ai/DeepSeek-R1-Distill-Llama-8B,22,3,8,226.55020200181752,4,2,False
vllm,cache-disabled,deepseek-ai/DeepSeek-R1-Distill-Llama-8B,22,3,9,761.7684119613841,4,2,False
vllm,cache-disabled,deepseek-ai/DeepSeek-R1-Distill-Llama-8B,22,4,0,224.2984640179202,2,2,True
vllm,cache-disabled,deepseek-ai/DeepSeek-R1-Distill-Llama-8B,22,4,1,227.07236499991268,2,2,True
vllm,cache-disabled,deepseek-ai/DeepSeek-R1-Distill-Llama-8B,22,4,2,217.64544094912708,2,2,True
vllm,cache-disabled,deepseek-ai/DeepSeek-R1-Distill-Llama-8B,22,4,3,757.637144997716,2,2,True
vllm,cache-disabled,deepseek-ai/DeepSeek-R1-Distill-Llama-8B,22,4,4,225.13240401167423,2,2,True
vllm,cache-disabled,deepseek-ai/DeepSeek-R1-Distill-Llama-8B,22,4,5,220.53500695619732,2,2,True
vllm,cache-disabled,deepseek-ai/DeepSeek-R1-Distill-Llama-8B,22,4,6,580.4705639602616,2,2,True
vllm,cache-disabled,deepseek-ai/DeepSeek-R1-Distill-Llama-8B,22,4,7,440.7326040090993,2,2,True
vllm,cache-disabled,deepseek-ai/DeepSeek-R1-Distill-Llama-8B,22,4,8,224.16628699284047,2,2,True
vllm,cache-disabled,deepseek-ai/DeepSeek-R1-Distill-Llama-8B,22,4,9,223.69950194843113,2,2,True
vllm,cache-disabled,deepseek-ai/DeepSeek-R1-Distill-Llama-8B,22,5,0,812.4581850133836,7,9,False
vllm,cache-disabled,deepseek-ai/DeepSeek-R1-Distill-Llama-8B,22,5,1,213.5139029705897,7,9,False
vllm,cache-disabled,deepseek-ai/DeepSeek-R1-Distill-Llama-8B,22,5,2,225.4172539105639,7,9,False
vllm,cache-disabled,deepseek-ai/DeepSeek-R1-Distill-Llama-8B,22,5,3,226.14901699125767,7,9,False
vllm,cache-disabled,deepseek-ai/DeepSeek-R1-Distill-Llama-8B,22,5,4,833.0414480296895,7,9,False
vllm,cache-disabled,deepseek-ai/DeepSeek-R1-Distill-Llama-8B,22,5,5,217.71148999687284,7,9,False
vllm,cache-disabled,deepseek-ai/DeepSeek-R1-Distill-Llama-8B,22,5,6,219.39487394411117,7,9,False
vllm,cache-disabled,deepseek-ai/DeepSeek-R1-Distill-Llama-8B,22,5,7,226.02148004807532,7,9,False
vllm,cache-disabled,deepseek-ai/DeepSeek-R1-Distill-Llama-8B,22,5,8,768.4255649801344,7,9,False
vllm,cache-disabled,deepseek-ai/DeepSeek-R1-Distill-Llama-8B,22,5,9,208.31517491023988,7,9,False
vllm,cache-disabled,deepseek-ai/DeepSeek-R1-Distill-Llama-8B,23,0,0,229.37984799500555,8,8,True
vllm,cache-disabled,deepseek-ai/DeepSeek-R1-Distill-Llama-8B,23,0,1,826.8760610371828,8,8,True
vllm,cache-disabled,deepseek-ai/DeepSeek-R1-Distill-Llama-8B,23,0,2,221.02835297118872,8,8,True
vllm,cache-disabled,deepseek-ai/DeepSeek-R1-Distill-Llama-8B,23,0,3,223.45177293755114,8,8,True
vllm,cache-disabled,deepseek-ai/DeepSeek-R1-Distill-Llama-8B,23,0,4,221.67933301534504,8,8,True
vllm,cache-disabled,deepseek-ai/DeepSeek-R1-Distill-Llama-8B,23,0,5,768.7762399436906,8,8,True
vllm,cache-disabled,deepseek-ai/DeepSeek-R1-Distill-Llama-8B,23,0,6,226.71692399308085,8,8,True
vllm,cache-disabled,deepseek-ai/DeepSeek-R1-Distill-Llama-8B,23,0,7,222.63868106529117,8,8,True
vllm,cache-disabled,deepseek-ai/DeepSeek-R1-Distill-Llama-8B,23,0,8,212.12424908299,8,8,True
vllm,cache-disabled,deepseek-ai/DeepSeek-R1-Distill-Llama-8B,23,0,9,764.7446059854701,8,8,True
vllm,cache-disabled,deepseek-ai/DeepSeek-R1-Distill-Llama-8B,23,1,0,225.30070901848376,9,7,False
vllm,cache-disabled,deepseek-ai/DeepSeek-R1-Distill-Llama-8B,23,1,1,226.41125903464854,9,7,False
vllm,cache-disabled,deepseek-ai/DeepSeek-R1-Distill-Llama-8B,23,1,2,576.4641480054706,9,7,False
vllm,cache-disabled,deepseek-ai/DeepSeek-R1-Distill-Llama-8B,23,1,3,464.43276398349553,9,7,False
vllm,cache-disabled,deepseek-ai/DeepSeek-R1-Distill-Llama-8B,23,1,4,222.19240805134177,9,7,False
vllm,cache-disabled,deepseek-ai/DeepSeek-R1-Distill-Llama-8B,23,1,5,223.06565998587757,9,7,False
vllm,cache-disabled,deepseek-ai/DeepSeek-R1-Distill-Llama-8B,23,1,6,905.9698689961806,9,7,False
vllm,cache-disabled,deepseek-ai/DeepSeek-R1-Distill-Llama-8B,23,1,7,208.6966170463711,9,7,False
vllm,cache-disabled,deepseek-ai/DeepSeek-R1-Distill-Llama-8B,23,1,8,219.22482596710324,9,7,False
vllm,cache-disabled,deepseek-ai/DeepSeek-R1-Distill-Llama-8B,23,1,9,221.6932700248435,9,7,False
vllm,cache-disabled,deepseek-ai/DeepSeek-R1-Distill-Llama-8B,23,2,0,772.1945610828698,7,9,False
vllm,cache-disabled,deepseek-ai/DeepSeek-R1-Distill-Llama-8B,23,2,1,218.1961489841342,7,9,False
vllm,cache-disabled,deepseek-ai/DeepSeek-R1-Distill-Llama-8B,23,2,2,227.63801703695208,7,9,False
vllm,cache-disabled,deepseek-ai/DeepSeek-R1-Distill-Llama-8B,23,2,3,229.07943197060376,7,9,False
vllm,cache-disabled,deepseek-ai/DeepSeek-R1-Distill-Llama-8B,23,2,4,828.7505359621719,7,9,False
vllm,cache-disabled,deepseek-ai/DeepSeek-R1-Distill-Llama-8B,23,2,5,220.06609407253563,7,9,False
vllm,cache-disabled,deepseek-ai/DeepSeek-R1-Distill-Llama-8B,23,2,6,216.914142947644,7,9,False
vllm,cache-disabled,deepseek-ai/DeepSeek-R1-Distill-Llama-8B,23,2,7,216.5795179316774,7,9,False
vllm,cache-disabled,deepseek-ai/DeepSeek-R1-Distill-Llama-8B,23,2,8,758.3757140673697,7,9,False
vllm,cache-disabled,deepseek-ai/DeepSeek-R1-Distill-Llama-8B,23,2,9,212.0808089384809,7,9,False
vllm,cache-disabled,deepseek-ai/DeepSeek-R1-Distill-Llama-8B,23,3,0,224.74353993311524,6,8,False
vllm,cache-disabled,deepseek-ai/DeepSeek-R1-Distill-Llama-8B,23,3,1,218.57117500621825,6,8,False
vllm,cache-disabled,deepseek-ai/DeepSeek-R1-Distill-Llama-8B,23,3,2,804.0853349957615,6,8,False
vllm,cache-disabled,deepseek-ai/DeepSeek-R1-Distill-Llama-8B,23,3,3,218.29698199871927,6,8,False
vllm,cache-disabled,deepseek-ai/DeepSeek-R1-Distill-Llama-8B,23,3,4,222.6919629611075,6,8,False
vllm,cache-disabled,deepseek-ai/DeepSeek-R1-Distill-Llama-8B,23,3,5,222.44172100909054,6,8,False
vllm,cache-disabled,deepseek-ai/DeepSeek-R1-Distill-Llama-8B,23,3,6,769.5705839432776,6,8,False
vllm,cache-disabled,deepseek-ai/DeepSeek-R1-Distill-Llama-8B,23,3,7,222.36599400639534,6,8,False
vllm,cache-disabled,deepseek-ai/DeepSeek-R1-Distill-Llama-8B,23,3,8,209.93687899317592,6,8,False
vllm,cache-disabled,deepseek-ai/DeepSeek-R1-Distill-Llama-8B,23,3,9,229.82185101136565,6,8,False
vllm,cache-disabled,deepseek-ai/DeepSeek-R1-Distill-Llama-8B,23,4,0,824.5472710113972,6,5,False
vllm,cache-disabled,deepseek-ai/DeepSeek-R1-Distill-Llama-8B,23,4,1,222.37605799455196,6,5,False
vllm,cache-disabled,deepseek-ai/DeepSeek-R1-Distill-Llama-8B,23,4,2,223.95715198945254,6,5,False
vllm,cache-disabled,deepseek-ai/DeepSeek-R1-Distill-Llama-8B,23,4,3,230.05228501278907,6,5,False
vllm,cache-disabled,deepseek-ai/DeepSeek-R1-Distill-Llama-8B,23,4,4,771.7623710632324,6,5,False
vllm,cache-disabled,deepseek-ai/DeepSeek-R1-Distill-Llama-8B,23,4,5,219.41962698474526,6,5,False
vllm,cache-disabled,deepseek-ai/DeepSeek-R1-Distill-Llama-8B,23,4,6,224.04540900606662,6,5,False
vllm,cache-disabled,deepseek-ai/DeepSeek-R1-Distill-Llama-8B,23,4,7,223.7017269944772,6,5,False
vllm,cache-disabled,deepseek-ai/DeepSeek-R1-Distill-Llama-8B,23,4,8,763.1289549171925,6,5,False
vllm,cache-disabled,deepseek-ai/DeepSeek-R1-Distill-Llama-8B,23,4,9,226.5595329226926,6,5,False
vllm,cache-disabled,deepseek-ai/DeepSeek-R1-Distill-Llama-8B,23,5,0,224.26750708837062,5,7,False
vllm,cache-disabled,deepseek-ai/DeepSeek-R1-Distill-Llama-8B,23,5,1,226.46721196360886,5,7,False
vllm,cache-disabled,deepseek-ai/DeepSeek-R1-Distill-Llama-8B,23,5,2,745.6664899364114,5,7,False
vllm,cache-disabled,deepseek-ai/DeepSeek-R1-Distill-Llama-8B,23,5,3,224.2856820812449,5,7,False
vllm,cache-disabled,deepseek-ai/DeepSeek-R1-Distill-Llama-8B,23,5,4,220.58147296775132,5,7,False
vllm,cache-disabled,deepseek-ai/DeepSeek-R1-Distill-Llama-8B,23,5,5,584.886719007045,5,7,False
vllm,cache-disabled,deepseek-ai/DeepSeek-R1-Distill-Llama-8B,23,5,6,401.81860397569835,5,7,False
vllm,cache-disabled,deepseek-ai/DeepSeek-R1-Distill-Llama-8B,23,5,7,220.39448108989745,5,7,False
vllm,cache-disabled,deepseek-ai/DeepSeek-R1-Distill-Llama-8B,23,5,8,222.94276498723775,5,7,False
vllm,cache-disabled,deepseek-ai/DeepSeek-R1-Distill-Llama-8B,23,5,9,898.6375069944188,5,7,False
vllm,cache-disabled,deepseek-ai/DeepSeek-R1-Distill-Llama-8B,24,0,0,213.5617770254612,3,0,False
vllm,cache-disabled,deepseek-ai/DeepSeek-R1-Distill-Llama-8B,24,0,1,244.20679896138608,3,0,False
vllm,cache-disabled,deepseek-ai/DeepSeek-R1-Distill-Llama-8B,24,0,2,769.3119609029964,3,0,False
vllm,cache-disabled,deepseek-ai/DeepSeek-R1-Distill-Llama-8B,24,0,3,215.19824909046292,3,0,False
vllm,cache-disabled,deepseek-ai/DeepSeek-R1-Distill-Llama-8B,24,0,4,223.62558403983712,3,0,False
vllm,cache-disabled,deepseek-ai/DeepSeek-R1-Distill-Llama-8B,24,0,5,228.19304501172155,3,0,False
vllm,cache-disabled,deepseek-ai/DeepSeek-R1-Distill-Llama-8B,24,0,6,823.2305960264057,3,0,False
vllm,cache-disabled,deepseek-ai/DeepSeek-R1-Distill-Llama-8B,24,0,7,218.60751300118864,3,0,False
vllm,cache-disabled,deepseek-ai/DeepSeek-R1-Distill-Llama-8B,24,0,8,227.30641695670784,3,0,False
vllm,cache-disabled,deepseek-ai/DeepSeek-R1-Distill-Llama-8B,24,0,9,225.69812193978578,3,0,False
vllm,cache-disabled,deepseek-ai/DeepSeek-R1-Distill-Llama-8B,24,1,0,772.6928089978173,9,9,True
vllm,cache-disabled,deepseek-ai/DeepSeek-R1-Distill-Llama-8B,24,1,1,224.70342891756445,9,9,True
vllm,cache-disabled,deepseek-ai/DeepSeek-R1-Distill-Llama-8B,24,1,2,227.02521597966552,9,9,True
vllm,cache-disabled,deepseek-ai/DeepSeek-R1-Distill-Llama-8B,24,1,3,220.59646609704942,9,9,True
vllm,cache-disabled,deepseek-ai/DeepSeek-R1-Distill-Llama-8B,24,1,4,755.331561085768,9,9,True
vllm,cache-disabled,deepseek-ai/DeepSeek-R1-Distill-Llama-8B,24,1,5,223.22721406817436,9,9,True
vllm,cache-disabled,deepseek-ai/DeepSeek-R1-Distill-Llama-8B,24,1,6,222.0501690171659,9,9,True
vllm,cache-disabled,deepseek-ai/DeepSeek-R1-Distill-Llama-8B,24,1,7,583.4911139681935,9,9,True
vllm,cache-disabled,deepseek-ai/DeepSeek-R1-Distill-Llama-8B,24,1,8,441.8564080260694,9,9,True
vllm,cache-disabled,deepseek-ai/DeepSeek-R1-Distill-Llama-8B,24,1,9,212.16426696628332,9,9,True
vllm,cache-disabled,deepseek-ai/DeepSeek-R1-Distill-Llama-8B,24,2,0,220.8297320175916,4,2,False
vllm,cache-disabled,deepseek-ai/DeepSeek-R1-Distill-Llama-8B,24,2,1,853.0917299212888,4,2,False
vllm,cache-disabled,deepseek-ai/DeepSeek-R1-Distill-Llama-8B,24,2,2,208.97599693853408,4,2,False
vllm,cache-disabled,deepseek-ai/DeepSeek-R1-Distill-Llama-8B,24,2,3,221.97645693086088,4,2,False
vllm,cache-disabled,deepseek-ai/DeepSeek-R1-Distill-Llama-8B,24,2,4,221.42477391753346,4,2,False
vllm,cache-disabled,deepseek-ai/DeepSeek-R1-Distill-Llama-8B,24,2,5,773.0498209130019,4,2,False
vllm,cache-disabled,deepseek-ai/DeepSeek-R1-Distill-Llama-8B,24,2,6,221.6903920052573,4,2,False
vllm,cache-disabled,deepseek-ai/DeepSeek-R1-Distill-Llama-8B,24,2,7,221.7918320093304,4,2,False
vllm,cache-disabled,deepseek-ai/DeepSeek-R1-Distill-Llama-8B,24,2,8,227.64790710061789,4,2,False
vllm,cache-disabled,deepseek-ai/DeepSeek-R1-Distill-Llama-8B,24,2,9,763.9124189736322,4,2,False
vllm,cache-disabled,deepseek-ai/DeepSeek-R1-Distill-Llama-8B,24,3,0,208.89773999806494,0,0,True
vllm,cache-disabled,deepseek-ai/DeepSeek-R1-Distill-Llama-8B,24,3,1,222.69462095573545,0,0,True
vllm,cache-disabled,deepseek-ai/DeepSeek-R1-Distill-Llama-8B,24,3,2,223.1093910522759,0,0,True
vllm,cache-disabled,deepseek-ai/DeepSeek-R1-Distill-Llama-8B,24,3,3,764.0061000129208,0,0,True
vllm,cache-disabled,deepseek-ai/DeepSeek-R1-Distill-Llama-8B,24,3,4,223.03705499507487,0,0,True
vllm,cache-disabled,deepseek-ai/DeepSeek-R1-Distill-Llama-8B,24,3,5,226.17222100961953,0,0,True
vllm,cache-disabled,deepseek-ai/DeepSeek-R1-Distill-Llama-8B,24,3,6,227.00689604971558,0,0,True
vllm,cache-disabled,deepseek-ai/DeepSeek-R1-Distill-Llama-8B,24,3,7,753.4150590654463,0,0,True
vllm,cache-disabled,deepseek-ai/DeepSeek-R1-Distill-Llama-8B,24,3,8,225.04911199212074,0,0,True
vllm,cache-disabled,deepseek-ai/DeepSeek-R1-Distill-Llama-8B,24,3,9,213.7936190702021,0,0,True
vllm,cache-disabled,deepseek-ai/DeepSeek-R1-Distill-Llama-8B,24,4,0,583.1225709989667,3,6,False
vllm,cache-disabled,deepseek-ai/DeepSeek-R1-Distill-Llama-8B,24,4,1,442.4043959006667,3,6,False
vllm,cache-disabled,deepseek-ai/DeepSeek-R1-Distill-Llama-8B,24,4,2,224.10006809514016,3,6,False
vllm,cache-disabled,deepseek-ai/DeepSeek-R1-Distill-Llama-8B,24,4,3,214.9655290413648,3,6,False
vllm,cache-disabled,deepseek-ai/DeepSeek-R1-Distill-Llama-8B,24,4,4,901.0857790708542,3,6,False
vllm,cache-disabled,deepseek-ai/DeepSeek-R1-Distill-Llama-8B,24,4,5,214.98324105050415,3,6,False
vllm,cache-disabled,deepseek-ai/DeepSeek-R1-Distill-Llama-8B,24,4,6,214.16923799552023,3,6,False
vllm,cache-disabled,deepseek-ai/DeepSeek-R1-Distill-Llama-8B,24,4,7,229.16775499470532,3,6,False
vllm,cache-disabled,deepseek-ai/DeepSeek-R1-Distill-Llama-8B,24,4,8,769.4304790347815,3,6,False
vllm,cache-disabled,deepseek-ai/DeepSeek-R1-Distill-Llama-8B,24,4,9,223.74246595427394,3,6,False
vllm,cache-disabled,deepseek-ai/DeepSeek-R1-Distill-Llama-8B,24,5,0,225.28626606799662,6,3,False
vllm,cache-disabled,deepseek-ai/DeepSeek-R1-Distill-Llama-8B,24,5,1,229.0317389415577,6,3,False
vllm,cache-disabled,deepseek-ai/DeepSeek-R1-Distill-Llama-8B,24,5,2,765.8507509622723,6,3,False
vllm,cache-disabled,deepseek-ai/DeepSeek-R1-Distill-Llama-8B,24,5,3,214.43906193599105,6,3,False
vllm,cache-disabled,deepseek-ai/DeepSeek-R1-Distill-Llama-8B,24,5,4,225.7078510010615,6,3,False
vllm,cache-disabled,deepseek-ai/DeepSeek-R1-Distill-Llama-8B,24,5,5,224.94263190310448,6,3,False
vllm,cache-disabled,deepseek-ai/DeepSeek-R1-Distill-Llama-8B,24,5,6,749.6662279590964,6,3,False
vllm,cache-disabled,deepseek-ai/DeepSeek-R1-Distill-Llama-8B,24,5,7,222.55622001830488,6,3,False
vllm,cache-disabled,deepseek-ai/DeepSeek-R1-Distill-Llama-8B,24,5,8,223.62152091227472,6,3,False
vllm,cache-disabled,deepseek-ai/DeepSeek-R1-Distill-Llama-8B,24,5,9,226.07330896425992,6,3,False
vllm,cache-disabled,deepseek-ai/DeepSeek-R1-Distill-Llama-8B,25,0,0,225.34234600607306,7,7,True
vllm,cache-disabled,deepseek-ai/DeepSeek-R1-Distill-Llama-8B,25,0,1,214.78340099565685,7,7,True
vllm,cache-disabled,deepseek-ai/DeepSeek-R1-Distill-Llama-8B,25,0,2,585.010102018714,7,7,True
vllm,cache-disabled,deepseek-ai/DeepSeek-R1-Distill-Llama-8B,25,0,3,447.0869950018823,7,7,True
vllm,cache-disabled,deepseek-ai/DeepSeek-R1-Distill-Llama-8B,25,0,4,223.10118400491774,7,7,True
vllm,cache-disabled,deepseek-ai/DeepSeek-R1-Distill-Llama-8B,25,0,5,220.24024301208556,7,7,True
vllm,cache-disabled,deepseek-ai/DeepSeek-R1-Distill-Llama-8B,25,0,6,906.6829449729994,7,7,True
vllm,cache-disabled,deepseek-ai/DeepSeek-R1-Distill-Llama-8B,25,0,7,209.35316802933812,7,7,True
vllm,cache-disabled,deepseek-ai/DeepSeek-R1-Distill-Llama-8B,25,0,8,220.0024330522865,7,7,True
vllm,cache-disabled,deepseek-ai/DeepSeek-R1-Distill-Llama-8B,25,0,9,229.9728790530935,7,7,True
vllm,cache-disabled,deepseek-ai/DeepSeek-R1-Distill-Llama-8B,25,1,0,825.4901029868051,5,5,True
vllm,cache-disabled,deepseek-ai/DeepSeek-R1-Distill-Llama-8B,25,1,1,223.51721790619195,5,5,True
vllm,cache-disabled,deepseek-ai/DeepSeek-R1-Distill-Llama-8B,25,1,2,225.81084503326565,5,5,True
vllm,cache-disabled,deepseek-ai/DeepSeek-R1-Distill-Llama-8B,25,1,3,221.68669698294252,5,5,True
vllm,cache-disabled,deepseek-ai/DeepSeek-R1-Distill-Llama-8B,25,1,4,828.4708680585027,5,5,True
vllm,cache-disabled,deepseek-ai/DeepSeek-R1-Distill-Llama-8B,25,1,5,210.50590893719345,5,5,True
vllm,cache-disabled,deepseek-ai/DeepSeek-R1-Distill-Llama-8B,25,1,6,229.41558191087097,5,5,True
vllm,cache-disabled,deepseek-ai/DeepSeek-R1-Distill-Llama-8B,25,1,7,217.55218203179538,5,5,True
vllm,cache-disabled,deepseek-ai/DeepSeek-R1-Distill-Llama-8B,25,1,8,775.2643499989063,5,5,True
vllm,cache-disabled,deepseek-ai/DeepSeek-R1-Distill-Llama-8B,25,1,9,212.97067299019545,5,5,True
vllm,cache-disabled,deepseek-ai/DeepSeek-R1-Distill-Llama-8B,25,2,0,225.49189894925803,8,8,True
vllm,cache-disabled,deepseek-ai/DeepSeek-R1-Distill-Llama-8B,25,2,1,224.44355802144855,8,8,True
vllm,cache-disabled,deepseek-ai/DeepSeek-R1-Distill-Llama-8B,25,2,2,749.9896400840953,8,8,True
vllm,cache-disabled,deepseek-ai/DeepSeek-R1-Distill-Llama-8B,25,2,3,224.1905810078606,8,8,True
vllm,cache-disabled,deepseek-ai/DeepSeek-R1-Distill-Llama-8B,25,2,4,223.13499299343675,8,8,True
vllm,cache-disabled,deepseek-ai/DeepSeek-R1-Distill-Llama-8B,25,2,5,583.9772979961708,8,8,True
vllm,cache-disabled,deepseek-ai/DeepSeek-R1-Distill-Llama-8B,25,2,6,454.35202098451555,8,8,True
vllm,cache-disabled,deepseek-ai/DeepSeek-R1-Distill-Llama-8B,25,2,7,219.83233699575067,8,8,True
vllm,cache-disabled,deepseek-ai/DeepSeek-R1-Distill-Llama-8B,25,2,8,211.03386394679546,8,8,True
vllm,cache-disabled,deepseek-ai/DeepSeek-R1-Distill-Llama-8B,25,2,9,847.1449740463868,8,8,True
vllm,cache-disabled,deepseek-ai/DeepSeek-R1-Distill-Llama-8B,25,3,0,215.48869996331632,2,0,False
vllm,cache-disabled,deepseek-ai/DeepSeek-R1-Distill-Llama-8B,25,3,1,221.41391201876104,2,0,False
vllm,cache-disabled,deepseek-ai/DeepSeek-R1-Distill-Llama-8B,25,3,2,221.94985102396458,2,0,False
vllm,cache-disabled,deepseek-ai/DeepSeek-R1-Distill-Llama-8B,25,3,3,770.2467429917306,2,0,False
vllm,cache-disabled,deepseek-ai/DeepSeek-R1-Distill-Llama-8B,25,3,4,222.04212297219783,2,0,False
vllm,cache-disabled,deepseek-ai/DeepSeek-R1-Distill-Llama-8B,25,3,5,222.50482998788357,2,0,False
vllm,cache-disabled,deepseek-ai/DeepSeek-R1-Distill-Llama-8B,25,3,6,229.70705607440323,2,0,False
vllm,cache-disabled,deepseek-ai/DeepSeek-R1-Distill-Llama-8B,25,3,7,775.0743340002373,2,0,False
vllm,cache-disabled,deepseek-ai/DeepSeek-R1-Distill-Llama-8B,25,3,8,216.79990692064166,2,0,False
vllm,cache-disabled,deepseek-ai/DeepSeek-R1-Distill-Llama-8B,25,3,9,228.7348749814555,2,0,False
vllm,cache-disabled,deepseek-ai/DeepSeek-R1-Distill-Llama-8B,25,4,0,215.65964596811682,0,0,True
vllm,cache-disabled,deepseek-ai/DeepSeek-R1-Distill-Llama-8B,25,4,1,824.3928850861266,0,0,True
vllm,cache-disabled,deepseek-ai/DeepSeek-R1-Distill-Llama-8B,25,4,2,221.01922298315912,0,0,True
vllm,cache-disabled,deepseek-ai/DeepSeek-R1-Distill-Llama-8B,25,4,3,228.02703198976815,0,0,True
vllm,cache-disabled,deepseek-ai/DeepSeek-R1-Distill-Llama-8B,25,4,4,225.93622095882893,0,0,True
vllm,cache-disabled,deepseek-ai/DeepSeek-R1-Distill-Llama-8B,25,4,5,754.373487085104,0,0,True
vllm,cache-disabled,deepseek-ai/DeepSeek-R1-Distill-Llama-8B,25,4,6,222.30889298953116,0,0,True
vllm,cache-disabled,deepseek-ai/DeepSeek-R1-Distill-Llama-8B,25,4,7,223.22478599380702,0,0,True
vllm,cache-disabled,deepseek-ai/DeepSeek-R1-Distill-Llama-8B,25,4,8,582.4246860574931,0,0,True
vllm,cache-disabled,deepseek-ai/DeepSeek-R1-Distill-Llama-8B,25,4,9,406.24389599543065,0,0,True
vllm,cache-disabled,deepseek-ai/DeepSeek-R1-Distill-Llama-8B,25,5,0,214.22053594142199,0,7,False
vllm,cache-disabled,deepseek-ai/DeepSeek-R1-Distill-Llama-8B,25,5,1,218.43197895213962,0,7,False
vllm,cache-disabled,deepseek-ai/DeepSeek-R1-Distill-Llama-8B,25,5,2,590.229794033803,0,7,False
vllm,cache-disabled,deepseek-ai/DeepSeek-R1-Distill-Llama-8B,25,5,3,456.38045005034655,0,7,False
vllm,cache-disabled,deepseek-ai/DeepSeek-R1-Distill-Llama-8B,25,5,4,225.03407404292375,0,7,False
vllm,cache-disabled,deepseek-ai/DeepSeek-R1-Distill-Llama-8B,25,5,5,218.8270849874243,0,7,False
vllm,cache-disabled,deepseek-ai/DeepSeek-R1-Distill-Llama-8B,25,5,6,863.9555840054527,0,7,False
vllm,cache-disabled,deepseek-ai/DeepSeek-R1-Distill-Llama-8B,25,5,7,201.7535970080644,0,7,False
vllm,cache-disabled,deepseek-ai/DeepSeek-R1-Distill-Llama-8B,25,5,8,222.86158404313028,0,7,False
vllm,cache-disabled,deepseek-ai/DeepSeek-R1-Distill-Llama-8B,25,5,9,227.83943207468837,0,7,False
vllm,cache-disabled,deepseek-ai/DeepSeek-R1-Distill-Llama-8B,26,0,0,215.33940499648452,5,4,False
vllm,cache-disabled,deepseek-ai/DeepSeek-R1-Distill-Llama-8B,26,0,1,229.37567892950028,5,4,False
vllm,cache-disabled,deepseek-ai/DeepSeek-R1-Distill-Llama-8B,26,0,2,223.8561810227111,5,4,False
vllm,cache-disabled,deepseek-ai/DeepSeek-R1-Distill-Llama-8B,26,0,3,774.2135979933664,5,4,False
vllm,cache-disabled,deepseek-ai/DeepSeek-R1-Distill-Llama-8B,26,0,4,215.2065719710663,5,4,False
vllm,cache-disabled,deepseek-ai/DeepSeek-R1-Distill-Llama-8B,26,0,5,216.6220509679988,5,4,False
vllm,cache-disabled,deepseek-ai/DeepSeek-R1-Distill-Llama-8B,26,0,6,220.25232389569283,5,4,False
vllm,cache-disabled,deepseek-ai/DeepSeek-R1-Distill-Llama-8B,26,0,7,802.8589469613507,5,4,False
vllm,cache-disabled,deepseek-ai/DeepSeek-R1-Distill-Llama-8B,26,0,8,223.7808039644733,5,4,False
vllm,cache-disabled,deepseek-ai/DeepSeek-R1-Distill-Llama-8B,26,0,9,221.41071408987045,5,4,False
vllm,cache-disabled,deepseek-ai/DeepSeek-R1-Distill-Llama-8B,26,1,0,221.71498695388436,2,2,True
vllm,cache-disabled,deepseek-ai/DeepSeek-R1-Distill-Llama-8B,26,1,1,828.8527500117198,2,2,True
vllm,cache-disabled,deepseek-ai/DeepSeek-R1-Distill-Llama-8B,26,1,2,209.1652009403333,2,2,True
vllm,cache-disabled,deepseek-ai/DeepSeek-R1-Distill-Llama-8B,26,1,3,221.11525607760996,2,2,True
vllm,cache-disabled,deepseek-ai/DeepSeek-R1-Distill-Llama-8B,26,1,4,229.10687699913979,2,2,True
vllm,cache-disabled,deepseek-ai/DeepSeek-R1-Distill-Llama-8B,26,1,5,839.5172469317913,2,2,True
vllm,cache-disabled,deepseek-ai/DeepSeek-R1-Distill-Llama-8B,26,1,6,211.95711800828576,2,2,True
vllm,cache-disabled,deepseek-ai/DeepSeek-R1-Distill-Llama-8B,26,1,7,226.8761310260743,2,2,True
vllm,cache-disabled,deepseek-ai/DeepSeek-R1-Distill-Llama-8B,26,1,8,222.2658860264346,2,2,True
vllm,cache-disabled,deepseek-ai/DeepSeek-R1-Distill-Llama-8B,26,1,9,825.4870859673247,2,2,True
vllm,cache-disabled,deepseek-ai/DeepSeek-R1-Distill-Llama-8B,26,2,0,220.7406780216843,4,4,True
vllm,cache-disabled,deepseek-ai/DeepSeek-R1-Distill-Llama-8B,26,2,1,230.15688301529735,4,4,True
vllm,cache-disabled,deepseek-ai/DeepSeek-R1-Distill-Llama-8B,26,2,2,226.41707304865122,4,4,True
vllm,cache-disabled,deepseek-ai/DeepSeek-R1-Distill-Llama-8B,26,2,3,765.4700709972531,4,4,True
vllm,cache-disabled,deepseek-ai/DeepSeek-R1-Distill-Llama-8B,26,2,4,214.1112240497023,4,4,True
vllm,cache-disabled,deepseek-ai/DeepSeek-R1-Distill-Llama-8B,26,2,5,218.08437898289412,4,4,True
vllm,cache-disabled,deepseek-ai/DeepSeek-R1-Distill-Llama-8B,26,2,6,223.84754091035575,4,4,True
vllm,cache-disabled,deepseek-ai/DeepSeek-R1-Distill-Llama-8B,26,2,7,804.3457890162244,4,4,True
vllm,cache-disabled,deepseek-ai/DeepSeek-R1-Distill-Llama-8B,26,2,8,221.30759409628808,4,4,True
vllm,cache-disabled,deepseek-ai/DeepSeek-R1-Distill-Llama-8B,26,2,9,220.28782893903553,4,4,True
vllm,cache-disabled,deepseek-ai/DeepSeek-R1-Distill-Llama-8B,26,3,0,224.55300099682063,9,2,False
vllm,cache-disabled,deepseek-ai/DeepSeek-R1-Distill-Llama-8B,26,3,1,827.0329830702394,9,2,False
vllm,cache-disabled,deepseek-ai/DeepSeek-R1-Distill-Llama-8B,26,3,2,216.1068170098588,9,2,False
vllm,cache-disabled,deepseek-ai/DeepSeek-R1-Distill-Llama-8B,26,3,3,217.54770493134856,9,2,False
vllm,cache-disabled,deepseek-ai/DeepSeek-R1-Distill-Llama-8B,26,3,4,231.50068195536733,9,2,False
vllm,cache-disabled,deepseek-ai/DeepSeek-R1-Distill-Llama-8B,26,3,5,775.6527919555083,9,2,False
vllm,cache-disabled,deepseek-ai/DeepSeek-R1-Distill-Llama-8B,26,3,6,221.73172398470342,9,2,False
vllm,cache-disabled,deepseek-ai/DeepSeek-R1-Distill-Llama-8B,26,3,7,228.40529098175466,9,2,False
vllm,cache-disabled,deepseek-ai/DeepSeek-R1-Distill-Llama-8B,26,3,8,227.46875905431807,9,2,False
vllm,cache-disabled,deepseek-ai/DeepSeek-R1-Distill-Llama-8B,26,3,9,768.2965670246631,9,2,False
vllm,cache-disabled,deepseek-ai/DeepSeek-R1-Distill-Llama-8B,26,4,0,218.61532505135983,5,4,False
vllm,cache-disabled,deepseek-ai/DeepSeek-R1-Distill-Llama-8B,26,4,1,225.2462200121954,5,4,False
vllm,cache-disabled,deepseek-ai/DeepSeek-R1-Distill-Llama-8B,26,4,2,225.60927795711905,5,4,False
vllm,cache-disabled,deepseek-ai/DeepSeek-R1-Distill-Llama-8B,26,4,3,769.3970839027315,5,4,False
vllm,cache-disabled,deepseek-ai/DeepSeek-R1-Distill-Llama-8B,26,4,4,215.8683689776808,5,4,False
vllm,cache-disabled,deepseek-ai/DeepSeek-R1-Distill-Llama-8B,26,4,5,217.9120589280501,5,4,False
vllm,cache-disabled,deepseek-ai/DeepSeek-R1-Distill-Llama-8B,26,4,6,226.9951410125941,5,4,False
vllm,cache-disabled,deepseek-ai/DeepSeek-R1-Distill-Llama-8B,26,4,7,804.9698420800269,5,4,False
vllm,cache-disabled,deepseek-ai/DeepSeek-R1-Distill-Llama-8B,26,4,8,224.87013891804963,5,4,False
vllm,cache-disabled,deepseek-ai/DeepSeek-R1-Distill-Llama-8B,26,4,9,223.40128500945866,5,4,False
vllm,cache-disabled,deepseek-ai/DeepSeek-R1-Distill-Llama-8B,26,5,0,220.71472799871117,3,2,False
vllm,cache-disabled,deepseek-ai/DeepSeek-R1-Distill-Llama-8B,26,5,1,765.7153860200197,3,2,False
vllm,cache-disabled,deepseek-ai/DeepSeek-R1-Distill-Llama-8B,26,5,2,213.63392600324005,3,2,False
vllm,cache-disabled,deepseek-ai/DeepSeek-R1-Distill-Llama-8B,26,5,3,222.9539699619636,3,2,False
vllm,cache-disabled,deepseek-ai/DeepSeek-R1-Distill-Llama-8B,26,5,4,229.01916597038507,3,2,False
vllm,cache-disabled,deepseek-ai/DeepSeek-R1-Distill-Llama-8B,26,5,5,764.8081830702722,3,2,False
vllm,cache-disabled,deepseek-ai/DeepSeek-R1-Distill-Llama-8B,26,5,6,224.00450299028307,3,2,False
vllm,cache-disabled,deepseek-ai/DeepSeek-R1-Distill-Llama-8B,26,5,7,228.17892208695412,3,2,False
vllm,cache-disabled,deepseek-ai/DeepSeek-R1-Distill-Llama-8B,26,5,8,583.0076220445335,3,2,False
vllm,cache-disabled,deepseek-ai/DeepSeek-R1-Distill-Llama-8B,26,5,9,461.6012619808316,3,2,False
vllm,cache-disabled,deepseek-ai/DeepSeek-R1-Distill-Llama-8B,27,0,0,229.29774411022663,9,2,False
vllm,cache-disabled,deepseek-ai/DeepSeek-R1-Distill-Llama-8B,27,0,1,837.8925430588424,9,2,False
vllm,cache-disabled,deepseek-ai/DeepSeek-R1-Distill-Llama-8B,27,0,2,217.79578691348433,9,2,False
vllm,cache-disabled,deepseek-ai/DeepSeek-R1-Distill-Llama-8B,27,0,3,228.4352279966697,9,2,False
vllm,cache-disabled,deepseek-ai/DeepSeek-R1-Distill-Llama-8B,27,0,4,229.3377760797739,9,2,False
vllm,cache-disabled,deepseek-ai/DeepSeek-R1-Distill-Llama-8B,27,0,5,767.8708870662376,9,2,False
vllm,cache-disabled,deepseek-ai/DeepSeek-R1-Distill-Llama-8B,27,0,6,226.27536207437515,9,2,False
vllm,cache-disabled,deepseek-ai/DeepSeek-R1-Distill-Llama-8B,27,0,7,226.30776197183877,9,2,False
vllm,cache-disabled,deepseek-ai/DeepSeek-R1-Distill-Llama-8B,27,0,8,228.03812299389392,9,2,False
vllm,cache-disabled,deepseek-ai/DeepSeek-R1-Distill-Llama-8B,27,0,9,736.101987073198,9,2,False
vllm,cache-disabled,deepseek-ai/DeepSeek-R1-Distill-Llama-8B,27,1,0,220.49539908766747,1,1,True
vllm,cache-disabled,deepseek-ai/DeepSeek-R1-Distill-Llama-8B,27,1,1,213.91587995458394,1,1,True
vllm,cache-disabled,deepseek-ai/DeepSeek-R1-Distill-Llama-8B,27,1,2,219.6265310049057,1,1,True
vllm,cache-disabled,deepseek-ai/DeepSeek-R1-Distill-Llama-8B,27,1,3,765.2757060714066,1,1,True
vllm,cache-disabled,deepseek-ai/DeepSeek-R1-Distill-Llama-8B,27,1,4,226.00632102694362,1,1,True
vllm,cache-disabled,deepseek-ai/DeepSeek-R1-Distill-Llama-8B,27,1,5,226.76704498007894,1,1,True
vllm,cache-disabled,deepseek-ai/DeepSeek-R1-Distill-Llama-8B,27,1,6,578.5414429847151,1,1,True
vllm,cache-disabled,deepseek-ai/DeepSeek-R1-Distill-Llama-8B,27,1,7,443.96756507921964,1,1,True
vllm,cache-disabled,deepseek-ai/DeepSeek-R1-Distill-Llama-8B,27,1,8,222.938050981611,1,1,True
vllm,cache-disabled,deepseek-ai/DeepSeek-R1-Distill-Llama-8B,27,1,9,225.91494396328926,1,1,True
vllm,cache-disabled,deepseek-ai/DeepSeek-R1-Distill-Llama-8B,27,2,0,884.8487799987197,2,1,False
vllm,cache-disabled,deepseek-ai/DeepSeek-R1-Distill-Llama-8B,27,2,1,209.60568403825164,2,1,False
vllm,cache-disabled,deepseek-ai/DeepSeek-R1-Distill-Llama-8B,27,2,2,212.4775219708681,2,1,False
vllm,cache-disabled,deepseek-ai/DeepSeek-R1-Distill-Llama-8B,27,2,3,229.92358705960214,2,1,False
vllm,cache-disabled,deepseek-ai/DeepSeek-R1-Distill-Llama-8B,27,2,4,826.8943020375445,2,1,False
vllm,cache-disabled,deepseek-ai/DeepSeek-R1-Distill-Llama-8B,27,2,5,217.518026009202,2,1,False
vllm,cache-disabled,deepseek-ai/DeepSeek-R1-Distill-Llama-8B,27,2,6,224.48545007500798,2,1,False
vllm,cache-disabled,deepseek-ai/DeepSeek-R1-Distill-Llama-8B,27,2,7,228.06173900607973,2,1,False
vllm,cache-disabled,deepseek-ai/DeepSeek-R1-Distill-Llama-8B,27,2,8,774.4882489787415,2,1,False
vllm,cache-disabled,deepseek-ai/DeepSeek-R1-Distill-Llama-8B,27,2,9,222.7782589616254,2,1,False
vllm,cache-disabled,deepseek-ai/DeepSeek-R1-Distill-Llama-8B,27,3,0,222.3614570684731,8,8,True
vllm,cache-disabled,deepseek-ai/DeepSeek-R1-Distill-Llama-8B,27,3,1,223.221524967812,8,8,True
vllm,cache-disabled,deepseek-ai/DeepSeek-R1-Distill-Llama-8B,27,3,2,760.5459099868312,8,8,True
vllm,cache-disabled,deepseek-ai/DeepSeek-R1-Distill-Llama-8B,27,3,3,214.25842598546296,8,8,True
vllm,cache-disabled,deepseek-ai/DeepSeek-R1-Distill-Llama-8B,27,3,4,225.9064809186384,8,8,True
vllm,cache-disabled,deepseek-ai/DeepSeek-R1-Distill-Llama-8B,27,3,5,223.91459997743368,8,8,True
vllm,cache-disabled,deepseek-ai/DeepSeek-R1-Distill-Llama-8B,27,3,6,808.8438820559531,8,8,True
vllm,cache-disabled,deepseek-ai/DeepSeek-R1-Distill-Llama-8B,27,3,7,219.93731800466776,8,8,True
vllm,cache-disabled,deepseek-ai/DeepSeek-R1-Distill-Llama-8B,27,3,8,213.560375967063,8,8,True
vllm,cache-disabled,deepseek-ai/DeepSeek-R1-Distill-Llama-8B,27,3,9,223.71210402343422,8,8,True
vllm,cache-disabled,deepseek-ai/DeepSeek-R1-Distill-Llama-8B,27,4,0,761.0471299849451,0,2,False
vllm,cache-disabled,deepseek-ai/DeepSeek-R1-Distill-Llama-8B,27,4,1,219.23220995813608,0,2,False
vllm,cache-disabled,deepseek-ai/DeepSeek-R1-Distill-Llama-8B,27,4,2,218.30122999381274,0,2,False
vllm,cache-disabled,deepseek-ai/DeepSeek-R1-Distill-Llama-8B,27,4,3,229.31142605375499,0,2,False
vllm,cache-disabled,deepseek-ai/DeepSeek-R1-Distill-Llama-8B,27,4,4,775.8865290088579,0,2,False
vllm,cache-disabled,deepseek-ai/DeepSeek-R1-Distill-Llama-8B,27,4,5,222.43678499944508,0,2,False
vllm,cache-disabled,deepseek-ai/DeepSeek-R1-Distill-Llama-8B,27,4,6,224.85185193363577,0,2,False
vllm,cache-disabled,deepseek-ai/DeepSeek-R1-Distill-Llama-8B,27,4,7,224.72154803108424,0,2,False
vllm,cache-disabled,deepseek-ai/DeepSeek-R1-Distill-Llama-8B,27,4,8,767.2667759470642,0,2,False
vllm,cache-disabled,deepseek-ai/DeepSeek-R1-Distill-Llama-8B,27,4,9,218.99609791580588,0,2,False
vllm,cache-disabled,deepseek-ai/DeepSeek-R1-Distill-Llama-8B,27,5,0,224.97830202337354,6,7,False
vllm,cache-disabled,deepseek-ai/DeepSeek-R1-Distill-Llama-8B,27,5,1,223.86815201025456,6,7,False
vllm,cache-disabled,deepseek-ai/DeepSeek-R1-Distill-Llama-8B,27,5,2,764.9284140206873,6,7,False
vllm,cache-disabled,deepseek-ai/DeepSeek-R1-Distill-Llama-8B,27,5,3,219.13523401599377,6,7,False
vllm,cache-disabled,deepseek-ai/DeepSeek-R1-Distill-Llama-8B,27,5,4,224.04204099439085,6,7,False
vllm,cache-disabled,deepseek-ai/DeepSeek-R1-Distill-Llama-8B,27,5,5,225.6624969886616,6,7,False
vllm,cache-disabled,deepseek-ai/DeepSeek-R1-Distill-Llama-8B,27,5,6,744.3247820483521,6,7,False
vllm,cache-disabled,deepseek-ai/DeepSeek-R1-Distill-Llama-8B,27,5,7,215.21782397758216,6,7,False
vllm,cache-disabled,deepseek-ai/DeepSeek-R1-Distill-Llama-8B,27,5,8,219.7956689633429,6,7,False
vllm,cache-disabled,deepseek-ai/DeepSeek-R1-Distill-Llama-8B,27,5,9,582.2295260149986,6,7,False
vllm,cache-disabled,deepseek-ai/DeepSeek-R1-Distill-Llama-8B,28,0,0,222.6452180184424,4,4,True
vllm,cache-disabled,deepseek-ai/DeepSeek-R1-Distill-Llama-8B,28,0,1,221.28986800089478,4,4,True
vllm,cache-disabled,deepseek-ai/DeepSeek-R1-Distill-Llama-8B,28,0,2,902.1322730695829,4,4,True
vllm,cache-disabled,deepseek-ai/DeepSeek-R1-Distill-Llama-8B,28,0,3,216.99405601248145,4,4,True
vllm,cache-disabled,deepseek-ai/DeepSeek-R1-Distill-Llama-8B,28,0,4,212.84242102410644,4,4,True
vllm,cache-disabled,deepseek-ai/DeepSeek-R1-Distill-Llama-8B,28,0,5,227.45682508684695,4,4,True
vllm,cache-disabled,deepseek-ai/DeepSeek-R1-Distill-Llama-8B,28,0,6,776.4350289944559,4,4,True
vllm,cache-disabled,deepseek-ai/DeepSeek-R1-Distill-Llama-8B,28,0,7,220.82168993074447,4,4,True
vllm,cache-disabled,deepseek-ai/DeepSeek-R1-Distill-Llama-8B,28,0,8,226.54499695636332,4,4,True
vllm,cache-disabled,deepseek-ai/DeepSeek-R1-Distill-Llama-8B,28,0,9,228.5935030085966,4,4,True
vllm,cache-disabled,deepseek-ai/DeepSeek-R1-Distill-Llama-8B,28,1,0,837.5380040379241,4,1,False
vllm,cache-disabled,deepseek-ai/DeepSeek-R1-Distill-Llama-8B,28,1,1,208.41353700961918,4,1,False
vllm,cache-disabled,deepseek-ai/DeepSeek-R1-Distill-Llama-8B,28,1,2,220.98581900354475,4,1,False
vllm,cache-disabled,deepseek-ai/DeepSeek-R1-Distill-Llama-8B,28,1,3,223.81752799265087,4,1,False
vllm,cache-disabled,deepseek-ai/DeepSeek-R1-Distill-Llama-8B,28,1,4,754.824977950193,4,1,False
vllm,cache-disabled,deepseek-ai/DeepSeek-R1-Distill-Llama-8B,28,1,5,222.90557192172855,4,1,False
vllm,cache-disabled,deepseek-ai/DeepSeek-R1-Distill-Llama-8B,28,1,6,227.523050038144,4,1,False
vllm,cache-disabled,deepseek-ai/DeepSeek-R1-Distill-Llama-8B,28,1,7,225.7697469322011,4,1,False
vllm,cache-disabled,deepseek-ai/DeepSeek-R1-Distill-Llama-8B,28,1,8,756.3587919576094,4,1,False
vllm,cache-disabled,deepseek-ai/DeepSeek-R1-Distill-Llama-8B,28,1,9,225.79393803607672,4,1,False
vllm,cache-disabled,deepseek-ai/DeepSeek-R1-Distill-Llama-8B,28,2,0,221.31092404015362,9,7,False
vllm,cache-disabled,deepseek-ai/DeepSeek-R1-Distill-Llama-8B,28,2,1,582.5556420022622,9,7,False
vllm,cache-disabled,deepseek-ai/DeepSeek-R1-Distill-Llama-8B,28,2,2,442.8584440611303,9,7,False
vllm,cache-disabled,deepseek-ai/DeepSeek-R1-Distill-Llama-8B,28,2,3,221.08270006719977,9,7,False
vllm,cache-disabled,deepseek-ai/DeepSeek-R1-Distill-Llama-8B,28,2,4,224.40223605372012,9,7,False
vllm,cache-disabled,deepseek-ai/DeepSeek-R1-Distill-Llama-8B,28,2,5,896.530298050493,9,7,False
vllm,cache-disabled,deepseek-ai/DeepSeek-R1-Distill-Llama-8B,28,2,6,219.1438910085708,9,7,False
vllm,cache-disabled,deepseek-ai/DeepSeek-R1-Distill-Llama-8B,28,2,7,211.2170539330691,9,7,False
vllm,cache-disabled,deepseek-ai/DeepSeek-R1-Distill-Llama-8B,28,2,8,228.24089392088354,9,7,False
vllm,cache-disabled,deepseek-ai/DeepSeek-R1-Distill-Llama-8B,28,2,9,759.9468419793993,9,7,False
vllm,cache-disabled,deepseek-ai/DeepSeek-R1-Distill-Llama-8B,28,3,0,215.21904098335654,0,4,False
vllm,cache-disabled,deepseek-ai/DeepSeek-R1-Distill-Llama-8B,28,3,1,223.94228097982705,0,4,False
vllm,cache-disabled,deepseek-ai/DeepSeek-R1-Distill-Llama-8B,28,3,2,226.21030895970762,0,4,False
vllm,cache-disabled,deepseek-ai/DeepSeek-R1-Distill-Llama-8B,28,3,3,769.6550649125129,0,4,False
vllm,cache-disabled,deepseek-ai/DeepSeek-R1-Distill-Llama-8B,28,3,4,212.50801999121904,0,4,False
vllm,cache-disabled,deepseek-ai/DeepSeek-R1-Distill-Llama-8B,28,3,5,231.09561204910278,0,4,False
vllm,cache-disabled,deepseek-ai/DeepSeek-R1-Distill-Llama-8B,28,3,6,224.41660403274,0,4,False
vllm,cache-disabled,deepseek-ai/DeepSeek-R1-Distill-Llama-8B,28,3,7,830.0101150525734,0,4,False
vllm,cache-disabled,deepseek-ai/DeepSeek-R1-Distill-Llama-8B,28,3,8,225.3262079320848,0,4,False
vllm,cache-disabled,deepseek-ai/DeepSeek-R1-Distill-Llama-8B,28,3,9,239.25963405054063,0,4,False
vllm,cache-disabled,deepseek-ai/DeepSeek-R1-Distill-Llama-8B,28,4,0,205.32825798727572,1,0,False
vllm,cache-disabled,deepseek-ai/DeepSeek-R1-Distill-Llama-8B,28,4,1,748.816951061599,1,0,False
vllm,cache-disabled,deepseek-ai/DeepSeek-R1-Distill-Llama-8B,28,4,2,224.95303803589195,1,0,False
vllm,cache-disabled,deepseek-ai/DeepSeek-R1-Distill-Llama-8B,28,4,3,223.13048597425222,1,0,False
vllm,cache-disabled,deepseek-ai/DeepSeek-R1-Distill-Llama-8B,28,4,4,583.9673939626664,1,0,False
vllm,cache-disabled,deepseek-ai/DeepSeek-R1-Distill-Llama-8B,28,4,5,443.9983540214598,1,0,False
vllm,cache-disabled,deepseek-ai/DeepSeek-R1-Distill-Llama-8B,28,4,6,222.11384098045528,1,0,False
vllm,cache-disabled,deepseek-ai/DeepSeek-R1-Distill-Llama-8B,28,4,7,222.20699407625943,1,0,False
vllm,cache-disabled,deepseek-ai/DeepSeek-R1-Distill-Llama-8B,28,4,8,824.2123610107228,1,0,False
vllm,cache-disabled,deepseek-ai/DeepSeek-R1-Distill-Llama-8B,28,4,9,224.6858369326219,1,0,False
vllm,cache-disabled,deepseek-ai/DeepSeek-R1-Distill-Llama-8B,28,5,0,224.992046947591,5,4,False
vllm,cache-disabled,deepseek-ai/DeepSeek-R1-Distill-Llama-8B,28,5,1,224.20194698497653,5,4,False
vllm,cache-disabled,deepseek-ai/DeepSeek-R1-Distill-Llama-8B,28,5,2,822.9836829705164,5,4,False
vllm,cache-disabled,deepseek-ai/DeepSeek-R1-Distill-Llama-8B,28,5,3,220.40719399228692,5,4,False
vllm,cache-disabled,deepseek-ai/DeepSeek-R1-Distill-Llama-8B,28,5,4,216.7386480141431,5,4,False
vllm,cache-disabled,deepseek-ai/DeepSeek-R1-Distill-Llama-8B,28,5,5,223.08119002263993,5,4,False
vllm,cache-disabled,deepseek-ai/DeepSeek-R1-Distill-Llama-8B,28,5,6,772.0342290122062,5,4,False
vllm,cache-disabled,deepseek-ai/DeepSeek-R1-Distill-Llama-8B,28,5,7,218.92424300312996,5,4,False
vllm,cache-disabled,deepseek-ai/DeepSeek-R1-Distill-Llama-8B,28,5,8,226.6804549144581,5,4,False
vllm,cache-disabled,deepseek-ai/DeepSeek-R1-Distill-Llama-8B,28,5,9,226.31178109440953,5,4,False
vllm,cache-disabled,deepseek-ai/DeepSeek-R1-Distill-Llama-8B,29,0,0,205.25691495276988,0,0,True
vllm,cache-disabled,deepseek-ai/DeepSeek-R1-Distill-Llama-8B,29,0,1,222.10865805391222,0,0,True
vllm,cache-disabled,deepseek-ai/DeepSeek-R1-Distill-Llama-8B,29,0,2,223.35799189750105,0,0,True
vllm,cache-disabled,deepseek-ai/DeepSeek-R1-Distill-Llama-8B,29,0,3,760.077886050567,0,0,True
vllm,cache-disabled,deepseek-ai/DeepSeek-R1-Distill-Llama-8B,29,0,4,228.0000620521605,0,0,True
vllm,cache-disabled,deepseek-ai/DeepSeek-R1-Distill-Llama-8B,29,0,5,227.68253996036947,0,0,True
vllm,cache-disabled,deepseek-ai/DeepSeek-R1-Distill-Llama-8B,29,0,6,217.6127169514075,0,0,True
vllm,cache-disabled,deepseek-ai/DeepSeek-R1-Distill-Llama-8B,29,0,7,765.617176075466,0,0,True
vllm,cache-disabled,deepseek-ai/DeepSeek-R1-Distill-Llama-8B,29,0,8,216.20450203772634,0,0,True
vllm,cache-disabled,deepseek-ai/DeepSeek-R1-Distill-Llama-8B,29,0,9,226.38410201761872,0,0,True
vllm,cache-disabled,deepseek-ai/DeepSeek-R1-Distill-Llama-8B,29,1,0,216.02904493920505,0,9,False
vllm,cache-disabled,deepseek-ai/DeepSeek-R1-Distill-Llama-8B,29,1,1,763.5220300871879,0,9,False
vllm,cache-disabled,deepseek-ai/DeepSeek-R1-Distill-Llama-8B,29,1,2,222.65670902561396,0,9,False
vllm,cache-disabled,deepseek-ai/DeepSeek-R1-Distill-Llama-8B,29,1,3,220.85892409086227,0,9,False
vllm,cache-disabled,deepseek-ai/DeepSeek-R1-Distill-Llama-8B,29,1,4,587.8967909375206,0,9,False
vllm,cache-disabled,deepseek-ai/DeepSeek-R1-Distill-Llama-8B,29,1,5,463.61795195844024,0,9,False
vllm,cache-disabled,deepseek-ai/DeepSeek-R1-Distill-Llama-8B,29,1,6,218.18244806490839,0,9,False
vllm,cache-disabled,deepseek-ai/DeepSeek-R1-Distill-Llama-8B,29,1,7,230.63130606897175,0,9,False
vllm,cache-disabled,deepseek-ai/DeepSeek-R1-Distill-Llama-8B,29,1,8,810.135850100778,0,9,False
vllm,cache-disabled,deepseek-ai/DeepSeek-R1-Distill-Llama-8B,29,1,9,215.35193896852434,0,9,False
vllm,cache-disabled,deepseek-ai/DeepSeek-R1-Distill-Llama-8B,29,2,0,225.26811296120286,4,9,False
vllm,cache-disabled,deepseek-ai/DeepSeek-R1-Distill-Llama-8B,29,2,1,223.24322303757071,4,9,False
vllm,cache-disabled,deepseek-ai/DeepSeek-R1-Distill-Llama-8B,29,2,2,766.6074869921431,4,9,False
vllm,cache-disabled,deepseek-ai/DeepSeek-R1-Distill-Llama-8B,29,2,3,217.62950206175447,4,9,False
vllm,cache-disabled,deepseek-ai/DeepSeek-R1-Distill-Llama-8B,29,2,4,220.74901999440044,4,9,False
vllm,cache-disabled,deepseek-ai/DeepSeek-R1-Distill-Llama-8B,29,2,5,226.29669401794672,4,9,False
vllm,cache-disabled,deepseek-ai/DeepSeek-R1-Distill-Llama-8B,29,2,6,772.0750010339543,4,9,False
vllm,cache-disabled,deepseek-ai/DeepSeek-R1-Distill-Llama-8B,29,2,7,223.99218706414104,4,9,False
vllm,cache-disabled,deepseek-ai/DeepSeek-R1-Distill-Llama-8B,29,2,8,224.3382689775899,4,9,False
vllm,cache-disabled,deepseek-ai/DeepSeek-R1-Distill-Llama-8B,29,2,9,215.77970101498067,4,9,False
vllm,cache-disabled,deepseek-ai/DeepSeek-R1-Distill-Llama-8B,29,3,0,758.0105199012905,4,6,False
vllm,cache-disabled,deepseek-ai/DeepSeek-R1-Distill-Llama-8B,29,3,1,221.05585306417197,4,6,False
vllm,cache-disabled,deepseek-ai/DeepSeek-R1-Distill-Llama-8B,29,3,2,221.32164693903178,4,6,False
vllm,cache-disabled,deepseek-ai/DeepSeek-R1-Distill-Llama-8B,29,3,3,578.4347470616922,4,6,False
vllm,cache-disabled,deepseek-ai/DeepSeek-R1-Distill-Llama-8B,29,3,4,432.2931179776788,4,6,False
vllm,cache-disabled,deepseek-ai/DeepSeek-R1-Distill-Llama-8B,29,3,5,225.02432100009173,4,6,False
vllm,cache-disabled,deepseek-ai/DeepSeek-R1-Distill-Llama-8B,29,3,6,220.02122492995113,4,6,False
vllm,cache-disabled,deepseek-ai/DeepSeek-R1-Distill-Llama-8B,29,3,7,587.1343089966103,4,6,False
vllm,cache-disabled,deepseek-ai/DeepSeek-R1-Distill-Llama-8B,29,3,8,467.96638902742416,4,6,False
vllm,cache-disabled,deepseek-ai/DeepSeek-R1-Distill-Llama-8B,29,3,9,226.64863197132945,4,6,False
vllm,cache-disabled,deepseek-ai/DeepSeek-R1-Distill-Llama-8B,29,4,0,228.35711995139718,5,3,False
vllm,cache-disabled,deepseek-ai/DeepSeek-R1-Distill-Llama-8B,29,4,1,825.2200989518315,5,3,False
vllm,cache-disabled,deepseek-ai/DeepSeek-R1-Distill-Llama-8B,29,4,2,220.07981804199517,5,3,False
vllm,cache-disabled,deepseek-ai/DeepSeek-R1-Distill-Llama-8B,29,4,3,209.46391101460904,5,3,False
vllm,cache-disabled,deepseek-ai/DeepSeek-R1-Distill-Llama-8B,29,4,4,245.26751996017992,5,3,False
vllm,cache-disabled,deepseek-ai/DeepSeek-R1-Distill-Llama-8B,29,4,5,767.3167230095714,5,3,False
vllm,cache-disabled,deepseek-ai/DeepSeek-R1-Distill-Llama-8B,29,4,6,218.2859529275447,5,3,False
vllm,cache-disabled,deepseek-ai/DeepSeek-R1-Distill-Llama-8B,29,4,7,226.88492096494883,5,3,False
vllm,cache-disabled,deepseek-ai/DeepSeek-R1-Distill-Llama-8B,29,4,8,228.9701149566099,5,3,False
vllm,cache-disabled,deepseek-ai/DeepSeek-R1-Distill-Llama-8B,29,4,9,770.8327560685575,5,3,False
vllm,cache-disabled,deepseek-ai/DeepSeek-R1-Distill-Llama-8B,29,5,0,222.68285404425114,2,8,False
vllm,cache-disabled,deepseek-ai/DeepSeek-R1-Distill-Llama-8B,29,5,1,216.7832419509068,2,8,False
vllm,cache-disabled,deepseek-ai/DeepSeek-R1-Distill-Llama-8B,29,5,2,217.2547479858622,2,8,False
vllm,cache-disabled,deepseek-ai/DeepSeek-R1-Distill-Llama-8B,29,5,3,763.9446930261329,2,8,False
vllm,cache-disabled,deepseek-ai/DeepSeek-R1-Distill-Llama-8B,29,5,4,223.09160802979022,2,8,False
vllm,cache-disabled,deepseek-ai/DeepSeek-R1-Distill-Llama-8B,29,5,5,224.4847510010004,2,8,False
vllm,cache-disabled,deepseek-ai/DeepSeek-R1-Distill-Llama-8B,29,5,6,217.14063605759293,2,8,False
vllm,cache-disabled,deepseek-ai/DeepSeek-R1-Distill-Llama-8B,29,5,7,764.7157040191814,2,8,False
vllm,cache-disabled,deepseek-ai/DeepSeek-R1-Distill-Llama-8B,29,5,8,215.2570430189371,2,8,False
vllm,cache-disabled,deepseek-ai/DeepSeek-R1-Distill-Llama-8B,29,5,9,224.275549990125,2,8,False
