framework,cache_mode,model,trial,position,probe_digit,wall_clock_latency_ms,ground_truth_digit,position_guess,position_correct
vllm,shared,Qwen/Qwen2.5-7B-Instruct,0,0,0,81.13696399959736,8,9,False
vllm,shared,Qwen/Qwen2.5-7B-Instruct,0,0,1,80.20185198984109,8,9,False
vllm,shared,Qwen/Qwen2.5-7B-Instruct,0,0,2,79.67131900659297,8,9,False
vllm,shared,Qwen/Qwen2.5-7B-Instruct,0,0,3,79.5948379964102,8,9,False
vllm,shared,Qwen/Qwen2.5-7B-Instruct,0,0,4,80.30257299833465,8,9,False
vllm,shared,Qwen/Qwen2.5-7B-Instruct,0,0,5,80.57948699570261,8,9,False
vllm,shared,Qwen/Qwen2.5-7B-Instruct,0,0,6,80.12554699962493,8,9,False
vllm,shared,Qwen/Qwen2.5-7B-Instruct,0,0,7,79.1387850040337,8,9,False
vllm,shared,Qwen/Qwen2.5-7B-Instruct,0,0,8,84.21323201037012,8,9,False
vllm,shared,Qwen/Qwen2.5-7B-Instruct,0,0,9,78.88387001003139,8,9,False
vllm,shared,Qwen/Qwen2.5-7B-Instruct,0,1,0,78.19820099393837,6,0,False
vllm,shared,Qwen/Qwen2.5-7B-Instruct,0,1,1,80.75830499001313,6,0,False
vllm,shared,Qwen/Qwen2.5-7B-Instruct,0,1,2,80.81472100457177,6,0,False
vllm,shared,Qwen/Qwen2.5-7B-Instruct,0,1,3,80.76524799980689,6,0,False
vllm,shared,Qwen/Qwen2.5-7B-Instruct,0,1,4,81.4669350074837,6,0,False
vllm,shared,Qwen/Qwen2.5-7B-Instruct,0,1,5,78.99185598944314,6,0,False
vllm,shared,Qwen/Qwen2.5-7B-Instruct,0,1,6,84.57357100269292,6,0,False
vllm,shared,Qwen/Qwen2.5-7B-Instruct,0,1,7,79.8569999897154,6,0,False
vllm,shared,Qwen/Qwen2.5-7B-Instruct,0,1,8,78.69226900220383,6,0,False
vllm,shared,Qwen/Qwen2.5-7B-Instruct,0,1,9,79.21888199052773,6,0,False
vllm,shared,Qwen/Qwen2.5-7B-Instruct,0,2,0,80.82268899306655,7,5,False
vllm,shared,Qwen/Qwen2.5-7B-Instruct,0,2,1,80.08892201178242,7,5,False
vllm,shared,Qwen/Qwen2.5-7B-Instruct,0,2,2,79.77915900119115,7,5,False
vllm,shared,Qwen/Qwen2.5-7B-Instruct,0,2,3,78.46490699739661,7,5,False
vllm,shared,Qwen/Qwen2.5-7B-Instruct,0,2,4,79.26460998714902,7,5,False
vllm,shared,Qwen/Qwen2.5-7B-Instruct,0,2,5,78.27551299124025,7,5,False
vllm,shared,Qwen/Qwen2.5-7B-Instruct,0,2,6,80.92600099917036,7,5,False
vllm,shared,Qwen/Qwen2.5-7B-Instruct,0,2,7,84.37512199452613,7,5,False
vllm,shared,Qwen/Qwen2.5-7B-Instruct,0,2,8,80.2185219945386,7,5,False
vllm,shared,Qwen/Qwen2.5-7B-Instruct,0,2,9,79.91765599581413,7,5,False
vllm,shared,Qwen/Qwen2.5-7B-Instruct,0,3,0,80.3842360037379,1,4,False
vllm,shared,Qwen/Qwen2.5-7B-Instruct,0,3,1,84.91397400212009,1,4,False
vllm,shared,Qwen/Qwen2.5-7B-Instruct,0,3,2,80.32639599696267,1,4,False
vllm,shared,Qwen/Qwen2.5-7B-Instruct,0,3,3,78.80550200934522,1,4,False
vllm,shared,Qwen/Qwen2.5-7B-Instruct,0,3,4,78.601900007925,1,4,False
vllm,shared,Qwen/Qwen2.5-7B-Instruct,0,3,5,79.48395599669311,1,4,False
vllm,shared,Qwen/Qwen2.5-7B-Instruct,0,3,6,80.5561739980476,1,4,False
vllm,shared,Qwen/Qwen2.5-7B-Instruct,0,3,7,80.46772598754615,1,4,False
vllm,shared,Qwen/Qwen2.5-7B-Instruct,0,3,8,80.6234229967231,1,4,False
vllm,shared,Qwen/Qwen2.5-7B-Instruct,0,3,9,79.81666299747303,1,4,False
vllm,shared,Qwen/Qwen2.5-7B-Instruct,0,4,0,79.91516000765841,4,6,False
vllm,shared,Qwen/Qwen2.5-7B-Instruct,0,4,1,79.0901439904701,4,6,False
vllm,shared,Qwen/Qwen2.5-7B-Instruct,0,4,2,78.96375899144914,4,6,False
vllm,shared,Qwen/Qwen2.5-7B-Instruct,0,4,3,78.8431500113802,4,6,False
vllm,shared,Qwen/Qwen2.5-7B-Instruct,0,4,4,84.11406299273949,4,6,False
vllm,shared,Qwen/Qwen2.5-7B-Instruct,0,4,5,79.11696100200061,4,6,False
vllm,shared,Qwen/Qwen2.5-7B-Instruct,0,4,6,77.43761700112373,4,6,False
vllm,shared,Qwen/Qwen2.5-7B-Instruct,0,4,7,78.16079100302886,4,6,False
vllm,shared,Qwen/Qwen2.5-7B-Instruct,0,4,8,79.01724700059276,4,6,False
vllm,shared,Qwen/Qwen2.5-7B-Instruct,0,4,9,80.05210499686655,4,6,False
vllm,shared,Qwen/Qwen2.5-7B-Instruct,0,5,0,79.2927860020427,2,9,False
vllm,shared,Qwen/Qwen2.5-7B-Instruct,0,5,1,78.30850400205236,2,9,False
vllm,shared,Qwen/Qwen2.5-7B-Instruct,0,5,2,85.17824900627602,2,9,False
vllm,shared,Qwen/Qwen2.5-7B-Instruct,0,5,3,78.31140101188794,2,9,False
vllm,shared,Qwen/Qwen2.5-7B-Instruct,0,5,4,78.09283900132868,2,9,False
vllm,shared,Qwen/Qwen2.5-7B-Instruct,0,5,5,79.62176500586793,2,9,False
vllm,shared,Qwen/Qwen2.5-7B-Instruct,0,5,6,79.65746099944226,2,9,False
vllm,shared,Qwen/Qwen2.5-7B-Instruct,0,5,7,80.08712899754755,2,9,False
vllm,shared,Qwen/Qwen2.5-7B-Instruct,0,5,8,79.96687300328631,2,9,False
vllm,shared,Qwen/Qwen2.5-7B-Instruct,0,5,9,77.96971799689345,2,9,False
vllm,shared,Qwen/Qwen2.5-7B-Instruct,1,0,0,84.16423900052905,0,6,False
vllm,shared,Qwen/Qwen2.5-7B-Instruct,1,0,1,80.50835000176448,0,6,False
vllm,shared,Qwen/Qwen2.5-7B-Instruct,1,0,2,80.42759700038005,0,6,False
vllm,shared,Qwen/Qwen2.5-7B-Instruct,1,0,3,80.8129600045504,0,6,False
vllm,shared,Qwen/Qwen2.5-7B-Instruct,1,0,4,80.59190200583544,0,6,False
vllm,shared,Qwen/Qwen2.5-7B-Instruct,1,0,5,80.15946600062307,0,6,False
vllm,shared,Qwen/Qwen2.5-7B-Instruct,1,0,6,78.62122700316831,0,6,False
vllm,shared,Qwen/Qwen2.5-7B-Instruct,1,0,7,78.63601100689266,0,6,False
vllm,shared,Qwen/Qwen2.5-7B-Instruct,1,0,8,80.76127899403218,0,6,False
vllm,shared,Qwen/Qwen2.5-7B-Instruct,1,0,9,85.74982099526096,0,6,False
vllm,shared,Qwen/Qwen2.5-7B-Instruct,1,1,0,79.88432700221892,3,6,False
vllm,shared,Qwen/Qwen2.5-7B-Instruct,1,1,1,80.12664900161326,3,6,False
vllm,shared,Qwen/Qwen2.5-7B-Instruct,1,1,2,80.15127399994526,3,6,False
vllm,shared,Qwen/Qwen2.5-7B-Instruct,1,1,3,84.27788800327107,3,6,False
vllm,shared,Qwen/Qwen2.5-7B-Instruct,1,1,4,79.0548960067099,3,6,False
vllm,shared,Qwen/Qwen2.5-7B-Instruct,1,1,5,80.8266719977837,3,6,False
vllm,shared,Qwen/Qwen2.5-7B-Instruct,1,1,6,78.80999699409585,3,6,False
vllm,shared,Qwen/Qwen2.5-7B-Instruct,1,1,7,80.46526099496987,3,6,False
vllm,shared,Qwen/Qwen2.5-7B-Instruct,1,1,8,80.16324100026395,3,6,False
vllm,shared,Qwen/Qwen2.5-7B-Instruct,1,1,9,80.00016800360754,3,6,False
vllm,shared,Qwen/Qwen2.5-7B-Instruct,1,2,0,79.85531901067588,7,1,False
vllm,shared,Qwen/Qwen2.5-7B-Instruct,1,2,1,79.08633600163739,7,1,False
vllm,shared,Qwen/Qwen2.5-7B-Instruct,1,2,2,79.92431199818384,7,1,False
vllm,shared,Qwen/Qwen2.5-7B-Instruct,1,2,3,79.21947300201282,7,1,False
vllm,shared,Qwen/Qwen2.5-7B-Instruct,1,2,4,80.62882999365684,7,1,False
vllm,shared,Qwen/Qwen2.5-7B-Instruct,1,2,5,80.45793299970683,7,1,False
vllm,shared,Qwen/Qwen2.5-7B-Instruct,1,2,6,80.35260401084088,7,1,False
vllm,shared,Qwen/Qwen2.5-7B-Instruct,1,2,7,85.3783780039521,7,1,False
vllm,shared,Qwen/Qwen2.5-7B-Instruct,1,2,8,80.87238400185015,7,1,False
vllm,shared,Qwen/Qwen2.5-7B-Instruct,1,2,9,80.53866900445428,7,1,False
vllm,shared,Qwen/Qwen2.5-7B-Instruct,1,3,0,79.92691999243107,5,1,False
vllm,shared,Qwen/Qwen2.5-7B-Instruct,1,3,1,78.24343199899886,5,1,False
vllm,shared,Qwen/Qwen2.5-7B-Instruct,1,3,2,79.77856499201152,5,1,False
vllm,shared,Qwen/Qwen2.5-7B-Instruct,1,3,3,79.8131579940673,5,1,False
vllm,shared,Qwen/Qwen2.5-7B-Instruct,1,3,4,80.27873000537511,5,1,False
vllm,shared,Qwen/Qwen2.5-7B-Instruct,1,3,5,84.58304200030398,5,1,False
vllm,shared,Qwen/Qwen2.5-7B-Instruct,1,3,6,80.04352801071946,5,1,False
vllm,shared,Qwen/Qwen2.5-7B-Instruct,1,3,7,79.96511200326495,5,1,False
vllm,shared,Qwen/Qwen2.5-7B-Instruct,1,3,8,79.6315890038386,5,1,False
vllm,shared,Qwen/Qwen2.5-7B-Instruct,1,3,9,78.58554700214881,5,1,False
vllm,shared,Qwen/Qwen2.5-7B-Instruct,1,4,0,78.46754501224495,1,9,False
vllm,shared,Qwen/Qwen2.5-7B-Instruct,1,4,1,84.13522999035195,1,9,False
vllm,shared,Qwen/Qwen2.5-7B-Instruct,1,4,2,78.35786401119549,1,9,False
vllm,shared,Qwen/Qwen2.5-7B-Instruct,1,4,3,78.6471790052019,1,9,False
vllm,shared,Qwen/Qwen2.5-7B-Instruct,1,4,4,77.56462600082159,1,9,False
vllm,shared,Qwen/Qwen2.5-7B-Instruct,1,4,5,77.52974500181153,1,9,False
vllm,shared,Qwen/Qwen2.5-7B-Instruct,1,4,6,79.60453200212214,1,9,False
vllm,shared,Qwen/Qwen2.5-7B-Instruct,1,4,7,78.72695600963198,1,9,False
vllm,shared,Qwen/Qwen2.5-7B-Instruct,1,4,8,79.26960100303404,1,9,False
vllm,shared,Qwen/Qwen2.5-7B-Instruct,1,4,9,77.49300901195966,1,9,False
vllm,shared,Qwen/Qwen2.5-7B-Instruct,1,5,0,77.40083200042136,7,0,False
vllm,shared,Qwen/Qwen2.5-7B-Instruct,1,5,1,78.8234040082898,7,0,False
vllm,shared,Qwen/Qwen2.5-7B-Instruct,1,5,2,79.70475700858515,7,0,False
vllm,shared,Qwen/Qwen2.5-7B-Instruct,1,5,3,77.51454500248656,7,0,False
vllm,shared,Qwen/Qwen2.5-7B-Instruct,1,5,4,78.2691440108465,7,0,False
vllm,shared,Qwen/Qwen2.5-7B-Instruct,1,5,5,77.42646400583908,7,0,False
vllm,shared,Qwen/Qwen2.5-7B-Instruct,1,5,6,79.53179499600083,7,0,False
vllm,shared,Qwen/Qwen2.5-7B-Instruct,1,5,7,84.13911800016649,7,0,False
vllm,shared,Qwen/Qwen2.5-7B-Instruct,1,5,8,78.13589400029741,7,0,False
vllm,shared,Qwen/Qwen2.5-7B-Instruct,1,5,9,78.90833300189115,7,0,False
vllm,shared,Qwen/Qwen2.5-7B-Instruct,2,0,0,80.1041999948211,6,5,False
vllm,shared,Qwen/Qwen2.5-7B-Instruct,2,0,1,80.54294000612572,6,5,False
vllm,shared,Qwen/Qwen2.5-7B-Instruct,2,0,2,80.0047429947881,6,5,False
vllm,shared,Qwen/Qwen2.5-7B-Instruct,2,0,3,79.7773810045328,6,5,False
vllm,shared,Qwen/Qwen2.5-7B-Instruct,2,0,4,80.59929301089142,6,5,False
vllm,shared,Qwen/Qwen2.5-7B-Instruct,2,0,5,78.5816899879137,6,5,False
vllm,shared,Qwen/Qwen2.5-7B-Instruct,2,0,6,84.24059100798331,6,5,False
vllm,shared,Qwen/Qwen2.5-7B-Instruct,2,0,7,79.22020800469909,6,5,False
vllm,shared,Qwen/Qwen2.5-7B-Instruct,2,0,8,79.1701109992573,6,5,False
vllm,shared,Qwen/Qwen2.5-7B-Instruct,2,0,9,79.79277298727538,6,5,False
vllm,shared,Qwen/Qwen2.5-7B-Instruct,2,1,0,80.5458200047724,4,2,False
vllm,shared,Qwen/Qwen2.5-7B-Instruct,2,1,1,79.89395801268984,4,2,False
vllm,shared,Qwen/Qwen2.5-7B-Instruct,2,1,2,78.17981400876306,4,2,False
vllm,shared,Qwen/Qwen2.5-7B-Instruct,2,1,3,78.35954400070477,4,2,False
vllm,shared,Qwen/Qwen2.5-7B-Instruct,2,1,4,84.79027599969413,4,2,False
vllm,shared,Qwen/Qwen2.5-7B-Instruct,2,1,5,80.68417399772443,4,2,False
vllm,shared,Qwen/Qwen2.5-7B-Instruct,2,1,6,81.29057900805492,4,2,False
vllm,shared,Qwen/Qwen2.5-7B-Instruct,2,1,7,80.74550199671648,4,2,False
vllm,shared,Qwen/Qwen2.5-7B-Instruct,2,1,8,80.5379319936037,4,2,False
vllm,shared,Qwen/Qwen2.5-7B-Instruct,2,1,9,80.67250900785439,4,2,False
vllm,shared,Qwen/Qwen2.5-7B-Instruct,2,2,0,84.43371299654245,0,8,False
vllm,shared,Qwen/Qwen2.5-7B-Instruct,2,2,1,79.40584199968725,0,8,False
vllm,shared,Qwen/Qwen2.5-7B-Instruct,2,2,2,78.95227000699379,0,8,False
vllm,shared,Qwen/Qwen2.5-7B-Instruct,2,2,3,79.66406799096148,0,8,False
vllm,shared,Qwen/Qwen2.5-7B-Instruct,2,2,4,79.91343100729864,0,8,False
vllm,shared,Qwen/Qwen2.5-7B-Instruct,2,2,5,79.97503099613823,0,8,False
vllm,shared,Qwen/Qwen2.5-7B-Instruct,2,2,6,79.81966900115367,0,8,False
vllm,shared,Qwen/Qwen2.5-7B-Instruct,2,2,7,79.58921900717542,0,8,False
vllm,shared,Qwen/Qwen2.5-7B-Instruct,2,2,8,78.64786600111984,0,8,False
vllm,shared,Qwen/Qwen2.5-7B-Instruct,2,2,9,79.71808400179725,0,8,False
vllm,shared,Qwen/Qwen2.5-7B-Instruct,2,3,0,80.53094000206329,3,7,False
vllm,shared,Qwen/Qwen2.5-7B-Instruct,2,3,1,80.03424700291362,3,7,False
vllm,shared,Qwen/Qwen2.5-7B-Instruct,2,3,2,80.05040699208621,3,7,False
vllm,shared,Qwen/Qwen2.5-7B-Instruct,2,3,3,84.50720099790487,3,7,False
vllm,shared,Qwen/Qwen2.5-7B-Instruct,2,3,4,80.81083100114483,3,7,False
vllm,shared,Qwen/Qwen2.5-7B-Instruct,2,3,5,81.12144100596197,3,7,False
vllm,shared,Qwen/Qwen2.5-7B-Instruct,2,3,6,80.09091900021303,3,7,False
vllm,shared,Qwen/Qwen2.5-7B-Instruct,2,3,7,78.53170500311535,3,7,False
vllm,shared,Qwen/Qwen2.5-7B-Instruct,2,3,8,78.61658600450028,3,7,False
vllm,shared,Qwen/Qwen2.5-7B-Instruct,2,3,9,80.39260200166609,3,7,False
vllm,shared,Qwen/Qwen2.5-7B-Instruct,2,4,0,79.25353600876406,5,3,False
vllm,shared,Qwen/Qwen2.5-7B-Instruct,2,4,1,81.19629000429995,5,3,False
vllm,shared,Qwen/Qwen2.5-7B-Instruct,2,4,2,79.74654900317546,5,3,False
vllm,shared,Qwen/Qwen2.5-7B-Instruct,2,4,3,77.8208830015501,5,3,False
vllm,shared,Qwen/Qwen2.5-7B-Instruct,2,4,4,78.42642400646582,5,3,False
vllm,shared,Qwen/Qwen2.5-7B-Instruct,2,4,5,85.02816600957885,5,3,False
vllm,shared,Qwen/Qwen2.5-7B-Instruct,2,4,6,78.23354199354071,5,3,False
vllm,shared,Qwen/Qwen2.5-7B-Instruct,2,4,7,78.77039599406999,5,3,False
vllm,shared,Qwen/Qwen2.5-7B-Instruct,2,4,8,79.8914940096438,5,3,False
vllm,shared,Qwen/Qwen2.5-7B-Instruct,2,4,9,77.89843498903792,5,3,False
vllm,shared,Qwen/Qwen2.5-7B-Instruct,2,5,0,78.0186119955033,9,5,False
vllm,shared,Qwen/Qwen2.5-7B-Instruct,2,5,1,77.48832000652328,9,5,False
vllm,shared,Qwen/Qwen2.5-7B-Instruct,2,5,2,78.88702099444345,9,5,False
vllm,shared,Qwen/Qwen2.5-7B-Instruct,2,5,3,77.71131400659215,9,5,False
vllm,shared,Qwen/Qwen2.5-7B-Instruct,2,5,4,78.52773700142279,9,5,False
vllm,shared,Qwen/Qwen2.5-7B-Instruct,2,5,5,77.45599900954403,9,5,False
vllm,shared,Qwen/Qwen2.5-7B-Instruct,2,5,6,78.98788500460796,9,5,False
vllm,shared,Qwen/Qwen2.5-7B-Instruct,2,5,7,78.99062200158369,9,5,False
vllm,shared,Qwen/Qwen2.5-7B-Instruct,2,5,8,77.4672150000697,9,5,False
vllm,shared,Qwen/Qwen2.5-7B-Instruct,2,5,9,90.05352400708944,9,5,False
vllm,shared,Qwen/Qwen2.5-7B-Instruct,3,0,0,81.52442099526525,3,1,False
vllm,shared,Qwen/Qwen2.5-7B-Instruct,3,0,1,80.00650200119708,3,1,False
vllm,shared,Qwen/Qwen2.5-7B-Instruct,3,0,2,80.33260201045778,3,1,False
vllm,shared,Qwen/Qwen2.5-7B-Instruct,3,0,3,86.68669300095644,3,1,False
vllm,shared,Qwen/Qwen2.5-7B-Instruct,3,0,4,81.59134900779463,3,1,False
vllm,shared,Qwen/Qwen2.5-7B-Instruct,3,0,5,82.214298992767,3,1,False
vllm,shared,Qwen/Qwen2.5-7B-Instruct,3,0,6,80.24498500162736,3,1,False
vllm,shared,Qwen/Qwen2.5-7B-Instruct,3,0,7,81.69312600512058,3,1,False
vllm,shared,Qwen/Qwen2.5-7B-Instruct,3,0,8,81.87469500990119,3,1,False
vllm,shared,Qwen/Qwen2.5-7B-Instruct,3,0,9,81.83754299534485,3,1,False
vllm,shared,Qwen/Qwen2.5-7B-Instruct,3,1,0,81.81365599739365,5,7,False
vllm,shared,Qwen/Qwen2.5-7B-Instruct,3,1,1,83.00352199876215,5,7,False
vllm,shared,Qwen/Qwen2.5-7B-Instruct,3,1,2,81.60403699730523,5,7,False
vllm,shared,Qwen/Qwen2.5-7B-Instruct,3,1,3,80.03608700528275,5,7,False
vllm,shared,Qwen/Qwen2.5-7B-Instruct,3,1,4,78.60080900718458,5,7,False
vllm,shared,Qwen/Qwen2.5-7B-Instruct,3,1,5,85.18811799876858,5,7,False
vllm,shared,Qwen/Qwen2.5-7B-Instruct,3,1,6,79.09602999279741,5,7,False
vllm,shared,Qwen/Qwen2.5-7B-Instruct,3,1,7,78.55264800309669,5,7,False
vllm,shared,Qwen/Qwen2.5-7B-Instruct,3,1,8,79.43763300136197,5,7,False
vllm,shared,Qwen/Qwen2.5-7B-Instruct,3,1,9,80.33290499588475,5,7,False
vllm,shared,Qwen/Qwen2.5-7B-Instruct,3,2,0,80.62628399056848,3,5,False
vllm,shared,Qwen/Qwen2.5-7B-Instruct,3,2,1,80.5785400007153,3,5,False
vllm,shared,Qwen/Qwen2.5-7B-Instruct,3,2,2,80.55943499493878,3,5,False
vllm,shared,Qwen/Qwen2.5-7B-Instruct,3,2,3,84.44326299650129,3,5,False
vllm,shared,Qwen/Qwen2.5-7B-Instruct,3,2,4,80.04453500325326,3,5,False
vllm,shared,Qwen/Qwen2.5-7B-Instruct,3,2,5,78.50624799903017,3,5,False
vllm,shared,Qwen/Qwen2.5-7B-Instruct,3,2,6,78.71849001094233,3,5,False
vllm,shared,Qwen/Qwen2.5-7B-Instruct,3,2,7,79.97544600220863,3,5,False
vllm,shared,Qwen/Qwen2.5-7B-Instruct,3,2,8,80.73574099398684,3,5,False
vllm,shared,Qwen/Qwen2.5-7B-Instruct,3,2,9,79.95990899507888,3,5,False
vllm,shared,Qwen/Qwen2.5-7B-Instruct,3,3,0,80.58634800545406,5,2,False
vllm,shared,Qwen/Qwen2.5-7B-Instruct,3,3,1,80.09365499310661,5,2,False
vllm,shared,Qwen/Qwen2.5-7B-Instruct,3,3,2,78.42344700475223,5,2,False
vllm,shared,Qwen/Qwen2.5-7B-Instruct,3,3,3,80.8928300102707,5,2,False
vllm,shared,Qwen/Qwen2.5-7B-Instruct,3,3,4,80.53444299730472,5,2,False
vllm,shared,Qwen/Qwen2.5-7B-Instruct,3,3,5,84.64459399692714,5,2,False
vllm,shared,Qwen/Qwen2.5-7B-Instruct,3,3,6,83.98473099805415,5,2,False
vllm,shared,Qwen/Qwen2.5-7B-Instruct,3,3,7,80.725932988571,5,2,False
vllm,shared,Qwen/Qwen2.5-7B-Instruct,3,3,8,82.46492499893066,5,2,False
vllm,shared,Qwen/Qwen2.5-7B-Instruct,3,3,9,82.65150200168137,5,2,False
vllm,shared,Qwen/Qwen2.5-7B-Instruct,3,4,0,81.34016300027724,1,6,False
vllm,shared,Qwen/Qwen2.5-7B-Instruct,3,4,1,85.65621900197584,1,6,False
vllm,shared,Qwen/Qwen2.5-7B-Instruct,3,4,2,80.9989109984599,1,6,False
vllm,shared,Qwen/Qwen2.5-7B-Instruct,3,4,3,79.68355499906465,1,6,False
vllm,shared,Qwen/Qwen2.5-7B-Instruct,3,4,4,79.7932999994373,1,6,False
vllm,shared,Qwen/Qwen2.5-7B-Instruct,3,4,5,78.12467600160744,1,6,False
vllm,shared,Qwen/Qwen2.5-7B-Instruct,3,4,6,78.0497310042847,1,6,False
vllm,shared,Qwen/Qwen2.5-7B-Instruct,3,4,7,78.65516100719105,1,6,False
vllm,shared,Qwen/Qwen2.5-7B-Instruct,3,4,8,79.69837100245059,1,6,False
vllm,shared,Qwen/Qwen2.5-7B-Instruct,3,4,9,80.15455200802535,1,6,False
vllm,shared,Qwen/Qwen2.5-7B-Instruct,3,5,0,78.7821870035259,8,7,False
vllm,shared,Qwen/Qwen2.5-7B-Instruct,3,5,1,78.73242600180674,8,7,False
vllm,shared,Qwen/Qwen2.5-7B-Instruct,3,5,2,79.70387500245124,8,7,False
vllm,shared,Qwen/Qwen2.5-7B-Instruct,3,5,3,79.13639799517114,8,7,False
vllm,shared,Qwen/Qwen2.5-7B-Instruct,3,5,4,79.56457798718475,8,7,False
vllm,shared,Qwen/Qwen2.5-7B-Instruct,3,5,5,79.18722998874728,8,7,False
vllm,shared,Qwen/Qwen2.5-7B-Instruct,3,5,6,79.14135800092481,8,7,False
vllm,shared,Qwen/Qwen2.5-7B-Instruct,3,5,7,77.47716599260457,8,7,False
vllm,shared,Qwen/Qwen2.5-7B-Instruct,3,5,8,84.46438299142756,8,7,False
vllm,shared,Qwen/Qwen2.5-7B-Instruct,3,5,9,79.28428699960932,8,7,False
vllm,shared,Qwen/Qwen2.5-7B-Instruct,4,0,0,80.85599698824808,4,3,False
vllm,shared,Qwen/Qwen2.5-7B-Instruct,4,0,1,81.08782400086056,4,3,False
vllm,shared,Qwen/Qwen2.5-7B-Instruct,4,0,2,80.5339950020425,4,3,False
vllm,shared,Qwen/Qwen2.5-7B-Instruct,4,0,3,78.64063300075941,4,3,False
vllm,shared,Qwen/Qwen2.5-7B-Instruct,4,0,4,84.23338900320232,4,3,False
vllm,shared,Qwen/Qwen2.5-7B-Instruct,4,0,5,79.82512399030384,4,3,False
vllm,shared,Qwen/Qwen2.5-7B-Instruct,4,0,6,80.35509700130206,4,3,False
vllm,shared,Qwen/Qwen2.5-7B-Instruct,4,0,7,79.97598899237346,4,3,False
vllm,shared,Qwen/Qwen2.5-7B-Instruct,4,0,8,79.8348679963965,4,3,False
vllm,shared,Qwen/Qwen2.5-7B-Instruct,4,0,9,80.16040700022131,4,3,False
vllm,shared,Qwen/Qwen2.5-7B-Instruct,4,1,0,80.13858199410606,3,1,False
vllm,shared,Qwen/Qwen2.5-7B-Instruct,4,1,1,78.33603800099809,3,1,False
vllm,shared,Qwen/Qwen2.5-7B-Instruct,4,1,2,78.46650399733335,3,1,False
vllm,shared,Qwen/Qwen2.5-7B-Instruct,4,1,3,85.02477199363057,3,1,False
vllm,shared,Qwen/Qwen2.5-7B-Instruct,4,1,4,79.14329299819656,3,1,False
vllm,shared,Qwen/Qwen2.5-7B-Instruct,4,1,5,79.9271249998128,3,1,False
vllm,shared,Qwen/Qwen2.5-7B-Instruct,4,1,6,79.94336500996724,3,1,False
vllm,shared,Qwen/Qwen2.5-7B-Instruct,4,1,7,79.18403000803664,3,1,False
vllm,shared,Qwen/Qwen2.5-7B-Instruct,4,1,8,80.54217099561356,3,1,False
vllm,shared,Qwen/Qwen2.5-7B-Instruct,4,1,9,80.06376499542966,3,1,False
vllm,shared,Qwen/Qwen2.5-7B-Instruct,4,2,0,78.44800699967891,5,0,False
vllm,shared,Qwen/Qwen2.5-7B-Instruct,4,2,1,80.67381900036708,5,0,False
vllm,shared,Qwen/Qwen2.5-7B-Instruct,4,2,2,80.74474800378084,5,0,False
vllm,shared,Qwen/Qwen2.5-7B-Instruct,4,2,3,80.80788499501068,5,0,False
vllm,shared,Qwen/Qwen2.5-7B-Instruct,4,2,4,80.94895799877122,5,0,False
vllm,shared,Qwen/Qwen2.5-7B-Instruct,4,2,5,86.10694199160207,5,0,False
vllm,shared,Qwen/Qwen2.5-7B-Instruct,4,2,6,79.58627300104126,5,0,False
vllm,shared,Qwen/Qwen2.5-7B-Instruct,4,2,7,78.86015500116628,5,0,False
vllm,shared,Qwen/Qwen2.5-7B-Instruct,4,2,8,79.00485998834483,5,0,False
vllm,shared,Qwen/Qwen2.5-7B-Instruct,4,2,9,78.85762599471491,5,0,False
vllm,shared,Qwen/Qwen2.5-7B-Instruct,4,3,0,81.01835100387689,7,5,False
vllm,shared,Qwen/Qwen2.5-7B-Instruct,4,3,1,81.08363101200666,7,5,False
vllm,shared,Qwen/Qwen2.5-7B-Instruct,4,3,2,80.53709799423814,7,5,False
vllm,shared,Qwen/Qwen2.5-7B-Instruct,4,3,3,80.55025000066962,7,5,False
vllm,shared,Qwen/Qwen2.5-7B-Instruct,4,3,4,78.93285898899194,7,5,False
vllm,shared,Qwen/Qwen2.5-7B-Instruct,4,3,5,78.84300299338065,7,5,False
vllm,shared,Qwen/Qwen2.5-7B-Instruct,4,3,6,81.63534899358638,7,5,False
vllm,shared,Qwen/Qwen2.5-7B-Instruct,4,3,7,86.42308801063336,7,5,False
vllm,shared,Qwen/Qwen2.5-7B-Instruct,4,3,8,80.67799599666614,7,5,False
vllm,shared,Qwen/Qwen2.5-7B-Instruct,4,3,9,83.00028899975587,7,5,False
vllm,shared,Qwen/Qwen2.5-7B-Instruct,4,4,0,80.87402900855523,2,9,False
vllm,shared,Qwen/Qwen2.5-7B-Instruct,4,4,1,79.73085099365562,2,9,False
vllm,shared,Qwen/Qwen2.5-7B-Instruct,4,4,2,85.68893700430635,2,9,False
vllm,shared,Qwen/Qwen2.5-7B-Instruct,4,4,3,81.21223999478389,2,9,False
vllm,shared,Qwen/Qwen2.5-7B-Instruct,4,4,4,80.85961299366318,2,9,False
vllm,shared,Qwen/Qwen2.5-7B-Instruct,4,4,5,80.30964000499807,2,9,False
vllm,shared,Qwen/Qwen2.5-7B-Instruct,4,4,6,80.45679399219807,2,9,False
vllm,shared,Qwen/Qwen2.5-7B-Instruct,4,4,7,80.1782469934551,2,9,False
vllm,shared,Qwen/Qwen2.5-7B-Instruct,4,4,8,78.13928301038686,2,9,False
vllm,shared,Qwen/Qwen2.5-7B-Instruct,4,4,9,77.48215699393768,2,9,False
vllm,shared,Qwen/Qwen2.5-7B-Instruct,4,5,0,79.84025999030564,3,5,False
vllm,shared,Qwen/Qwen2.5-7B-Instruct,4,5,1,79.10442899446934,3,5,False
vllm,shared,Qwen/Qwen2.5-7B-Instruct,4,5,2,77.53971000784077,3,5,False
vllm,shared,Qwen/Qwen2.5-7B-Instruct,4,5,3,85.0796199956676,3,5,False
vllm,shared,Qwen/Qwen2.5-7B-Instruct,4,5,4,78.52853499935009,3,5,False
vllm,shared,Qwen/Qwen2.5-7B-Instruct,4,5,5,77.36750099866185,3,5,False
vllm,shared,Qwen/Qwen2.5-7B-Instruct,4,5,6,79.67076999193523,3,5,False
vllm,shared,Qwen/Qwen2.5-7B-Instruct,4,5,7,78.90185099677183,3,5,False
vllm,shared,Qwen/Qwen2.5-7B-Instruct,4,5,8,77.4929410108598,3,5,False
vllm,shared,Qwen/Qwen2.5-7B-Instruct,4,5,9,77.78489599877503,3,5,False
vllm,shared,Qwen/Qwen2.5-7B-Instruct,5,0,0,80.08136499847751,1,4,False
vllm,shared,Qwen/Qwen2.5-7B-Instruct,5,0,1,85.10909200413153,1,4,False
vllm,shared,Qwen/Qwen2.5-7B-Instruct,5,0,2,80.10758899035864,1,4,False
vllm,shared,Qwen/Qwen2.5-7B-Instruct,5,0,3,80.077780992724,1,4,False
vllm,shared,Qwen/Qwen2.5-7B-Instruct,5,0,4,78.18021200364456,1,4,False
vllm,shared,Qwen/Qwen2.5-7B-Instruct,5,0,5,78.27464400907047,1,4,False
vllm,shared,Qwen/Qwen2.5-7B-Instruct,5,0,6,78.73485700110905,1,4,False
vllm,shared,Qwen/Qwen2.5-7B-Instruct,5,0,7,80.47312899725512,1,4,False
vllm,shared,Qwen/Qwen2.5-7B-Instruct,5,0,8,80.55890598916449,1,4,False
vllm,shared,Qwen/Qwen2.5-7B-Instruct,5,0,9,79.85411600384396,1,4,False
vllm,shared,Qwen/Qwen2.5-7B-Instruct,5,1,0,78.37744599964935,8,1,False
vllm,shared,Qwen/Qwen2.5-7B-Instruct,5,1,1,78.24981299927458,8,1,False
vllm,shared,Qwen/Qwen2.5-7B-Instruct,5,1,2,79.80501100246329,8,1,False
vllm,shared,Qwen/Qwen2.5-7B-Instruct,5,1,3,80.4221040016273,8,1,False
vllm,shared,Qwen/Qwen2.5-7B-Instruct,5,1,4,80.79812399228103,8,1,False
vllm,shared,Qwen/Qwen2.5-7B-Instruct,5,1,5,80.5451769992942,8,1,False
vllm,shared,Qwen/Qwen2.5-7B-Instruct,5,1,6,78.7308569997549,8,1,False
vllm,shared,Qwen/Qwen2.5-7B-Instruct,5,1,7,78.69064901024103,8,1,False
vllm,shared,Qwen/Qwen2.5-7B-Instruct,5,1,8,84.33156499813776,8,1,False
vllm,shared,Qwen/Qwen2.5-7B-Instruct,5,1,9,79.2660290026106,8,1,False
vllm,shared,Qwen/Qwen2.5-7B-Instruct,5,2,0,79.95966800081078,6,8,False
vllm,shared,Qwen/Qwen2.5-7B-Instruct,5,2,1,80.18451799580362,6,8,False
vllm,shared,Qwen/Qwen2.5-7B-Instruct,5,2,2,80.33413600060157,6,8,False
vllm,shared,Qwen/Qwen2.5-7B-Instruct,5,2,3,80.94305300619453,6,8,False
vllm,shared,Qwen/Qwen2.5-7B-Instruct,5,2,4,81.10860700253397,6,8,False
vllm,shared,Qwen/Qwen2.5-7B-Instruct,5,2,5,80.47780099150259,6,8,False
vllm,shared,Qwen/Qwen2.5-7B-Instruct,5,2,6,85.49501500965562,6,8,False
vllm,shared,Qwen/Qwen2.5-7B-Instruct,5,2,7,79.69718500680756,6,8,False
vllm,shared,Qwen/Qwen2.5-7B-Instruct,5,2,8,78.76007301092613,6,8,False
vllm,shared,Qwen/Qwen2.5-7B-Instruct,5,2,9,79.99106099305209,6,8,False
vllm,shared,Qwen/Qwen2.5-7B-Instruct,5,3,0,80.08312599849887,1,7,False
vllm,shared,Qwen/Qwen2.5-7B-Instruct,5,3,1,84.58063899888657,1,7,False
vllm,shared,Qwen/Qwen2.5-7B-Instruct,5,3,2,81.07217399810906,1,7,False
vllm,shared,Qwen/Qwen2.5-7B-Instruct,5,3,3,80.29795899346936,1,7,False
vllm,shared,Qwen/Qwen2.5-7B-Instruct,5,3,4,80.15374999376945,1,7,False
vllm,shared,Qwen/Qwen2.5-7B-Instruct,5,3,5,80.06941300118342,1,7,False
vllm,shared,Qwen/Qwen2.5-7B-Instruct,5,3,6,79.37593400129117,1,7,False
vllm,shared,Qwen/Qwen2.5-7B-Instruct,5,3,7,78.9276260038605,1,7,False
vllm,shared,Qwen/Qwen2.5-7B-Instruct,5,3,8,80.20839000528213,1,7,False
vllm,shared,Qwen/Qwen2.5-7B-Instruct,5,3,9,82.06151200283784,1,7,False
vllm,shared,Qwen/Qwen2.5-7B-Instruct,5,4,0,79.59742499224376,3,9,False
vllm,shared,Qwen/Qwen2.5-7B-Instruct,5,4,1,78.81829699908849,3,9,False
vllm,shared,Qwen/Qwen2.5-7B-Instruct,5,4,2,78.54256700375117,3,9,False
vllm,shared,Qwen/Qwen2.5-7B-Instruct,5,4,3,85.00441799697,3,9,False
vllm,shared,Qwen/Qwen2.5-7B-Instruct,5,4,4,79.54612800676841,3,9,False
vllm,shared,Qwen/Qwen2.5-7B-Instruct,5,4,5,78.53834200068377,3,9,False
vllm,shared,Qwen/Qwen2.5-7B-Instruct,5,4,6,79.09218700660858,3,9,False
vllm,shared,Qwen/Qwen2.5-7B-Instruct,5,4,7,79.39858999452554,3,9,False
vllm,shared,Qwen/Qwen2.5-7B-Instruct,5,4,8,79.53598399762996,3,9,False
vllm,shared,Qwen/Qwen2.5-7B-Instruct,5,4,9,77.5049730000319,3,9,False
vllm,shared,Qwen/Qwen2.5-7B-Instruct,5,5,0,85.38982999743894,0,6,False
vllm,shared,Qwen/Qwen2.5-7B-Instruct,5,5,1,81.0481739899842,0,6,False
vllm,shared,Qwen/Qwen2.5-7B-Instruct,5,5,2,78.41680500132497,0,6,False
vllm,shared,Qwen/Qwen2.5-7B-Instruct,5,5,3,79.1908120008884,0,6,False
vllm,shared,Qwen/Qwen2.5-7B-Instruct,5,5,4,79.20788499177434,0,6,False
vllm,shared,Qwen/Qwen2.5-7B-Instruct,5,5,5,78.95549800014123,0,6,False
vllm,shared,Qwen/Qwen2.5-7B-Instruct,5,5,6,77.28253900131676,0,6,False
vllm,shared,Qwen/Qwen2.5-7B-Instruct,5,5,7,78.38008500402793,0,6,False
vllm,shared,Qwen/Qwen2.5-7B-Instruct,5,5,8,79.68811300816014,0,6,False
vllm,shared,Qwen/Qwen2.5-7B-Instruct,5,5,9,79.38850999926217,0,6,False
vllm,shared,Qwen/Qwen2.5-7B-Instruct,6,0,0,79.97917100146879,4,9,False
vllm,shared,Qwen/Qwen2.5-7B-Instruct,6,0,1,79.59212799323723,4,9,False
vllm,shared,Qwen/Qwen2.5-7B-Instruct,6,0,2,79.73022499936633,4,9,False
vllm,shared,Qwen/Qwen2.5-7B-Instruct,6,0,3,80.57959300640505,4,9,False
vllm,shared,Qwen/Qwen2.5-7B-Instruct,6,0,4,84.4464920082828,4,9,False
vllm,shared,Qwen/Qwen2.5-7B-Instruct,6,0,5,81.43457700498402,4,9,False
vllm,shared,Qwen/Qwen2.5-7B-Instruct,6,0,6,80.19851699646097,4,9,False
vllm,shared,Qwen/Qwen2.5-7B-Instruct,6,0,7,80.74042599764653,4,9,False
vllm,shared,Qwen/Qwen2.5-7B-Instruct,6,0,8,80.02618000318762,4,9,False
vllm,shared,Qwen/Qwen2.5-7B-Instruct,6,0,9,79.41466999182012,4,9,False
vllm,shared,Qwen/Qwen2.5-7B-Instruct,6,1,0,79.10788300796412,1,9,False
vllm,shared,Qwen/Qwen2.5-7B-Instruct,6,1,1,85.25936400110368,1,9,False
vllm,shared,Qwen/Qwen2.5-7B-Instruct,6,1,2,81.08220499707386,1,9,False
vllm,shared,Qwen/Qwen2.5-7B-Instruct,6,1,3,78.81015300517902,1,9,False
vllm,shared,Qwen/Qwen2.5-7B-Instruct,6,1,4,80.65176999662071,1,9,False
vllm,shared,Qwen/Qwen2.5-7B-Instruct,6,1,5,81.11511799506843,1,9,False
vllm,shared,Qwen/Qwen2.5-7B-Instruct,6,1,6,80.78607499192003,1,9,False
vllm,shared,Qwen/Qwen2.5-7B-Instruct,6,1,7,80.35264699719846,1,9,False
vllm,shared,Qwen/Qwen2.5-7B-Instruct,6,1,8,78.64063100714702,1,9,False
vllm,shared,Qwen/Qwen2.5-7B-Instruct,6,1,9,78.54875799966976,1,9,False
vllm,shared,Qwen/Qwen2.5-7B-Instruct,6,2,0,79.9383069970645,7,5,False
vllm,shared,Qwen/Qwen2.5-7B-Instruct,6,2,1,80.21034100966062,7,5,False
vllm,shared,Qwen/Qwen2.5-7B-Instruct,6,2,2,80.24363699951209,7,5,False
vllm,shared,Qwen/Qwen2.5-7B-Instruct,6,2,3,80.17302899679635,7,5,False
vllm,shared,Qwen/Qwen2.5-7B-Instruct,6,2,4,79.14905098732561,7,5,False
vllm,shared,Qwen/Qwen2.5-7B-Instruct,6,2,5,78.78779999737162,7,5,False
vllm,shared,Qwen/Qwen2.5-7B-Instruct,6,2,6,79.14829900255427,7,5,False
vllm,shared,Qwen/Qwen2.5-7B-Instruct,6,2,7,84.99281801050529,7,5,False
vllm,shared,Qwen/Qwen2.5-7B-Instruct,6,2,8,81.30883199919481,7,5,False
vllm,shared,Qwen/Qwen2.5-7B-Instruct,6,2,9,80.24749299511313,7,5,False
vllm,shared,Qwen/Qwen2.5-7B-Instruct,6,3,0,80.2600379975047,9,3,False
vllm,shared,Qwen/Qwen2.5-7B-Instruct,6,3,1,79.94899500044994,9,3,False
vllm,shared,Qwen/Qwen2.5-7B-Instruct,6,3,2,78.53792600508314,9,3,False
vllm,shared,Qwen/Qwen2.5-7B-Instruct,6,3,3,78.27408300363459,9,3,False
vllm,shared,Qwen/Qwen2.5-7B-Instruct,6,3,4,79.22009199683089,9,3,False
vllm,shared,Qwen/Qwen2.5-7B-Instruct,6,3,5,80.06472300621681,9,3,False
vllm,shared,Qwen/Qwen2.5-7B-Instruct,6,3,6,80.41055100329686,9,3,False
vllm,shared,Qwen/Qwen2.5-7B-Instruct,6,3,7,79.7847210051259,9,3,False
vllm,shared,Qwen/Qwen2.5-7B-Instruct,6,3,8,78.75863199296873,9,3,False
vllm,shared,Qwen/Qwen2.5-7B-Instruct,6,3,9,84.96448100777343,9,3,False
vllm,shared,Qwen/Qwen2.5-7B-Instruct,6,4,0,79.87293000041973,1,6,False
vllm,shared,Qwen/Qwen2.5-7B-Instruct,6,4,1,84.75668700702954,1,6,False
vllm,shared,Qwen/Qwen2.5-7B-Instruct,6,4,2,79.72148800035939,1,6,False
vllm,shared,Qwen/Qwen2.5-7B-Instruct,6,4,3,78.49371701013297,1,6,False
vllm,shared,Qwen/Qwen2.5-7B-Instruct,6,4,4,79.29542099009268,1,6,False
vllm,shared,Qwen/Qwen2.5-7B-Instruct,6,4,5,78.78583199635614,1,6,False
vllm,shared,Qwen/Qwen2.5-7B-Instruct,6,4,6,78.31937899754848,1,6,False
vllm,shared,Qwen/Qwen2.5-7B-Instruct,6,4,7,78.57522201084066,1,6,False
vllm,shared,Qwen/Qwen2.5-7B-Instruct,6,4,8,78.6093820061069,1,6,False
vllm,shared,Qwen/Qwen2.5-7B-Instruct,6,4,9,79.69369599595666,1,6,False
vllm,shared,Qwen/Qwen2.5-7B-Instruct,6,5,0,79.4839019945357,1,7,False
vllm,shared,Qwen/Qwen2.5-7B-Instruct,6,5,1,84.69516701006796,1,7,False
vllm,shared,Qwen/Qwen2.5-7B-Instruct,6,5,2,79.3694209860405,1,7,False
vllm,shared,Qwen/Qwen2.5-7B-Instruct,6,5,3,78.04126499104314,1,7,False
vllm,shared,Qwen/Qwen2.5-7B-Instruct,6,5,4,78.16211399040185,1,7,False
vllm,shared,Qwen/Qwen2.5-7B-Instruct,6,5,5,77.54151600238401,1,7,False
vllm,shared,Qwen/Qwen2.5-7B-Instruct,6,5,6,78.98941800522152,1,7,False
vllm,shared,Qwen/Qwen2.5-7B-Instruct,6,5,7,77.44841200474184,1,7,False
vllm,shared,Qwen/Qwen2.5-7B-Instruct,6,5,8,77.80132599873468,1,7,False
vllm,shared,Qwen/Qwen2.5-7B-Instruct,6,5,9,78.41037299658637,1,7,False
vllm,shared,Qwen/Qwen2.5-7B-Instruct,7,0,0,80.33133400022052,2,5,False
vllm,shared,Qwen/Qwen2.5-7B-Instruct,7,0,1,80.05742800014559,2,5,False
vllm,shared,Qwen/Qwen2.5-7B-Instruct,7,0,2,84.66794999549165,2,5,False
vllm,shared,Qwen/Qwen2.5-7B-Instruct,7,0,3,79.51710300403647,2,5,False
vllm,shared,Qwen/Qwen2.5-7B-Instruct,7,0,4,79.27556399954483,2,5,False
vllm,shared,Qwen/Qwen2.5-7B-Instruct,7,0,5,78.85812000313308,2,5,False
vllm,shared,Qwen/Qwen2.5-7B-Instruct,7,0,6,79.39063699450344,2,5,False
vllm,shared,Qwen/Qwen2.5-7B-Instruct,7,0,7,80.31203800055664,2,5,False
vllm,shared,Qwen/Qwen2.5-7B-Instruct,7,0,8,80.28323701000772,2,5,False
vllm,shared,Qwen/Qwen2.5-7B-Instruct,7,0,9,79.31090900092386,2,5,False
vllm,shared,Qwen/Qwen2.5-7B-Instruct,7,1,0,79.04415400116704,7,6,False
vllm,shared,Qwen/Qwen2.5-7B-Instruct,7,1,1,80.22174799407367,7,6,False
vllm,shared,Qwen/Qwen2.5-7B-Instruct,7,1,2,80.29744600935373,7,6,False
vllm,shared,Qwen/Qwen2.5-7B-Instruct,7,1,3,80.73919299931731,7,6,False
vllm,shared,Qwen/Qwen2.5-7B-Instruct,7,1,4,79.73006399697624,7,6,False
vllm,shared,Qwen/Qwen2.5-7B-Instruct,7,1,5,80.72337000339758,7,6,False
vllm,shared,Qwen/Qwen2.5-7B-Instruct,7,1,6,78.81583100243006,7,6,False
vllm,shared,Qwen/Qwen2.5-7B-Instruct,7,1,7,85.69229500426445,7,6,False
vllm,shared,Qwen/Qwen2.5-7B-Instruct,7,1,8,79.39777300634887,7,6,False
vllm,shared,Qwen/Qwen2.5-7B-Instruct,7,1,9,79.16009100154042,7,6,False
vllm,shared,Qwen/Qwen2.5-7B-Instruct,7,2,0,85.6598149985075,0,2,False
vllm,shared,Qwen/Qwen2.5-7B-Instruct,7,2,1,80.39991100667976,0,2,False
vllm,shared,Qwen/Qwen2.5-7B-Instruct,7,2,2,80.09224401030224,0,2,False
vllm,shared,Qwen/Qwen2.5-7B-Instruct,7,2,3,81.35331100493204,0,2,False
vllm,shared,Qwen/Qwen2.5-7B-Instruct,7,2,4,81.05194800009485,0,2,False
vllm,shared,Qwen/Qwen2.5-7B-Instruct,7,2,5,81.77286699356046,0,2,False
vllm,shared,Qwen/Qwen2.5-7B-Instruct,7,2,6,80.12373199744616,0,2,False
vllm,shared,Qwen/Qwen2.5-7B-Instruct,7,2,7,80.3802779992111,0,2,False
vllm,shared,Qwen/Qwen2.5-7B-Instruct,7,2,8,80.27294900966808,0,2,False
vllm,shared,Qwen/Qwen2.5-7B-Instruct,7,2,9,83.16527899296489,0,2,False
vllm,shared,Qwen/Qwen2.5-7B-Instruct,7,3,0,80.89802700851578,3,0,False
vllm,shared,Qwen/Qwen2.5-7B-Instruct,7,3,1,80.99345199298114,3,0,False
vllm,shared,Qwen/Qwen2.5-7B-Instruct,7,3,2,81.0083160031354,3,0,False
vllm,shared,Qwen/Qwen2.5-7B-Instruct,7,3,3,87.0154750009533,3,0,False
vllm,shared,Qwen/Qwen2.5-7B-Instruct,7,3,4,81.59173000603914,3,0,False
vllm,shared,Qwen/Qwen2.5-7B-Instruct,7,3,5,82.82244400470518,3,0,False
vllm,shared,Qwen/Qwen2.5-7B-Instruct,7,3,6,81.17276499979198,3,0,False
vllm,shared,Qwen/Qwen2.5-7B-Instruct,7,3,7,81.8481000023894,3,0,False
vllm,shared,Qwen/Qwen2.5-7B-Instruct,7,3,8,81.85253098781686,3,0,False
vllm,shared,Qwen/Qwen2.5-7B-Instruct,7,3,9,82.07248599501327,3,0,False
vllm,shared,Qwen/Qwen2.5-7B-Instruct,7,4,0,81.44167899445165,2,6,False
vllm,shared,Qwen/Qwen2.5-7B-Instruct,7,4,1,79.98741000483278,2,6,False
vllm,shared,Qwen/Qwen2.5-7B-Instruct,7,4,2,85.35585999197792,2,6,False
vllm,shared,Qwen/Qwen2.5-7B-Instruct,7,4,3,79.3807489972096,2,6,False
vllm,shared,Qwen/Qwen2.5-7B-Instruct,7,4,4,79.37724399380386,2,6,False
vllm,shared,Qwen/Qwen2.5-7B-Instruct,7,4,5,77.73110199195798,2,6,False
vllm,shared,Qwen/Qwen2.5-7B-Instruct,7,4,6,77.65097200172022,2,6,False
vllm,shared,Qwen/Qwen2.5-7B-Instruct,7,4,7,80.01680301094893,2,6,False
vllm,shared,Qwen/Qwen2.5-7B-Instruct,7,4,8,81.28403000591788,2,6,False
vllm,shared,Qwen/Qwen2.5-7B-Instruct,7,4,9,81.17121299437713,2,6,False
vllm,shared,Qwen/Qwen2.5-7B-Instruct,7,5,0,86.10924299864564,0,7,False
vllm,shared,Qwen/Qwen2.5-7B-Instruct,7,5,1,80.90740299667232,0,7,False
vllm,shared,Qwen/Qwen2.5-7B-Instruct,7,5,2,81.0171789926244,0,7,False
vllm,shared,Qwen/Qwen2.5-7B-Instruct,7,5,3,81.8553949939087,0,7,False
vllm,shared,Qwen/Qwen2.5-7B-Instruct,7,5,4,81.43620801274665,0,7,False
vllm,shared,Qwen/Qwen2.5-7B-Instruct,7,5,5,80.91201000206638,0,7,False
vllm,shared,Qwen/Qwen2.5-7B-Instruct,7,5,6,80.09635501366574,0,7,False
vllm,shared,Qwen/Qwen2.5-7B-Instruct,7,5,7,79.37810898874886,0,7,False
vllm,shared,Qwen/Qwen2.5-7B-Instruct,7,5,8,79.70918298815377,0,7,False
vllm,shared,Qwen/Qwen2.5-7B-Instruct,7,5,9,81.08607601025142,0,7,False
vllm,shared,Qwen/Qwen2.5-7B-Instruct,8,0,0,86.24276399496011,0,9,False
vllm,shared,Qwen/Qwen2.5-7B-Instruct,8,0,1,81.8865639885189,0,9,False
vllm,shared,Qwen/Qwen2.5-7B-Instruct,8,0,2,82.59986600023694,0,9,False
vllm,shared,Qwen/Qwen2.5-7B-Instruct,8,0,3,82.17800600687042,0,9,False
vllm,shared,Qwen/Qwen2.5-7B-Instruct,8,0,4,81.93579599901568,0,9,False
vllm,shared,Qwen/Qwen2.5-7B-Instruct,8,0,5,81.27537299878895,0,9,False
vllm,shared,Qwen/Qwen2.5-7B-Instruct,8,0,6,80.86527399427723,0,9,False
vllm,shared,Qwen/Qwen2.5-7B-Instruct,8,0,7,82.24895100283902,0,9,False
vllm,shared,Qwen/Qwen2.5-7B-Instruct,8,0,8,82.27498299675062,0,9,False
vllm,shared,Qwen/Qwen2.5-7B-Instruct,8,0,9,78.515539993532,0,9,False
vllm,shared,Qwen/Qwen2.5-7B-Instruct,8,1,0,78.96698500553612,4,0,False
vllm,shared,Qwen/Qwen2.5-7B-Instruct,8,1,1,79.66827100608498,4,0,False
vllm,shared,Qwen/Qwen2.5-7B-Instruct,8,1,2,80.4177499958314,4,0,False
vllm,shared,Qwen/Qwen2.5-7B-Instruct,8,1,3,79.38457200361881,4,0,False
vllm,shared,Qwen/Qwen2.5-7B-Instruct,8,1,4,84.74929298972711,4,0,False
vllm,shared,Qwen/Qwen2.5-7B-Instruct,8,1,5,80.48221499484498,4,0,False
vllm,shared,Qwen/Qwen2.5-7B-Instruct,8,1,6,80.6673680053791,4,0,False
vllm,shared,Qwen/Qwen2.5-7B-Instruct,8,1,7,79.60423799522687,4,0,False
vllm,shared,Qwen/Qwen2.5-7B-Instruct,8,1,8,82.18099799705669,4,0,False
vllm,shared,Qwen/Qwen2.5-7B-Instruct,8,1,9,81.7507059982745,4,0,False
vllm,shared,Qwen/Qwen2.5-7B-Instruct,8,2,0,79.5868459972553,8,1,False
vllm,shared,Qwen/Qwen2.5-7B-Instruct,8,2,1,79.38386799651198,8,1,False
vllm,shared,Qwen/Qwen2.5-7B-Instruct,8,2,2,80.83826499932911,8,1,False
vllm,shared,Qwen/Qwen2.5-7B-Instruct,8,2,3,81.61016000667587,8,1,False
vllm,shared,Qwen/Qwen2.5-7B-Instruct,8,2,4,81.56449599482585,8,1,False
vllm,shared,Qwen/Qwen2.5-7B-Instruct,8,2,5,81.6907690023072,8,1,False
vllm,shared,Qwen/Qwen2.5-7B-Instruct,8,2,6,81.24468500318471,8,1,False
vllm,shared,Qwen/Qwen2.5-7B-Instruct,8,2,7,80.37272498768289,8,1,False
vllm,shared,Qwen/Qwen2.5-7B-Instruct,8,2,8,86.77896100562066,8,1,False
vllm,shared,Qwen/Qwen2.5-7B-Instruct,8,2,9,82.07648500683717,8,1,False
vllm,shared,Qwen/Qwen2.5-7B-Instruct,8,3,0,84.69348499784246,5,3,False
vllm,shared,Qwen/Qwen2.5-7B-Instruct,8,3,1,80.97804299904965,5,3,False
vllm,shared,Qwen/Qwen2.5-7B-Instruct,8,3,2,80.88074599800166,5,3,False
vllm,shared,Qwen/Qwen2.5-7B-Instruct,8,3,3,78.75464599055704,5,3,False
vllm,shared,Qwen/Qwen2.5-7B-Instruct,8,3,4,78.9529200119432,5,3,False
vllm,shared,Qwen/Qwen2.5-7B-Instruct,8,3,5,86.18025000032503,5,3,False
vllm,shared,Qwen/Qwen2.5-7B-Instruct,8,3,6,80.32150800863747,5,3,False
vllm,shared,Qwen/Qwen2.5-7B-Instruct,8,3,7,81.66886499384418,5,3,False
vllm,shared,Qwen/Qwen2.5-7B-Instruct,8,3,8,80.1995070069097,5,3,False
vllm,shared,Qwen/Qwen2.5-7B-Instruct,8,3,9,80.04798600450158,5,3,False
vllm,shared,Qwen/Qwen2.5-7B-Instruct,8,4,0,79.88039999327157,4,1,False
vllm,shared,Qwen/Qwen2.5-7B-Instruct,8,4,1,77.5899630098138,4,1,False
vllm,shared,Qwen/Qwen2.5-7B-Instruct,8,4,2,79.59142200706992,4,1,False
vllm,shared,Qwen/Qwen2.5-7B-Instruct,8,4,3,78.99199200619478,4,1,False
vllm,shared,Qwen/Qwen2.5-7B-Instruct,8,4,4,92.53046900266781,4,1,False
vllm,shared,Qwen/Qwen2.5-7B-Instruct,8,4,5,80.97844201256521,4,1,False
vllm,shared,Qwen/Qwen2.5-7B-Instruct,8,4,6,80.30195700121112,4,1,False
vllm,shared,Qwen/Qwen2.5-7B-Instruct,8,4,7,80.4344369971659,4,1,False
vllm,shared,Qwen/Qwen2.5-7B-Instruct,8,4,8,80.66023200808559,4,1,False
vllm,shared,Qwen/Qwen2.5-7B-Instruct,8,4,9,82.14029300143011,4,1,False
vllm,shared,Qwen/Qwen2.5-7B-Instruct,8,5,0,86.78422299271915,0,1,False
vllm,shared,Qwen/Qwen2.5-7B-Instruct,8,5,1,80.84615400002804,0,1,False
vllm,shared,Qwen/Qwen2.5-7B-Instruct,8,5,2,82.42640701064374,0,1,False
vllm,shared,Qwen/Qwen2.5-7B-Instruct,8,5,3,81.44319900020491,0,1,False
vllm,shared,Qwen/Qwen2.5-7B-Instruct,8,5,4,81.89686600235291,0,1,False
vllm,shared,Qwen/Qwen2.5-7B-Instruct,8,5,5,81.38271799543872,0,1,False
vllm,shared,Qwen/Qwen2.5-7B-Instruct,8,5,6,81.41487900866196,0,1,False
vllm,shared,Qwen/Qwen2.5-7B-Instruct,8,5,7,81.40633399307262,0,1,False
vllm,shared,Qwen/Qwen2.5-7B-Instruct,8,5,8,81.3372129923664,0,1,False
vllm,shared,Qwen/Qwen2.5-7B-Instruct,8,5,9,81.13663599942811,0,1,False
vllm,shared,Qwen/Qwen2.5-7B-Instruct,9,0,0,78.8780709990533,7,9,False
vllm,shared,Qwen/Qwen2.5-7B-Instruct,9,0,1,79.58279699960258,7,9,False
vllm,shared,Qwen/Qwen2.5-7B-Instruct,9,0,2,80.49136500630993,7,9,False
vllm,shared,Qwen/Qwen2.5-7B-Instruct,9,0,3,80.73516000877135,7,9,False
vllm,shared,Qwen/Qwen2.5-7B-Instruct,9,0,4,82.5476250029169,7,9,False
vllm,shared,Qwen/Qwen2.5-7B-Instruct,9,0,5,80.96180199936498,7,9,False
vllm,shared,Qwen/Qwen2.5-7B-Instruct,9,0,6,80.98117899498902,7,9,False
vllm,shared,Qwen/Qwen2.5-7B-Instruct,9,0,7,84.90503899520263,7,9,False
vllm,shared,Qwen/Qwen2.5-7B-Instruct,9,0,8,79.80415900237858,7,9,False
vllm,shared,Qwen/Qwen2.5-7B-Instruct,9,0,9,78.7609179969877,7,9,False
vllm,shared,Qwen/Qwen2.5-7B-Instruct,9,1,0,78.90605498687364,1,8,False
vllm,shared,Qwen/Qwen2.5-7B-Instruct,9,1,1,85.87055098905694,1,8,False
vllm,shared,Qwen/Qwen2.5-7B-Instruct,9,1,2,79.73523100372404,1,8,False
vllm,shared,Qwen/Qwen2.5-7B-Instruct,9,1,3,79.59180499892682,1,8,False
vllm,shared,Qwen/Qwen2.5-7B-Instruct,9,1,4,80.4783409985248,1,8,False
vllm,shared,Qwen/Qwen2.5-7B-Instruct,9,1,5,80.39322000695392,1,8,False
vllm,shared,Qwen/Qwen2.5-7B-Instruct,9,1,6,80.48176599550061,1,8,False
vllm,shared,Qwen/Qwen2.5-7B-Instruct,9,1,7,81.44599800289143,1,8,False
vllm,shared,Qwen/Qwen2.5-7B-Instruct,9,1,8,78.80322200071532,1,8,False
vllm,shared,Qwen/Qwen2.5-7B-Instruct,9,1,9,78.86992699059192,1,8,False
vllm,shared,Qwen/Qwen2.5-7B-Instruct,9,2,0,86.088969008415,0,8,False
vllm,shared,Qwen/Qwen2.5-7B-Instruct,9,2,1,81.46996700088494,0,8,False
vllm,shared,Qwen/Qwen2.5-7B-Instruct,9,2,2,80.92983299866319,0,8,False
vllm,shared,Qwen/Qwen2.5-7B-Instruct,9,2,3,80.28013199509587,0,8,False
vllm,shared,Qwen/Qwen2.5-7B-Instruct,9,2,4,81.06575399870053,0,8,False
vllm,shared,Qwen/Qwen2.5-7B-Instruct,9,2,5,80.27766700251959,0,8,False
vllm,shared,Qwen/Qwen2.5-7B-Instruct,9,2,6,80.2889480110025,0,8,False
vllm,shared,Qwen/Qwen2.5-7B-Instruct,9,2,7,78.997207005159,0,8,False
vllm,shared,Qwen/Qwen2.5-7B-Instruct,9,2,8,78.87008599936962,0,8,False
vllm,shared,Qwen/Qwen2.5-7B-Instruct,9,2,9,78.88867899600882,0,8,False
vllm,shared,Qwen/Qwen2.5-7B-Instruct,9,3,0,86.55326098960359,0,9,False
vllm,shared,Qwen/Qwen2.5-7B-Instruct,9,3,1,80.51179700123612,0,9,False
vllm,shared,Qwen/Qwen2.5-7B-Instruct,9,3,2,81.4364139951067,0,9,False
vllm,shared,Qwen/Qwen2.5-7B-Instruct,9,3,3,81.34962899202947,0,9,False
vllm,shared,Qwen/Qwen2.5-7B-Instruct,9,3,4,80.94247400003951,0,9,False
vllm,shared,Qwen/Qwen2.5-7B-Instruct,9,3,5,81.22252399334684,0,9,False
vllm,shared,Qwen/Qwen2.5-7B-Instruct,9,3,6,81.52409399917815,0,9,False
vllm,shared,Qwen/Qwen2.5-7B-Instruct,9,3,7,80.55267800227739,0,9,False
vllm,shared,Qwen/Qwen2.5-7B-Instruct,9,3,8,79.05538399063516,0,9,False
vllm,shared,Qwen/Qwen2.5-7B-Instruct,9,3,9,78.99450400145724,0,9,False
vllm,shared,Qwen/Qwen2.5-7B-Instruct,9,4,0,79.40565900935326,6,5,False
vllm,shared,Qwen/Qwen2.5-7B-Instruct,9,4,1,79.51638000668027,6,5,False
vllm,shared,Qwen/Qwen2.5-7B-Instruct,9,4,2,80.89538500644267,6,5,False
vllm,shared,Qwen/Qwen2.5-7B-Instruct,9,4,3,79.75787000032142,6,5,False
vllm,shared,Qwen/Qwen2.5-7B-Instruct,9,4,4,78.63438800268341,6,5,False
vllm,shared,Qwen/Qwen2.5-7B-Instruct,9,4,5,78.07521399809048,6,5,False
vllm,shared,Qwen/Qwen2.5-7B-Instruct,9,4,6,87.12648200162221,6,5,False
vllm,shared,Qwen/Qwen2.5-7B-Instruct,9,4,7,80.35152399679646,6,5,False
vllm,shared,Qwen/Qwen2.5-7B-Instruct,9,4,8,78.74365300813224,6,5,False
vllm,shared,Qwen/Qwen2.5-7B-Instruct,9,4,9,80.31582699913997,6,5,False
vllm,shared,Qwen/Qwen2.5-7B-Instruct,9,5,0,79.87996700103395,4,3,False
vllm,shared,Qwen/Qwen2.5-7B-Instruct,9,5,1,80.20678600587416,4,3,False
vllm,shared,Qwen/Qwen2.5-7B-Instruct,9,5,2,79.2832580045797,4,3,False
vllm,shared,Qwen/Qwen2.5-7B-Instruct,9,5,3,77.80060499499086,4,3,False
vllm,shared,Qwen/Qwen2.5-7B-Instruct,9,5,4,84.82250799715985,4,3,False
vllm,shared,Qwen/Qwen2.5-7B-Instruct,9,5,5,79.29180200153496,4,3,False
vllm,shared,Qwen/Qwen2.5-7B-Instruct,9,5,6,79.93054400139954,4,3,False
vllm,shared,Qwen/Qwen2.5-7B-Instruct,9,5,7,79.89295899460558,4,3,False
vllm,shared,Qwen/Qwen2.5-7B-Instruct,9,5,8,79.55254000262357,4,3,False
vllm,shared,Qwen/Qwen2.5-7B-Instruct,9,5,9,80.07436899060849,4,3,False
vllm,shared,Qwen/Qwen2.5-7B-Instruct,10,0,0,79.80710199626628,6,8,False
vllm,shared,Qwen/Qwen2.5-7B-Instruct,10,0,1,79.47092301037628,6,8,False
vllm,shared,Qwen/Qwen2.5-7B-Instruct,10,0,2,80.95664899155963,6,8,False
vllm,shared,Qwen/Qwen2.5-7B-Instruct,10,0,3,80.70202299859375,6,8,False
vllm,shared,Qwen/Qwen2.5-7B-Instruct,10,0,4,81.00909700442571,6,8,False
vllm,shared,Qwen/Qwen2.5-7B-Instruct,10,0,5,80.68653500231449,6,8,False
vllm,shared,Qwen/Qwen2.5-7B-Instruct,10,0,6,85.65243599878158,6,8,False
vllm,shared,Qwen/Qwen2.5-7B-Instruct,10,0,7,80.05646400852129,6,8,False
vllm,shared,Qwen/Qwen2.5-7B-Instruct,10,0,8,79.13007300521713,6,8,False
vllm,shared,Qwen/Qwen2.5-7B-Instruct,10,0,9,79.57318099215627,6,8,False
vllm,shared,Qwen/Qwen2.5-7B-Instruct,10,1,0,79.60674801142886,9,0,False
vllm,shared,Qwen/Qwen2.5-7B-Instruct,10,1,1,80.45579699683003,9,0,False
vllm,shared,Qwen/Qwen2.5-7B-Instruct,10,1,2,81.71353599755093,9,0,False
vllm,shared,Qwen/Qwen2.5-7B-Instruct,10,1,3,82.80037700023968,9,0,False
vllm,shared,Qwen/Qwen2.5-7B-Instruct,10,1,4,82.18917300109752,9,0,False
vllm,shared,Qwen/Qwen2.5-7B-Instruct,10,1,5,82.6990810019197,9,0,False
vllm,shared,Qwen/Qwen2.5-7B-Instruct,10,1,6,80.60815000499133,9,0,False
vllm,shared,Qwen/Qwen2.5-7B-Instruct,10,1,7,80.60477300023194,9,0,False
vllm,shared,Qwen/Qwen2.5-7B-Instruct,10,1,8,80.73639099893626,9,0,False
vllm,shared,Qwen/Qwen2.5-7B-Instruct,10,1,9,84.95878099347465,9,0,False
vllm,shared,Qwen/Qwen2.5-7B-Instruct,10,2,0,78.89582899224479,6,0,False
vllm,shared,Qwen/Qwen2.5-7B-Instruct,10,2,1,79.83606299967505,6,0,False
vllm,shared,Qwen/Qwen2.5-7B-Instruct,10,2,2,80.49109199782833,6,0,False
vllm,shared,Qwen/Qwen2.5-7B-Instruct,10,2,3,80.64194201142527,6,0,False
vllm,shared,Qwen/Qwen2.5-7B-Instruct,10,2,4,80.42627600661945,6,0,False
vllm,shared,Qwen/Qwen2.5-7B-Instruct,10,2,5,81.18517899129074,6,0,False
vllm,shared,Qwen/Qwen2.5-7B-Instruct,10,2,6,84.53924099740107,6,0,False
vllm,shared,Qwen/Qwen2.5-7B-Instruct,10,2,7,80.23384200350847,6,0,False
vllm,shared,Qwen/Qwen2.5-7B-Instruct,10,2,8,80.72642199113034,6,0,False
vllm,shared,Qwen/Qwen2.5-7B-Instruct,10,2,9,80.88127200608142,6,0,False
vllm,shared,Qwen/Qwen2.5-7B-Instruct,10,3,0,78.97379899804946,3,9,False
vllm,shared,Qwen/Qwen2.5-7B-Instruct,10,3,1,79.72782199794892,3,9,False
vllm,shared,Qwen/Qwen2.5-7B-Instruct,10,3,2,81.06516100815497,3,9,False
vllm,shared,Qwen/Qwen2.5-7B-Instruct,10,3,3,86.29919399390928,3,9,False
vllm,shared,Qwen/Qwen2.5-7B-Instruct,10,3,4,81.50379000289831,3,9,False
vllm,shared,Qwen/Qwen2.5-7B-Instruct,10,3,5,80.67003800533712,3,9,False
vllm,shared,Qwen/Qwen2.5-7B-Instruct,10,3,6,80.5781489907531,3,9,False
vllm,shared,Qwen/Qwen2.5-7B-Instruct,10,3,7,81.18204299535137,3,9,False
vllm,shared,Qwen/Qwen2.5-7B-Instruct,10,3,8,80.04742399498355,3,9,False
vllm,shared,Qwen/Qwen2.5-7B-Instruct,10,3,9,78.08036598726176,3,9,False
vllm,shared,Qwen/Qwen2.5-7B-Instruct,10,4,0,78.21595200221054,8,1,False
vllm,shared,Qwen/Qwen2.5-7B-Instruct,10,4,1,77.21435799612664,8,1,False
vllm,shared,Qwen/Qwen2.5-7B-Instruct,10,4,2,78.52329799789004,8,1,False
vllm,shared,Qwen/Qwen2.5-7B-Instruct,10,4,3,79.22474399674684,8,1,False
vllm,shared,Qwen/Qwen2.5-7B-Instruct,10,4,4,77.68458600912709,8,1,False
vllm,shared,Qwen/Qwen2.5-7B-Instruct,10,4,5,78.10820599843282,8,1,False
vllm,shared,Qwen/Qwen2.5-7B-Instruct,10,4,6,79.2589689954184,8,1,False
vllm,shared,Qwen/Qwen2.5-7B-Instruct,10,4,7,78.86021299054846,8,1,False
vllm,shared,Qwen/Qwen2.5-7B-Instruct,10,4,8,84.37349599262234,8,1,False
vllm,shared,Qwen/Qwen2.5-7B-Instruct,10,4,9,78.03772600891534,8,1,False
vllm,shared,Qwen/Qwen2.5-7B-Instruct,10,5,0,85.15481499489397,0,5,False
vllm,shared,Qwen/Qwen2.5-7B-Instruct,10,5,1,78.62414699047804,0,5,False
vllm,shared,Qwen/Qwen2.5-7B-Instruct,10,5,2,78.28654399781954,0,5,False
vllm,shared,Qwen/Qwen2.5-7B-Instruct,10,5,3,77.92889200209174,0,5,False
vllm,shared,Qwen/Qwen2.5-7B-Instruct,10,5,4,78.9741180051351,0,5,False
vllm,shared,Qwen/Qwen2.5-7B-Instruct,10,5,5,77.40034299786203,0,5,False
vllm,shared,Qwen/Qwen2.5-7B-Instruct,10,5,6,78.80298000236508,0,5,False
vllm,shared,Qwen/Qwen2.5-7B-Instruct,10,5,7,79.54369101207703,0,5,False
vllm,shared,Qwen/Qwen2.5-7B-Instruct,10,5,8,79.49700301105622,0,5,False
vllm,shared,Qwen/Qwen2.5-7B-Instruct,10,5,9,78.84096499765292,0,5,False
vllm,shared,Qwen/Qwen2.5-7B-Instruct,11,0,0,78.01910099806264,4,0,False
vllm,shared,Qwen/Qwen2.5-7B-Instruct,11,0,1,78.67657901078928,4,0,False
vllm,shared,Qwen/Qwen2.5-7B-Instruct,11,0,2,79.56673100125045,4,0,False
vllm,shared,Qwen/Qwen2.5-7B-Instruct,11,0,3,79.69924400094897,4,0,False
vllm,shared,Qwen/Qwen2.5-7B-Instruct,11,0,4,84.48495199263562,4,0,False
vllm,shared,Qwen/Qwen2.5-7B-Instruct,11,0,5,78.89379699190613,4,0,False
vllm,shared,Qwen/Qwen2.5-7B-Instruct,11,0,6,78.79336400947068,4,0,False
vllm,shared,Qwen/Qwen2.5-7B-Instruct,11,0,7,79.7747329925187,4,0,False
vllm,shared,Qwen/Qwen2.5-7B-Instruct,11,0,8,78.86299700476229,4,0,False
vllm,shared,Qwen/Qwen2.5-7B-Instruct,11,0,9,80.37734699610155,4,0,False
vllm,shared,Qwen/Qwen2.5-7B-Instruct,11,1,0,80.28036999166943,2,5,False
vllm,shared,Qwen/Qwen2.5-7B-Instruct,11,1,1,80.91434299421962,2,5,False
vllm,shared,Qwen/Qwen2.5-7B-Instruct,11,1,2,84.7634519886924,2,5,False
vllm,shared,Qwen/Qwen2.5-7B-Instruct,11,1,3,79.83390199660789,2,5,False
vllm,shared,Qwen/Qwen2.5-7B-Instruct,11,1,4,79.44036199478433,2,5,False
vllm,shared,Qwen/Qwen2.5-7B-Instruct,11,1,5,78.70777900097892,2,5,False
vllm,shared,Qwen/Qwen2.5-7B-Instruct,11,1,6,78.76045200100634,2,5,False
vllm,shared,Qwen/Qwen2.5-7B-Instruct,11,1,7,80.30078599404078,2,5,False
vllm,shared,Qwen/Qwen2.5-7B-Instruct,11,1,8,80.3922109917039,2,5,False
vllm,shared,Qwen/Qwen2.5-7B-Instruct,11,1,9,80.1462410017848,2,5,False
vllm,shared,Qwen/Qwen2.5-7B-Instruct,11,2,0,79.27669599303044,3,1,False
vllm,shared,Qwen/Qwen2.5-7B-Instruct,11,2,1,79.2132880014833,3,1,False
vllm,shared,Qwen/Qwen2.5-7B-Instruct,11,2,2,79.29301699914504,3,1,False
vllm,shared,Qwen/Qwen2.5-7B-Instruct,11,2,3,84.99846199993044,3,1,False
vllm,shared,Qwen/Qwen2.5-7B-Instruct,11,2,4,80.55160500225611,3,1,False
vllm,shared,Qwen/Qwen2.5-7B-Instruct,11,2,5,80.69918899855111,3,1,False
vllm,shared,Qwen/Qwen2.5-7B-Instruct,11,2,6,81.81435200094711,3,1,False
vllm,shared,Qwen/Qwen2.5-7B-Instruct,11,2,7,80.97202399221715,3,1,False
vllm,shared,Qwen/Qwen2.5-7B-Instruct,11,2,8,80.77448599215131,3,1,False
vllm,shared,Qwen/Qwen2.5-7B-Instruct,11,2,9,80.18222400278319,3,1,False
vllm,shared,Qwen/Qwen2.5-7B-Instruct,11,3,0,78.78936400811654,6,0,False
vllm,shared,Qwen/Qwen2.5-7B-Instruct,11,3,1,79.31208900117781,6,0,False
vllm,shared,Qwen/Qwen2.5-7B-Instruct,11,3,2,80.9236399945803,6,0,False
vllm,shared,Qwen/Qwen2.5-7B-Instruct,11,3,3,80.15462500043213,6,0,False
vllm,shared,Qwen/Qwen2.5-7B-Instruct,11,3,4,80.40808299847413,6,0,False
vllm,shared,Qwen/Qwen2.5-7B-Instruct,11,3,5,80.32037000521086,6,0,False
vllm,shared,Qwen/Qwen2.5-7B-Instruct,11,3,6,84.67572199879214,6,0,False
vllm,shared,Qwen/Qwen2.5-7B-Instruct,11,3,7,79.66068400128279,6,0,False
vllm,shared,Qwen/Qwen2.5-7B-Instruct,11,3,8,80.2664980001282,6,0,False
vllm,shared,Qwen/Qwen2.5-7B-Instruct,11,3,9,79.28612000250723,6,0,False
vllm,shared,Qwen/Qwen2.5-7B-Instruct,11,4,0,78.08846099942457,3,9,False
vllm,shared,Qwen/Qwen2.5-7B-Instruct,11,4,1,78.93590899766423,3,9,False
vllm,shared,Qwen/Qwen2.5-7B-Instruct,11,4,2,78.89395699021406,3,9,False
vllm,shared,Qwen/Qwen2.5-7B-Instruct,11,4,3,84.77472999948077,3,9,False
vllm,shared,Qwen/Qwen2.5-7B-Instruct,11,4,4,78.47753699752502,3,9,False
vllm,shared,Qwen/Qwen2.5-7B-Instruct,11,4,5,77.66640999761876,3,9,False
vllm,shared,Qwen/Qwen2.5-7B-Instruct,11,4,6,77.40815100260079,3,9,False
vllm,shared,Qwen/Qwen2.5-7B-Instruct,11,4,7,78.190814005211,3,9,False
vllm,shared,Qwen/Qwen2.5-7B-Instruct,11,4,8,78.7510269874474,3,9,False
vllm,shared,Qwen/Qwen2.5-7B-Instruct,11,4,9,77.20448600593954,3,9,False
vllm,shared,Qwen/Qwen2.5-7B-Instruct,11,5,0,77.19966900185682,1,0,False
vllm,shared,Qwen/Qwen2.5-7B-Instruct,11,5,1,85.3431349969469,1,0,False
vllm,shared,Qwen/Qwen2.5-7B-Instruct,11,5,2,78.08340499468613,1,0,False
vllm,shared,Qwen/Qwen2.5-7B-Instruct,11,5,3,79.01952500105835,1,0,False
vllm,shared,Qwen/Qwen2.5-7B-Instruct,11,5,4,77.8956440044567,1,0,False
vllm,shared,Qwen/Qwen2.5-7B-Instruct,11,5,5,78.035259997705,1,0,False
vllm,shared,Qwen/Qwen2.5-7B-Instruct,11,5,6,77.94445999024902,1,0,False
vllm,shared,Qwen/Qwen2.5-7B-Instruct,11,5,7,80.46733099035919,1,0,False
vllm,shared,Qwen/Qwen2.5-7B-Instruct,11,5,8,79.3896420072997,1,0,False
vllm,shared,Qwen/Qwen2.5-7B-Instruct,11,5,9,79.63090800330974,1,0,False
vllm,shared,Qwen/Qwen2.5-7B-Instruct,12,0,0,84.9162999948021,0,2,False
vllm,shared,Qwen/Qwen2.5-7B-Instruct,12,0,1,80.52941100322641,0,2,False
vllm,shared,Qwen/Qwen2.5-7B-Instruct,12,0,2,79.02506200480275,0,2,False
vllm,shared,Qwen/Qwen2.5-7B-Instruct,12,0,3,81.09138399595395,0,2,False
vllm,shared,Qwen/Qwen2.5-7B-Instruct,12,0,4,80.4406109964475,0,2,False
vllm,shared,Qwen/Qwen2.5-7B-Instruct,12,0,5,80.44251499813981,0,2,False
vllm,shared,Qwen/Qwen2.5-7B-Instruct,12,0,6,80.46710699272808,0,2,False
vllm,shared,Qwen/Qwen2.5-7B-Instruct,12,0,7,80.17275200108998,0,2,False
vllm,shared,Qwen/Qwen2.5-7B-Instruct,12,0,8,81.08093599730637,0,2,False
vllm,shared,Qwen/Qwen2.5-7B-Instruct,12,0,9,79.74436400400009,0,2,False
vllm,shared,Qwen/Qwen2.5-7B-Instruct,12,1,0,85.01006000733469,0,9,False
vllm,shared,Qwen/Qwen2.5-7B-Instruct,12,1,1,80.91029500064906,0,9,False
vllm,shared,Qwen/Qwen2.5-7B-Instruct,12,1,2,81.22135400481056,0,9,False
vllm,shared,Qwen/Qwen2.5-7B-Instruct,12,1,3,80.02375900105108,0,9,False
vllm,shared,Qwen/Qwen2.5-7B-Instruct,12,1,4,80.01060600508936,0,9,False
vllm,shared,Qwen/Qwen2.5-7B-Instruct,12,1,5,81.63498900830746,0,9,False
vllm,shared,Qwen/Qwen2.5-7B-Instruct,12,1,6,80.72315699246246,0,9,False
vllm,shared,Qwen/Qwen2.5-7B-Instruct,12,1,7,80.97816800000146,0,9,False
vllm,shared,Qwen/Qwen2.5-7B-Instruct,12,1,8,81.06421600678004,0,9,False
vllm,shared,Qwen/Qwen2.5-7B-Instruct,12,1,9,79.13891901262105,0,9,False
vllm,shared,Qwen/Qwen2.5-7B-Instruct,12,2,0,79.26968700485304,1,8,False
vllm,shared,Qwen/Qwen2.5-7B-Instruct,12,2,1,86.55309899768326,1,8,False
vllm,shared,Qwen/Qwen2.5-7B-Instruct,12,2,2,79.59620300971437,1,8,False
vllm,shared,Qwen/Qwen2.5-7B-Instruct,12,2,3,79.03247000649571,1,8,False
vllm,shared,Qwen/Qwen2.5-7B-Instruct,12,2,4,80.24987200042233,1,8,False
vllm,shared,Qwen/Qwen2.5-7B-Instruct,12,2,5,80.8713180013001,1,8,False
vllm,shared,Qwen/Qwen2.5-7B-Instruct,12,2,6,80.6263400008902,1,8,False
vllm,shared,Qwen/Qwen2.5-7B-Instruct,12,2,7,78.62289799959399,1,8,False
vllm,shared,Qwen/Qwen2.5-7B-Instruct,12,2,8,78.06897199770901,1,8,False
vllm,shared,Qwen/Qwen2.5-7B-Instruct,12,2,9,80.11649500986096,1,8,False
vllm,shared,Qwen/Qwen2.5-7B-Instruct,12,3,0,80.5113790120231,5,9,False
vllm,shared,Qwen/Qwen2.5-7B-Instruct,12,3,1,80.2482880098978,5,9,False
vllm,shared,Qwen/Qwen2.5-7B-Instruct,12,3,2,80.9508550009923,5,9,False
vllm,shared,Qwen/Qwen2.5-7B-Instruct,12,3,3,81.16653699835297,5,9,False
vllm,shared,Qwen/Qwen2.5-7B-Instruct,12,3,4,79.90276599593926,5,9,False
vllm,shared,Qwen/Qwen2.5-7B-Instruct,12,3,5,86.05003800767008,5,9,False
vllm,shared,Qwen/Qwen2.5-7B-Instruct,12,3,6,80.5960039870115,5,9,False
vllm,shared,Qwen/Qwen2.5-7B-Instruct,12,3,7,80.01015799527522,5,9,False
vllm,shared,Qwen/Qwen2.5-7B-Instruct,12,3,8,80.35766499233432,5,9,False
vllm,shared,Qwen/Qwen2.5-7B-Instruct,12,3,9,79.0202939970186,5,9,False
vllm,shared,Qwen/Qwen2.5-7B-Instruct,12,4,0,85.73117099876981,0,5,False
vllm,shared,Qwen/Qwen2.5-7B-Instruct,12,4,1,79.70533899788279,0,5,False
vllm,shared,Qwen/Qwen2.5-7B-Instruct,12,4,2,80.21009599906392,0,5,False
vllm,shared,Qwen/Qwen2.5-7B-Instruct,12,4,3,80.66102799784858,0,5,False
vllm,shared,Qwen/Qwen2.5-7B-Instruct,12,4,4,80.71307599311695,0,5,False
vllm,shared,Qwen/Qwen2.5-7B-Instruct,12,4,5,77.80437800101936,0,5,False
vllm,shared,Qwen/Qwen2.5-7B-Instruct,12,4,6,78.92498000001069,0,5,False
vllm,shared,Qwen/Qwen2.5-7B-Instruct,12,4,7,78.66734600975178,0,5,False
vllm,shared,Qwen/Qwen2.5-7B-Instruct,12,4,8,79.7854200063739,0,5,False
vllm,shared,Qwen/Qwen2.5-7B-Instruct,12,4,9,80.19395200244617,0,5,False
vllm,shared,Qwen/Qwen2.5-7B-Instruct,12,5,0,80.27513700653799,1,4,False
vllm,shared,Qwen/Qwen2.5-7B-Instruct,12,5,1,85.3744630003348,1,4,False
vllm,shared,Qwen/Qwen2.5-7B-Instruct,12,5,2,80.18980699125677,1,4,False
vllm,shared,Qwen/Qwen2.5-7B-Instruct,12,5,3,80.05964699259493,1,4,False
vllm,shared,Qwen/Qwen2.5-7B-Instruct,12,5,4,78.0894210038241,1,4,False
vllm,shared,Qwen/Qwen2.5-7B-Instruct,12,5,5,79.54738500120584,1,4,False
vllm,shared,Qwen/Qwen2.5-7B-Instruct,12,5,6,80.62457999039907,1,4,False
vllm,shared,Qwen/Qwen2.5-7B-Instruct,12,5,7,80.29638399602845,1,4,False
vllm,shared,Qwen/Qwen2.5-7B-Instruct,12,5,8,80.7671090005897,1,4,False
vllm,shared,Qwen/Qwen2.5-7B-Instruct,12,5,9,79.92116500099655,1,4,False
vllm,shared,Qwen/Qwen2.5-7B-Instruct,13,0,0,78.77819499117322,4,0,False
vllm,shared,Qwen/Qwen2.5-7B-Instruct,13,0,1,79.41279200895224,4,0,False
vllm,shared,Qwen/Qwen2.5-7B-Instruct,13,0,2,80.50510700559244,4,0,False
vllm,shared,Qwen/Qwen2.5-7B-Instruct,13,0,3,80.207759005134,4,0,False
vllm,shared,Qwen/Qwen2.5-7B-Instruct,13,0,4,86.05814899783581,4,0,False
vllm,shared,Qwen/Qwen2.5-7B-Instruct,13,0,5,81.01703099964652,4,0,False
vllm,shared,Qwen/Qwen2.5-7B-Instruct,13,0,6,80.46229000319727,4,0,False
vllm,shared,Qwen/Qwen2.5-7B-Instruct,13,0,7,80.99189399217721,4,0,False
vllm,shared,Qwen/Qwen2.5-7B-Instruct,13,0,8,80.83362200704869,4,0,False
vllm,shared,Qwen/Qwen2.5-7B-Instruct,13,0,9,79.24955800990574,4,0,False
vllm,shared,Qwen/Qwen2.5-7B-Instruct,13,1,0,80.93090199690778,7,9,False
vllm,shared,Qwen/Qwen2.5-7B-Instruct,13,1,1,80.75934900261927,7,9,False
vllm,shared,Qwen/Qwen2.5-7B-Instruct,13,1,2,80.63617900188547,7,9,False
vllm,shared,Qwen/Qwen2.5-7B-Instruct,13,1,3,81.58116399135906,7,9,False
vllm,shared,Qwen/Qwen2.5-7B-Instruct,13,1,4,80.89711000502575,7,9,False
vllm,shared,Qwen/Qwen2.5-7B-Instruct,13,1,5,80.63150700763799,7,9,False
vllm,shared,Qwen/Qwen2.5-7B-Instruct,13,1,6,81.55986799101811,7,9,False
vllm,shared,Qwen/Qwen2.5-7B-Instruct,13,1,7,85.34217400301713,7,9,False
vllm,shared,Qwen/Qwen2.5-7B-Instruct,13,1,8,79.88607599691022,7,9,False
vllm,shared,Qwen/Qwen2.5-7B-Instruct,13,1,9,79.00425999832805,7,9,False
vllm,shared,Qwen/Qwen2.5-7B-Instruct,13,2,0,78.77883499895688,1,0,False
vllm,shared,Qwen/Qwen2.5-7B-Instruct,13,2,1,84.91767499072012,1,0,False
vllm,shared,Qwen/Qwen2.5-7B-Instruct,13,2,2,80.38384099199902,1,0,False
vllm,shared,Qwen/Qwen2.5-7B-Instruct,13,2,3,79.8250520019792,1,0,False
vllm,shared,Qwen/Qwen2.5-7B-Instruct,13,2,4,80.56585901067592,1,0,False
vllm,shared,Qwen/Qwen2.5-7B-Instruct,13,2,5,80.65117099613417,1,0,False
vllm,shared,Qwen/Qwen2.5-7B-Instruct,13,2,6,80.37990498996805,1,0,False
vllm,shared,Qwen/Qwen2.5-7B-Instruct,13,2,7,80.82813299552072,1,0,False
vllm,shared,Qwen/Qwen2.5-7B-Instruct,13,2,8,81.35596200008877,1,0,False
vllm,shared,Qwen/Qwen2.5-7B-Instruct,13,2,9,79.31498400284909,1,0,False
vllm,shared,Qwen/Qwen2.5-7B-Instruct,13,3,0,79.91092398879118,4,0,False
vllm,shared,Qwen/Qwen2.5-7B-Instruct,13,3,1,81.33060100954026,4,0,False
vllm,shared,Qwen/Qwen2.5-7B-Instruct,13,3,2,80.53680299781263,4,0,False
vllm,shared,Qwen/Qwen2.5-7B-Instruct,13,3,3,81.1893210047856,4,0,False
vllm,shared,Qwen/Qwen2.5-7B-Instruct,13,3,4,85.5113919969881,4,0,False
vllm,shared,Qwen/Qwen2.5-7B-Instruct,13,3,5,81.02930299355648,4,0,False
vllm,shared,Qwen/Qwen2.5-7B-Instruct,13,3,6,81.29924099193886,4,0,False
vllm,shared,Qwen/Qwen2.5-7B-Instruct,13,3,7,80.14707099937368,4,0,False
vllm,shared,Qwen/Qwen2.5-7B-Instruct,13,3,8,80.642002998502,4,0,False
vllm,shared,Qwen/Qwen2.5-7B-Instruct,13,3,9,80.31820799806155,4,0,False
vllm,shared,Qwen/Qwen2.5-7B-Instruct,13,4,0,78.41657499375287,9,6,False
vllm,shared,Qwen/Qwen2.5-7B-Instruct,13,4,1,79.8124439897947,9,6,False
vllm,shared,Qwen/Qwen2.5-7B-Instruct,13,4,2,79.3223910004599,9,6,False
vllm,shared,Qwen/Qwen2.5-7B-Instruct,13,4,3,78.98098000441678,9,6,False
vllm,shared,Qwen/Qwen2.5-7B-Instruct,13,4,4,77.8842019935837,9,6,False
vllm,shared,Qwen/Qwen2.5-7B-Instruct,13,4,5,78.26708498760127,9,6,False
vllm,shared,Qwen/Qwen2.5-7B-Instruct,13,4,6,77.7750319975894,9,6,False
vllm,shared,Qwen/Qwen2.5-7B-Instruct,13,4,7,80.30841599975247,9,6,False
vllm,shared,Qwen/Qwen2.5-7B-Instruct,13,4,8,79.64898600766901,9,6,False
vllm,shared,Qwen/Qwen2.5-7B-Instruct,13,4,9,84.82312900014222,9,6,False
vllm,shared,Qwen/Qwen2.5-7B-Instruct,13,5,0,79.57869699748699,1,8,False
vllm,shared,Qwen/Qwen2.5-7B-Instruct,13,5,1,84.72204000281636,1,8,False
vllm,shared,Qwen/Qwen2.5-7B-Instruct,13,5,2,78.83320198743604,1,8,False
vllm,shared,Qwen/Qwen2.5-7B-Instruct,13,5,3,78.5852800036082,1,8,False
vllm,shared,Qwen/Qwen2.5-7B-Instruct,13,5,4,78.90758701250888,1,8,False
vllm,shared,Qwen/Qwen2.5-7B-Instruct,13,5,5,79.60876100696623,1,8,False
vllm,shared,Qwen/Qwen2.5-7B-Instruct,13,5,6,79.31047001329716,1,8,False
vllm,shared,Qwen/Qwen2.5-7B-Instruct,13,5,7,78.20201200956944,1,8,False
vllm,shared,Qwen/Qwen2.5-7B-Instruct,13,5,8,77.92084199900273,1,8,False
vllm,shared,Qwen/Qwen2.5-7B-Instruct,13,5,9,78.11421999940649,1,8,False
vllm,shared,Qwen/Qwen2.5-7B-Instruct,14,0,0,80.48787400184665,9,4,False
vllm,shared,Qwen/Qwen2.5-7B-Instruct,14,0,1,81.03293500607833,9,4,False
vllm,shared,Qwen/Qwen2.5-7B-Instruct,14,0,2,79.94748499186244,9,4,False
vllm,shared,Qwen/Qwen2.5-7B-Instruct,14,0,3,78.47988700086717,9,4,False
vllm,shared,Qwen/Qwen2.5-7B-Instruct,14,0,4,77.56568600598257,9,4,False
vllm,shared,Qwen/Qwen2.5-7B-Instruct,14,0,5,81.09687000978738,9,4,False
vllm,shared,Qwen/Qwen2.5-7B-Instruct,14,0,6,80.31479999772273,9,4,False
vllm,shared,Qwen/Qwen2.5-7B-Instruct,14,0,7,79.92566100438125,9,4,False
vllm,shared,Qwen/Qwen2.5-7B-Instruct,14,0,8,80.06033400306478,9,4,False
vllm,shared,Qwen/Qwen2.5-7B-Instruct,14,0,9,84.66415200382471,9,4,False
vllm,shared,Qwen/Qwen2.5-7B-Instruct,14,1,0,79.51173699984793,2,3,False
vllm,shared,Qwen/Qwen2.5-7B-Instruct,14,1,1,80.02638100879267,2,3,False
vllm,shared,Qwen/Qwen2.5-7B-Instruct,14,1,2,85.27471699926537,2,3,False
vllm,shared,Qwen/Qwen2.5-7B-Instruct,14,1,3,78.9846119878348,2,3,False
vllm,shared,Qwen/Qwen2.5-7B-Instruct,14,1,4,79.4706480082823,2,3,False
vllm,shared,Qwen/Qwen2.5-7B-Instruct,14,1,5,80.64421100425534,2,3,False
vllm,shared,Qwen/Qwen2.5-7B-Instruct,14,1,6,79.99558100709692,2,3,False
vllm,shared,Qwen/Qwen2.5-7B-Instruct,14,1,7,80.74883600056637,2,3,False
vllm,shared,Qwen/Qwen2.5-7B-Instruct,14,1,8,80.35259200551081,2,3,False
vllm,shared,Qwen/Qwen2.5-7B-Instruct,14,1,9,79.11033999698702,2,3,False
vllm,shared,Qwen/Qwen2.5-7B-Instruct,14,2,0,78.35991799947806,5,0,False
vllm,shared,Qwen/Qwen2.5-7B-Instruct,14,2,1,80.1536779908929,5,0,False
vllm,shared,Qwen/Qwen2.5-7B-Instruct,14,2,2,79.84519499586895,5,0,False
vllm,shared,Qwen/Qwen2.5-7B-Instruct,14,2,3,82.1172639989527,5,0,False
vllm,shared,Qwen/Qwen2.5-7B-Instruct,14,2,4,80.01012499153148,5,0,False
vllm,shared,Qwen/Qwen2.5-7B-Instruct,14,2,5,84.60752699465957,5,0,False
vllm,shared,Qwen/Qwen2.5-7B-Instruct,14,2,6,81.09971799422055,5,0,False
vllm,shared,Qwen/Qwen2.5-7B-Instruct,14,2,7,79.94468399556354,5,0,False
vllm,shared,Qwen/Qwen2.5-7B-Instruct,14,2,8,78.7292479944881,5,0,False
vllm,shared,Qwen/Qwen2.5-7B-Instruct,14,2,9,78.54615899850614,5,0,False
vllm,shared,Qwen/Qwen2.5-7B-Instruct,14,3,0,80.67617799679283,7,5,False
vllm,shared,Qwen/Qwen2.5-7B-Instruct,14,3,1,79.97356400301214,7,5,False
vllm,shared,Qwen/Qwen2.5-7B-Instruct,14,3,2,79.73751399549656,7,5,False
vllm,shared,Qwen/Qwen2.5-7B-Instruct,14,3,3,80.26351900480222,7,5,False
vllm,shared,Qwen/Qwen2.5-7B-Instruct,14,3,4,78.65976000903174,7,5,False
vllm,shared,Qwen/Qwen2.5-7B-Instruct,14,3,5,78.27806098794099,7,5,False
vllm,shared,Qwen/Qwen2.5-7B-Instruct,14,3,6,80.92681999551132,7,5,False
vllm,shared,Qwen/Qwen2.5-7B-Instruct,14,3,7,85.46499100339133,7,5,False
vllm,shared,Qwen/Qwen2.5-7B-Instruct,14,3,8,79.880602992489,7,5,False
vllm,shared,Qwen/Qwen2.5-7B-Instruct,14,3,9,81.68215600016993,7,5,False
vllm,shared,Qwen/Qwen2.5-7B-Instruct,14,4,0,78.88723400537856,9,3,False
vllm,shared,Qwen/Qwen2.5-7B-Instruct,14,4,1,80.1927180000348,9,3,False
vllm,shared,Qwen/Qwen2.5-7B-Instruct,14,4,2,79.01912300440017,9,3,False
vllm,shared,Qwen/Qwen2.5-7B-Instruct,14,4,3,78.09434700175188,9,3,False
vllm,shared,Qwen/Qwen2.5-7B-Instruct,14,4,4,79.1932689899113,9,3,False
vllm,shared,Qwen/Qwen2.5-7B-Instruct,14,4,5,78.99621099932119,9,3,False
vllm,shared,Qwen/Qwen2.5-7B-Instruct,14,4,6,78.68219300871715,9,3,False
vllm,shared,Qwen/Qwen2.5-7B-Instruct,14,4,7,78.23948400618974,9,3,False
vllm,shared,Qwen/Qwen2.5-7B-Instruct,14,4,8,79.39515900216065,9,3,False
vllm,shared,Qwen/Qwen2.5-7B-Instruct,14,4,9,85.1161710015731,9,3,False
vllm,shared,Qwen/Qwen2.5-7B-Instruct,14,5,0,79.53495200490579,1,9,False
vllm,shared,Qwen/Qwen2.5-7B-Instruct,14,5,1,85.15042699582409,1,9,False
vllm,shared,Qwen/Qwen2.5-7B-Instruct,14,5,2,78.7866570026381,1,9,False
vllm,shared,Qwen/Qwen2.5-7B-Instruct,14,5,3,80.03857200674247,1,9,False
vllm,shared,Qwen/Qwen2.5-7B-Instruct,14,5,4,82.51305899466388,1,9,False
vllm,shared,Qwen/Qwen2.5-7B-Instruct,14,5,5,80.42969599773642,1,9,False
vllm,shared,Qwen/Qwen2.5-7B-Instruct,14,5,6,80.36657499906141,1,9,False
vllm,shared,Qwen/Qwen2.5-7B-Instruct,14,5,7,78.8529619894689,1,9,False
vllm,shared,Qwen/Qwen2.5-7B-Instruct,14,5,8,78.67950400395785,1,9,False
vllm,shared,Qwen/Qwen2.5-7B-Instruct,14,5,9,78.20246000483166,1,9,False
vllm,shared,Qwen/Qwen2.5-7B-Instruct,15,0,0,81.76372399611864,5,4,False
vllm,shared,Qwen/Qwen2.5-7B-Instruct,15,0,1,80.5244329967536,5,4,False
vllm,shared,Qwen/Qwen2.5-7B-Instruct,15,0,2,80.22730999800842,5,4,False
vllm,shared,Qwen/Qwen2.5-7B-Instruct,15,0,3,80.35033600754105,5,4,False
vllm,shared,Qwen/Qwen2.5-7B-Instruct,15,0,4,78.99830699898303,5,4,False
vllm,shared,Qwen/Qwen2.5-7B-Instruct,15,0,5,85.9227059991099,5,4,False
vllm,shared,Qwen/Qwen2.5-7B-Instruct,15,0,6,80.35009499872103,5,4,False
vllm,shared,Qwen/Qwen2.5-7B-Instruct,15,0,7,80.26971100480296,5,4,False
vllm,shared,Qwen/Qwen2.5-7B-Instruct,15,0,8,80.17369400477037,5,4,False
vllm,shared,Qwen/Qwen2.5-7B-Instruct,15,0,9,79.69669799786061,5,4,False
vllm,shared,Qwen/Qwen2.5-7B-Instruct,15,1,0,80.13674900576007,9,3,False
vllm,shared,Qwen/Qwen2.5-7B-Instruct,15,1,1,80.4638720001094,9,3,False
vllm,shared,Qwen/Qwen2.5-7B-Instruct,15,1,2,79.73137000226416,9,3,False
vllm,shared,Qwen/Qwen2.5-7B-Instruct,15,1,3,78.94052998744883,9,3,False
vllm,shared,Qwen/Qwen2.5-7B-Instruct,15,1,4,80.27929399395362,9,3,False
vllm,shared,Qwen/Qwen2.5-7B-Instruct,15,1,5,80.27615799801424,9,3,False
vllm,shared,Qwen/Qwen2.5-7B-Instruct,15,1,6,81.23861599597149,9,3,False
vllm,shared,Qwen/Qwen2.5-7B-Instruct,15,1,7,81.22519101016223,9,3,False
vllm,shared,Qwen/Qwen2.5-7B-Instruct,15,1,8,82.62040300178342,9,3,False
vllm,shared,Qwen/Qwen2.5-7B-Instruct,15,1,9,85.38481299183331,9,3,False
vllm,shared,Qwen/Qwen2.5-7B-Instruct,15,2,0,80.92642000701744,8,4,False
vllm,shared,Qwen/Qwen2.5-7B-Instruct,15,2,1,80.87382699886803,8,4,False
vllm,shared,Qwen/Qwen2.5-7B-Instruct,15,2,2,80.77313800458796,8,4,False
vllm,shared,Qwen/Qwen2.5-7B-Instruct,15,2,3,78.9948989986442,8,4,False
vllm,shared,Qwen/Qwen2.5-7B-Instruct,15,2,4,78.90723299351521,8,4,False
vllm,shared,Qwen/Qwen2.5-7B-Instruct,15,2,5,78.91819400538225,8,4,False
vllm,shared,Qwen/Qwen2.5-7B-Instruct,15,2,6,80.33563099161256,8,4,False
vllm,shared,Qwen/Qwen2.5-7B-Instruct,15,2,7,80.42958300211467,8,4,False
vllm,shared,Qwen/Qwen2.5-7B-Instruct,15,2,8,85.22454000194557,8,4,False
vllm,shared,Qwen/Qwen2.5-7B-Instruct,15,2,9,80.95006800431293,8,4,False
vllm,shared,Qwen/Qwen2.5-7B-Instruct,15,3,0,79.04902700101957,8,2,False
vllm,shared,Qwen/Qwen2.5-7B-Instruct,15,3,1,79.81482599279843,8,2,False
vllm,shared,Qwen/Qwen2.5-7B-Instruct,15,3,2,79.04387499729637,8,2,False
vllm,shared,Qwen/Qwen2.5-7B-Instruct,15,3,3,79.0443550067721,8,2,False
vllm,shared,Qwen/Qwen2.5-7B-Instruct,15,3,4,80.57712099980563,8,2,False
vllm,shared,Qwen/Qwen2.5-7B-Instruct,15,3,5,80.47137600078713,8,2,False
vllm,shared,Qwen/Qwen2.5-7B-Instruct,15,3,6,80.50475199706852,8,2,False
vllm,shared,Qwen/Qwen2.5-7B-Instruct,15,3,7,79.29290099127684,8,2,False
vllm,shared,Qwen/Qwen2.5-7B-Instruct,15,3,8,85.2402830059873,8,2,False
vllm,shared,Qwen/Qwen2.5-7B-Instruct,15,3,9,79.86591399821918,8,2,False
vllm,shared,Qwen/Qwen2.5-7B-Instruct,15,4,0,78.21581901225727,4,0,False
vllm,shared,Qwen/Qwen2.5-7B-Instruct,15,4,1,79.61616899410728,4,0,False
vllm,shared,Qwen/Qwen2.5-7B-Instruct,15,4,2,79.70592900528572,4,0,False
vllm,shared,Qwen/Qwen2.5-7B-Instruct,15,4,3,81.38220000546426,4,0,False
vllm,shared,Qwen/Qwen2.5-7B-Instruct,15,4,4,86.47003798978403,4,0,False
vllm,shared,Qwen/Qwen2.5-7B-Instruct,15,4,5,81.35925600072369,4,0,False
vllm,shared,Qwen/Qwen2.5-7B-Instruct,15,4,6,80.0768279877957,4,0,False
vllm,shared,Qwen/Qwen2.5-7B-Instruct,15,4,7,79.62021601269953,4,0,False
vllm,shared,Qwen/Qwen2.5-7B-Instruct,15,4,8,78.61188700189814,4,0,False
vllm,shared,Qwen/Qwen2.5-7B-Instruct,15,4,9,79.45325400214642,4,0,False
vllm,shared,Qwen/Qwen2.5-7B-Instruct,15,5,0,86.26850100699812,0,9,False
vllm,shared,Qwen/Qwen2.5-7B-Instruct,15,5,1,80.12020400201436,0,9,False
vllm,shared,Qwen/Qwen2.5-7B-Instruct,15,5,2,79.8710020026192,0,9,False
vllm,shared,Qwen/Qwen2.5-7B-Instruct,15,5,3,80.6808820052538,0,9,False
vllm,shared,Qwen/Qwen2.5-7B-Instruct,15,5,4,80.56371301063336,0,9,False
vllm,shared,Qwen/Qwen2.5-7B-Instruct,15,5,5,80.99653200770263,0,9,False
vllm,shared,Qwen/Qwen2.5-7B-Instruct,15,5,6,81.14870999997947,0,9,False
vllm,shared,Qwen/Qwen2.5-7B-Instruct,15,5,7,80.93470700259786,0,9,False
vllm,shared,Qwen/Qwen2.5-7B-Instruct,15,5,8,78.9084330026526,0,9,False
vllm,shared,Qwen/Qwen2.5-7B-Instruct,15,5,9,78.71840000734664,0,9,False
vllm,shared,Qwen/Qwen2.5-7B-Instruct,16,0,0,81.32272699731402,5,9,False
vllm,shared,Qwen/Qwen2.5-7B-Instruct,16,0,1,82.20169501146302,5,9,False
vllm,shared,Qwen/Qwen2.5-7B-Instruct,16,0,2,82.72638800553977,5,9,False
vllm,shared,Qwen/Qwen2.5-7B-Instruct,16,0,3,81.57428100821562,5,9,False
vllm,shared,Qwen/Qwen2.5-7B-Instruct,16,0,4,82.38257699122187,5,9,False
vllm,shared,Qwen/Qwen2.5-7B-Instruct,16,0,5,85.79224000277463,5,9,False
vllm,shared,Qwen/Qwen2.5-7B-Instruct,16,0,6,81.51178499974776,5,9,False
vllm,shared,Qwen/Qwen2.5-7B-Instruct,16,0,7,82.39054500882048,5,9,False
vllm,shared,Qwen/Qwen2.5-7B-Instruct,16,0,8,81.226679001702,5,9,False
vllm,shared,Qwen/Qwen2.5-7B-Instruct,16,0,9,80.89448299142532,5,9,False
vllm,shared,Qwen/Qwen2.5-7B-Instruct,16,1,0,80.92406700598076,8,2,False
vllm,shared,Qwen/Qwen2.5-7B-Instruct,16,1,1,79.74188099615276,8,2,False
vllm,shared,Qwen/Qwen2.5-7B-Instruct,16,1,2,79.6690159913851,8,2,False
vllm,shared,Qwen/Qwen2.5-7B-Instruct,16,1,3,80.66737699846271,8,2,False
vllm,shared,Qwen/Qwen2.5-7B-Instruct,16,1,4,81.17946100537665,8,2,False
vllm,shared,Qwen/Qwen2.5-7B-Instruct,16,1,5,80.88822700665332,8,2,False
vllm,shared,Qwen/Qwen2.5-7B-Instruct,16,1,6,80.94672400329728,8,2,False
vllm,shared,Qwen/Qwen2.5-7B-Instruct,16,1,7,80.71566598664504,8,2,False
vllm,shared,Qwen/Qwen2.5-7B-Instruct,16,1,8,86.20654699916486,8,2,False
vllm,shared,Qwen/Qwen2.5-7B-Instruct,16,1,9,82.40150500205345,8,2,False
vllm,shared,Qwen/Qwen2.5-7B-Instruct,16,2,0,81.30639098817483,7,3,False
vllm,shared,Qwen/Qwen2.5-7B-Instruct,16,2,1,80.62411299033556,7,3,False
vllm,shared,Qwen/Qwen2.5-7B-Instruct,16,2,2,79.08379500440788,7,3,False
vllm,shared,Qwen/Qwen2.5-7B-Instruct,16,2,3,79.00435400370043,7,3,False
vllm,shared,Qwen/Qwen2.5-7B-Instruct,16,2,4,79.51421401230618,7,3,False
vllm,shared,Qwen/Qwen2.5-7B-Instruct,16,2,5,82.37499299866613,7,3,False
vllm,shared,Qwen/Qwen2.5-7B-Instruct,16,2,6,82.51697800005786,7,3,False
vllm,shared,Qwen/Qwen2.5-7B-Instruct,16,2,7,86.1250750022009,7,3,False
vllm,shared,Qwen/Qwen2.5-7B-Instruct,16,2,8,80.98149199213367,7,3,False
vllm,shared,Qwen/Qwen2.5-7B-Instruct,16,2,9,81.83501899475232,7,3,False
vllm,shared,Qwen/Qwen2.5-7B-Instruct,16,3,0,80.92993999889586,2,0,False
vllm,shared,Qwen/Qwen2.5-7B-Instruct,16,3,1,81.28571799898054,2,0,False
vllm,shared,Qwen/Qwen2.5-7B-Instruct,16,3,2,85.8523679926293,2,0,False
vllm,shared,Qwen/Qwen2.5-7B-Instruct,16,3,3,81.3994000054663,2,0,False
vllm,shared,Qwen/Qwen2.5-7B-Instruct,16,3,4,81.96076499007177,2,0,False
vllm,shared,Qwen/Qwen2.5-7B-Instruct,16,3,5,82.25627099454869,2,0,False
vllm,shared,Qwen/Qwen2.5-7B-Instruct,16,3,6,82.258174996241,2,0,False
vllm,shared,Qwen/Qwen2.5-7B-Instruct,16,3,7,83.2263130141655,2,0,False
vllm,shared,Qwen/Qwen2.5-7B-Instruct,16,3,8,81.39213600952644,2,0,False
vllm,shared,Qwen/Qwen2.5-7B-Instruct,16,3,9,81.64696898893453,2,0,False
vllm,shared,Qwen/Qwen2.5-7B-Instruct,16,4,0,80.74051400762983,1,3,False
vllm,shared,Qwen/Qwen2.5-7B-Instruct,16,4,1,85.71703899360728,1,3,False
vllm,shared,Qwen/Qwen2.5-7B-Instruct,16,4,2,80.53030299197417,1,3,False
vllm,shared,Qwen/Qwen2.5-7B-Instruct,16,4,3,79.59527100319974,1,3,False
vllm,shared,Qwen/Qwen2.5-7B-Instruct,16,4,4,79.66093500726856,1,3,False
vllm,shared,Qwen/Qwen2.5-7B-Instruct,16,4,5,80.32828599971253,1,3,False
vllm,shared,Qwen/Qwen2.5-7B-Instruct,16,4,6,80.55956699536182,1,3,False
vllm,shared,Qwen/Qwen2.5-7B-Instruct,16,4,7,80.00361100130249,1,3,False
vllm,shared,Qwen/Qwen2.5-7B-Instruct,16,4,8,80.25305299088359,1,3,False
vllm,shared,Qwen/Qwen2.5-7B-Instruct,16,4,9,80.29532499494962,1,3,False
vllm,shared,Qwen/Qwen2.5-7B-Instruct,16,5,0,79.02363299217541,9,1,False
vllm,shared,Qwen/Qwen2.5-7B-Instruct,16,5,1,78.13959399936721,9,1,False
vllm,shared,Qwen/Qwen2.5-7B-Instruct,16,5,2,78.65737398969941,9,1,False
vllm,shared,Qwen/Qwen2.5-7B-Instruct,16,5,3,80.34091000445187,9,1,False
vllm,shared,Qwen/Qwen2.5-7B-Instruct,16,5,4,81.0140680114273,9,1,False
vllm,shared,Qwen/Qwen2.5-7B-Instruct,16,5,5,80.27970900002401,9,1,False
vllm,shared,Qwen/Qwen2.5-7B-Instruct,16,5,6,80.85670600121375,9,1,False
vllm,shared,Qwen/Qwen2.5-7B-Instruct,16,5,7,78.25066598888952,9,1,False
vllm,shared,Qwen/Qwen2.5-7B-Instruct,16,5,8,78.23816999734845,9,1,False
vllm,shared,Qwen/Qwen2.5-7B-Instruct,16,5,9,86.71333600068465,9,1,False
vllm,shared,Qwen/Qwen2.5-7B-Instruct,17,0,0,81.7429550079396,6,3,False
vllm,shared,Qwen/Qwen2.5-7B-Instruct,17,0,1,82.33230399491731,6,3,False
vllm,shared,Qwen/Qwen2.5-7B-Instruct,17,0,2,81.90425200155005,6,3,False
vllm,shared,Qwen/Qwen2.5-7B-Instruct,17,0,3,81.19030900707003,6,3,False
vllm,shared,Qwen/Qwen2.5-7B-Instruct,17,0,4,81.44960799836554,6,3,False
vllm,shared,Qwen/Qwen2.5-7B-Instruct,17,0,5,81.57188100449275,6,3,False
vllm,shared,Qwen/Qwen2.5-7B-Instruct,17,0,6,85.630638001021,6,3,False
vllm,shared,Qwen/Qwen2.5-7B-Instruct,17,0,7,81.82135500828736,6,3,False
vllm,shared,Qwen/Qwen2.5-7B-Instruct,17,0,8,81.39464700070675,6,3,False
vllm,shared,Qwen/Qwen2.5-7B-Instruct,17,0,9,81.77706600690726,6,3,False
vllm,shared,Qwen/Qwen2.5-7B-Instruct,17,1,0,80.74795300490223,5,7,False
vllm,shared,Qwen/Qwen2.5-7B-Instruct,17,1,1,80.65220899879932,5,7,False
vllm,shared,Qwen/Qwen2.5-7B-Instruct,17,1,2,81.00161999755073,5,7,False
vllm,shared,Qwen/Qwen2.5-7B-Instruct,17,1,3,80.46580600785092,5,7,False
vllm,shared,Qwen/Qwen2.5-7B-Instruct,17,1,4,79.82517700293101,5,7,False
vllm,shared,Qwen/Qwen2.5-7B-Instruct,17,1,5,86.94613799161743,5,7,False
vllm,shared,Qwen/Qwen2.5-7B-Instruct,17,1,6,80.87638700089883,5,7,False
vllm,shared,Qwen/Qwen2.5-7B-Instruct,17,1,7,79.23549199767876,5,7,False
vllm,shared,Qwen/Qwen2.5-7B-Instruct,17,1,8,80.52055900043342,5,7,False
vllm,shared,Qwen/Qwen2.5-7B-Instruct,17,1,9,79.57654999336228,5,7,False
vllm,shared,Qwen/Qwen2.5-7B-Instruct,17,2,0,80.85557000595145,6,3,False
vllm,shared,Qwen/Qwen2.5-7B-Instruct,17,2,1,80.74729700456373,6,3,False
vllm,shared,Qwen/Qwen2.5-7B-Instruct,17,2,2,79.07419399998616,6,3,False
vllm,shared,Qwen/Qwen2.5-7B-Instruct,17,2,3,78.8799360016128,6,3,False
vllm,shared,Qwen/Qwen2.5-7B-Instruct,17,2,4,79.17304299189709,6,3,False
vllm,shared,Qwen/Qwen2.5-7B-Instruct,17,2,5,80.47225399059244,6,3,False
vllm,shared,Qwen/Qwen2.5-7B-Instruct,17,2,6,85.80044699192513,6,3,False
vllm,shared,Qwen/Qwen2.5-7B-Instruct,17,2,7,81.77058599540032,6,3,False
vllm,shared,Qwen/Qwen2.5-7B-Instruct,17,2,8,80.3605900000548,6,3,False
vllm,shared,Qwen/Qwen2.5-7B-Instruct,17,2,9,81.15091700165067,6,3,False
vllm,shared,Qwen/Qwen2.5-7B-Instruct,17,3,0,80.33362901187502,4,3,False
vllm,shared,Qwen/Qwen2.5-7B-Instruct,17,3,1,80.39542099868413,4,3,False
vllm,shared,Qwen/Qwen2.5-7B-Instruct,17,3,2,79.52875799674075,4,3,False
vllm,shared,Qwen/Qwen2.5-7B-Instruct,17,3,3,77.67813300597481,4,3,False
vllm,shared,Qwen/Qwen2.5-7B-Instruct,17,3,4,84.80147700174712,4,3,False
vllm,shared,Qwen/Qwen2.5-7B-Instruct,17,3,5,81.01921899651643,4,3,False
vllm,shared,Qwen/Qwen2.5-7B-Instruct,17,3,6,80.92091399885248,4,3,False
vllm,shared,Qwen/Qwen2.5-7B-Instruct,17,3,7,80.31124400440603,4,3,False
vllm,shared,Qwen/Qwen2.5-7B-Instruct,17,3,8,80.67368000047281,4,3,False
vllm,shared,Qwen/Qwen2.5-7B-Instruct,17,3,9,81.03374700294808,4,3,False
vllm,shared,Qwen/Qwen2.5-7B-Instruct,17,4,0,79.19214600406121,4,1,False
vllm,shared,Qwen/Qwen2.5-7B-Instruct,17,4,1,77.44304300285876,4,1,False
vllm,shared,Qwen/Qwen2.5-7B-Instruct,17,4,2,79.81732100597583,4,1,False
vllm,shared,Qwen/Qwen2.5-7B-Instruct,17,4,3,77.63333299953956,4,1,False
vllm,shared,Qwen/Qwen2.5-7B-Instruct,17,4,4,85.68697399459779,4,1,False
vllm,shared,Qwen/Qwen2.5-7B-Instruct,17,4,5,79.23401800508145,4,1,False
vllm,shared,Qwen/Qwen2.5-7B-Instruct,17,4,6,79.5094929926563,4,1,False
vllm,shared,Qwen/Qwen2.5-7B-Instruct,17,4,7,79.50555700517725,4,1,False
vllm,shared,Qwen/Qwen2.5-7B-Instruct,17,4,8,79.40641998720821,4,1,False
vllm,shared,Qwen/Qwen2.5-7B-Instruct,17,4,9,78.84286300395615,4,1,False
vllm,shared,Qwen/Qwen2.5-7B-Instruct,17,5,0,79.79290399816819,9,3,False
vllm,shared,Qwen/Qwen2.5-7B-Instruct,17,5,1,80.08548199723009,9,3,False
vllm,shared,Qwen/Qwen2.5-7B-Instruct,17,5,2,80.03127400297672,9,3,False
vllm,shared,Qwen/Qwen2.5-7B-Instruct,17,5,3,77.54864399612416,9,3,False
vllm,shared,Qwen/Qwen2.5-7B-Instruct,17,5,4,77.69630799884908,9,3,False
vllm,shared,Qwen/Qwen2.5-7B-Instruct,17,5,5,79.2080819956027,9,3,False
vllm,shared,Qwen/Qwen2.5-7B-Instruct,17,5,6,80.22036399052013,9,3,False
vllm,shared,Qwen/Qwen2.5-7B-Instruct,17,5,7,79.53224598895758,9,3,False
vllm,shared,Qwen/Qwen2.5-7B-Instruct,17,5,8,78.44346799538471,9,3,False
vllm,shared,Qwen/Qwen2.5-7B-Instruct,17,5,9,84.34984199993778,9,3,False
vllm,shared,Qwen/Qwen2.5-7B-Instruct,18,0,0,80.38174100511242,3,9,False
vllm,shared,Qwen/Qwen2.5-7B-Instruct,18,0,1,81.03593900159467,3,9,False
vllm,shared,Qwen/Qwen2.5-7B-Instruct,18,0,2,81.47507900139317,3,9,False
vllm,shared,Qwen/Qwen2.5-7B-Instruct,18,0,3,84.65698000509292,3,9,False
vllm,shared,Qwen/Qwen2.5-7B-Instruct,18,0,4,79.79360700119287,3,9,False
vllm,shared,Qwen/Qwen2.5-7B-Instruct,18,0,5,80.46686199668329,3,9,False
vllm,shared,Qwen/Qwen2.5-7B-Instruct,18,0,6,79.82296799309552,3,9,False
vllm,shared,Qwen/Qwen2.5-7B-Instruct,18,0,7,80.26887600135524,3,9,False
vllm,shared,Qwen/Qwen2.5-7B-Instruct,18,0,8,79.05542499793228,3,9,False
vllm,shared,Qwen/Qwen2.5-7B-Instruct,18,0,9,78.79534299718216,3,9,False
vllm,shared,Qwen/Qwen2.5-7B-Instruct,18,1,0,78.64785399578977,5,0,False
vllm,shared,Qwen/Qwen2.5-7B-Instruct,18,1,1,80.05354600027204,5,0,False
vllm,shared,Qwen/Qwen2.5-7B-Instruct,18,1,2,80.28785200440325,5,0,False
vllm,shared,Qwen/Qwen2.5-7B-Instruct,18,1,3,79.9666340026306,5,0,False
vllm,shared,Qwen/Qwen2.5-7B-Instruct,18,1,4,80.40119700308423,5,0,False
vllm,shared,Qwen/Qwen2.5-7B-Instruct,18,1,5,84.74102900072467,5,0,False
vllm,shared,Qwen/Qwen2.5-7B-Instruct,18,1,6,80.34465300443117,5,0,False
vllm,shared,Qwen/Qwen2.5-7B-Instruct,18,1,7,78.94294400466606,5,0,False
vllm,shared,Qwen/Qwen2.5-7B-Instruct,18,1,8,80.40679700206965,5,0,False
vllm,shared,Qwen/Qwen2.5-7B-Instruct,18,1,9,80.35230101086199,5,0,False
vllm,shared,Qwen/Qwen2.5-7B-Instruct,18,2,0,81.15213199926075,6,5,False
vllm,shared,Qwen/Qwen2.5-7B-Instruct,18,2,1,81.76618599100038,6,5,False
vllm,shared,Qwen/Qwen2.5-7B-Instruct,18,2,2,81.67456799128558,6,5,False
vllm,shared,Qwen/Qwen2.5-7B-Instruct,18,2,3,79.57592500315513,6,5,False
vllm,shared,Qwen/Qwen2.5-7B-Instruct,18,2,4,78.82708600664046,6,5,False
vllm,shared,Qwen/Qwen2.5-7B-Instruct,18,2,5,78.75142199918628,6,5,False
vllm,shared,Qwen/Qwen2.5-7B-Instruct,18,2,6,84.66939599020407,6,5,False
vllm,shared,Qwen/Qwen2.5-7B-Instruct,18,2,7,79.81082299374975,6,5,False
vllm,shared,Qwen/Qwen2.5-7B-Instruct,18,2,8,80.3763970034197,6,5,False
vllm,shared,Qwen/Qwen2.5-7B-Instruct,18,2,9,80.28708399797324,6,5,False
vllm,shared,Qwen/Qwen2.5-7B-Instruct,18,3,0,79.94736899854615,2,4,False
vllm,shared,Qwen/Qwen2.5-7B-Instruct,18,3,1,80.20465199660975,2,4,False
vllm,shared,Qwen/Qwen2.5-7B-Instruct,18,3,2,84.9800230062101,2,4,False
vllm,shared,Qwen/Qwen2.5-7B-Instruct,18,3,3,80.41788499394897,2,4,False
vllm,shared,Qwen/Qwen2.5-7B-Instruct,18,3,4,77.75790900632273,2,4,False
vllm,shared,Qwen/Qwen2.5-7B-Instruct,18,3,5,77.83955699414946,2,4,False
vllm,shared,Qwen/Qwen2.5-7B-Instruct,18,3,6,80.28977099456824,2,4,False
vllm,shared,Qwen/Qwen2.5-7B-Instruct,18,3,7,80.17151500098407,2,4,False
vllm,shared,Qwen/Qwen2.5-7B-Instruct,18,3,8,80.2005870064022,2,4,False
vllm,shared,Qwen/Qwen2.5-7B-Instruct,18,3,9,79.07094400434289,2,4,False
vllm,shared,Qwen/Qwen2.5-7B-Instruct,18,4,0,77.3674890078837,1,0,False
vllm,shared,Qwen/Qwen2.5-7B-Instruct,18,4,1,84.6690759935882,1,0,False
vllm,shared,Qwen/Qwen2.5-7B-Instruct,18,4,2,78.37914599804208,1,0,False
vllm,shared,Qwen/Qwen2.5-7B-Instruct,18,4,3,79.18673800304532,1,0,False
vllm,shared,Qwen/Qwen2.5-7B-Instruct,18,4,4,79.63474199641496,1,0,False
vllm,shared,Qwen/Qwen2.5-7B-Instruct,18,4,5,79.79600700491574,1,0,False
vllm,shared,Qwen/Qwen2.5-7B-Instruct,18,4,6,80.16221900470555,1,0,False
vllm,shared,Qwen/Qwen2.5-7B-Instruct,18,4,7,77.78579600562807,1,0,False
vllm,shared,Qwen/Qwen2.5-7B-Instruct,18,4,8,79.34389098954853,1,0,False
vllm,shared,Qwen/Qwen2.5-7B-Instruct,18,4,9,79.8849999991944,1,0,False
vllm,shared,Qwen/Qwen2.5-7B-Instruct,18,5,0,85.46183499856852,0,4,False
vllm,shared,Qwen/Qwen2.5-7B-Instruct,18,5,1,80.21487500809599,0,4,False
vllm,shared,Qwen/Qwen2.5-7B-Instruct,18,5,2,80.42161299090367,0,4,False
vllm,shared,Qwen/Qwen2.5-7B-Instruct,18,5,3,78.65196499915328,0,4,False
vllm,shared,Qwen/Qwen2.5-7B-Instruct,18,5,4,78.11427900742274,0,4,False
vllm,shared,Qwen/Qwen2.5-7B-Instruct,18,5,5,78.16586400440428,0,4,False
vllm,shared,Qwen/Qwen2.5-7B-Instruct,18,5,6,79.83355899341404,0,4,False
vllm,shared,Qwen/Qwen2.5-7B-Instruct,18,5,7,79.71248601097614,0,4,False
vllm,shared,Qwen/Qwen2.5-7B-Instruct,18,5,8,79.67154200014193,0,4,False
vllm,shared,Qwen/Qwen2.5-7B-Instruct,18,5,9,79.5224689936731,0,4,False
vllm,shared,Qwen/Qwen2.5-7B-Instruct,19,0,0,79.45096399635077,1,7,False
vllm,shared,Qwen/Qwen2.5-7B-Instruct,19,0,1,85.2306650049286,1,7,False
vllm,shared,Qwen/Qwen2.5-7B-Instruct,19,0,2,80.63054300146177,1,7,False
vllm,shared,Qwen/Qwen2.5-7B-Instruct,19,0,3,82.06873098970391,1,7,False
vllm,shared,Qwen/Qwen2.5-7B-Instruct,19,0,4,80.51625300140586,1,7,False
vllm,shared,Qwen/Qwen2.5-7B-Instruct,19,0,5,79.9826329894131,1,7,False
vllm,shared,Qwen/Qwen2.5-7B-Instruct,19,0,6,79.5031079906039,1,7,False
vllm,shared,Qwen/Qwen2.5-7B-Instruct,19,0,7,78.35679399431683,1,7,False
vllm,shared,Qwen/Qwen2.5-7B-Instruct,19,0,8,80.76105600048322,1,7,False
vllm,shared,Qwen/Qwen2.5-7B-Instruct,19,0,9,80.81931200285908,1,7,False
vllm,shared,Qwen/Qwen2.5-7B-Instruct,19,1,0,80.0401690066792,9,4,False
vllm,shared,Qwen/Qwen2.5-7B-Instruct,19,1,1,81.08081899990793,9,4,False
vllm,shared,Qwen/Qwen2.5-7B-Instruct,19,1,2,80.54390200413764,9,4,False
vllm,shared,Qwen/Qwen2.5-7B-Instruct,19,1,3,78.9663029863732,9,4,False
vllm,shared,Qwen/Qwen2.5-7B-Instruct,19,1,4,78.95113500126172,9,4,False
vllm,shared,Qwen/Qwen2.5-7B-Instruct,19,1,5,79.12254500843119,9,4,False
vllm,shared,Qwen/Qwen2.5-7B-Instruct,19,1,6,81.02601800055709,9,4,False
vllm,shared,Qwen/Qwen2.5-7B-Instruct,19,1,7,80.42817299428862,9,4,False
vllm,shared,Qwen/Qwen2.5-7B-Instruct,19,1,8,80.62116699875332,9,4,False
vllm,shared,Qwen/Qwen2.5-7B-Instruct,19,1,9,85.10522299911827,9,4,False
vllm,shared,Qwen/Qwen2.5-7B-Instruct,19,2,0,80.94100900052581,1,6,False
vllm,shared,Qwen/Qwen2.5-7B-Instruct,19,2,1,84.58477001113351,1,6,False
vllm,shared,Qwen/Qwen2.5-7B-Instruct,19,2,2,81.8801059940597,1,6,False
vllm,shared,Qwen/Qwen2.5-7B-Instruct,19,2,3,80.71665500756353,1,6,False
vllm,shared,Qwen/Qwen2.5-7B-Instruct,19,2,4,81.29782800097018,1,6,False
vllm,shared,Qwen/Qwen2.5-7B-Instruct,19,2,5,79.39093100139871,1,6,False
vllm,shared,Qwen/Qwen2.5-7B-Instruct,19,2,6,78.84651000495069,1,6,False
vllm,shared,Qwen/Qwen2.5-7B-Instruct,19,2,7,80.36165998782963,1,6,False
vllm,shared,Qwen/Qwen2.5-7B-Instruct,19,2,8,80.71553500485606,1,6,False
vllm,shared,Qwen/Qwen2.5-7B-Instruct,19,2,9,80.24218700302299,1,6,False
vllm,shared,Qwen/Qwen2.5-7B-Instruct,19,3,0,80.4165730078239,5,3,False
vllm,shared,Qwen/Qwen2.5-7B-Instruct,19,3,1,80.29164299659897,5,3,False
vllm,shared,Qwen/Qwen2.5-7B-Instruct,19,3,2,78.83636599581223,5,3,False
vllm,shared,Qwen/Qwen2.5-7B-Instruct,19,3,3,78.75308599614073,5,3,False
vllm,shared,Qwen/Qwen2.5-7B-Instruct,19,3,4,80.67854298860766,5,3,False
vllm,shared,Qwen/Qwen2.5-7B-Instruct,19,3,5,85.8213259925833,5,3,False
vllm,shared,Qwen/Qwen2.5-7B-Instruct,19,3,6,80.47918099327944,5,3,False
vllm,shared,Qwen/Qwen2.5-7B-Instruct,19,3,7,80.78967900655698,5,3,False
vllm,shared,Qwen/Qwen2.5-7B-Instruct,19,3,8,80.6363820011029,5,3,False
vllm,shared,Qwen/Qwen2.5-7B-Instruct,19,3,9,80.408220004756,5,3,False
vllm,shared,Qwen/Qwen2.5-7B-Instruct,19,4,0,79.35249900037888,1,9,False
vllm,shared,Qwen/Qwen2.5-7B-Instruct,19,4,1,84.57995300705079,1,9,False
vllm,shared,Qwen/Qwen2.5-7B-Instruct,19,4,2,79.83555899409112,1,9,False
vllm,shared,Qwen/Qwen2.5-7B-Instruct,19,4,3,78.83619000494946,1,9,False
vllm,shared,Qwen/Qwen2.5-7B-Instruct,19,4,4,78.42449001327623,1,9,False
vllm,shared,Qwen/Qwen2.5-7B-Instruct,19,4,5,79.9231279961532,1,9,False
vllm,shared,Qwen/Qwen2.5-7B-Instruct,19,4,6,80.17524100432638,1,9,False
vllm,shared,Qwen/Qwen2.5-7B-Instruct,19,4,7,80.84782400692347,1,9,False
vllm,shared,Qwen/Qwen2.5-7B-Instruct,19,4,8,77.95275699754711,1,9,False
vllm,shared,Qwen/Qwen2.5-7B-Instruct,19,4,9,77.80478800123092,1,9,False
vllm,shared,Qwen/Qwen2.5-7B-Instruct,19,5,0,77.73529899714049,4,0,False
vllm,shared,Qwen/Qwen2.5-7B-Instruct,19,5,1,79.58681999298278,4,0,False
vllm,shared,Qwen/Qwen2.5-7B-Instruct,19,5,2,80.9830090001924,4,0,False
vllm,shared,Qwen/Qwen2.5-7B-Instruct,19,5,3,78.7942379974993,4,0,False
vllm,shared,Qwen/Qwen2.5-7B-Instruct,19,5,4,85.33808898937423,4,0,False
vllm,shared,Qwen/Qwen2.5-7B-Instruct,19,5,5,79.13676799216773,4,0,False
vllm,shared,Qwen/Qwen2.5-7B-Instruct,19,5,6,78.42600900039542,4,0,False
vllm,shared,Qwen/Qwen2.5-7B-Instruct,19,5,7,79.73970200691838,4,0,False
vllm,shared,Qwen/Qwen2.5-7B-Instruct,19,5,8,79.73762099572923,4,0,False
vllm,shared,Qwen/Qwen2.5-7B-Instruct,19,5,9,80.00885600631591,4,0,False
vllm,shared,Qwen/Qwen2.5-7B-Instruct,20,0,0,79.3656820023898,9,6,False
vllm,shared,Qwen/Qwen2.5-7B-Instruct,20,0,1,79.03241500025615,9,6,False
vllm,shared,Qwen/Qwen2.5-7B-Instruct,20,0,2,80.41172299999744,9,6,False
vllm,shared,Qwen/Qwen2.5-7B-Instruct,20,0,3,80.6512940034736,9,6,False
vllm,shared,Qwen/Qwen2.5-7B-Instruct,20,0,4,80.15380099823233,9,6,False
vllm,shared,Qwen/Qwen2.5-7B-Instruct,20,0,5,80.3582990047289,9,6,False
vllm,shared,Qwen/Qwen2.5-7B-Instruct,20,0,6,78.60172400251031,9,6,False
vllm,shared,Qwen/Qwen2.5-7B-Instruct,20,0,7,79.56731600279454,9,6,False
vllm,shared,Qwen/Qwen2.5-7B-Instruct,20,0,8,80.59223700547591,9,6,False
vllm,shared,Qwen/Qwen2.5-7B-Instruct,20,0,9,84.87307598988991,9,6,False
vllm,shared,Qwen/Qwen2.5-7B-Instruct,20,1,0,79.54320400313009,9,4,False
vllm,shared,Qwen/Qwen2.5-7B-Instruct,20,1,1,81.08376199379563,9,4,False
vllm,shared,Qwen/Qwen2.5-7B-Instruct,20,1,2,80.31748200301081,9,4,False
vllm,shared,Qwen/Qwen2.5-7B-Instruct,20,1,3,80.17576899146661,9,4,False
vllm,shared,Qwen/Qwen2.5-7B-Instruct,20,1,4,78.53162700484972,9,4,False
vllm,shared,Qwen/Qwen2.5-7B-Instruct,20,1,5,78.65077999304049,9,4,False
vllm,shared,Qwen/Qwen2.5-7B-Instruct,20,1,6,78.61660400521941,9,4,False
vllm,shared,Qwen/Qwen2.5-7B-Instruct,20,1,7,80.96030500018969,9,4,False
vllm,shared,Qwen/Qwen2.5-7B-Instruct,20,1,8,80.91179199982435,9,4,False
vllm,shared,Qwen/Qwen2.5-7B-Instruct,20,1,9,85.07531799841672,9,4,False
vllm,shared,Qwen/Qwen2.5-7B-Instruct,20,2,0,80.9393759991508,2,6,False
vllm,shared,Qwen/Qwen2.5-7B-Instruct,20,2,1,80.5431010085158,2,6,False
vllm,shared,Qwen/Qwen2.5-7B-Instruct,20,2,2,84.58069000334945,2,6,False
vllm,shared,Qwen/Qwen2.5-7B-Instruct,20,2,3,80.16281000163872,2,6,False
vllm,shared,Qwen/Qwen2.5-7B-Instruct,20,2,4,78.5448110109428,2,6,False
vllm,shared,Qwen/Qwen2.5-7B-Instruct,20,2,5,78.60053899639752,2,6,False
vllm,shared,Qwen/Qwen2.5-7B-Instruct,20,2,6,77.38390400481876,2,6,False
vllm,shared,Qwen/Qwen2.5-7B-Instruct,20,2,7,80.58782099396922,2,6,False
vllm,shared,Qwen/Qwen2.5-7B-Instruct,20,2,8,80.50844399258494,2,6,False
vllm,shared,Qwen/Qwen2.5-7B-Instruct,20,2,9,79.90658198832534,2,6,False
vllm,shared,Qwen/Qwen2.5-7B-Instruct,20,3,0,78.92079799785279,3,0,False
vllm,shared,Qwen/Qwen2.5-7B-Instruct,20,3,1,79.13790400198195,3,0,False
vllm,shared,Qwen/Qwen2.5-7B-Instruct,20,3,2,79.96176699816715,3,0,False
vllm,shared,Qwen/Qwen2.5-7B-Instruct,20,3,3,84.46238399483263,3,0,False
vllm,shared,Qwen/Qwen2.5-7B-Instruct,20,3,4,80.28556199860759,3,0,False
vllm,shared,Qwen/Qwen2.5-7B-Instruct,20,3,5,80.21431299857795,3,0,False
vllm,shared,Qwen/Qwen2.5-7B-Instruct,20,3,6,81.03972900426015,3,0,False
vllm,shared,Qwen/Qwen2.5-7B-Instruct,20,3,7,80.88574399880599,3,0,False
vllm,shared,Qwen/Qwen2.5-7B-Instruct,20,3,8,79.53358699160162,3,0,False
vllm,shared,Qwen/Qwen2.5-7B-Instruct,20,3,9,79.61562099808361,3,0,False
vllm,shared,Qwen/Qwen2.5-7B-Instruct,20,4,0,78.04616600333247,5,4,False
vllm,shared,Qwen/Qwen2.5-7B-Instruct,20,4,1,80.29497099050786,5,4,False
vllm,shared,Qwen/Qwen2.5-7B-Instruct,20,4,2,79.71598900621757,5,4,False
vllm,shared,Qwen/Qwen2.5-7B-Instruct,20,4,3,79.23067201045342,5,4,False
vllm,shared,Qwen/Qwen2.5-7B-Instruct,20,4,4,77.59054499911144,5,4,False
vllm,shared,Qwen/Qwen2.5-7B-Instruct,20,4,5,84.63811399997212,5,4,False
vllm,shared,Qwen/Qwen2.5-7B-Instruct,20,4,6,79.01129499077797,5,4,False
vllm,shared,Qwen/Qwen2.5-7B-Instruct,20,4,7,77.64165000116918,5,4,False
vllm,shared,Qwen/Qwen2.5-7B-Instruct,20,4,8,79.86968600016553,5,4,False
vllm,shared,Qwen/Qwen2.5-7B-Instruct,20,4,9,79.25979199353606,5,4,False
vllm,shared,Qwen/Qwen2.5-7B-Instruct,20,5,0,77.46209600009024,9,0,False
vllm,shared,Qwen/Qwen2.5-7B-Instruct,20,5,1,77.70195399643853,9,0,False
vllm,shared,Qwen/Qwen2.5-7B-Instruct,20,5,2,79.09199899586383,9,0,False
vllm,shared,Qwen/Qwen2.5-7B-Instruct,20,5,3,79.31104199087713,9,0,False
vllm,shared,Qwen/Qwen2.5-7B-Instruct,20,5,4,80.13053699687589,9,0,False
vllm,shared,Qwen/Qwen2.5-7B-Instruct,20,5,5,80.39215501048602,9,0,False
vllm,shared,Qwen/Qwen2.5-7B-Instruct,20,5,6,77.88638799684122,9,0,False
vllm,shared,Qwen/Qwen2.5-7B-Instruct,20,5,7,77.8851890063379,9,0,False
vllm,shared,Qwen/Qwen2.5-7B-Instruct,20,5,8,79.50758699735161,9,0,False
vllm,shared,Qwen/Qwen2.5-7B-Instruct,20,5,9,85.3531120083062,9,0,False
vllm,shared,Qwen/Qwen2.5-7B-Instruct,21,0,0,79.79002100182697,4,2,False
vllm,shared,Qwen/Qwen2.5-7B-Instruct,21,0,1,79.00460601376835,4,2,False
vllm,shared,Qwen/Qwen2.5-7B-Instruct,21,0,2,78.99691000056919,4,2,False
vllm,shared,Qwen/Qwen2.5-7B-Instruct,21,0,3,79.58202000008896,4,2,False
vllm,shared,Qwen/Qwen2.5-7B-Instruct,21,0,4,85.69029899081215,4,2,False
vllm,shared,Qwen/Qwen2.5-7B-Instruct,21,0,5,80.87515099032316,4,2,False
vllm,shared,Qwen/Qwen2.5-7B-Instruct,21,0,6,81.31078700535,4,2,False
vllm,shared,Qwen/Qwen2.5-7B-Instruct,21,0,7,80.66028599569108,4,2,False
vllm,shared,Qwen/Qwen2.5-7B-Instruct,21,0,8,79.94165499985684,4,2,False
vllm,shared,Qwen/Qwen2.5-7B-Instruct,21,0,9,81.03968099749181,4,2,False
vllm,shared,Qwen/Qwen2.5-7B-Instruct,21,1,0,81.15952200023457,5,1,False
vllm,shared,Qwen/Qwen2.5-7B-Instruct,21,1,1,79.29032099491451,5,1,False
vllm,shared,Qwen/Qwen2.5-7B-Instruct,21,1,2,79.85714200185612,5,1,False
vllm,shared,Qwen/Qwen2.5-7B-Instruct,21,1,3,79.44236999901477,5,1,False
vllm,shared,Qwen/Qwen2.5-7B-Instruct,21,1,4,80.44525900913868,5,1,False
vllm,shared,Qwen/Qwen2.5-7B-Instruct,21,1,5,84.93176399497315,5,1,False
vllm,shared,Qwen/Qwen2.5-7B-Instruct,21,1,6,79.73400500486605,5,1,False
vllm,shared,Qwen/Qwen2.5-7B-Instruct,21,1,7,80.19930400769226,5,1,False
vllm,shared,Qwen/Qwen2.5-7B-Instruct,21,1,8,81.01486400119029,5,1,False
vllm,shared,Qwen/Qwen2.5-7B-Instruct,21,1,9,80.225880999933,5,1,False
vllm,shared,Qwen/Qwen2.5-7B-Instruct,21,2,0,78.6012419994222,5,1,False
vllm,shared,Qwen/Qwen2.5-7B-Instruct,21,2,1,78.49511300446466,5,1,False
vllm,shared,Qwen/Qwen2.5-7B-Instruct,21,2,2,80.17381699755788,5,1,False
vllm,shared,Qwen/Qwen2.5-7B-Instruct,21,2,3,79.99677500629332,5,1,False
vllm,shared,Qwen/Qwen2.5-7B-Instruct,21,2,4,80.31629800098017,5,1,False
vllm,shared,Qwen/Qwen2.5-7B-Instruct,21,2,5,85.92297199356835,5,1,False
vllm,shared,Qwen/Qwen2.5-7B-Instruct,21,2,6,80.73278098891024,5,1,False
vllm,shared,Qwen/Qwen2.5-7B-Instruct,21,2,7,79.7031879919814,5,1,False
vllm,shared,Qwen/Qwen2.5-7B-Instruct,21,2,8,78.90622100967448,5,1,False
vllm,shared,Qwen/Qwen2.5-7B-Instruct,21,2,9,78.62468299572356,5,1,False
vllm,shared,Qwen/Qwen2.5-7B-Instruct,21,3,0,78.78836400050204,9,0,False
vllm,shared,Qwen/Qwen2.5-7B-Instruct,21,3,1,80.90185499168001,9,0,False
vllm,shared,Qwen/Qwen2.5-7B-Instruct,21,3,2,80.26653798879124,9,0,False
vllm,shared,Qwen/Qwen2.5-7B-Instruct,21,3,3,79.68939600687008,9,0,False
vllm,shared,Qwen/Qwen2.5-7B-Instruct,21,3,4,78.90444500662852,9,0,False
vllm,shared,Qwen/Qwen2.5-7B-Instruct,21,3,5,79.43672199326102,9,0,False
vllm,shared,Qwen/Qwen2.5-7B-Instruct,21,3,6,80.93803100928199,9,0,False
vllm,shared,Qwen/Qwen2.5-7B-Instruct,21,3,7,81.14548999583349,9,0,False
vllm,shared,Qwen/Qwen2.5-7B-Instruct,21,3,8,81.07596798799932,9,0,False
vllm,shared,Qwen/Qwen2.5-7B-Instruct,21,3,9,84.90241899562534,9,0,False
vllm,shared,Qwen/Qwen2.5-7B-Instruct,21,4,0,80.67570898856502,8,4,False
vllm,shared,Qwen/Qwen2.5-7B-Instruct,21,4,1,79.32118499593344,8,4,False
vllm,shared,Qwen/Qwen2.5-7B-Instruct,21,4,2,79.32814500236418,8,4,False
vllm,shared,Qwen/Qwen2.5-7B-Instruct,21,4,3,78.09085299959406,8,4,False
vllm,shared,Qwen/Qwen2.5-7B-Instruct,21,4,4,77.81443500425667,8,4,False
vllm,shared,Qwen/Qwen2.5-7B-Instruct,21,4,5,79.26844799658284,8,4,False
vllm,shared,Qwen/Qwen2.5-7B-Instruct,21,4,6,79.51957000477705,8,4,False
vllm,shared,Qwen/Qwen2.5-7B-Instruct,21,4,7,79.6626590017695,8,4,False
vllm,shared,Qwen/Qwen2.5-7B-Instruct,21,4,8,84.49801600363571,8,4,False
vllm,shared,Qwen/Qwen2.5-7B-Instruct,21,4,9,80.04229499783833,8,4,False
vllm,shared,Qwen/Qwen2.5-7B-Instruct,21,5,0,78.47520901123062,2,1,False
vllm,shared,Qwen/Qwen2.5-7B-Instruct,21,5,1,78.13419800368138,2,1,False
vllm,shared,Qwen/Qwen2.5-7B-Instruct,21,5,2,84.79200200235937,2,1,False
vllm,shared,Qwen/Qwen2.5-7B-Instruct,21,5,3,80.16477600904182,2,1,False
vllm,shared,Qwen/Qwen2.5-7B-Instruct,21,5,4,79.44043300813064,2,1,False
vllm,shared,Qwen/Qwen2.5-7B-Instruct,21,5,5,79.72059599705972,2,1,False
vllm,shared,Qwen/Qwen2.5-7B-Instruct,21,5,6,79.06945499416906,2,1,False
vllm,shared,Qwen/Qwen2.5-7B-Instruct,21,5,7,78.26685499458108,2,1,False
vllm,shared,Qwen/Qwen2.5-7B-Instruct,21,5,8,79.3681279901648,2,1,False
vllm,shared,Qwen/Qwen2.5-7B-Instruct,21,5,9,79.02236600057222,2,1,False
vllm,shared,Qwen/Qwen2.5-7B-Instruct,22,0,0,80.7294370024465,7,3,False
vllm,shared,Qwen/Qwen2.5-7B-Instruct,22,0,1,80.2736250043381,7,3,False
vllm,shared,Qwen/Qwen2.5-7B-Instruct,22,0,2,79.42912098951638,7,3,False
vllm,shared,Qwen/Qwen2.5-7B-Instruct,22,0,3,79.14068600803148,7,3,False
vllm,shared,Qwen/Qwen2.5-7B-Instruct,22,0,4,81.1889769975096,7,3,False
vllm,shared,Qwen/Qwen2.5-7B-Instruct,22,0,5,82.25509899784811,7,3,False
vllm,shared,Qwen/Qwen2.5-7B-Instruct,22,0,6,81.88683899061289,7,3,False
vllm,shared,Qwen/Qwen2.5-7B-Instruct,22,0,7,86.34439999877941,7,3,False
vllm,shared,Qwen/Qwen2.5-7B-Instruct,22,0,8,80.64529199327808,7,3,False
vllm,shared,Qwen/Qwen2.5-7B-Instruct,22,0,9,80.41829799185507,7,3,False
vllm,shared,Qwen/Qwen2.5-7B-Instruct,22,1,0,79.98602199950255,6,2,False
vllm,shared,Qwen/Qwen2.5-7B-Instruct,22,1,1,79.03068501036614,6,2,False
vllm,shared,Qwen/Qwen2.5-7B-Instruct,22,1,2,78.67631400586106,6,2,False
vllm,shared,Qwen/Qwen2.5-7B-Instruct,22,1,3,79.78013200045098,6,2,False
vllm,shared,Qwen/Qwen2.5-7B-Instruct,22,1,4,80.3036409924971,6,2,False
vllm,shared,Qwen/Qwen2.5-7B-Instruct,22,1,5,80.48945099289995,6,2,False
vllm,shared,Qwen/Qwen2.5-7B-Instruct,22,1,6,84.87520201015286,6,2,False
vllm,shared,Qwen/Qwen2.5-7B-Instruct,22,1,7,80.63778800715227,6,2,False
vllm,shared,Qwen/Qwen2.5-7B-Instruct,22,1,8,81.27408199652564,6,2,False
vllm,shared,Qwen/Qwen2.5-7B-Instruct,22,1,9,80.81718199537136,6,2,False
vllm,shared,Qwen/Qwen2.5-7B-Instruct,22,2,0,79.75467600044794,6,2,False
vllm,shared,Qwen/Qwen2.5-7B-Instruct,22,2,1,78.96762900054455,6,2,False
vllm,shared,Qwen/Qwen2.5-7B-Instruct,22,2,2,78.53821699973196,6,2,False
vllm,shared,Qwen/Qwen2.5-7B-Instruct,22,2,3,79.81776399537921,6,2,False
vllm,shared,Qwen/Qwen2.5-7B-Instruct,22,2,4,80.35052099148743,6,2,False
vllm,shared,Qwen/Qwen2.5-7B-Instruct,22,2,5,81.14795299479738,6,2,False
vllm,shared,Qwen/Qwen2.5-7B-Instruct,22,2,6,85.8915159915341,6,2,False
vllm,shared,Qwen/Qwen2.5-7B-Instruct,22,2,7,80.49700300034601,6,2,False
vllm,shared,Qwen/Qwen2.5-7B-Instruct,22,2,8,81.47742699657101,6,2,False
vllm,shared,Qwen/Qwen2.5-7B-Instruct,22,2,9,80.44695400167257,6,2,False
vllm,shared,Qwen/Qwen2.5-7B-Instruct,22,3,0,85.93873199424706,0,3,False
vllm,shared,Qwen/Qwen2.5-7B-Instruct,22,3,1,80.371546006063,0,3,False
vllm,shared,Qwen/Qwen2.5-7B-Instruct,22,3,2,81.36187499621883,0,3,False
vllm,shared,Qwen/Qwen2.5-7B-Instruct,22,3,3,78.53447299567051,0,3,False
vllm,shared,Qwen/Qwen2.5-7B-Instruct,22,3,4,80.29360900400206,0,3,False
vllm,shared,Qwen/Qwen2.5-7B-Instruct,22,3,5,81.04814399848692,0,3,False
vllm,shared,Qwen/Qwen2.5-7B-Instruct,22,3,6,80.278344990802,0,3,False
vllm,shared,Qwen/Qwen2.5-7B-Instruct,22,3,7,80.8467169990763,0,3,False
vllm,shared,Qwen/Qwen2.5-7B-Instruct,22,3,8,82.18215400120243,0,3,False
vllm,shared,Qwen/Qwen2.5-7B-Instruct,22,3,9,80.46087399998214,0,3,False
vllm,shared,Qwen/Qwen2.5-7B-Instruct,22,4,0,80.96508700691629,2,8,False
vllm,shared,Qwen/Qwen2.5-7B-Instruct,22,4,1,79.55318599124439,2,8,False
vllm,shared,Qwen/Qwen2.5-7B-Instruct,22,4,2,84.66931199654937,2,8,False
vllm,shared,Qwen/Qwen2.5-7B-Instruct,22,4,3,78.75037800113205,2,8,False
vllm,shared,Qwen/Qwen2.5-7B-Instruct,22,4,4,78.48128800105769,2,8,False
vllm,shared,Qwen/Qwen2.5-7B-Instruct,22,4,5,79.43539301049896,2,8,False
vllm,shared,Qwen/Qwen2.5-7B-Instruct,22,4,6,79.32068800437264,2,8,False
vllm,shared,Qwen/Qwen2.5-7B-Instruct,22,4,7,77.78244900691789,2,8,False
vllm,shared,Qwen/Qwen2.5-7B-Instruct,22,4,8,77.67862500622869,2,8,False
vllm,shared,Qwen/Qwen2.5-7B-Instruct,22,4,9,77.78350599983241,2,8,False
vllm,shared,Qwen/Qwen2.5-7B-Instruct,22,5,0,79.46628901117947,8,3,False
vllm,shared,Qwen/Qwen2.5-7B-Instruct,22,5,1,78.97350100392941,8,3,False
vllm,shared,Qwen/Qwen2.5-7B-Instruct,22,5,2,78.18722199590411,8,3,False
vllm,shared,Qwen/Qwen2.5-7B-Instruct,22,5,3,77.43883100920357,8,3,False
vllm,shared,Qwen/Qwen2.5-7B-Instruct,22,5,4,79.24951899622101,8,3,False
vllm,shared,Qwen/Qwen2.5-7B-Instruct,22,5,5,79.22235000296496,8,3,False
vllm,shared,Qwen/Qwen2.5-7B-Instruct,22,5,6,79.24811099655926,8,3,False
vllm,shared,Qwen/Qwen2.5-7B-Instruct,22,5,7,78.43507900543045,8,3,False
vllm,shared,Qwen/Qwen2.5-7B-Instruct,22,5,8,85.66004100430291,8,3,False
vllm,shared,Qwen/Qwen2.5-7B-Instruct,22,5,9,80.3930969996145,8,3,False
vllm,shared,Qwen/Qwen2.5-7B-Instruct,23,0,0,81.4624349877704,2,7,False
vllm,shared,Qwen/Qwen2.5-7B-Instruct,23,0,1,80.51988198712934,2,7,False
vllm,shared,Qwen/Qwen2.5-7B-Instruct,23,0,2,85.49250299984124,2,7,False
vllm,shared,Qwen/Qwen2.5-7B-Instruct,23,0,3,80.58873099798802,2,7,False
vllm,shared,Qwen/Qwen2.5-7B-Instruct,23,0,4,80.43212100164965,2,7,False
vllm,shared,Qwen/Qwen2.5-7B-Instruct,23,0,5,80.3979609918315,2,7,False
vllm,shared,Qwen/Qwen2.5-7B-Instruct,23,0,6,79.8336200095946,2,7,False
vllm,shared,Qwen/Qwen2.5-7B-Instruct,23,0,7,78.98369200120214,2,7,False
vllm,shared,Qwen/Qwen2.5-7B-Instruct,23,0,8,80.00306200119667,2,7,False
vllm,shared,Qwen/Qwen2.5-7B-Instruct,23,0,9,80.83729400823358,2,7,False
vllm,shared,Qwen/Qwen2.5-7B-Instruct,23,1,0,80.8947339974111,3,9,False
vllm,shared,Qwen/Qwen2.5-7B-Instruct,23,1,1,80.97183800418861,3,9,False
vllm,shared,Qwen/Qwen2.5-7B-Instruct,23,1,2,81.62171600270085,3,9,False
vllm,shared,Qwen/Qwen2.5-7B-Instruct,23,1,3,85.20549300010316,3,9,False
vllm,shared,Qwen/Qwen2.5-7B-Instruct,23,1,4,81.68208399729338,3,9,False
vllm,shared,Qwen/Qwen2.5-7B-Instruct,23,1,5,81.20535999478307,3,9,False
vllm,shared,Qwen/Qwen2.5-7B-Instruct,23,1,6,80.93878198997118,3,9,False
vllm,shared,Qwen/Qwen2.5-7B-Instruct,23,1,7,80.51493798848242,3,9,False
vllm,shared,Qwen/Qwen2.5-7B-Instruct,23,1,8,81.55286799592432,3,9,False
vllm,shared,Qwen/Qwen2.5-7B-Instruct,23,1,9,78.90441200288478,3,9,False
vllm,shared,Qwen/Qwen2.5-7B-Instruct,23,2,0,79.08761300495826,8,0,False
vllm,shared,Qwen/Qwen2.5-7B-Instruct,23,2,1,81.18216000730172,8,0,False
vllm,shared,Qwen/Qwen2.5-7B-Instruct,23,2,2,80.78030099568423,8,0,False
vllm,shared,Qwen/Qwen2.5-7B-Instruct,23,2,3,81.00855800148565,8,0,False
vllm,shared,Qwen/Qwen2.5-7B-Instruct,23,2,4,80.87231699028052,8,0,False
vllm,shared,Qwen/Qwen2.5-7B-Instruct,23,2,5,80.74761299940292,8,0,False
vllm,shared,Qwen/Qwen2.5-7B-Instruct,23,2,6,79.40692799456883,8,0,False
vllm,shared,Qwen/Qwen2.5-7B-Instruct,23,2,7,80.22714300022926,8,0,False
vllm,shared,Qwen/Qwen2.5-7B-Instruct,23,2,8,85.51882300525904,8,0,False
vllm,shared,Qwen/Qwen2.5-7B-Instruct,23,2,9,80.36762500705663,8,0,False
vllm,shared,Qwen/Qwen2.5-7B-Instruct,23,3,0,78.85196300048847,3,0,False
vllm,shared,Qwen/Qwen2.5-7B-Instruct,23,3,1,80.39986500807572,3,0,False
vllm,shared,Qwen/Qwen2.5-7B-Instruct,23,3,2,81.08875098696444,3,0,False
vllm,shared,Qwen/Qwen2.5-7B-Instruct,23,3,3,86.55203301168513,3,0,False
vllm,shared,Qwen/Qwen2.5-7B-Instruct,23,3,4,80.87006099231075,3,0,False
vllm,shared,Qwen/Qwen2.5-7B-Instruct,23,3,5,80.68617100070696,3,0,False
vllm,shared,Qwen/Qwen2.5-7B-Instruct,23,3,6,80.8238689933205,3,0,False
vllm,shared,Qwen/Qwen2.5-7B-Instruct,23,3,7,80.90700600587297,3,0,False
vllm,shared,Qwen/Qwen2.5-7B-Instruct,23,3,8,81.23150499886833,3,0,False
vllm,shared,Qwen/Qwen2.5-7B-Instruct,23,3,9,80.51164200878702,3,0,False
vllm,shared,Qwen/Qwen2.5-7B-Instruct,23,4,0,79.39555100165308,3,9,False
vllm,shared,Qwen/Qwen2.5-7B-Instruct,23,4,1,80.61055399593897,3,9,False
vllm,shared,Qwen/Qwen2.5-7B-Instruct,23,4,2,80.57977000134997,3,9,False
vllm,shared,Qwen/Qwen2.5-7B-Instruct,23,4,3,85.88922600029036,3,9,False
vllm,shared,Qwen/Qwen2.5-7B-Instruct,23,4,4,79.83009998861235,3,9,False
vllm,shared,Qwen/Qwen2.5-7B-Instruct,23,4,5,80.33511199755594,3,9,False
vllm,shared,Qwen/Qwen2.5-7B-Instruct,23,4,6,79.66054600547068,3,9,False
vllm,shared,Qwen/Qwen2.5-7B-Instruct,23,4,7,79.75219500076491,3,9,False
vllm,shared,Qwen/Qwen2.5-7B-Instruct,23,4,8,78.16901200567372,3,9,False
vllm,shared,Qwen/Qwen2.5-7B-Instruct,23,4,9,77.5642710068496,3,9,False
vllm,shared,Qwen/Qwen2.5-7B-Instruct,23,5,0,78.93447601236403,9,8,False
vllm,shared,Qwen/Qwen2.5-7B-Instruct,23,5,1,80.23101500293706,9,8,False
vllm,shared,Qwen/Qwen2.5-7B-Instruct,23,5,2,80.66554699325934,9,8,False
vllm,shared,Qwen/Qwen2.5-7B-Instruct,23,5,3,78.5087269905489,9,8,False
vllm,shared,Qwen/Qwen2.5-7B-Instruct,23,5,4,78.25946099183057,9,8,False
vllm,shared,Qwen/Qwen2.5-7B-Instruct,23,5,5,79.86496400553733,9,8,False
vllm,shared,Qwen/Qwen2.5-7B-Instruct,23,5,6,79.98082099948078,9,8,False
vllm,shared,Qwen/Qwen2.5-7B-Instruct,23,5,7,79.78817900584545,9,8,False
vllm,shared,Qwen/Qwen2.5-7B-Instruct,23,5,8,78.14550799957942,9,8,False
vllm,shared,Qwen/Qwen2.5-7B-Instruct,23,5,9,84.97486601117998,9,8,False
vllm,shared,Qwen/Qwen2.5-7B-Instruct,24,0,0,80.22906299447641,7,1,False
vllm,shared,Qwen/Qwen2.5-7B-Instruct,24,0,1,79.51009699900169,7,1,False
vllm,shared,Qwen/Qwen2.5-7B-Instruct,24,0,2,80.45828100875951,7,1,False
vllm,shared,Qwen/Qwen2.5-7B-Instruct,24,0,3,81.69554099731613,7,1,False
vllm,shared,Qwen/Qwen2.5-7B-Instruct,24,0,4,80.63305099494755,7,1,False
vllm,shared,Qwen/Qwen2.5-7B-Instruct,24,0,5,81.2316160008777,7,1,False
vllm,shared,Qwen/Qwen2.5-7B-Instruct,24,0,6,80.46732099319343,7,1,False
vllm,shared,Qwen/Qwen2.5-7B-Instruct,24,0,7,85.04029001051094,7,1,False
vllm,shared,Qwen/Qwen2.5-7B-Instruct,24,0,8,80.54170600371435,7,1,False
vllm,shared,Qwen/Qwen2.5-7B-Instruct,24,0,9,79.97893300489523,7,1,False
vllm,shared,Qwen/Qwen2.5-7B-Instruct,24,1,0,79.40382399829105,2,8,False
vllm,shared,Qwen/Qwen2.5-7B-Instruct,24,1,1,79.60789000208024,2,8,False
vllm,shared,Qwen/Qwen2.5-7B-Instruct,24,1,2,85.34475798660424,2,8,False
vllm,shared,Qwen/Qwen2.5-7B-Instruct,24,1,3,80.62023400270846,2,8,False
vllm,shared,Qwen/Qwen2.5-7B-Instruct,24,1,4,80.42815299995709,2,8,False
vllm,shared,Qwen/Qwen2.5-7B-Instruct,24,1,5,80.84311599668581,2,8,False
vllm,shared,Qwen/Qwen2.5-7B-Instruct,24,1,6,80.46773700334597,2,8,False
vllm,shared,Qwen/Qwen2.5-7B-Instruct,24,1,7,80.43576798809227,2,8,False
vllm,shared,Qwen/Qwen2.5-7B-Instruct,24,1,8,78.71796100516804,2,8,False
vllm,shared,Qwen/Qwen2.5-7B-Instruct,24,1,9,78.87721099541523,2,8,False
vllm,shared,Qwen/Qwen2.5-7B-Instruct,24,2,0,79.15070099988952,2,7,False
vllm,shared,Qwen/Qwen2.5-7B-Instruct,24,2,1,80.37776799756102,2,7,False
vllm,shared,Qwen/Qwen2.5-7B-Instruct,24,2,2,86.02754698949866,2,7,False
vllm,shared,Qwen/Qwen2.5-7B-Instruct,24,2,3,80.40763999451883,2,7,False
vllm,shared,Qwen/Qwen2.5-7B-Instruct,24,2,4,80.22091900056694,2,7,False
vllm,shared,Qwen/Qwen2.5-7B-Instruct,24,2,5,80.57620200270321,2,7,False
vllm,shared,Qwen/Qwen2.5-7B-Instruct,24,2,6,80.43319299758878,2,7,False
vllm,shared,Qwen/Qwen2.5-7B-Instruct,24,2,7,78.90476299508009,2,7,False
vllm,shared,Qwen/Qwen2.5-7B-Instruct,24,2,8,79.60995299799833,2,7,False
vllm,shared,Qwen/Qwen2.5-7B-Instruct,24,2,9,80.38032799959183,2,7,False
vllm,shared,Qwen/Qwen2.5-7B-Instruct,24,3,0,80.1642619917402,5,9,False
vllm,shared,Qwen/Qwen2.5-7B-Instruct,24,3,1,80.95078098995145,5,9,False
vllm,shared,Qwen/Qwen2.5-7B-Instruct,24,3,2,81.62915499997325,5,9,False
vllm,shared,Qwen/Qwen2.5-7B-Instruct,24,3,3,81.02572499774396,5,9,False
vllm,shared,Qwen/Qwen2.5-7B-Instruct,24,3,4,81.26409600663465,5,9,False
vllm,shared,Qwen/Qwen2.5-7B-Instruct,24,3,5,85.60400799615309,5,9,False
vllm,shared,Qwen/Qwen2.5-7B-Instruct,24,3,6,80.77479599160142,5,9,False
vllm,shared,Qwen/Qwen2.5-7B-Instruct,24,3,7,80.40447199891787,5,9,False
vllm,shared,Qwen/Qwen2.5-7B-Instruct,24,3,8,81.00315000046976,5,9,False
vllm,shared,Qwen/Qwen2.5-7B-Instruct,24,3,9,79.71384200209286,5,9,False
vllm,shared,Qwen/Qwen2.5-7B-Instruct,24,4,0,80.543496995233,6,5,False
vllm,shared,Qwen/Qwen2.5-7B-Instruct,24,4,1,80.5382179969456,6,5,False
vllm,shared,Qwen/Qwen2.5-7B-Instruct,24,4,2,80.53173699590843,6,5,False
vllm,shared,Qwen/Qwen2.5-7B-Instruct,24,4,3,80.4712890094379,6,5,False
vllm,shared,Qwen/Qwen2.5-7B-Instruct,24,4,4,79.93865999742411,6,5,False
vllm,shared,Qwen/Qwen2.5-7B-Instruct,24,4,5,78.30325300164986,6,5,False
vllm,shared,Qwen/Qwen2.5-7B-Instruct,24,4,6,86.01879500201903,6,5,False
vllm,shared,Qwen/Qwen2.5-7B-Instruct,24,4,7,79.15802899515256,6,5,False
vllm,shared,Qwen/Qwen2.5-7B-Instruct,24,4,8,78.5263110010419,6,5,False
vllm,shared,Qwen/Qwen2.5-7B-Instruct,24,4,9,79.97574900218751,6,5,False
vllm,shared,Qwen/Qwen2.5-7B-Instruct,24,5,0,79.92233999539167,2,5,False
vllm,shared,Qwen/Qwen2.5-7B-Instruct,24,5,1,79.29371000500396,2,5,False
vllm,shared,Qwen/Qwen2.5-7B-Instruct,24,5,2,84.63980599481147,2,5,False
vllm,shared,Qwen/Qwen2.5-7B-Instruct,24,5,3,79.06351500423625,2,5,False
vllm,shared,Qwen/Qwen2.5-7B-Instruct,24,5,4,77.75358400249388,2,5,False
vllm,shared,Qwen/Qwen2.5-7B-Instruct,24,5,5,77.67961599165574,2,5,False
vllm,shared,Qwen/Qwen2.5-7B-Instruct,24,5,6,79.54263999999966,2,5,False
vllm,shared,Qwen/Qwen2.5-7B-Instruct,24,5,7,79.27081300294958,2,5,False
vllm,shared,Qwen/Qwen2.5-7B-Instruct,24,5,8,78.55040699359961,2,5,False
vllm,shared,Qwen/Qwen2.5-7B-Instruct,24,5,9,78.52600699698087,2,5,False
vllm,shared,Qwen/Qwen2.5-7B-Instruct,25,0,0,81.24097500694916,1,7,False
vllm,shared,Qwen/Qwen2.5-7B-Instruct,25,0,1,85.78312800091226,1,7,False
vllm,shared,Qwen/Qwen2.5-7B-Instruct,25,0,2,80.246437995811,1,7,False
vllm,shared,Qwen/Qwen2.5-7B-Instruct,25,0,3,80.89646000007633,1,7,False
vllm,shared,Qwen/Qwen2.5-7B-Instruct,25,0,4,81.55301000806503,1,7,False
vllm,shared,Qwen/Qwen2.5-7B-Instruct,25,0,5,80.61746500607114,1,7,False
vllm,shared,Qwen/Qwen2.5-7B-Instruct,25,0,6,80.79034699767362,1,7,False
vllm,shared,Qwen/Qwen2.5-7B-Instruct,25,0,7,78.67594399431255,1,7,False
vllm,shared,Qwen/Qwen2.5-7B-Instruct,25,0,8,79.74752099835314,1,7,False
vllm,shared,Qwen/Qwen2.5-7B-Instruct,25,0,9,79.00271499238443,1,7,False
vllm,shared,Qwen/Qwen2.5-7B-Instruct,25,1,0,81.89923698955681,7,9,False
vllm,shared,Qwen/Qwen2.5-7B-Instruct,25,1,1,81.10958199540619,7,9,False
vllm,shared,Qwen/Qwen2.5-7B-Instruct,25,1,2,80.68879399797879,7,9,False
vllm,shared,Qwen/Qwen2.5-7B-Instruct,25,1,3,80.78538700647186,7,9,False
vllm,shared,Qwen/Qwen2.5-7B-Instruct,25,1,4,80.37975200568326,7,9,False
vllm,shared,Qwen/Qwen2.5-7B-Instruct,25,1,5,81.3462889927905,7,9,False
vllm,shared,Qwen/Qwen2.5-7B-Instruct,25,1,6,82.38562601036392,7,9,False
vllm,shared,Qwen/Qwen2.5-7B-Instruct,25,1,7,85.45611800218467,7,9,False
vllm,shared,Qwen/Qwen2.5-7B-Instruct,25,1,8,80.17933399241883,7,9,False
vllm,shared,Qwen/Qwen2.5-7B-Instruct,25,1,9,79.38727899454534,7,9,False
vllm,shared,Qwen/Qwen2.5-7B-Instruct,25,2,0,79.32868599891663,4,0,False
vllm,shared,Qwen/Qwen2.5-7B-Instruct,25,2,1,80.79114700376522,4,0,False
vllm,shared,Qwen/Qwen2.5-7B-Instruct,25,2,2,82.55578701209743,4,0,False
vllm,shared,Qwen/Qwen2.5-7B-Instruct,25,2,3,83.19006499368697,4,0,False
vllm,shared,Qwen/Qwen2.5-7B-Instruct,25,2,4,86.13125901320018,4,0,False
vllm,shared,Qwen/Qwen2.5-7B-Instruct,25,2,5,80.45840800332371,4,0,False
vllm,shared,Qwen/Qwen2.5-7B-Instruct,25,2,6,82.06934999907389,4,0,False
vllm,shared,Qwen/Qwen2.5-7B-Instruct,25,2,7,82.20901600725483,4,0,False
vllm,shared,Qwen/Qwen2.5-7B-Instruct,25,2,8,81.51561699924059,4,0,False
vllm,shared,Qwen/Qwen2.5-7B-Instruct,25,2,9,82.04358999500982,4,0,False
vllm,shared,Qwen/Qwen2.5-7B-Instruct,25,3,0,85.91919399623293,0,7,False
vllm,shared,Qwen/Qwen2.5-7B-Instruct,25,3,1,81.56387400231324,0,7,False
vllm,shared,Qwen/Qwen2.5-7B-Instruct,25,3,2,81.47537699551322,0,7,False
vllm,shared,Qwen/Qwen2.5-7B-Instruct,25,3,3,81.21602999744937,0,7,False
vllm,shared,Qwen/Qwen2.5-7B-Instruct,25,3,4,81.39102499990258,0,7,False
vllm,shared,Qwen/Qwen2.5-7B-Instruct,25,3,5,81.77718700608239,0,7,False
vllm,shared,Qwen/Qwen2.5-7B-Instruct,25,3,6,79.79350601090118,0,7,False
vllm,shared,Qwen/Qwen2.5-7B-Instruct,25,3,7,79.49566299794242,0,7,False
vllm,shared,Qwen/Qwen2.5-7B-Instruct,25,3,8,79.52396699693054,0,7,False
vllm,shared,Qwen/Qwen2.5-7B-Instruct,25,3,9,81.43638499313965,0,7,False
vllm,shared,Qwen/Qwen2.5-7B-Instruct,25,4,0,80.12368499475997,8,4,False
vllm,shared,Qwen/Qwen2.5-7B-Instruct,25,4,1,80.42267900600564,8,4,False
vllm,shared,Qwen/Qwen2.5-7B-Instruct,25,4,2,79.91285099706147,8,4,False
vllm,shared,Qwen/Qwen2.5-7B-Instruct,25,4,3,79.94480298657436,8,4,False
vllm,shared,Qwen/Qwen2.5-7B-Instruct,25,4,4,78.27459600230213,8,4,False
vllm,shared,Qwen/Qwen2.5-7B-Instruct,25,4,5,78.8034969882574,8,4,False
vllm,shared,Qwen/Qwen2.5-7B-Instruct,25,4,6,79.85830699908547,8,4,False
vllm,shared,Qwen/Qwen2.5-7B-Instruct,25,4,7,81.4128320052987,8,4,False
vllm,shared,Qwen/Qwen2.5-7B-Instruct,25,4,8,85.68173499952536,8,4,False
vllm,shared,Qwen/Qwen2.5-7B-Instruct,25,4,9,81.41398399311583,8,4,False
vllm,shared,Qwen/Qwen2.5-7B-Instruct,25,5,0,81.96624599804636,2,8,False
vllm,shared,Qwen/Qwen2.5-7B-Instruct,25,5,1,80.66791298915632,2,8,False
vllm,shared,Qwen/Qwen2.5-7B-Instruct,25,5,2,86.17237900034525,2,8,False
vllm,shared,Qwen/Qwen2.5-7B-Instruct,25,5,3,81.93813300749753,2,8,False
vllm,shared,Qwen/Qwen2.5-7B-Instruct,25,5,4,80.85937100986484,2,8,False
vllm,shared,Qwen/Qwen2.5-7B-Instruct,25,5,5,80.4131440090714,2,8,False
vllm,shared,Qwen/Qwen2.5-7B-Instruct,25,5,6,80.33447100024205,2,8,False
vllm,shared,Qwen/Qwen2.5-7B-Instruct,25,5,7,78.82228000380564,2,8,False
vllm,shared,Qwen/Qwen2.5-7B-Instruct,25,5,8,78.742712008534,2,8,False
vllm,shared,Qwen/Qwen2.5-7B-Instruct,25,5,9,81.17473400488961,2,8,False
vllm,shared,Qwen/Qwen2.5-7B-Instruct,26,0,0,81.22620699577965,2,8,False
vllm,shared,Qwen/Qwen2.5-7B-Instruct,26,0,1,81.43476900295354,2,8,False
vllm,shared,Qwen/Qwen2.5-7B-Instruct,26,0,2,87.05059500061907,2,8,False
vllm,shared,Qwen/Qwen2.5-7B-Instruct,26,0,3,82.05474200076424,2,8,False
vllm,shared,Qwen/Qwen2.5-7B-Instruct,26,0,4,82.04847000888549,2,8,False
vllm,shared,Qwen/Qwen2.5-7B-Instruct,26,0,5,81.81482000509277,2,8,False
vllm,shared,Qwen/Qwen2.5-7B-Instruct,26,0,6,81.343134996132,2,8,False
vllm,shared,Qwen/Qwen2.5-7B-Instruct,26,0,7,81.35811200190801,2,8,False
vllm,shared,Qwen/Qwen2.5-7B-Instruct,26,0,8,79.73467299598269,2,8,False
vllm,shared,Qwen/Qwen2.5-7B-Instruct,26,0,9,79.79187299497426,2,8,False
vllm,shared,Qwen/Qwen2.5-7B-Instruct,26,1,0,79.78588998958003,8,0,False
vllm,shared,Qwen/Qwen2.5-7B-Instruct,26,1,1,81.86485301121138,8,0,False
vllm,shared,Qwen/Qwen2.5-7B-Instruct,26,1,2,81.34304000122938,8,0,False
vllm,shared,Qwen/Qwen2.5-7B-Instruct,26,1,3,81.36479899985716,8,0,False
vllm,shared,Qwen/Qwen2.5-7B-Instruct,26,1,4,81.2786869937554,8,0,False
vllm,shared,Qwen/Qwen2.5-7B-Instruct,26,1,5,81.36599900899455,8,0,False
vllm,shared,Qwen/Qwen2.5-7B-Instruct,26,1,6,81.23241500288714,8,0,False
vllm,shared,Qwen/Qwen2.5-7B-Instruct,26,1,7,82.51421799650416,8,0,False
vllm,shared,Qwen/Qwen2.5-7B-Instruct,26,1,8,85.81157600565348,8,0,False
vllm,shared,Qwen/Qwen2.5-7B-Instruct,26,1,9,81.80413200170733,8,0,False
vllm,shared,Qwen/Qwen2.5-7B-Instruct,26,2,0,81.25900599407032,1,9,False
vllm,shared,Qwen/Qwen2.5-7B-Instruct,26,2,1,85.57902999746148,1,9,False
vllm,shared,Qwen/Qwen2.5-7B-Instruct,26,2,2,82.07040598790627,1,9,False
vllm,shared,Qwen/Qwen2.5-7B-Instruct,26,2,3,81.8384519952815,1,9,False
vllm,shared,Qwen/Qwen2.5-7B-Instruct,26,2,4,81.77246700506657,1,9,False
vllm,shared,Qwen/Qwen2.5-7B-Instruct,26,2,5,81.9774609990418,1,9,False
vllm,shared,Qwen/Qwen2.5-7B-Instruct,26,2,6,82.16387800348457,1,9,False
vllm,shared,Qwen/Qwen2.5-7B-Instruct,26,2,7,81.47091198770795,1,9,False
vllm,shared,Qwen/Qwen2.5-7B-Instruct,26,2,8,81.0877409967361,1,9,False
vllm,shared,Qwen/Qwen2.5-7B-Instruct,26,2,9,81.08394900045823,1,9,False
vllm,shared,Qwen/Qwen2.5-7B-Instruct,26,3,0,81.19799800624605,6,4,False
vllm,shared,Qwen/Qwen2.5-7B-Instruct,26,3,1,81.92898098786827,6,4,False
vllm,shared,Qwen/Qwen2.5-7B-Instruct,26,3,2,82.07309299905319,6,4,False
vllm,shared,Qwen/Qwen2.5-7B-Instruct,26,3,3,81.23195001098793,6,4,False
vllm,shared,Qwen/Qwen2.5-7B-Instruct,26,3,4,81.10567700350657,6,4,False
vllm,shared,Qwen/Qwen2.5-7B-Instruct,26,3,5,82.53860200056806,6,4,False
vllm,shared,Qwen/Qwen2.5-7B-Instruct,26,3,6,86.25140300136991,6,4,False
vllm,shared,Qwen/Qwen2.5-7B-Instruct,26,3,7,81.65014599217102,6,4,False
vllm,shared,Qwen/Qwen2.5-7B-Instruct,26,3,8,82.18555799976457,6,4,False
vllm,shared,Qwen/Qwen2.5-7B-Instruct,26,3,9,82.05408600042574,6,4,False
vllm,shared,Qwen/Qwen2.5-7B-Instruct,26,4,0,80.67960900370963,3,6,False
vllm,shared,Qwen/Qwen2.5-7B-Instruct,26,4,1,81.50647999718785,3,6,False
vllm,shared,Qwen/Qwen2.5-7B-Instruct,26,4,2,80.41541501006577,3,6,False
vllm,shared,Qwen/Qwen2.5-7B-Instruct,26,4,3,85.76549499412067,3,6,False
vllm,shared,Qwen/Qwen2.5-7B-Instruct,26,4,4,79.93390600313433,3,6,False
vllm,shared,Qwen/Qwen2.5-7B-Instruct,26,4,5,80.23248499375768,3,6,False
vllm,shared,Qwen/Qwen2.5-7B-Instruct,26,4,6,79.04157799202949,3,6,False
vllm,shared,Qwen/Qwen2.5-7B-Instruct,26,4,7,79.82294500106946,3,6,False
vllm,shared,Qwen/Qwen2.5-7B-Instruct,26,4,8,80.46691899653524,3,6,False
vllm,shared,Qwen/Qwen2.5-7B-Instruct,26,4,9,81.06916399265174,3,6,False
vllm,shared,Qwen/Qwen2.5-7B-Instruct,26,5,0,80.30903000326362,9,4,False
vllm,shared,Qwen/Qwen2.5-7B-Instruct,26,5,1,80.63408899761271,9,4,False
vllm,shared,Qwen/Qwen2.5-7B-Instruct,26,5,2,80.29472500493284,9,4,False
vllm,shared,Qwen/Qwen2.5-7B-Instruct,26,5,3,79.69235199561808,9,4,False
vllm,shared,Qwen/Qwen2.5-7B-Instruct,26,5,4,79.57654300844297,9,4,False
vllm,shared,Qwen/Qwen2.5-7B-Instruct,26,5,5,80.10705999913625,9,4,False
vllm,shared,Qwen/Qwen2.5-7B-Instruct,26,5,6,80.58599200739991,9,4,False
vllm,shared,Qwen/Qwen2.5-7B-Instruct,26,5,7,80.51220000197645,9,4,False
vllm,shared,Qwen/Qwen2.5-7B-Instruct,26,5,8,80.93065199500415,9,4,False
vllm,shared,Qwen/Qwen2.5-7B-Instruct,26,5,9,85.98440799687523,9,4,False
vllm,shared,Qwen/Qwen2.5-7B-Instruct,27,0,0,82.03011700243223,9,2,False
vllm,shared,Qwen/Qwen2.5-7B-Instruct,27,0,1,81.84699500270654,9,2,False
vllm,shared,Qwen/Qwen2.5-7B-Instruct,27,0,2,80.59759199386463,9,2,False
vllm,shared,Qwen/Qwen2.5-7B-Instruct,27,0,3,82.21243899606634,9,2,False
vllm,shared,Qwen/Qwen2.5-7B-Instruct,27,0,4,82.26416699471883,9,2,False
vllm,shared,Qwen/Qwen2.5-7B-Instruct,27,0,5,82.60578599583823,9,2,False
vllm,shared,Qwen/Qwen2.5-7B-Instruct,27,0,6,82.25835900520906,9,2,False
vllm,shared,Qwen/Qwen2.5-7B-Instruct,27,0,7,82.43560799746774,9,2,False
vllm,shared,Qwen/Qwen2.5-7B-Instruct,27,0,8,81.78541099186987,9,2,False
vllm,shared,Qwen/Qwen2.5-7B-Instruct,27,0,9,86.30756298953202,9,2,False
vllm,shared,Qwen/Qwen2.5-7B-Instruct,27,1,0,81.03817199298646,3,5,False
vllm,shared,Qwen/Qwen2.5-7B-Instruct,27,1,1,81.6008010006044,3,5,False
vllm,shared,Qwen/Qwen2.5-7B-Instruct,27,1,2,80.81589799257927,3,5,False
vllm,shared,Qwen/Qwen2.5-7B-Instruct,27,1,3,85.77472700562794,3,5,False
vllm,shared,Qwen/Qwen2.5-7B-Instruct,27,1,4,82.17765399604104,3,5,False
vllm,shared,Qwen/Qwen2.5-7B-Instruct,27,1,5,80.75325700337999,3,5,False
vllm,shared,Qwen/Qwen2.5-7B-Instruct,27,1,6,81.98326799902134,3,5,False
vllm,shared,Qwen/Qwen2.5-7B-Instruct,27,1,7,82.5059130002046,3,5,False
vllm,shared,Qwen/Qwen2.5-7B-Instruct,27,1,8,82.08744500007015,3,5,False
vllm,shared,Qwen/Qwen2.5-7B-Instruct,27,1,9,81.19617300690152,3,5,False
vllm,shared,Qwen/Qwen2.5-7B-Instruct,27,2,0,82.95494101184886,4,8,False
vllm,shared,Qwen/Qwen2.5-7B-Instruct,27,2,1,81.87854700372554,4,8,False
vllm,shared,Qwen/Qwen2.5-7B-Instruct,27,2,2,81.07239600212779,4,8,False
vllm,shared,Qwen/Qwen2.5-7B-Instruct,27,2,3,81.94893199834041,4,8,False
vllm,shared,Qwen/Qwen2.5-7B-Instruct,27,2,4,85.85189501172863,4,8,False
vllm,shared,Qwen/Qwen2.5-7B-Instruct,27,2,5,81.75403400673531,4,8,False
vllm,shared,Qwen/Qwen2.5-7B-Instruct,27,2,6,83.00915001018438,4,8,False
vllm,shared,Qwen/Qwen2.5-7B-Instruct,27,2,7,82.43048799340613,4,8,False
vllm,shared,Qwen/Qwen2.5-7B-Instruct,27,2,8,80.66515999962576,4,8,False
vllm,shared,Qwen/Qwen2.5-7B-Instruct,27,2,9,82.41130399983376,4,8,False
vllm,shared,Qwen/Qwen2.5-7B-Instruct,27,3,0,81.5809129999252,3,8,False
vllm,shared,Qwen/Qwen2.5-7B-Instruct,27,3,1,81.33121499849949,3,8,False
vllm,shared,Qwen/Qwen2.5-7B-Instruct,27,3,2,81.58368000295013,3,8,False
vllm,shared,Qwen/Qwen2.5-7B-Instruct,27,3,3,86.28073098952882,3,8,False
vllm,shared,Qwen/Qwen2.5-7B-Instruct,27,3,4,81.06726000551134,3,8,False
vllm,shared,Qwen/Qwen2.5-7B-Instruct,27,3,5,82.8741080040345,3,8,False
vllm,shared,Qwen/Qwen2.5-7B-Instruct,27,3,6,81.8491219979478,3,8,False
vllm,shared,Qwen/Qwen2.5-7B-Instruct,27,3,7,81.31294199847616,3,8,False
vllm,shared,Qwen/Qwen2.5-7B-Instruct,27,3,8,79.82043299125507,3,8,False
vllm,shared,Qwen/Qwen2.5-7B-Instruct,27,3,9,80.00198600348085,3,8,False
vllm,shared,Qwen/Qwen2.5-7B-Instruct,27,4,0,80.62479199725203,3,4,False
vllm,shared,Qwen/Qwen2.5-7B-Instruct,27,4,1,81.11553199705668,3,4,False
vllm,shared,Qwen/Qwen2.5-7B-Instruct,27,4,2,80.39914100663736,3,4,False
vllm,shared,Qwen/Qwen2.5-7B-Instruct,27,4,3,86.53820499603171,3,4,False
vllm,shared,Qwen/Qwen2.5-7B-Instruct,27,4,4,80.32984500459861,3,4,False
vllm,shared,Qwen/Qwen2.5-7B-Instruct,27,4,5,80.38238900189754,3,4,False
vllm,shared,Qwen/Qwen2.5-7B-Instruct,27,4,6,80.54607099620625,3,4,False
vllm,shared,Qwen/Qwen2.5-7B-Instruct,27,4,7,81.7865150020225,3,4,False
vllm,shared,Qwen/Qwen2.5-7B-Instruct,27,4,8,81.47204799752217,3,4,False
vllm,shared,Qwen/Qwen2.5-7B-Instruct,27,4,9,80.91007398616057,3,4,False
vllm,shared,Qwen/Qwen2.5-7B-Instruct,27,5,0,78.87256798858289,4,0,False
vllm,shared,Qwen/Qwen2.5-7B-Instruct,27,5,1,78.93739998689853,4,0,False
vllm,shared,Qwen/Qwen2.5-7B-Instruct,27,5,2,80.42646999820136,4,0,False
vllm,shared,Qwen/Qwen2.5-7B-Instruct,27,5,3,80.42502999887802,4,0,False
vllm,shared,Qwen/Qwen2.5-7B-Instruct,27,5,4,87.25334799964912,4,0,False
vllm,shared,Qwen/Qwen2.5-7B-Instruct,27,5,5,80.7066319976002,4,0,False
vllm,shared,Qwen/Qwen2.5-7B-Instruct,27,5,6,80.37490099377465,4,0,False
vllm,shared,Qwen/Qwen2.5-7B-Instruct,27,5,7,80.9799629932968,4,0,False
vllm,shared,Qwen/Qwen2.5-7B-Instruct,27,5,8,80.41358999616932,4,0,False
vllm,shared,Qwen/Qwen2.5-7B-Instruct,27,5,9,79.90123300987761,4,0,False
vllm,shared,Qwen/Qwen2.5-7B-Instruct,28,0,0,80.37781401071697,1,0,False
vllm,shared,Qwen/Qwen2.5-7B-Instruct,28,0,1,87.42216500104405,1,0,False
vllm,shared,Qwen/Qwen2.5-7B-Instruct,28,0,2,82.41258299676701,1,0,False
vllm,shared,Qwen/Qwen2.5-7B-Instruct,28,0,3,80.76415299728978,1,0,False
vllm,shared,Qwen/Qwen2.5-7B-Instruct,28,0,4,82.49999200052116,1,0,False
vllm,shared,Qwen/Qwen2.5-7B-Instruct,28,0,5,82.95270099188201,1,0,False
vllm,shared,Qwen/Qwen2.5-7B-Instruct,28,0,6,81.72001701314002,1,0,False
vllm,shared,Qwen/Qwen2.5-7B-Instruct,28,0,7,81.51927898870781,1,0,False
vllm,shared,Qwen/Qwen2.5-7B-Instruct,28,0,8,81.24593300453853,1,0,False
vllm,shared,Qwen/Qwen2.5-7B-Instruct,28,0,9,81.14777199807577,1,0,False
vllm,shared,Qwen/Qwen2.5-7B-Instruct,28,1,0,85.65080499101896,0,8,False
vllm,shared,Qwen/Qwen2.5-7B-Instruct,28,1,1,80.7819610054139,0,8,False
vllm,shared,Qwen/Qwen2.5-7B-Instruct,28,1,2,81.9028030091431,0,8,False
vllm,shared,Qwen/Qwen2.5-7B-Instruct,28,1,3,80.70135199523065,0,8,False
vllm,shared,Qwen/Qwen2.5-7B-Instruct,28,1,4,81.63057600904722,0,8,False
vllm,shared,Qwen/Qwen2.5-7B-Instruct,28,1,5,81.22506900690496,0,8,False
vllm,shared,Qwen/Qwen2.5-7B-Instruct,28,1,6,81.09005900041666,0,8,False
vllm,shared,Qwen/Qwen2.5-7B-Instruct,28,1,7,81.74078600131907,0,8,False
vllm,shared,Qwen/Qwen2.5-7B-Instruct,28,1,8,80.49624699924607,0,8,False
vllm,shared,Qwen/Qwen2.5-7B-Instruct,28,1,9,80.56424700771458,0,8,False
vllm,shared,Qwen/Qwen2.5-7B-Instruct,28,2,0,81.84032198914792,7,1,False
vllm,shared,Qwen/Qwen2.5-7B-Instruct,28,2,1,80.88607400713954,7,1,False
vllm,shared,Qwen/Qwen2.5-7B-Instruct,28,2,2,81.4613420079695,7,1,False
vllm,shared,Qwen/Qwen2.5-7B-Instruct,28,2,3,81.71600100467913,7,1,False
vllm,shared,Qwen/Qwen2.5-7B-Instruct,28,2,4,82.282885996392,7,1,False
vllm,shared,Qwen/Qwen2.5-7B-Instruct,28,2,5,82.55164099682588,7,1,False
vllm,shared,Qwen/Qwen2.5-7B-Instruct,28,2,6,81.81889800471254,7,1,False
vllm,shared,Qwen/Qwen2.5-7B-Instruct,28,2,7,85.88482199411374,7,1,False
vllm,shared,Qwen/Qwen2.5-7B-Instruct,28,2,8,81.32652599306311,7,1,False
vllm,shared,Qwen/Qwen2.5-7B-Instruct,28,2,9,81.82324998779222,7,1,False
vllm,shared,Qwen/Qwen2.5-7B-Instruct,28,3,0,81.28831800422631,5,9,False
vllm,shared,Qwen/Qwen2.5-7B-Instruct,28,3,1,81.48884699039627,5,9,False
vllm,shared,Qwen/Qwen2.5-7B-Instruct,28,3,2,83.15823799057398,5,9,False
vllm,shared,Qwen/Qwen2.5-7B-Instruct,28,3,3,81.30095699743833,5,9,False
vllm,shared,Qwen/Qwen2.5-7B-Instruct,28,3,4,81.19967600214295,5,9,False
vllm,shared,Qwen/Qwen2.5-7B-Instruct,28,3,5,87.40149199729785,5,9,False
vllm,shared,Qwen/Qwen2.5-7B-Instruct,28,3,6,81.61160000599921,5,9,False
vllm,shared,Qwen/Qwen2.5-7B-Instruct,28,3,7,81.33172600355465,5,9,False
vllm,shared,Qwen/Qwen2.5-7B-Instruct,28,3,8,81.41761399747338,5,9,False
vllm,shared,Qwen/Qwen2.5-7B-Instruct,28,3,9,79.6974550030427,5,9,False
vllm,shared,Qwen/Qwen2.5-7B-Instruct,28,4,0,79.0069520007819,8,0,False
vllm,shared,Qwen/Qwen2.5-7B-Instruct,28,4,1,81.78931300062686,8,0,False
vllm,shared,Qwen/Qwen2.5-7B-Instruct,28,4,2,81.04538699262775,8,0,False
vllm,shared,Qwen/Qwen2.5-7B-Instruct,28,4,3,80.4789969988633,8,0,False
vllm,shared,Qwen/Qwen2.5-7B-Instruct,28,4,4,80.38429300358985,8,0,False
vllm,shared,Qwen/Qwen2.5-7B-Instruct,28,4,5,80.45194100122899,8,0,False
vllm,shared,Qwen/Qwen2.5-7B-Instruct,28,4,6,80.49515800666995,8,0,False
vllm,shared,Qwen/Qwen2.5-7B-Instruct,28,4,7,79.97363299364224,8,0,False
vllm,shared,Qwen/Qwen2.5-7B-Instruct,28,4,8,86.48489200277254,8,0,False
vllm,shared,Qwen/Qwen2.5-7B-Instruct,28,4,9,79.90953700209502,8,0,False
vllm,shared,Qwen/Qwen2.5-7B-Instruct,28,5,0,86.44498699868564,0,3,False
vllm,shared,Qwen/Qwen2.5-7B-Instruct,28,5,1,79.96593699499499,0,3,False
vllm,shared,Qwen/Qwen2.5-7B-Instruct,28,5,2,79.00375200551935,0,3,False
vllm,shared,Qwen/Qwen2.5-7B-Instruct,28,5,3,78.62432500405703,0,3,False
vllm,shared,Qwen/Qwen2.5-7B-Instruct,28,5,4,80.7820879999781,0,3,False
vllm,shared,Qwen/Qwen2.5-7B-Instruct,28,5,5,80.2994440018665,0,3,False
vllm,shared,Qwen/Qwen2.5-7B-Instruct,28,5,6,80.34366900392342,0,3,False
vllm,shared,Qwen/Qwen2.5-7B-Instruct,28,5,7,80.6151430006139,0,3,False
vllm,shared,Qwen/Qwen2.5-7B-Instruct,28,5,8,78.83077498991042,0,3,False
vllm,shared,Qwen/Qwen2.5-7B-Instruct,28,5,9,79.3162190093426,0,3,False
vllm,shared,Qwen/Qwen2.5-7B-Instruct,29,0,0,86.52082800108474,0,2,False
vllm,shared,Qwen/Qwen2.5-7B-Instruct,29,0,1,81.64028800092638,0,2,False
vllm,shared,Qwen/Qwen2.5-7B-Instruct,29,0,2,80.02659400517587,0,2,False
vllm,shared,Qwen/Qwen2.5-7B-Instruct,29,0,3,81.31230200524442,0,2,False
vllm,shared,Qwen/Qwen2.5-7B-Instruct,29,0,4,82.18488498823717,0,2,False
vllm,shared,Qwen/Qwen2.5-7B-Instruct,29,0,5,83.07711700035725,0,2,False
vllm,shared,Qwen/Qwen2.5-7B-Instruct,29,0,6,81.94350700068753,0,2,False
vllm,shared,Qwen/Qwen2.5-7B-Instruct,29,0,7,81.75542499520816,0,2,False
vllm,shared,Qwen/Qwen2.5-7B-Instruct,29,0,8,81.65911999822129,0,2,False
vllm,shared,Qwen/Qwen2.5-7B-Instruct,29,0,9,81.01180200173985,0,2,False
vllm,shared,Qwen/Qwen2.5-7B-Instruct,29,1,0,86.07751199451741,0,9,False
vllm,shared,Qwen/Qwen2.5-7B-Instruct,29,1,1,83.77939500496723,0,9,False
vllm,shared,Qwen/Qwen2.5-7B-Instruct,29,1,2,81.91321798949502,0,9,False
vllm,shared,Qwen/Qwen2.5-7B-Instruct,29,1,3,81.75415999721736,0,9,False
vllm,shared,Qwen/Qwen2.5-7B-Instruct,29,1,4,81.7530250060372,0,9,False
vllm,shared,Qwen/Qwen2.5-7B-Instruct,29,1,5,81.70945600431878,0,9,False
vllm,shared,Qwen/Qwen2.5-7B-Instruct,29,1,6,81.5137909958139,0,9,False
vllm,shared,Qwen/Qwen2.5-7B-Instruct,29,1,7,82.67479299684055,0,9,False
vllm,shared,Qwen/Qwen2.5-7B-Instruct,29,1,8,80.69648800301366,0,9,False
vllm,shared,Qwen/Qwen2.5-7B-Instruct,29,1,9,79.80596799461637,0,9,False
vllm,shared,Qwen/Qwen2.5-7B-Instruct,29,2,0,79.83326399698853,4,0,False
vllm,shared,Qwen/Qwen2.5-7B-Instruct,29,2,1,80.40937999612652,4,0,False
vllm,shared,Qwen/Qwen2.5-7B-Instruct,29,2,2,81.58011100022122,4,0,False
vllm,shared,Qwen/Qwen2.5-7B-Instruct,29,2,3,81.71420800499618,4,0,False
vllm,shared,Qwen/Qwen2.5-7B-Instruct,29,2,4,86.96191999479197,4,0,False
vllm,shared,Qwen/Qwen2.5-7B-Instruct,29,2,5,82.30427700618748,4,0,False
vllm,shared,Qwen/Qwen2.5-7B-Instruct,29,2,6,81.93870700779371,4,0,False
vllm,shared,Qwen/Qwen2.5-7B-Instruct,29,2,7,81.4809739968041,4,0,False
vllm,shared,Qwen/Qwen2.5-7B-Instruct,29,2,8,81.33534099033568,4,0,False
vllm,shared,Qwen/Qwen2.5-7B-Instruct,29,2,9,82.30507701227907,4,0,False
vllm,shared,Qwen/Qwen2.5-7B-Instruct,29,3,0,81.40620599442627,3,6,False
vllm,shared,Qwen/Qwen2.5-7B-Instruct,29,3,1,81.25756499066483,3,6,False
vllm,shared,Qwen/Qwen2.5-7B-Instruct,29,3,2,81.79790498979855,3,6,False
vllm,shared,Qwen/Qwen2.5-7B-Instruct,29,3,3,86.50298799329903,3,6,False
vllm,shared,Qwen/Qwen2.5-7B-Instruct,29,3,4,82.34971700585447,3,6,False
vllm,shared,Qwen/Qwen2.5-7B-Instruct,29,3,5,81.0117859946331,3,6,False
vllm,shared,Qwen/Qwen2.5-7B-Instruct,29,3,6,80.25830698898062,3,6,False
vllm,shared,Qwen/Qwen2.5-7B-Instruct,29,3,7,80.73968700773548,3,6,False
vllm,shared,Qwen/Qwen2.5-7B-Instruct,29,3,8,80.28302699676715,3,6,False
vllm,shared,Qwen/Qwen2.5-7B-Instruct,29,3,9,80.31206799205393,3,6,False
vllm,shared,Qwen/Qwen2.5-7B-Instruct,29,4,0,78.87406999361701,9,6,False
vllm,shared,Qwen/Qwen2.5-7B-Instruct,29,4,1,80.53043800464366,9,6,False
vllm,shared,Qwen/Qwen2.5-7B-Instruct,29,4,2,82.32304600824136,9,6,False
vllm,shared,Qwen/Qwen2.5-7B-Instruct,29,4,3,80.69931900536176,9,6,False
vllm,shared,Qwen/Qwen2.5-7B-Instruct,29,4,4,80.40753999375738,9,6,False
vllm,shared,Qwen/Qwen2.5-7B-Instruct,29,4,5,78.98008701158687,9,6,False
vllm,shared,Qwen/Qwen2.5-7B-Instruct,29,4,6,78.68874100677203,9,6,False
vllm,shared,Qwen/Qwen2.5-7B-Instruct,29,4,7,78.94487101293635,9,6,False
vllm,shared,Qwen/Qwen2.5-7B-Instruct,29,4,8,81.11924299737439,9,6,False
vllm,shared,Qwen/Qwen2.5-7B-Instruct,29,4,9,86.29500200913753,9,6,False
vllm,shared,Qwen/Qwen2.5-7B-Instruct,29,5,0,80.92682500137016,2,8,False
vllm,shared,Qwen/Qwen2.5-7B-Instruct,29,5,1,80.4575410002144,2,8,False
vllm,shared,Qwen/Qwen2.5-7B-Instruct,29,5,2,86.88983900356106,2,8,False
vllm,shared,Qwen/Qwen2.5-7B-Instruct,29,5,3,80.76712700130884,2,8,False
vllm,shared,Qwen/Qwen2.5-7B-Instruct,29,5,4,81.58803099649958,2,8,False
vllm,shared,Qwen/Qwen2.5-7B-Instruct,29,5,5,80.3099549957551,2,8,False
vllm,shared,Qwen/Qwen2.5-7B-Instruct,29,5,6,80.17968200147152,2,8,False
vllm,shared,Qwen/Qwen2.5-7B-Instruct,29,5,7,80.60112599923741,2,8,False
vllm,shared,Qwen/Qwen2.5-7B-Instruct,29,5,8,79.19167401269078,2,8,False
vllm,shared,Qwen/Qwen2.5-7B-Instruct,29,5,9,79.61142099520657,2,8,False
