framework,cache_mode,model,trial,position,probe_digit,wall_clock_latency_ms,ground_truth_digit,position_guess,position_correct
vllm,shared,Qwen/Qwen2.5-7B-Instruct,0,0,0,79.83818789944053,2,3,False
vllm,shared,Qwen/Qwen2.5-7B-Instruct,0,0,1,79.72345210146159,2,3,False
vllm,shared,Qwen/Qwen2.5-7B-Instruct,0,0,2,85.96619393210858,2,3,False
vllm,shared,Qwen/Qwen2.5-7B-Instruct,0,0,3,78.10846494976431,2,3,False
vllm,shared,Qwen/Qwen2.5-7B-Instruct,0,0,4,81.21594099793583,2,3,False
vllm,shared,Qwen/Qwen2.5-7B-Instruct,0,0,5,78.62447004299611,2,3,False
vllm,shared,Qwen/Qwen2.5-7B-Instruct,0,0,6,79.04971996322274,2,3,False
vllm,shared,Qwen/Qwen2.5-7B-Instruct,0,0,7,80.12918301392347,2,3,False
vllm,shared,Qwen/Qwen2.5-7B-Instruct,0,0,8,79.05040809419006,2,3,False
vllm,shared,Qwen/Qwen2.5-7B-Instruct,0,0,9,78.11664196196944,2,3,False
vllm,shared,Qwen/Qwen2.5-7B-Instruct,0,1,0,85.28052608016878,0,9,False
vllm,shared,Qwen/Qwen2.5-7B-Instruct,0,1,1,77.05821993295103,0,9,False
vllm,shared,Qwen/Qwen2.5-7B-Instruct,0,1,2,77.07860309164971,0,9,False
vllm,shared,Qwen/Qwen2.5-7B-Instruct,0,1,3,79.54055501613766,0,9,False
vllm,shared,Qwen/Qwen2.5-7B-Instruct,0,1,4,79.11807205528021,0,9,False
vllm,shared,Qwen/Qwen2.5-7B-Instruct,0,1,5,79.28640907630324,0,9,False
vllm,shared,Qwen/Qwen2.5-7B-Instruct,0,1,6,78.22211389429867,0,9,False
vllm,shared,Qwen/Qwen2.5-7B-Instruct,0,1,7,80.06314898375422,0,9,False
vllm,shared,Qwen/Qwen2.5-7B-Instruct,0,1,8,78.17044900730252,0,9,False
vllm,shared,Qwen/Qwen2.5-7B-Instruct,0,1,9,76.94895402528346,0,9,False
vllm,shared,Qwen/Qwen2.5-7B-Instruct,0,2,0,79.19879304245114,4,8,False
vllm,shared,Qwen/Qwen2.5-7B-Instruct,0,2,1,78.23680201545358,4,8,False
vllm,shared,Qwen/Qwen2.5-7B-Instruct,0,2,2,79.27512808237225,4,8,False
vllm,shared,Qwen/Qwen2.5-7B-Instruct,0,2,3,78.1582419294864,4,8,False
vllm,shared,Qwen/Qwen2.5-7B-Instruct,0,2,4,84.88959493115544,4,8,False
vllm,shared,Qwen/Qwen2.5-7B-Instruct,0,2,5,77.97078392468393,4,8,False
vllm,shared,Qwen/Qwen2.5-7B-Instruct,0,2,6,78.9714939892292,4,8,False
vllm,shared,Qwen/Qwen2.5-7B-Instruct,0,2,7,78.96987802814692,4,8,False
vllm,shared,Qwen/Qwen2.5-7B-Instruct,0,2,8,77.17829896137118,4,8,False
vllm,shared,Qwen/Qwen2.5-7B-Instruct,0,2,9,78.00316798966378,4,8,False
vllm,shared,Qwen/Qwen2.5-7B-Instruct,0,3,0,79.72802594304085,5,4,False
vllm,shared,Qwen/Qwen2.5-7B-Instruct,0,3,1,78.48216290585697,5,4,False
vllm,shared,Qwen/Qwen2.5-7B-Instruct,0,3,2,79.27112793549895,5,4,False
vllm,shared,Qwen/Qwen2.5-7B-Instruct,0,3,3,78.70963599998504,5,4,False
vllm,shared,Qwen/Qwen2.5-7B-Instruct,0,3,4,78.33493000362068,5,4,False
vllm,shared,Qwen/Qwen2.5-7B-Instruct,0,3,5,85.22834803443402,5,4,False
vllm,shared,Qwen/Qwen2.5-7B-Instruct,0,3,6,80.05685999523848,5,4,False
vllm,shared,Qwen/Qwen2.5-7B-Instruct,0,3,7,78.92838900443166,5,4,False
vllm,shared,Qwen/Qwen2.5-7B-Instruct,0,3,8,78.72091594617814,5,4,False
vllm,shared,Qwen/Qwen2.5-7B-Instruct,0,3,9,79.24701599404216,5,4,False
vllm,shared,Qwen/Qwen2.5-7B-Instruct,0,4,0,77.75647798553109,6,5,False
vllm,shared,Qwen/Qwen2.5-7B-Instruct,0,4,1,78.80661194212735,6,5,False
vllm,shared,Qwen/Qwen2.5-7B-Instruct,0,4,2,79.70132201444358,6,5,False
vllm,shared,Qwen/Qwen2.5-7B-Instruct,0,4,3,78.71469191741198,6,5,False
vllm,shared,Qwen/Qwen2.5-7B-Instruct,0,4,4,78.37244996335357,6,5,False
vllm,shared,Qwen/Qwen2.5-7B-Instruct,0,4,5,76.90114493016154,6,5,False
vllm,shared,Qwen/Qwen2.5-7B-Instruct,0,4,6,83.33376003429294,6,5,False
vllm,shared,Qwen/Qwen2.5-7B-Instruct,0,4,7,78.78400501795113,6,5,False
vllm,shared,Qwen/Qwen2.5-7B-Instruct,0,4,8,79.56829795148224,6,5,False
vllm,shared,Qwen/Qwen2.5-7B-Instruct,0,4,9,78.84326903149486,6,5,False
vllm,shared,Qwen/Qwen2.5-7B-Instruct,0,5,0,86.103969020769,0,7,False
vllm,shared,Qwen/Qwen2.5-7B-Instruct,0,5,1,77.92260695714504,0,7,False
vllm,shared,Qwen/Qwen2.5-7B-Instruct,0,5,2,78.34787399042398,0,7,False
vllm,shared,Qwen/Qwen2.5-7B-Instruct,0,5,3,78.112015966326,0,7,False
vllm,shared,Qwen/Qwen2.5-7B-Instruct,0,5,4,79.95994703378528,0,7,False
vllm,shared,Qwen/Qwen2.5-7B-Instruct,0,5,5,79.42474400624633,0,7,False
vllm,shared,Qwen/Qwen2.5-7B-Instruct,0,5,6,79.93989996612072,0,7,False
vllm,shared,Qwen/Qwen2.5-7B-Instruct,0,5,7,77.92243093717843,0,7,False
vllm,shared,Qwen/Qwen2.5-7B-Instruct,0,5,8,78.9851569570601,0,7,False
vllm,shared,Qwen/Qwen2.5-7B-Instruct,0,5,9,79.35495104175061,0,7,False
vllm,shared,Qwen/Qwen2.5-7B-Instruct,1,0,0,80.77375998254865,5,1,False
vllm,shared,Qwen/Qwen2.5-7B-Instruct,1,0,1,78.40846502222121,5,1,False
vllm,shared,Qwen/Qwen2.5-7B-Instruct,1,0,2,79.8861860530451,5,1,False
vllm,shared,Qwen/Qwen2.5-7B-Instruct,1,0,3,80.27492498513311,5,1,False
vllm,shared,Qwen/Qwen2.5-7B-Instruct,1,0,4,79.66754492372274,5,1,False
vllm,shared,Qwen/Qwen2.5-7B-Instruct,1,0,5,86.1048640217632,5,1,False
vllm,shared,Qwen/Qwen2.5-7B-Instruct,1,0,6,81.38560398947448,5,1,False
vllm,shared,Qwen/Qwen2.5-7B-Instruct,1,0,7,79.16562200989574,5,1,False
vllm,shared,Qwen/Qwen2.5-7B-Instruct,1,0,8,78.64499499555677,5,1,False
vllm,shared,Qwen/Qwen2.5-7B-Instruct,1,0,9,80.97375999204814,5,1,False
vllm,shared,Qwen/Qwen2.5-7B-Instruct,1,1,0,80.0678989617154,9,7,False
vllm,shared,Qwen/Qwen2.5-7B-Instruct,1,1,1,79.0577019797638,9,7,False
vllm,shared,Qwen/Qwen2.5-7B-Instruct,1,1,2,80.02340293023735,9,7,False
vllm,shared,Qwen/Qwen2.5-7B-Instruct,1,1,3,80.58033499401063,9,7,False
vllm,shared,Qwen/Qwen2.5-7B-Instruct,1,1,4,80.21313196513802,9,7,False
vllm,shared,Qwen/Qwen2.5-7B-Instruct,1,1,5,79.42381501197815,9,7,False
vllm,shared,Qwen/Qwen2.5-7B-Instruct,1,1,6,79.30519105866551,9,7,False
vllm,shared,Qwen/Qwen2.5-7B-Instruct,1,1,7,78.09523004107177,9,7,False
vllm,shared,Qwen/Qwen2.5-7B-Instruct,1,1,8,79.33797407895327,9,7,False
vllm,shared,Qwen/Qwen2.5-7B-Instruct,1,1,9,86.14433603361249,9,7,False
vllm,shared,Qwen/Qwen2.5-7B-Instruct,1,2,0,79.79413692373782,8,9,False
vllm,shared,Qwen/Qwen2.5-7B-Instruct,1,2,1,79.21354193240404,8,9,False
vllm,shared,Qwen/Qwen2.5-7B-Instruct,1,2,2,79.30559001397341,8,9,False
vllm,shared,Qwen/Qwen2.5-7B-Instruct,1,2,3,80.97924804314971,8,9,False
vllm,shared,Qwen/Qwen2.5-7B-Instruct,1,2,4,79.68837593216449,8,9,False
vllm,shared,Qwen/Qwen2.5-7B-Instruct,1,2,5,79.47613508440554,8,9,False
vllm,shared,Qwen/Qwen2.5-7B-Instruct,1,2,6,79.99919401481748,8,9,False
vllm,shared,Qwen/Qwen2.5-7B-Instruct,1,2,7,79.00782802607864,8,9,False
vllm,shared,Qwen/Qwen2.5-7B-Instruct,1,2,8,86.32934396155179,8,9,False
vllm,shared,Qwen/Qwen2.5-7B-Instruct,1,2,9,78.77531496342272,8,9,False
vllm,shared,Qwen/Qwen2.5-7B-Instruct,1,3,0,80.34322806634009,9,1,False
vllm,shared,Qwen/Qwen2.5-7B-Instruct,1,3,1,79.10459605045617,9,1,False
vllm,shared,Qwen/Qwen2.5-7B-Instruct,1,3,2,80.14999504666775,9,1,False
vllm,shared,Qwen/Qwen2.5-7B-Instruct,1,3,3,81.5806279424578,9,1,False
vllm,shared,Qwen/Qwen2.5-7B-Instruct,1,3,4,79.15867702104151,9,1,False
vllm,shared,Qwen/Qwen2.5-7B-Instruct,1,3,5,80.21084300708026,9,1,False
vllm,shared,Qwen/Qwen2.5-7B-Instruct,1,3,6,81.35361794847995,9,1,False
vllm,shared,Qwen/Qwen2.5-7B-Instruct,1,3,7,80.16178698744625,9,1,False
vllm,shared,Qwen/Qwen2.5-7B-Instruct,1,3,8,79.38613404985517,9,1,False
vllm,shared,Qwen/Qwen2.5-7B-Instruct,1,3,9,85.34759399481118,9,1,False
vllm,shared,Qwen/Qwen2.5-7B-Instruct,1,4,0,79.02053196448833,6,2,False
vllm,shared,Qwen/Qwen2.5-7B-Instruct,1,4,1,79.57247109152377,6,2,False
vllm,shared,Qwen/Qwen2.5-7B-Instruct,1,4,2,77.31936906930059,6,2,False
vllm,shared,Qwen/Qwen2.5-7B-Instruct,1,4,3,78.9514419157058,6,2,False
vllm,shared,Qwen/Qwen2.5-7B-Instruct,1,4,4,80.00740094576031,6,2,False
vllm,shared,Qwen/Qwen2.5-7B-Instruct,1,4,5,79.99444101005793,6,2,False
vllm,shared,Qwen/Qwen2.5-7B-Instruct,1,4,6,86.16188692394644,6,2,False
vllm,shared,Qwen/Qwen2.5-7B-Instruct,1,4,7,77.92519591748714,6,2,False
vllm,shared,Qwen/Qwen2.5-7B-Instruct,1,4,8,80.1800899207592,6,2,False
vllm,shared,Qwen/Qwen2.5-7B-Instruct,1,4,9,77.65247509814799,6,2,False
vllm,shared,Qwen/Qwen2.5-7B-Instruct,1,5,0,79.25962097942829,5,2,False
vllm,shared,Qwen/Qwen2.5-7B-Instruct,1,5,1,79.11992305889726,5,2,False
vllm,shared,Qwen/Qwen2.5-7B-Instruct,1,5,2,77.25669490173459,5,2,False
vllm,shared,Qwen/Qwen2.5-7B-Instruct,1,5,3,78.60038394574076,5,2,False
vllm,shared,Qwen/Qwen2.5-7B-Instruct,1,5,4,79.52173403464258,5,2,False
vllm,shared,Qwen/Qwen2.5-7B-Instruct,1,5,5,86.15123003255576,5,2,False
vllm,shared,Qwen/Qwen2.5-7B-Instruct,1,5,6,79.05453094281256,5,2,False
vllm,shared,Qwen/Qwen2.5-7B-Instruct,1,5,7,79.06045101117343,5,2,False
vllm,shared,Qwen/Qwen2.5-7B-Instruct,1,5,8,80.17204201314598,5,2,False
vllm,shared,Qwen/Qwen2.5-7B-Instruct,1,5,9,77.5750339962542,5,2,False
vllm,shared,Qwen/Qwen2.5-7B-Instruct,2,0,0,80.06946498062462,1,6,False
vllm,shared,Qwen/Qwen2.5-7B-Instruct,2,0,1,87.09245198406279,1,6,False
vllm,shared,Qwen/Qwen2.5-7B-Instruct,2,0,2,81.12215995788574,1,6,False
vllm,shared,Qwen/Qwen2.5-7B-Instruct,2,0,3,79.13153897970915,1,6,False
vllm,shared,Qwen/Qwen2.5-7B-Instruct,2,0,4,79.0746109560132,1,6,False
vllm,shared,Qwen/Qwen2.5-7B-Instruct,2,0,5,78.55199999175966,1,6,False
vllm,shared,Qwen/Qwen2.5-7B-Instruct,2,0,6,76.31656201556325,1,6,False
vllm,shared,Qwen/Qwen2.5-7B-Instruct,2,0,7,79.2960039107129,1,6,False
vllm,shared,Qwen/Qwen2.5-7B-Instruct,2,0,8,79.75743000861257,1,6,False
vllm,shared,Qwen/Qwen2.5-7B-Instruct,2,0,9,80.53657202981412,1,6,False
vllm,shared,Qwen/Qwen2.5-7B-Instruct,2,1,0,86.92801801953465,0,6,False
vllm,shared,Qwen/Qwen2.5-7B-Instruct,2,1,1,79.19230696279556,0,6,False
vllm,shared,Qwen/Qwen2.5-7B-Instruct,2,1,2,79.47680505458266,0,6,False
vllm,shared,Qwen/Qwen2.5-7B-Instruct,2,1,3,79.7018789453432,0,6,False
vllm,shared,Qwen/Qwen2.5-7B-Instruct,2,1,4,78.57907109428197,0,6,False
vllm,shared,Qwen/Qwen2.5-7B-Instruct,2,1,5,79.26609902642667,0,6,False
vllm,shared,Qwen/Qwen2.5-7B-Instruct,2,1,6,78.11297196894884,0,6,False
vllm,shared,Qwen/Qwen2.5-7B-Instruct,2,1,7,78.15014105290174,0,6,False
vllm,shared,Qwen/Qwen2.5-7B-Instruct,2,1,8,78.79288005642593,0,6,False
vllm,shared,Qwen/Qwen2.5-7B-Instruct,2,1,9,78.4501580055803,0,6,False
vllm,shared,Qwen/Qwen2.5-7B-Instruct,2,2,0,80.19040909130126,5,8,False
vllm,shared,Qwen/Qwen2.5-7B-Instruct,2,2,1,79.30800307076424,5,8,False
vllm,shared,Qwen/Qwen2.5-7B-Instruct,2,2,2,78.78513599280268,5,8,False
vllm,shared,Qwen/Qwen2.5-7B-Instruct,2,2,3,79.46674095001072,5,8,False
vllm,shared,Qwen/Qwen2.5-7B-Instruct,2,2,4,79.69899696763605,5,8,False
vllm,shared,Qwen/Qwen2.5-7B-Instruct,2,2,5,87.04974607098848,5,8,False
vllm,shared,Qwen/Qwen2.5-7B-Instruct,2,2,6,80.23567299824208,5,8,False
vllm,shared,Qwen/Qwen2.5-7B-Instruct,2,2,7,81.09868690371513,5,8,False
vllm,shared,Qwen/Qwen2.5-7B-Instruct,2,2,8,78.70217505842447,5,8,False
vllm,shared,Qwen/Qwen2.5-7B-Instruct,2,2,9,79.66971700079739,5,8,False
vllm,shared,Qwen/Qwen2.5-7B-Instruct,2,3,0,80.68209199700505,8,7,False
vllm,shared,Qwen/Qwen2.5-7B-Instruct,2,3,1,80.2092250669375,8,7,False
vllm,shared,Qwen/Qwen2.5-7B-Instruct,2,3,2,80.92927595134825,8,7,False
vllm,shared,Qwen/Qwen2.5-7B-Instruct,2,3,3,78.95049697253853,8,7,False
vllm,shared,Qwen/Qwen2.5-7B-Instruct,2,3,4,79.88359103910625,8,7,False
vllm,shared,Qwen/Qwen2.5-7B-Instruct,2,3,5,79.03172890655696,8,7,False
vllm,shared,Qwen/Qwen2.5-7B-Instruct,2,3,6,79.52494802884758,8,7,False
vllm,shared,Qwen/Qwen2.5-7B-Instruct,2,3,7,78.94302497152239,8,7,False
vllm,shared,Qwen/Qwen2.5-7B-Instruct,2,3,8,85.88367397896945,8,7,False
vllm,shared,Qwen/Qwen2.5-7B-Instruct,2,3,9,79.2253299150616,8,7,False
vllm,shared,Qwen/Qwen2.5-7B-Instruct,2,4,0,79.24675394315273,6,1,False
vllm,shared,Qwen/Qwen2.5-7B-Instruct,2,4,1,78.02285894285887,6,1,False
vllm,shared,Qwen/Qwen2.5-7B-Instruct,2,4,2,79.11641802638769,6,1,False
vllm,shared,Qwen/Qwen2.5-7B-Instruct,2,4,3,79.09753697458655,6,1,False
vllm,shared,Qwen/Qwen2.5-7B-Instruct,2,4,4,79.10381001420319,6,1,False
vllm,shared,Qwen/Qwen2.5-7B-Instruct,2,4,5,79.45265900343657,6,1,False
vllm,shared,Qwen/Qwen2.5-7B-Instruct,2,4,6,85.80501901451498,6,1,False
vllm,shared,Qwen/Qwen2.5-7B-Instruct,2,4,7,79.52704397030175,6,1,False
vllm,shared,Qwen/Qwen2.5-7B-Instruct,2,4,8,78.52462201844901,6,1,False
vllm,shared,Qwen/Qwen2.5-7B-Instruct,2,4,9,79.20140994247049,6,1,False
vllm,shared,Qwen/Qwen2.5-7B-Instruct,2,5,0,79.10865789745003,9,3,False
vllm,shared,Qwen/Qwen2.5-7B-Instruct,2,5,1,79.02320101857185,9,3,False
vllm,shared,Qwen/Qwen2.5-7B-Instruct,2,5,2,79.05548892449588,9,3,False
vllm,shared,Qwen/Qwen2.5-7B-Instruct,2,5,3,77.56645500194281,9,3,False
vllm,shared,Qwen/Qwen2.5-7B-Instruct,2,5,4,79.00627295020968,9,3,False
vllm,shared,Qwen/Qwen2.5-7B-Instruct,2,5,5,78.3805720275268,9,3,False
vllm,shared,Qwen/Qwen2.5-7B-Instruct,2,5,6,78.92644696403295,9,3,False
vllm,shared,Qwen/Qwen2.5-7B-Instruct,2,5,7,80.09386295452714,9,3,False
vllm,shared,Qwen/Qwen2.5-7B-Instruct,2,5,8,80.54876094684005,9,3,False
vllm,shared,Qwen/Qwen2.5-7B-Instruct,2,5,9,85.91377001721412,9,3,False
vllm,shared,Qwen/Qwen2.5-7B-Instruct,3,0,0,79.79307696223259,9,5,False
vllm,shared,Qwen/Qwen2.5-7B-Instruct,3,0,1,79.41182609647512,9,5,False
vllm,shared,Qwen/Qwen2.5-7B-Instruct,3,0,2,80.24010306689888,9,5,False
vllm,shared,Qwen/Qwen2.5-7B-Instruct,3,0,3,79.67960392124951,9,5,False
vllm,shared,Qwen/Qwen2.5-7B-Instruct,3,0,4,78.21498601697385,9,5,False
vllm,shared,Qwen/Qwen2.5-7B-Instruct,3,0,5,76.18151791393757,9,5,False
vllm,shared,Qwen/Qwen2.5-7B-Instruct,3,0,6,80.37794393021613,9,5,False
vllm,shared,Qwen/Qwen2.5-7B-Instruct,3,0,7,79.62483610026538,9,5,False
vllm,shared,Qwen/Qwen2.5-7B-Instruct,3,0,8,80.2372390171513,9,5,False
vllm,shared,Qwen/Qwen2.5-7B-Instruct,3,0,9,87.1940329670906,9,5,False
vllm,shared,Qwen/Qwen2.5-7B-Instruct,3,1,0,79.20908799860626,4,2,False
vllm,shared,Qwen/Qwen2.5-7B-Instruct,3,1,1,79.38012899830937,4,2,False
vllm,shared,Qwen/Qwen2.5-7B-Instruct,3,1,2,78.73638195451349,4,2,False
vllm,shared,Qwen/Qwen2.5-7B-Instruct,3,1,3,80.09843796025962,4,2,False
vllm,shared,Qwen/Qwen2.5-7B-Instruct,3,1,4,86.8617269443348,4,2,False
vllm,shared,Qwen/Qwen2.5-7B-Instruct,3,1,5,81.25236490741372,4,2,False
vllm,shared,Qwen/Qwen2.5-7B-Instruct,3,1,6,80.58759302366525,4,2,False
vllm,shared,Qwen/Qwen2.5-7B-Instruct,3,1,7,79.50528094079345,4,2,False
vllm,shared,Qwen/Qwen2.5-7B-Instruct,3,1,8,80.28035901952535,4,2,False
vllm,shared,Qwen/Qwen2.5-7B-Instruct,3,1,9,79.9906449392438,4,2,False
vllm,shared,Qwen/Qwen2.5-7B-Instruct,3,2,0,80.3362790029496,6,5,False
vllm,shared,Qwen/Qwen2.5-7B-Instruct,3,2,1,80.84088994655758,6,5,False
vllm,shared,Qwen/Qwen2.5-7B-Instruct,3,2,2,79.07772809267044,6,5,False
vllm,shared,Qwen/Qwen2.5-7B-Instruct,3,2,3,80.62338398303837,6,5,False
vllm,shared,Qwen/Qwen2.5-7B-Instruct,3,2,4,80.50314395222813,6,5,False
vllm,shared,Qwen/Qwen2.5-7B-Instruct,3,2,5,78.3927469747141,6,5,False
vllm,shared,Qwen/Qwen2.5-7B-Instruct,3,2,6,86.4348920295015,6,5,False
vllm,shared,Qwen/Qwen2.5-7B-Instruct,3,2,7,78.60335696022958,6,5,False
vllm,shared,Qwen/Qwen2.5-7B-Instruct,3,2,8,81.04809105861932,6,5,False
vllm,shared,Qwen/Qwen2.5-7B-Instruct,3,2,9,79.86750802956522,6,5,False
vllm,shared,Qwen/Qwen2.5-7B-Instruct,3,3,0,78.90697405673563,4,6,False
vllm,shared,Qwen/Qwen2.5-7B-Instruct,3,3,1,81.23180503025651,4,6,False
vllm,shared,Qwen/Qwen2.5-7B-Instruct,3,3,2,80.3098629694432,4,6,False
vllm,shared,Qwen/Qwen2.5-7B-Instruct,3,3,3,80.83767304196954,4,6,False
vllm,shared,Qwen/Qwen2.5-7B-Instruct,3,3,4,87.31176098808646,4,6,False
vllm,shared,Qwen/Qwen2.5-7B-Instruct,3,3,5,79.96125193312764,4,6,False
vllm,shared,Qwen/Qwen2.5-7B-Instruct,3,3,6,78.69996502995491,4,6,False
vllm,shared,Qwen/Qwen2.5-7B-Instruct,3,3,7,79.41652904264629,4,6,False
vllm,shared,Qwen/Qwen2.5-7B-Instruct,3,3,8,79.26046405918896,4,6,False
vllm,shared,Qwen/Qwen2.5-7B-Instruct,3,3,9,79.80304304510355,4,6,False
vllm,shared,Qwen/Qwen2.5-7B-Instruct,3,4,0,80.36099909804761,2,9,False
vllm,shared,Qwen/Qwen2.5-7B-Instruct,3,4,1,79.08692699857056,2,9,False
vllm,shared,Qwen/Qwen2.5-7B-Instruct,3,4,2,87.06772606819868,2,9,False
vllm,shared,Qwen/Qwen2.5-7B-Instruct,3,4,3,79.07638291362673,2,9,False
vllm,shared,Qwen/Qwen2.5-7B-Instruct,3,4,4,79.08526307437569,2,9,False
vllm,shared,Qwen/Qwen2.5-7B-Instruct,3,4,5,78.76758102793247,2,9,False
vllm,shared,Qwen/Qwen2.5-7B-Instruct,3,4,6,79.2052960023284,2,9,False
vllm,shared,Qwen/Qwen2.5-7B-Instruct,3,4,7,79.24113504122943,2,9,False
vllm,shared,Qwen/Qwen2.5-7B-Instruct,3,4,8,78.87151697650552,2,9,False
vllm,shared,Qwen/Qwen2.5-7B-Instruct,3,4,9,78.15372105687857,2,9,False
vllm,shared,Qwen/Qwen2.5-7B-Instruct,3,5,0,78.98598199244589,7,8,False
vllm,shared,Qwen/Qwen2.5-7B-Instruct,3,5,1,79.33950400911272,7,8,False
vllm,shared,Qwen/Qwen2.5-7B-Instruct,3,5,2,79.04892705846578,7,8,False
vllm,shared,Qwen/Qwen2.5-7B-Instruct,3,5,3,80.7061200030148,7,8,False
vllm,shared,Qwen/Qwen2.5-7B-Instruct,3,5,4,80.57456696406007,7,8,False
vllm,shared,Qwen/Qwen2.5-7B-Instruct,3,5,5,79.87387501634657,7,8,False
vllm,shared,Qwen/Qwen2.5-7B-Instruct,3,5,6,79.16065503377467,7,8,False
vllm,shared,Qwen/Qwen2.5-7B-Instruct,3,5,7,86.1180080100894,7,8,False
vllm,shared,Qwen/Qwen2.5-7B-Instruct,3,5,8,78.12274398747832,7,8,False
vllm,shared,Qwen/Qwen2.5-7B-Instruct,3,5,9,78.68708402384073,7,8,False
vllm,shared,Qwen/Qwen2.5-7B-Instruct,4,0,0,80.13749297242612,5,6,False
vllm,shared,Qwen/Qwen2.5-7B-Instruct,4,0,1,79.82547406572849,5,6,False
vllm,shared,Qwen/Qwen2.5-7B-Instruct,4,0,2,79.32548690587282,5,6,False
vllm,shared,Qwen/Qwen2.5-7B-Instruct,4,0,3,79.01570899412036,5,6,False
vllm,shared,Qwen/Qwen2.5-7B-Instruct,4,0,4,81.16293896455318,5,6,False
vllm,shared,Qwen/Qwen2.5-7B-Instruct,4,0,5,86.42068190965801,5,6,False
vllm,shared,Qwen/Qwen2.5-7B-Instruct,4,0,6,78.67551501840353,5,6,False
vllm,shared,Qwen/Qwen2.5-7B-Instruct,4,0,7,79.00319690816104,5,6,False
vllm,shared,Qwen/Qwen2.5-7B-Instruct,4,0,8,79.94235400110483,5,6,False
vllm,shared,Qwen/Qwen2.5-7B-Instruct,4,0,9,80.0777159165591,5,6,False
vllm,shared,Qwen/Qwen2.5-7B-Instruct,4,1,0,81.17405802477151,7,9,False
vllm,shared,Qwen/Qwen2.5-7B-Instruct,4,1,1,79.95417795609683,7,9,False
vllm,shared,Qwen/Qwen2.5-7B-Instruct,4,1,2,80.51927003543824,7,9,False
vllm,shared,Qwen/Qwen2.5-7B-Instruct,4,1,3,79.83216200955212,7,9,False
vllm,shared,Qwen/Qwen2.5-7B-Instruct,4,1,4,80.08726802654564,7,9,False
vllm,shared,Qwen/Qwen2.5-7B-Instruct,4,1,5,82.03102299012244,7,9,False
vllm,shared,Qwen/Qwen2.5-7B-Instruct,4,1,6,80.955496057868,7,9,False
vllm,shared,Qwen/Qwen2.5-7B-Instruct,4,1,7,86.03941497858614,7,9,False
vllm,shared,Qwen/Qwen2.5-7B-Instruct,4,1,8,79.87955398857594,7,9,False
vllm,shared,Qwen/Qwen2.5-7B-Instruct,4,1,9,79.37542290892452,7,9,False
vllm,shared,Qwen/Qwen2.5-7B-Instruct,4,2,0,79.43081494886428,2,6,False
vllm,shared,Qwen/Qwen2.5-7B-Instruct,4,2,1,79.64963198173791,2,6,False
vllm,shared,Qwen/Qwen2.5-7B-Instruct,4,2,2,84.94747197255492,2,6,False
vllm,shared,Qwen/Qwen2.5-7B-Instruct,4,2,3,79.04542109463364,2,6,False
vllm,shared,Qwen/Qwen2.5-7B-Instruct,4,2,4,80.28592506889254,2,6,False
vllm,shared,Qwen/Qwen2.5-7B-Instruct,4,2,5,80.06630709860474,2,6,False
vllm,shared,Qwen/Qwen2.5-7B-Instruct,4,2,6,77.69266096875072,2,6,False
vllm,shared,Qwen/Qwen2.5-7B-Instruct,4,2,7,78.60428199637681,2,6,False
vllm,shared,Qwen/Qwen2.5-7B-Instruct,4,2,8,80.17678803298622,2,6,False
vllm,shared,Qwen/Qwen2.5-7B-Instruct,4,2,9,80.20486799068749,2,6,False
vllm,shared,Qwen/Qwen2.5-7B-Instruct,4,3,0,79.49351903516799,5,9,False
vllm,shared,Qwen/Qwen2.5-7B-Instruct,4,3,1,80.37707593757659,5,9,False
vllm,shared,Qwen/Qwen2.5-7B-Instruct,4,3,2,80.67726995795965,5,9,False
vllm,shared,Qwen/Qwen2.5-7B-Instruct,4,3,3,79.344397992827,5,9,False
vllm,shared,Qwen/Qwen2.5-7B-Instruct,4,3,4,80.43883601203561,5,9,False
vllm,shared,Qwen/Qwen2.5-7B-Instruct,4,3,5,86.50357695296407,5,9,False
vllm,shared,Qwen/Qwen2.5-7B-Instruct,4,3,6,80.7211899664253,5,9,False
vllm,shared,Qwen/Qwen2.5-7B-Instruct,4,3,7,79.47274995967746,5,9,False
vllm,shared,Qwen/Qwen2.5-7B-Instruct,4,3,8,80.34584403503686,5,9,False
vllm,shared,Qwen/Qwen2.5-7B-Instruct,4,3,9,79.25310207065195,5,9,False
vllm,shared,Qwen/Qwen2.5-7B-Instruct,4,4,0,78.10661499388516,9,0,False
vllm,shared,Qwen/Qwen2.5-7B-Instruct,4,4,1,80.16622706782073,9,0,False
vllm,shared,Qwen/Qwen2.5-7B-Instruct,4,4,2,79.5190230710432,9,0,False
vllm,shared,Qwen/Qwen2.5-7B-Instruct,4,4,3,80.12681803666055,9,0,False
vllm,shared,Qwen/Qwen2.5-7B-Instruct,4,4,4,79.14593198802322,9,0,False
vllm,shared,Qwen/Qwen2.5-7B-Instruct,4,4,5,79.41145403310657,9,0,False
vllm,shared,Qwen/Qwen2.5-7B-Instruct,4,4,6,78.85649101808667,9,0,False
vllm,shared,Qwen/Qwen2.5-7B-Instruct,4,4,7,79.09532403573394,9,0,False
vllm,shared,Qwen/Qwen2.5-7B-Instruct,4,4,8,78.9768269751221,9,0,False
vllm,shared,Qwen/Qwen2.5-7B-Instruct,4,4,9,86.74212289042771,9,0,False
vllm,shared,Qwen/Qwen2.5-7B-Instruct,4,5,0,80.01124893780798,1,6,False
vllm,shared,Qwen/Qwen2.5-7B-Instruct,4,5,1,85.6886759866029,1,6,False
vllm,shared,Qwen/Qwen2.5-7B-Instruct,4,5,2,79.35108605306596,1,6,False
vllm,shared,Qwen/Qwen2.5-7B-Instruct,4,5,3,79.87753592897207,1,6,False
vllm,shared,Qwen/Qwen2.5-7B-Instruct,4,5,4,80.37486707326025,1,6,False
vllm,shared,Qwen/Qwen2.5-7B-Instruct,4,5,5,79.6901430003345,1,6,False
vllm,shared,Qwen/Qwen2.5-7B-Instruct,4,5,6,78.91393103636801,1,6,False
vllm,shared,Qwen/Qwen2.5-7B-Instruct,4,5,7,79.57108598202467,1,6,False
vllm,shared,Qwen/Qwen2.5-7B-Instruct,4,5,8,79.55063797999173,1,6,False
vllm,shared,Qwen/Qwen2.5-7B-Instruct,4,5,9,79.15921206586063,1,6,False
vllm,shared,Qwen/Qwen2.5-7B-Instruct,5,0,0,76.70492399483919,3,0,False
vllm,shared,Qwen/Qwen2.5-7B-Instruct,5,0,1,78.87073000892997,3,0,False
vllm,shared,Qwen/Qwen2.5-7B-Instruct,5,0,2,80.3408829960972,3,0,False
vllm,shared,Qwen/Qwen2.5-7B-Instruct,5,0,3,85.37659305147827,3,0,False
vllm,shared,Qwen/Qwen2.5-7B-Instruct,5,0,4,79.80620791204274,3,0,False
vllm,shared,Qwen/Qwen2.5-7B-Instruct,5,0,5,81.48047397844493,3,0,False
vllm,shared,Qwen/Qwen2.5-7B-Instruct,5,0,6,79.13841097615659,3,0,False
vllm,shared,Qwen/Qwen2.5-7B-Instruct,5,0,7,80.68456407636404,3,0,False
vllm,shared,Qwen/Qwen2.5-7B-Instruct,5,0,8,78.66776897571981,3,0,False
vllm,shared,Qwen/Qwen2.5-7B-Instruct,5,0,9,81.26328804064542,3,0,False
vllm,shared,Qwen/Qwen2.5-7B-Instruct,5,1,0,80.15637006610632,7,2,False
vllm,shared,Qwen/Qwen2.5-7B-Instruct,5,1,1,79.79095901828259,7,2,False
vllm,shared,Qwen/Qwen2.5-7B-Instruct,5,1,2,78.35805404465646,7,2,False
vllm,shared,Qwen/Qwen2.5-7B-Instruct,5,1,3,80.59661102015525,7,2,False
vllm,shared,Qwen/Qwen2.5-7B-Instruct,5,1,4,81.56353002414107,7,2,False
vllm,shared,Qwen/Qwen2.5-7B-Instruct,5,1,5,81.00935094989836,7,2,False
vllm,shared,Qwen/Qwen2.5-7B-Instruct,5,1,6,81.79953100625426,7,2,False
vllm,shared,Qwen/Qwen2.5-7B-Instruct,5,1,7,87.42186904419214,7,2,False
vllm,shared,Qwen/Qwen2.5-7B-Instruct,5,1,8,81.82631502859294,7,2,False
vllm,shared,Qwen/Qwen2.5-7B-Instruct,5,1,9,80.9248851146549,7,2,False
vllm,shared,Qwen/Qwen2.5-7B-Instruct,5,2,0,79.17300204280764,5,7,False
vllm,shared,Qwen/Qwen2.5-7B-Instruct,5,2,1,78.48458201624453,5,7,False
vllm,shared,Qwen/Qwen2.5-7B-Instruct,5,2,2,80.15016105491668,5,7,False
vllm,shared,Qwen/Qwen2.5-7B-Instruct,5,2,3,78.71352799702436,5,7,False
vllm,shared,Qwen/Qwen2.5-7B-Instruct,5,2,4,80.40110603906214,5,7,False
vllm,shared,Qwen/Qwen2.5-7B-Instruct,5,2,5,86.06882009189576,5,7,False
vllm,shared,Qwen/Qwen2.5-7B-Instruct,5,2,6,80.5158750154078,5,7,False
vllm,shared,Qwen/Qwen2.5-7B-Instruct,5,2,7,77.70579401403666,5,7,False
vllm,shared,Qwen/Qwen2.5-7B-Instruct,5,2,8,79.16711503639817,5,7,False
vllm,shared,Qwen/Qwen2.5-7B-Instruct,5,2,9,80.49181092064828,5,7,False
vllm,shared,Qwen/Qwen2.5-7B-Instruct,5,3,0,86.63776703178883,0,8,False
vllm,shared,Qwen/Qwen2.5-7B-Instruct,5,3,1,80.76830802019686,0,8,False
vllm,shared,Qwen/Qwen2.5-7B-Instruct,5,3,2,79.86702199559659,0,8,False
vllm,shared,Qwen/Qwen2.5-7B-Instruct,5,3,3,80.59064205735922,0,8,False
vllm,shared,Qwen/Qwen2.5-7B-Instruct,5,3,4,79.83286201488227,0,8,False
vllm,shared,Qwen/Qwen2.5-7B-Instruct,5,3,5,80.25958493817598,0,8,False
vllm,shared,Qwen/Qwen2.5-7B-Instruct,5,3,6,81.868059001863,0,8,False
vllm,shared,Qwen/Qwen2.5-7B-Instruct,5,3,7,79.36593098565936,0,8,False
vllm,shared,Qwen/Qwen2.5-7B-Instruct,5,3,8,78.55447009205818,0,8,False
vllm,shared,Qwen/Qwen2.5-7B-Instruct,5,3,9,79.42397997248918,0,8,False
vllm,shared,Qwen/Qwen2.5-7B-Instruct,5,4,0,79.65899002738297,2,8,False
vllm,shared,Qwen/Qwen2.5-7B-Instruct,5,4,1,79.59130895324051,2,8,False
vllm,shared,Qwen/Qwen2.5-7B-Instruct,5,4,2,87.14887406677008,2,8,False
vllm,shared,Qwen/Qwen2.5-7B-Instruct,5,4,3,79.61182098370045,2,8,False
vllm,shared,Qwen/Qwen2.5-7B-Instruct,5,4,4,79.06178501434624,2,8,False
vllm,shared,Qwen/Qwen2.5-7B-Instruct,5,4,5,79.67436499893665,2,8,False
vllm,shared,Qwen/Qwen2.5-7B-Instruct,5,4,6,79.48783505707979,2,8,False
vllm,shared,Qwen/Qwen2.5-7B-Instruct,5,4,7,79.07226495444775,2,8,False
vllm,shared,Qwen/Qwen2.5-7B-Instruct,5,4,8,79.05976998154074,2,8,False
vllm,shared,Qwen/Qwen2.5-7B-Instruct,5,4,9,80.32177702989429,2,8,False
vllm,shared,Qwen/Qwen2.5-7B-Instruct,5,5,0,78.24334898032248,8,5,False
vllm,shared,Qwen/Qwen2.5-7B-Instruct,5,5,1,80.73392300866544,8,5,False
vllm,shared,Qwen/Qwen2.5-7B-Instruct,5,5,2,78.28168501146138,8,5,False
vllm,shared,Qwen/Qwen2.5-7B-Instruct,5,5,3,78.89882393646985,8,5,False
vllm,shared,Qwen/Qwen2.5-7B-Instruct,5,5,4,79.38335498329252,8,5,False
vllm,shared,Qwen/Qwen2.5-7B-Instruct,5,5,5,77.77240092400461,8,5,False
vllm,shared,Qwen/Qwen2.5-7B-Instruct,5,5,6,79.09312902484089,8,5,False
vllm,shared,Qwen/Qwen2.5-7B-Instruct,5,5,7,79.49295500293374,8,5,False
vllm,shared,Qwen/Qwen2.5-7B-Instruct,5,5,8,85.98739292938262,8,5,False
vllm,shared,Qwen/Qwen2.5-7B-Instruct,5,5,9,79.81953292619437,8,5,False
vllm,shared,Qwen/Qwen2.5-7B-Instruct,6,0,0,80.55966498795897,2,8,False
vllm,shared,Qwen/Qwen2.5-7B-Instruct,6,0,1,81.96466509252787,2,8,False
vllm,shared,Qwen/Qwen2.5-7B-Instruct,6,0,2,86.66520600672811,2,8,False
vllm,shared,Qwen/Qwen2.5-7B-Instruct,6,0,3,79.56633192952722,2,8,False
vllm,shared,Qwen/Qwen2.5-7B-Instruct,6,0,4,79.76881298236549,2,8,False
vllm,shared,Qwen/Qwen2.5-7B-Instruct,6,0,5,79.96900600846857,2,8,False
vllm,shared,Qwen/Qwen2.5-7B-Instruct,6,0,6,80.6534739676863,2,8,False
vllm,shared,Qwen/Qwen2.5-7B-Instruct,6,0,7,80.80536301713437,2,8,False
vllm,shared,Qwen/Qwen2.5-7B-Instruct,6,0,8,78.98647105321288,2,8,False
vllm,shared,Qwen/Qwen2.5-7B-Instruct,6,0,9,79.46852303575724,2,8,False
vllm,shared,Qwen/Qwen2.5-7B-Instruct,6,1,0,79.54977103509009,5,0,False
vllm,shared,Qwen/Qwen2.5-7B-Instruct,6,1,1,81.2083090422675,5,0,False
vllm,shared,Qwen/Qwen2.5-7B-Instruct,6,1,2,80.8291380526498,5,0,False
vllm,shared,Qwen/Qwen2.5-7B-Instruct,6,1,3,81.66104799602181,5,0,False
vllm,shared,Qwen/Qwen2.5-7B-Instruct,6,1,4,80.9008670039475,5,0,False
vllm,shared,Qwen/Qwen2.5-7B-Instruct,6,1,5,87.91007695253938,5,0,False
vllm,shared,Qwen/Qwen2.5-7B-Instruct,6,1,6,81.2188689596951,5,0,False
vllm,shared,Qwen/Qwen2.5-7B-Instruct,6,1,7,79.79455695021898,5,0,False
vllm,shared,Qwen/Qwen2.5-7B-Instruct,6,1,8,80.68222599104047,5,0,False
vllm,shared,Qwen/Qwen2.5-7B-Instruct,6,1,9,80.78149100765586,5,0,False
vllm,shared,Qwen/Qwen2.5-7B-Instruct,6,2,0,80.2864310098812,4,3,False
vllm,shared,Qwen/Qwen2.5-7B-Instruct,6,2,1,79.99393390491605,4,3,False
vllm,shared,Qwen/Qwen2.5-7B-Instruct,6,2,2,79.22186492942274,4,3,False
vllm,shared,Qwen/Qwen2.5-7B-Instruct,6,2,3,78.06014595553279,4,3,False
vllm,shared,Qwen/Qwen2.5-7B-Instruct,6,2,4,85.93872096389532,4,3,False
vllm,shared,Qwen/Qwen2.5-7B-Instruct,6,2,5,79.6705869724974,4,3,False
vllm,shared,Qwen/Qwen2.5-7B-Instruct,6,2,6,79.87892406526953,4,3,False
vllm,shared,Qwen/Qwen2.5-7B-Instruct,6,2,7,79.90329200401902,4,3,False
vllm,shared,Qwen/Qwen2.5-7B-Instruct,6,2,8,80.97013109363616,4,3,False
vllm,shared,Qwen/Qwen2.5-7B-Instruct,6,2,9,80.19524696283042,4,3,False
vllm,shared,Qwen/Qwen2.5-7B-Instruct,6,3,0,80.00580500811338,2,4,False
vllm,shared,Qwen/Qwen2.5-7B-Instruct,6,3,1,80.13241400476545,2,4,False
vllm,shared,Qwen/Qwen2.5-7B-Instruct,6,3,2,86.08403301332146,2,4,False
vllm,shared,Qwen/Qwen2.5-7B-Instruct,6,3,3,81.86724002007395,2,4,False
vllm,shared,Qwen/Qwen2.5-7B-Instruct,6,3,4,78.30294594168663,2,4,False
vllm,shared,Qwen/Qwen2.5-7B-Instruct,6,3,5,81.01630606688559,2,4,False
vllm,shared,Qwen/Qwen2.5-7B-Instruct,6,3,6,82.28093793150038,2,4,False
vllm,shared,Qwen/Qwen2.5-7B-Instruct,6,3,7,82.01495301909745,2,4,False
vllm,shared,Qwen/Qwen2.5-7B-Instruct,6,3,8,79.55793000292033,2,4,False
vllm,shared,Qwen/Qwen2.5-7B-Instruct,6,3,9,79.55594605300575,2,4,False
vllm,shared,Qwen/Qwen2.5-7B-Instruct,6,4,0,79.16882308200002,2,6,False
vllm,shared,Qwen/Qwen2.5-7B-Instruct,6,4,1,79.69673094339669,2,6,False
vllm,shared,Qwen/Qwen2.5-7B-Instruct,6,4,2,85.44642990455031,2,6,False
vllm,shared,Qwen/Qwen2.5-7B-Instruct,6,4,3,79.53948201611638,2,6,False
vllm,shared,Qwen/Qwen2.5-7B-Instruct,6,4,4,79.26792907528579,2,6,False
vllm,shared,Qwen/Qwen2.5-7B-Instruct,6,4,5,79.37479205429554,2,6,False
vllm,shared,Qwen/Qwen2.5-7B-Instruct,6,4,6,78.15163396298885,2,6,False
vllm,shared,Qwen/Qwen2.5-7B-Instruct,6,4,7,78.46736302599311,2,6,False
vllm,shared,Qwen/Qwen2.5-7B-Instruct,6,4,8,79.76685895118862,2,6,False
vllm,shared,Qwen/Qwen2.5-7B-Instruct,6,4,9,79.81061993632466,2,6,False
vllm,shared,Qwen/Qwen2.5-7B-Instruct,6,5,0,87.3230320867151,0,3,False
vllm,shared,Qwen/Qwen2.5-7B-Instruct,6,5,1,79.93653998710215,0,3,False
vllm,shared,Qwen/Qwen2.5-7B-Instruct,6,5,2,81.09489793423563,0,3,False
vllm,shared,Qwen/Qwen2.5-7B-Instruct,6,5,3,78.86528503149748,0,3,False
vllm,shared,Qwen/Qwen2.5-7B-Instruct,6,5,4,79.4644410489127,0,3,False
vllm,shared,Qwen/Qwen2.5-7B-Instruct,6,5,5,80.79747296869755,0,3,False
vllm,shared,Qwen/Qwen2.5-7B-Instruct,6,5,6,80.26798197533935,0,3,False
vllm,shared,Qwen/Qwen2.5-7B-Instruct,6,5,7,78.88381404336542,0,3,False
vllm,shared,Qwen/Qwen2.5-7B-Instruct,6,5,8,79.37931991182268,0,3,False
vllm,shared,Qwen/Qwen2.5-7B-Instruct,6,5,9,79.5250169467181,0,3,False
vllm,shared,Qwen/Qwen2.5-7B-Instruct,7,0,0,79.4406320201233,6,1,False
vllm,shared,Qwen/Qwen2.5-7B-Instruct,7,0,1,79.09126998856664,6,1,False
vllm,shared,Qwen/Qwen2.5-7B-Instruct,7,0,2,80.17758000642061,6,1,False
vllm,shared,Qwen/Qwen2.5-7B-Instruct,7,0,3,79.98674700502306,6,1,False
vllm,shared,Qwen/Qwen2.5-7B-Instruct,7,0,4,80.85649705026299,6,1,False
vllm,shared,Qwen/Qwen2.5-7B-Instruct,7,0,5,79.19157505966723,6,1,False
vllm,shared,Qwen/Qwen2.5-7B-Instruct,7,0,6,87.21491892356426,6,1,False
vllm,shared,Qwen/Qwen2.5-7B-Instruct,7,0,7,81.79776696488261,6,1,False
vllm,shared,Qwen/Qwen2.5-7B-Instruct,7,0,8,80.2487808978185,6,1,False
vllm,shared,Qwen/Qwen2.5-7B-Instruct,7,0,9,80.35799697972834,6,1,False
vllm,shared,Qwen/Qwen2.5-7B-Instruct,7,1,0,81.09749003779143,7,3,False
vllm,shared,Qwen/Qwen2.5-7B-Instruct,7,1,1,80.02701902296394,7,3,False
vllm,shared,Qwen/Qwen2.5-7B-Instruct,7,1,2,79.99724301043898,7,3,False
vllm,shared,Qwen/Qwen2.5-7B-Instruct,7,1,3,77.23417109809816,7,3,False
vllm,shared,Qwen/Qwen2.5-7B-Instruct,7,1,4,80.67963202483952,7,3,False
vllm,shared,Qwen/Qwen2.5-7B-Instruct,7,1,5,79.52903199475259,7,3,False
vllm,shared,Qwen/Qwen2.5-7B-Instruct,7,1,6,80.39679692592472,7,3,False
vllm,shared,Qwen/Qwen2.5-7B-Instruct,7,1,7,85.74263704940677,7,3,False
vllm,shared,Qwen/Qwen2.5-7B-Instruct,7,1,8,81.15670608822256,7,3,False
vllm,shared,Qwen/Qwen2.5-7B-Instruct,7,1,9,80.58751909993589,7,3,False
vllm,shared,Qwen/Qwen2.5-7B-Instruct,7,2,0,81.01657603401691,2,8,False
vllm,shared,Qwen/Qwen2.5-7B-Instruct,7,2,1,80.60814195778221,2,8,False
vllm,shared,Qwen/Qwen2.5-7B-Instruct,7,2,2,86.08364698011428,2,8,False
vllm,shared,Qwen/Qwen2.5-7B-Instruct,7,2,3,80.64182300586253,2,8,False
vllm,shared,Qwen/Qwen2.5-7B-Instruct,7,2,4,81.10379299614578,2,8,False
vllm,shared,Qwen/Qwen2.5-7B-Instruct,7,2,5,80.40665299631655,2,8,False
vllm,shared,Qwen/Qwen2.5-7B-Instruct,7,2,6,82.23922399338335,2,8,False
vllm,shared,Qwen/Qwen2.5-7B-Instruct,7,2,7,80.63260593917221,2,8,False
vllm,shared,Qwen/Qwen2.5-7B-Instruct,7,2,8,79.89932294003665,2,8,False
vllm,shared,Qwen/Qwen2.5-7B-Instruct,7,2,9,80.79396700486541,2,8,False
vllm,shared,Qwen/Qwen2.5-7B-Instruct,7,3,0,80.12495492585003,7,5,False
vllm,shared,Qwen/Qwen2.5-7B-Instruct,7,3,1,79.5385359087959,7,5,False
vllm,shared,Qwen/Qwen2.5-7B-Instruct,7,3,2,81.22811396606266,7,5,False
vllm,shared,Qwen/Qwen2.5-7B-Instruct,7,3,3,81.45198703277856,7,5,False
vllm,shared,Qwen/Qwen2.5-7B-Instruct,7,3,4,81.43872197251767,7,5,False
vllm,shared,Qwen/Qwen2.5-7B-Instruct,7,3,5,78.58318602666259,7,5,False
vllm,shared,Qwen/Qwen2.5-7B-Instruct,7,3,6,80.67020599264652,7,5,False
vllm,shared,Qwen/Qwen2.5-7B-Instruct,7,3,7,87.48015004675835,7,5,False
vllm,shared,Qwen/Qwen2.5-7B-Instruct,7,3,8,79.7970968997106,7,5,False
vllm,shared,Qwen/Qwen2.5-7B-Instruct,7,3,9,80.77660691924393,7,5,False
vllm,shared,Qwen/Qwen2.5-7B-Instruct,7,4,0,86.30945603363216,0,5,False
vllm,shared,Qwen/Qwen2.5-7B-Instruct,7,4,1,81.00916689727455,0,5,False
vllm,shared,Qwen/Qwen2.5-7B-Instruct,7,4,2,80.06455493159592,0,5,False
vllm,shared,Qwen/Qwen2.5-7B-Instruct,7,4,3,80.14841098338366,0,5,False
vllm,shared,Qwen/Qwen2.5-7B-Instruct,7,4,4,80.68292599637061,0,5,False
vllm,shared,Qwen/Qwen2.5-7B-Instruct,7,4,5,78.68665794376284,0,5,False
vllm,shared,Qwen/Qwen2.5-7B-Instruct,7,4,6,78.91867507714778,0,5,False
vllm,shared,Qwen/Qwen2.5-7B-Instruct,7,4,7,80.4134999634698,0,5,False
vllm,shared,Qwen/Qwen2.5-7B-Instruct,7,4,8,79.29445302579552,0,5,False
vllm,shared,Qwen/Qwen2.5-7B-Instruct,7,4,9,79.8493690090254,0,5,False
vllm,shared,Qwen/Qwen2.5-7B-Instruct,7,5,0,86.48759999778122,0,5,False
vllm,shared,Qwen/Qwen2.5-7B-Instruct,7,5,1,79.77920898701996,0,5,False
vllm,shared,Qwen/Qwen2.5-7B-Instruct,7,5,2,79.92159388959408,0,5,False
vllm,shared,Qwen/Qwen2.5-7B-Instruct,7,5,3,79.1463729692623,0,5,False
vllm,shared,Qwen/Qwen2.5-7B-Instruct,7,5,4,79.64938296936452,0,5,False
vllm,shared,Qwen/Qwen2.5-7B-Instruct,7,5,5,78.68817797861993,0,5,False
vllm,shared,Qwen/Qwen2.5-7B-Instruct,7,5,6,80.10436198674142,0,5,False
vllm,shared,Qwen/Qwen2.5-7B-Instruct,7,5,7,79.96610610280186,0,5,False
vllm,shared,Qwen/Qwen2.5-7B-Instruct,7,5,8,79.27557302173227,0,5,False
vllm,shared,Qwen/Qwen2.5-7B-Instruct,7,5,9,79.12960404064506,0,5,False
vllm,shared,Qwen/Qwen2.5-7B-Instruct,8,0,0,78.70800199452788,7,0,False
vllm,shared,Qwen/Qwen2.5-7B-Instruct,8,0,1,79.83532000798732,7,0,False
vllm,shared,Qwen/Qwen2.5-7B-Instruct,8,0,2,80.27074707206339,7,0,False
vllm,shared,Qwen/Qwen2.5-7B-Instruct,8,0,3,79.31389310397208,7,0,False
vllm,shared,Qwen/Qwen2.5-7B-Instruct,8,0,4,79.49790998827666,7,0,False
vllm,shared,Qwen/Qwen2.5-7B-Instruct,8,0,5,79.49859800282866,7,0,False
vllm,shared,Qwen/Qwen2.5-7B-Instruct,8,0,6,80.55732503999025,7,0,False
vllm,shared,Qwen/Qwen2.5-7B-Instruct,8,0,7,86.92022692412138,7,0,False
vllm,shared,Qwen/Qwen2.5-7B-Instruct,8,0,8,80.81470197066665,7,0,False
vllm,shared,Qwen/Qwen2.5-7B-Instruct,8,0,9,79.57986206747591,7,0,False
vllm,shared,Qwen/Qwen2.5-7B-Instruct,8,1,0,79.26891592796892,1,0,False
vllm,shared,Qwen/Qwen2.5-7B-Instruct,8,1,1,87.93928800150752,1,0,False
vllm,shared,Qwen/Qwen2.5-7B-Instruct,8,1,2,80.43487498071045,1,0,False
vllm,shared,Qwen/Qwen2.5-7B-Instruct,8,1,3,79.97944892849773,1,0,False
vllm,shared,Qwen/Qwen2.5-7B-Instruct,8,1,4,81.6439229529351,1,0,False
vllm,shared,Qwen/Qwen2.5-7B-Instruct,8,1,5,80.02612099517137,1,0,False
vllm,shared,Qwen/Qwen2.5-7B-Instruct,8,1,6,80.04600903950632,1,0,False
vllm,shared,Qwen/Qwen2.5-7B-Instruct,8,1,7,79.3592530535534,1,0,False
vllm,shared,Qwen/Qwen2.5-7B-Instruct,8,1,8,81.05924690607935,1,0,False
vllm,shared,Qwen/Qwen2.5-7B-Instruct,8,1,9,80.1820419728756,1,0,False
vllm,shared,Qwen/Qwen2.5-7B-Instruct,8,2,0,81.2071030959487,6,5,False
vllm,shared,Qwen/Qwen2.5-7B-Instruct,8,2,1,80.56946797296405,6,5,False
vllm,shared,Qwen/Qwen2.5-7B-Instruct,8,2,2,80.50567598547786,6,5,False
vllm,shared,Qwen/Qwen2.5-7B-Instruct,8,2,3,79.57595807965845,6,5,False
vllm,shared,Qwen/Qwen2.5-7B-Instruct,8,2,4,80.87844494730234,6,5,False
vllm,shared,Qwen/Qwen2.5-7B-Instruct,8,2,5,79.2840049834922,6,5,False
vllm,shared,Qwen/Qwen2.5-7B-Instruct,8,2,6,86.53975906781852,6,5,False
vllm,shared,Qwen/Qwen2.5-7B-Instruct,8,2,7,80.79377305693924,6,5,False
vllm,shared,Qwen/Qwen2.5-7B-Instruct,8,2,8,81.10414305701852,6,5,False
vllm,shared,Qwen/Qwen2.5-7B-Instruct,8,2,9,79.97847197111696,6,5,False
vllm,shared,Qwen/Qwen2.5-7B-Instruct,8,3,0,79.89130297210068,9,5,False
vllm,shared,Qwen/Qwen2.5-7B-Instruct,8,3,1,78.58193595893681,9,5,False
vllm,shared,Qwen/Qwen2.5-7B-Instruct,8,3,2,79.66014998964965,9,5,False
vllm,shared,Qwen/Qwen2.5-7B-Instruct,8,3,3,80.37186693400145,9,5,False
vllm,shared,Qwen/Qwen2.5-7B-Instruct,8,3,4,79.23584303352982,9,5,False
vllm,shared,Qwen/Qwen2.5-7B-Instruct,8,3,5,77.54114491399378,9,5,False
vllm,shared,Qwen/Qwen2.5-7B-Instruct,8,3,6,79.90599097684026,9,5,False
vllm,shared,Qwen/Qwen2.5-7B-Instruct,8,3,7,79.90413496736437,9,5,False
vllm,shared,Qwen/Qwen2.5-7B-Instruct,8,3,8,79.25632304977626,9,5,False
vllm,shared,Qwen/Qwen2.5-7B-Instruct,8,3,9,86.52146998792887,9,5,False
vllm,shared,Qwen/Qwen2.5-7B-Instruct,8,4,0,79.96984699275345,8,9,False
vllm,shared,Qwen/Qwen2.5-7B-Instruct,8,4,1,78.86411296203732,8,9,False
vllm,shared,Qwen/Qwen2.5-7B-Instruct,8,4,2,79.54238902311772,8,9,False
vllm,shared,Qwen/Qwen2.5-7B-Instruct,8,4,3,79.98803991358727,8,9,False
vllm,shared,Qwen/Qwen2.5-7B-Instruct,8,4,4,79.16686602402478,8,9,False
vllm,shared,Qwen/Qwen2.5-7B-Instruct,8,4,5,80.13399306219071,8,9,False
vllm,shared,Qwen/Qwen2.5-7B-Instruct,8,4,6,79.1371869854629,8,9,False
vllm,shared,Qwen/Qwen2.5-7B-Instruct,8,4,7,79.06664197798818,8,9,False
vllm,shared,Qwen/Qwen2.5-7B-Instruct,8,4,8,85.43251897208393,8,9,False
vllm,shared,Qwen/Qwen2.5-7B-Instruct,8,4,9,78.7447679322213,8,9,False
vllm,shared,Qwen/Qwen2.5-7B-Instruct,8,5,0,77.94039498548955,1,0,False
vllm,shared,Qwen/Qwen2.5-7B-Instruct,8,5,1,86.90774301066995,1,0,False
vllm,shared,Qwen/Qwen2.5-7B-Instruct,8,5,2,80.257433000952,1,0,False
vllm,shared,Qwen/Qwen2.5-7B-Instruct,8,5,3,78.73048004694283,1,0,False
vllm,shared,Qwen/Qwen2.5-7B-Instruct,8,5,4,79.5204690657556,1,0,False
vllm,shared,Qwen/Qwen2.5-7B-Instruct,8,5,5,80.35472896881402,1,0,False
vllm,shared,Qwen/Qwen2.5-7B-Instruct,8,5,6,79.14488203823566,1,0,False
vllm,shared,Qwen/Qwen2.5-7B-Instruct,8,5,7,79.02724901214242,1,0,False
vllm,shared,Qwen/Qwen2.5-7B-Instruct,8,5,8,79.59125307388604,1,0,False
vllm,shared,Qwen/Qwen2.5-7B-Instruct,8,5,9,80.18143207300454,1,0,False
vllm,shared,Qwen/Qwen2.5-7B-Instruct,9,0,0,79.97826300561428,7,8,False
vllm,shared,Qwen/Qwen2.5-7B-Instruct,9,0,1,80.70357900578529,7,8,False
vllm,shared,Qwen/Qwen2.5-7B-Instruct,9,0,2,79.87763802520931,7,8,False
vllm,shared,Qwen/Qwen2.5-7B-Instruct,9,0,3,80.24288900196552,7,8,False
vllm,shared,Qwen/Qwen2.5-7B-Instruct,9,0,4,81.5256800269708,7,8,False
vllm,shared,Qwen/Qwen2.5-7B-Instruct,9,0,5,80.74874698650092,7,8,False
vllm,shared,Qwen/Qwen2.5-7B-Instruct,9,0,6,80.98383597098291,7,8,False
vllm,shared,Qwen/Qwen2.5-7B-Instruct,9,0,7,86.9494240032509,7,8,False
vllm,shared,Qwen/Qwen2.5-7B-Instruct,9,0,8,79.46841896045953,7,8,False
vllm,shared,Qwen/Qwen2.5-7B-Instruct,9,0,9,81.14718098659068,7,8,False
vllm,shared,Qwen/Qwen2.5-7B-Instruct,9,1,0,80.345447990112,4,6,False
vllm,shared,Qwen/Qwen2.5-7B-Instruct,9,1,1,79.68560408335179,4,6,False
vllm,shared,Qwen/Qwen2.5-7B-Instruct,9,1,2,79.76622798014432,4,6,False
vllm,shared,Qwen/Qwen2.5-7B-Instruct,9,1,3,79.45798698347062,4,6,False
vllm,shared,Qwen/Qwen2.5-7B-Instruct,9,1,4,85.1547559723258,4,6,False
vllm,shared,Qwen/Qwen2.5-7B-Instruct,9,1,5,80.69749793503433,4,6,False
vllm,shared,Qwen/Qwen2.5-7B-Instruct,9,1,6,78.83811206556857,4,6,False
vllm,shared,Qwen/Qwen2.5-7B-Instruct,9,1,7,79.63320496492088,4,6,False
vllm,shared,Qwen/Qwen2.5-7B-Instruct,9,1,8,79.05377703718841,4,6,False
vllm,shared,Qwen/Qwen2.5-7B-Instruct,9,1,9,79.46702698245645,4,6,False
vllm,shared,Qwen/Qwen2.5-7B-Instruct,9,2,0,79.41429095808417,3,9,False
vllm,shared,Qwen/Qwen2.5-7B-Instruct,9,2,1,79.65960493311286,3,9,False
vllm,shared,Qwen/Qwen2.5-7B-Instruct,9,2,2,79.76208499167114,3,9,False
vllm,shared,Qwen/Qwen2.5-7B-Instruct,9,2,3,86.407515918836,3,9,False
vllm,shared,Qwen/Qwen2.5-7B-Instruct,9,2,4,80.16752696130425,3,9,False
vllm,shared,Qwen/Qwen2.5-7B-Instruct,9,2,5,79.91870900150388,3,9,False
vllm,shared,Qwen/Qwen2.5-7B-Instruct,9,2,6,80.26344701647758,3,9,False
vllm,shared,Qwen/Qwen2.5-7B-Instruct,9,2,7,79.60659498348832,3,9,False
vllm,shared,Qwen/Qwen2.5-7B-Instruct,9,2,8,79.37171403318644,3,9,False
vllm,shared,Qwen/Qwen2.5-7B-Instruct,9,2,9,78.6119339754805,3,9,False
vllm,shared,Qwen/Qwen2.5-7B-Instruct,9,3,0,78.99983902461827,8,0,False
vllm,shared,Qwen/Qwen2.5-7B-Instruct,9,3,1,80.94783499836922,8,0,False
vllm,shared,Qwen/Qwen2.5-7B-Instruct,9,3,2,80.31754393596202,8,0,False
vllm,shared,Qwen/Qwen2.5-7B-Instruct,9,3,3,80.57309803552926,8,0,False
vllm,shared,Qwen/Qwen2.5-7B-Instruct,9,3,4,79.6447399770841,8,0,False
vllm,shared,Qwen/Qwen2.5-7B-Instruct,9,3,5,79.39760200679302,8,0,False
vllm,shared,Qwen/Qwen2.5-7B-Instruct,9,3,6,80.17941401340067,8,0,False
vllm,shared,Qwen/Qwen2.5-7B-Instruct,9,3,7,79.76059499196708,8,0,False
vllm,shared,Qwen/Qwen2.5-7B-Instruct,9,3,8,87.65808201860636,8,0,False
vllm,shared,Qwen/Qwen2.5-7B-Instruct,9,3,9,80.36933490075171,8,0,False
vllm,shared,Qwen/Qwen2.5-7B-Instruct,9,4,0,79.0173759451136,3,7,False
vllm,shared,Qwen/Qwen2.5-7B-Instruct,9,4,1,79.86181299202144,3,7,False
vllm,shared,Qwen/Qwen2.5-7B-Instruct,9,4,2,79.43179400172085,3,7,False
vllm,shared,Qwen/Qwen2.5-7B-Instruct,9,4,3,86.40087500680238,3,7,False
vllm,shared,Qwen/Qwen2.5-7B-Instruct,9,4,4,78.19394604302943,3,7,False
vllm,shared,Qwen/Qwen2.5-7B-Instruct,9,4,5,78.6525250878185,3,7,False
vllm,shared,Qwen/Qwen2.5-7B-Instruct,9,4,6,78.62239691894501,3,7,False
vllm,shared,Qwen/Qwen2.5-7B-Instruct,9,4,7,77.93444092385471,3,7,False
vllm,shared,Qwen/Qwen2.5-7B-Instruct,9,4,8,79.51819396112114,3,7,False
vllm,shared,Qwen/Qwen2.5-7B-Instruct,9,4,9,80.54743194952607,3,7,False
vllm,shared,Qwen/Qwen2.5-7B-Instruct,9,5,0,78.46089208032936,2,9,False
vllm,shared,Qwen/Qwen2.5-7B-Instruct,9,5,1,79.04311909805983,2,9,False
vllm,shared,Qwen/Qwen2.5-7B-Instruct,9,5,2,85.50582895986736,2,9,False
vllm,shared,Qwen/Qwen2.5-7B-Instruct,9,5,3,78.60935595817864,2,9,False
vllm,shared,Qwen/Qwen2.5-7B-Instruct,9,5,4,78.24625098146498,2,9,False
vllm,shared,Qwen/Qwen2.5-7B-Instruct,9,5,5,78.90935894101858,2,9,False
vllm,shared,Qwen/Qwen2.5-7B-Instruct,9,5,6,79.92329995613545,2,9,False
vllm,shared,Qwen/Qwen2.5-7B-Instruct,9,5,7,79.29438503924757,2,9,False
vllm,shared,Qwen/Qwen2.5-7B-Instruct,9,5,8,78.54956400115043,2,9,False
vllm,shared,Qwen/Qwen2.5-7B-Instruct,9,5,9,77.38856493961066,2,9,False
vllm,shared,Qwen/Qwen2.5-7B-Instruct,10,0,0,80.01256396528333,6,2,False
vllm,shared,Qwen/Qwen2.5-7B-Instruct,10,0,1,79.95099504478276,6,2,False
vllm,shared,Qwen/Qwen2.5-7B-Instruct,10,0,2,78.90652597416192,6,2,False
vllm,shared,Qwen/Qwen2.5-7B-Instruct,10,0,3,79.38684895634651,6,2,False
vllm,shared,Qwen/Qwen2.5-7B-Instruct,10,0,4,81.95379097014666,6,2,False
vllm,shared,Qwen/Qwen2.5-7B-Instruct,10,0,5,80.46159101650119,6,2,False
vllm,shared,Qwen/Qwen2.5-7B-Instruct,10,0,6,86.63399505894631,6,2,False
vllm,shared,Qwen/Qwen2.5-7B-Instruct,10,0,7,79.98347596731037,6,2,False
vllm,shared,Qwen/Qwen2.5-7B-Instruct,10,0,8,79.81865899637341,6,2,False
vllm,shared,Qwen/Qwen2.5-7B-Instruct,10,0,9,79.0698379278183,6,2,False
vllm,shared,Qwen/Qwen2.5-7B-Instruct,10,1,0,87.06783805973828,0,4,False
vllm,shared,Qwen/Qwen2.5-7B-Instruct,10,1,1,80.19994106143713,0,4,False
vllm,shared,Qwen/Qwen2.5-7B-Instruct,10,1,2,80.58362291194499,0,4,False
vllm,shared,Qwen/Qwen2.5-7B-Instruct,10,1,3,79.73656198009849,0,4,False
vllm,shared,Qwen/Qwen2.5-7B-Instruct,10,1,4,79.30735999252647,0,4,False
vllm,shared,Qwen/Qwen2.5-7B-Instruct,10,1,5,79.76624206639826,0,4,False
vllm,shared,Qwen/Qwen2.5-7B-Instruct,10,1,6,80.01227502245456,0,4,False
vllm,shared,Qwen/Qwen2.5-7B-Instruct,10,1,7,80.35816601477563,0,4,False
vllm,shared,Qwen/Qwen2.5-7B-Instruct,10,1,8,80.08014794904739,0,4,False
vllm,shared,Qwen/Qwen2.5-7B-Instruct,10,1,9,79.99661192297935,0,4,False
vllm,shared,Qwen/Qwen2.5-7B-Instruct,10,2,0,79.84397106338292,1,5,False
vllm,shared,Qwen/Qwen2.5-7B-Instruct,10,2,1,86.01011894643307,1,5,False
vllm,shared,Qwen/Qwen2.5-7B-Instruct,10,2,2,78.82598100695759,1,5,False
vllm,shared,Qwen/Qwen2.5-7B-Instruct,10,2,3,80.99871303420514,1,5,False
vllm,shared,Qwen/Qwen2.5-7B-Instruct,10,2,4,79.94925102684647,1,5,False
vllm,shared,Qwen/Qwen2.5-7B-Instruct,10,2,5,78.06559093296528,1,5,False
vllm,shared,Qwen/Qwen2.5-7B-Instruct,10,2,6,79.18809400871396,1,5,False
vllm,shared,Qwen/Qwen2.5-7B-Instruct,10,2,7,79.85336205456406,1,5,False
vllm,shared,Qwen/Qwen2.5-7B-Instruct,10,2,8,79.32643091771752,1,5,False
vllm,shared,Qwen/Qwen2.5-7B-Instruct,10,2,9,80.33435698598623,1,5,False
vllm,shared,Qwen/Qwen2.5-7B-Instruct,10,3,0,79.59075295366347,7,4,False
vllm,shared,Qwen/Qwen2.5-7B-Instruct,10,3,1,79.05182195827365,7,4,False
vllm,shared,Qwen/Qwen2.5-7B-Instruct,10,3,2,79.01447801850736,7,4,False
vllm,shared,Qwen/Qwen2.5-7B-Instruct,10,3,3,79.36014398001134,7,4,False
vllm,shared,Qwen/Qwen2.5-7B-Instruct,10,3,4,78.69689201470464,7,4,False
vllm,shared,Qwen/Qwen2.5-7B-Instruct,10,3,5,80.50787798129022,7,4,False
vllm,shared,Qwen/Qwen2.5-7B-Instruct,10,3,6,80.16614790540189,7,4,False
vllm,shared,Qwen/Qwen2.5-7B-Instruct,10,3,7,87.76411204598844,7,4,False
vllm,shared,Qwen/Qwen2.5-7B-Instruct,10,3,8,81.13261801190674,7,4,False
vllm,shared,Qwen/Qwen2.5-7B-Instruct,10,3,9,79.67112003825605,7,4,False
vllm,shared,Qwen/Qwen2.5-7B-Instruct,10,4,0,79.54371196683496,7,5,False
vllm,shared,Qwen/Qwen2.5-7B-Instruct,10,4,1,78.94716504961252,7,5,False
vllm,shared,Qwen/Qwen2.5-7B-Instruct,10,4,2,79.22286307439208,7,5,False
vllm,shared,Qwen/Qwen2.5-7B-Instruct,10,4,3,79.80433700140566,7,5,False
vllm,shared,Qwen/Qwen2.5-7B-Instruct,10,4,4,77.92058296035975,7,5,False
vllm,shared,Qwen/Qwen2.5-7B-Instruct,10,4,5,77.51883601304144,7,5,False
vllm,shared,Qwen/Qwen2.5-7B-Instruct,10,4,6,79.61707306094468,7,5,False
vllm,shared,Qwen/Qwen2.5-7B-Instruct,10,4,7,85.17641690559685,7,5,False
vllm,shared,Qwen/Qwen2.5-7B-Instruct,10,4,8,80.08115494158119,7,5,False
vllm,shared,Qwen/Qwen2.5-7B-Instruct,10,4,9,79.03716492000967,7,5,False
vllm,shared,Qwen/Qwen2.5-7B-Instruct,10,5,0,78.21888802573085,1,6,False
vllm,shared,Qwen/Qwen2.5-7B-Instruct,10,5,1,85.46400198247284,1,6,False
vllm,shared,Qwen/Qwen2.5-7B-Instruct,10,5,2,79.66480008326471,1,6,False
vllm,shared,Qwen/Qwen2.5-7B-Instruct,10,5,3,78.28066404908895,1,6,False
vllm,shared,Qwen/Qwen2.5-7B-Instruct,10,5,4,79.38387105241418,1,6,False
vllm,shared,Qwen/Qwen2.5-7B-Instruct,10,5,5,79.036267939955,1,6,False
vllm,shared,Qwen/Qwen2.5-7B-Instruct,10,5,6,78.12069600913674,1,6,False
vllm,shared,Qwen/Qwen2.5-7B-Instruct,10,5,7,78.44698510598391,1,6,False
vllm,shared,Qwen/Qwen2.5-7B-Instruct,10,5,8,79.87520098686218,1,6,False
vllm,shared,Qwen/Qwen2.5-7B-Instruct,10,5,9,80.30376397073269,1,6,False
vllm,shared,Qwen/Qwen2.5-7B-Instruct,11,0,0,80.3071390837431,8,2,False
vllm,shared,Qwen/Qwen2.5-7B-Instruct,11,0,1,79.91881703492254,8,2,False
vllm,shared,Qwen/Qwen2.5-7B-Instruct,11,0,2,79.29339003749192,8,2,False
vllm,shared,Qwen/Qwen2.5-7B-Instruct,11,0,3,80.06692992057651,8,2,False
vllm,shared,Qwen/Qwen2.5-7B-Instruct,11,0,4,81.06548001524061,8,2,False
vllm,shared,Qwen/Qwen2.5-7B-Instruct,11,0,5,81.27317810431123,8,2,False
vllm,shared,Qwen/Qwen2.5-7B-Instruct,11,0,6,80.15841897577047,8,2,False
vllm,shared,Qwen/Qwen2.5-7B-Instruct,11,0,7,80.42059699073434,8,2,False
vllm,shared,Qwen/Qwen2.5-7B-Instruct,11,0,8,84.85817397013307,8,2,False
vllm,shared,Qwen/Qwen2.5-7B-Instruct,11,0,9,80.24024299811572,8,2,False
vllm,shared,Qwen/Qwen2.5-7B-Instruct,11,1,0,80.02508897334337,2,7,False
vllm,shared,Qwen/Qwen2.5-7B-Instruct,11,1,1,79.61102400440723,2,7,False
vllm,shared,Qwen/Qwen2.5-7B-Instruct,11,1,2,86.0109489876777,2,7,False
vllm,shared,Qwen/Qwen2.5-7B-Instruct,11,1,3,80.65051701851189,2,7,False
vllm,shared,Qwen/Qwen2.5-7B-Instruct,11,1,4,80.3297150414437,2,7,False
vllm,shared,Qwen/Qwen2.5-7B-Instruct,11,1,5,81.14759204909205,2,7,False
vllm,shared,Qwen/Qwen2.5-7B-Instruct,11,1,6,80.42493206448853,2,7,False
vllm,shared,Qwen/Qwen2.5-7B-Instruct,11,1,7,78.27832805924118,2,7,False
vllm,shared,Qwen/Qwen2.5-7B-Instruct,11,1,8,79.94516904000193,2,7,False
vllm,shared,Qwen/Qwen2.5-7B-Instruct,11,1,9,79.32719797827303,2,7,False
vllm,shared,Qwen/Qwen2.5-7B-Instruct,11,2,0,79.42926196847111,2,3,False
vllm,shared,Qwen/Qwen2.5-7B-Instruct,11,2,1,80.18413092941046,2,3,False
vllm,shared,Qwen/Qwen2.5-7B-Instruct,11,2,2,85.71065904106945,2,3,False
vllm,shared,Qwen/Qwen2.5-7B-Instruct,11,2,3,78.83322704583406,2,3,False
vllm,shared,Qwen/Qwen2.5-7B-Instruct,11,2,4,79.93129699025303,2,3,False
vllm,shared,Qwen/Qwen2.5-7B-Instruct,11,2,5,79.8892950406298,2,3,False
vllm,shared,Qwen/Qwen2.5-7B-Instruct,11,2,6,80.09001694153994,2,3,False
vllm,shared,Qwen/Qwen2.5-7B-Instruct,11,2,7,80.12617705389857,2,3,False
vllm,shared,Qwen/Qwen2.5-7B-Instruct,11,2,8,80.28904208913445,2,3,False
vllm,shared,Qwen/Qwen2.5-7B-Instruct,11,2,9,80.1574100041762,2,3,False
vllm,shared,Qwen/Qwen2.5-7B-Instruct,11,3,0,81.60210598725826,3,4,False
vllm,shared,Qwen/Qwen2.5-7B-Instruct,11,3,1,79.5036299386993,3,4,False
vllm,shared,Qwen/Qwen2.5-7B-Instruct,11,3,2,80.26760292705148,3,4,False
vllm,shared,Qwen/Qwen2.5-7B-Instruct,11,3,3,86.10469195991755,3,4,False
vllm,shared,Qwen/Qwen2.5-7B-Instruct,11,3,4,79.42044490482658,3,4,False
vllm,shared,Qwen/Qwen2.5-7B-Instruct,11,3,5,79.92001599632204,3,4,False
vllm,shared,Qwen/Qwen2.5-7B-Instruct,11,3,6,79.7919190954417,3,4,False
vllm,shared,Qwen/Qwen2.5-7B-Instruct,11,3,7,79.53473401721567,3,4,False
vllm,shared,Qwen/Qwen2.5-7B-Instruct,11,3,8,80.23942506406456,3,4,False
vllm,shared,Qwen/Qwen2.5-7B-Instruct,11,3,9,79.74147098138928,3,4,False
vllm,shared,Qwen/Qwen2.5-7B-Instruct,11,4,0,78.16213404294103,1,0,False
vllm,shared,Qwen/Qwen2.5-7B-Instruct,11,4,1,86.53487102128565,1,0,False
vllm,shared,Qwen/Qwen2.5-7B-Instruct,11,4,2,79.95483197737485,1,0,False
vllm,shared,Qwen/Qwen2.5-7B-Instruct,11,4,3,79.68921505380422,1,0,False
vllm,shared,Qwen/Qwen2.5-7B-Instruct,11,4,4,79.84440005384386,1,0,False
vllm,shared,Qwen/Qwen2.5-7B-Instruct,11,4,5,79.10369103774428,1,0,False
vllm,shared,Qwen/Qwen2.5-7B-Instruct,11,4,6,79.08972294535488,1,0,False
vllm,shared,Qwen/Qwen2.5-7B-Instruct,11,4,7,78.86916201096028,1,0,False
vllm,shared,Qwen/Qwen2.5-7B-Instruct,11,4,8,78.2146129058674,1,0,False
vllm,shared,Qwen/Qwen2.5-7B-Instruct,11,4,9,78.32919096108526,1,0,False
vllm,shared,Qwen/Qwen2.5-7B-Instruct,11,5,0,78.62587994895875,5,2,False
vllm,shared,Qwen/Qwen2.5-7B-Instruct,11,5,1,78.5595909692347,5,2,False
vllm,shared,Qwen/Qwen2.5-7B-Instruct,11,5,2,76.49973896332085,5,2,False
vllm,shared,Qwen/Qwen2.5-7B-Instruct,11,5,3,79.51209298335016,5,2,False
vllm,shared,Qwen/Qwen2.5-7B-Instruct,11,5,4,79.55423800740391,5,2,False
vllm,shared,Qwen/Qwen2.5-7B-Instruct,11,5,5,86.18752402253449,5,2,False
vllm,shared,Qwen/Qwen2.5-7B-Instruct,11,5,6,78.52808805182576,5,2,False
vllm,shared,Qwen/Qwen2.5-7B-Instruct,11,5,7,79.27543600089848,5,2,False
vllm,shared,Qwen/Qwen2.5-7B-Instruct,11,5,8,78.77724093850702,5,2,False
vllm,shared,Qwen/Qwen2.5-7B-Instruct,11,5,9,78.54359096381813,5,2,False
vllm,shared,Qwen/Qwen2.5-7B-Instruct,12,0,0,79.10388300660998,3,4,False
vllm,shared,Qwen/Qwen2.5-7B-Instruct,12,0,1,79.83506994787604,3,4,False
vllm,shared,Qwen/Qwen2.5-7B-Instruct,12,0,2,81.55477594118565,3,4,False
vllm,shared,Qwen/Qwen2.5-7B-Instruct,12,0,3,85.52065503317863,3,4,False
vllm,shared,Qwen/Qwen2.5-7B-Instruct,12,0,4,78.09945999179035,3,4,False
vllm,shared,Qwen/Qwen2.5-7B-Instruct,12,0,5,79.06261796597391,3,4,False
vllm,shared,Qwen/Qwen2.5-7B-Instruct,12,0,6,80.24147304240614,3,4,False
vllm,shared,Qwen/Qwen2.5-7B-Instruct,12,0,7,81.33171906229109,3,4,False
vllm,shared,Qwen/Qwen2.5-7B-Instruct,12,0,8,80.65665897447616,3,4,False
vllm,shared,Qwen/Qwen2.5-7B-Instruct,12,0,9,80.44806600082666,3,4,False
vllm,shared,Qwen/Qwen2.5-7B-Instruct,12,1,0,80.02238406334072,5,8,False
vllm,shared,Qwen/Qwen2.5-7B-Instruct,12,1,1,79.24661901779473,5,8,False
vllm,shared,Qwen/Qwen2.5-7B-Instruct,12,1,2,79.56246100366116,5,8,False
vllm,shared,Qwen/Qwen2.5-7B-Instruct,12,1,3,80.24566504172981,5,8,False
vllm,shared,Qwen/Qwen2.5-7B-Instruct,12,1,4,80.15353605151176,5,8,False
vllm,shared,Qwen/Qwen2.5-7B-Instruct,12,1,5,86.6657659644261,5,8,False
vllm,shared,Qwen/Qwen2.5-7B-Instruct,12,1,6,79.9778699874878,5,8,False
vllm,shared,Qwen/Qwen2.5-7B-Instruct,12,1,7,80.01780696213245,5,8,False
vllm,shared,Qwen/Qwen2.5-7B-Instruct,12,1,8,78.89148104004562,5,8,False
vllm,shared,Qwen/Qwen2.5-7B-Instruct,12,1,9,80.568514065817,5,8,False
vllm,shared,Qwen/Qwen2.5-7B-Instruct,12,2,0,79.01480898726732,7,0,False
vllm,shared,Qwen/Qwen2.5-7B-Instruct,12,2,1,79.30045900866389,7,0,False
vllm,shared,Qwen/Qwen2.5-7B-Instruct,12,2,2,79.5115000801161,7,0,False
vllm,shared,Qwen/Qwen2.5-7B-Instruct,12,2,3,80.14817594084889,7,0,False
vllm,shared,Qwen/Qwen2.5-7B-Instruct,12,2,4,80.19625605084002,7,0,False
vllm,shared,Qwen/Qwen2.5-7B-Instruct,12,2,5,80.68912290036678,7,0,False
vllm,shared,Qwen/Qwen2.5-7B-Instruct,12,2,6,81.08245290350169,7,0,False
vllm,shared,Qwen/Qwen2.5-7B-Instruct,12,2,7,86.21321793179959,7,0,False
vllm,shared,Qwen/Qwen2.5-7B-Instruct,12,2,8,79.49822000227869,7,0,False
vllm,shared,Qwen/Qwen2.5-7B-Instruct,12,2,9,79.88484506495297,7,0,False
vllm,shared,Qwen/Qwen2.5-7B-Instruct,12,3,0,80.67172998562455,8,7,False
vllm,shared,Qwen/Qwen2.5-7B-Instruct,12,3,1,80.85409901104867,8,7,False
vllm,shared,Qwen/Qwen2.5-7B-Instruct,12,3,2,80.13678307179362,8,7,False
vllm,shared,Qwen/Qwen2.5-7B-Instruct,12,3,3,79.37658706214279,8,7,False
vllm,shared,Qwen/Qwen2.5-7B-Instruct,12,3,4,79.3876750394702,8,7,False
vllm,shared,Qwen/Qwen2.5-7B-Instruct,12,3,5,79.31065000593662,8,7,False
vllm,shared,Qwen/Qwen2.5-7B-Instruct,12,3,6,79.31735401507467,8,7,False
vllm,shared,Qwen/Qwen2.5-7B-Instruct,12,3,7,79.30087391287088,8,7,False
vllm,shared,Qwen/Qwen2.5-7B-Instruct,12,3,8,86.69149200432003,8,7,False
vllm,shared,Qwen/Qwen2.5-7B-Instruct,12,3,9,80.16001409851015,8,7,False
vllm,shared,Qwen/Qwen2.5-7B-Instruct,12,4,0,86.04052907321602,0,9,False
vllm,shared,Qwen/Qwen2.5-7B-Instruct,12,4,1,79.65845905710012,0,9,False
vllm,shared,Qwen/Qwen2.5-7B-Instruct,12,4,2,79.23306501470506,0,9,False
vllm,shared,Qwen/Qwen2.5-7B-Instruct,12,4,3,80.29487892054021,0,9,False
vllm,shared,Qwen/Qwen2.5-7B-Instruct,12,4,4,79.77474795188755,0,9,False
vllm,shared,Qwen/Qwen2.5-7B-Instruct,12,4,5,79.21519293449819,0,9,False
vllm,shared,Qwen/Qwen2.5-7B-Instruct,12,4,6,80.13223798479885,0,9,False
vllm,shared,Qwen/Qwen2.5-7B-Instruct,12,4,7,78.92627897672355,0,9,False
vllm,shared,Qwen/Qwen2.5-7B-Instruct,12,4,8,79.20402497984469,0,9,False
vllm,shared,Qwen/Qwen2.5-7B-Instruct,12,4,9,78.80535093136132,0,9,False
vllm,shared,Qwen/Qwen2.5-7B-Instruct,12,5,0,79.36068309936672,3,5,False
vllm,shared,Qwen/Qwen2.5-7B-Instruct,12,5,1,79.03501600958407,3,5,False
vllm,shared,Qwen/Qwen2.5-7B-Instruct,12,5,2,80.53148805629462,3,5,False
vllm,shared,Qwen/Qwen2.5-7B-Instruct,12,5,3,85.68026998545974,3,5,False
vllm,shared,Qwen/Qwen2.5-7B-Instruct,12,5,4,79.06965492293239,3,5,False
vllm,shared,Qwen/Qwen2.5-7B-Instruct,12,5,5,77.69921608269215,3,5,False
vllm,shared,Qwen/Qwen2.5-7B-Instruct,12,5,6,80.98112291190773,3,5,False
vllm,shared,Qwen/Qwen2.5-7B-Instruct,12,5,7,79.1923439828679,3,5,False
vllm,shared,Qwen/Qwen2.5-7B-Instruct,12,5,8,80.67260903771967,3,5,False
vllm,shared,Qwen/Qwen2.5-7B-Instruct,12,5,9,78.60539702232927,3,5,False
vllm,shared,Qwen/Qwen2.5-7B-Instruct,13,0,0,79.547627014108,3,8,False
vllm,shared,Qwen/Qwen2.5-7B-Instruct,13,0,1,79.6830669278279,3,8,False
vllm,shared,Qwen/Qwen2.5-7B-Instruct,13,0,2,81.13925205543637,3,8,False
vllm,shared,Qwen/Qwen2.5-7B-Instruct,13,0,3,87.7145369304344,3,8,False
vllm,shared,Qwen/Qwen2.5-7B-Instruct,13,0,4,79.96125996578485,3,8,False
vllm,shared,Qwen/Qwen2.5-7B-Instruct,13,0,5,80.0275329966098,3,8,False
vllm,shared,Qwen/Qwen2.5-7B-Instruct,13,0,6,79.79898701887578,3,8,False
vllm,shared,Qwen/Qwen2.5-7B-Instruct,13,0,7,79.22804006375372,3,8,False
vllm,shared,Qwen/Qwen2.5-7B-Instruct,13,0,8,79.19594401028007,3,8,False
vllm,shared,Qwen/Qwen2.5-7B-Instruct,13,0,9,80.34055901225656,3,8,False
vllm,shared,Qwen/Qwen2.5-7B-Instruct,13,1,0,80.04782092757523,8,7,False
vllm,shared,Qwen/Qwen2.5-7B-Instruct,13,1,1,80.79988893587142,8,7,False
vllm,shared,Qwen/Qwen2.5-7B-Instruct,13,1,2,81.29074098542333,8,7,False
vllm,shared,Qwen/Qwen2.5-7B-Instruct,13,1,3,79.97082895599306,8,7,False
vllm,shared,Qwen/Qwen2.5-7B-Instruct,13,1,4,80.65761695615947,8,7,False
vllm,shared,Qwen/Qwen2.5-7B-Instruct,13,1,5,79.28858499508351,8,7,False
vllm,shared,Qwen/Qwen2.5-7B-Instruct,13,1,6,79.96110001113266,8,7,False
vllm,shared,Qwen/Qwen2.5-7B-Instruct,13,1,7,78.57587607577443,8,7,False
vllm,shared,Qwen/Qwen2.5-7B-Instruct,13,1,8,86.95880393497646,8,7,False
vllm,shared,Qwen/Qwen2.5-7B-Instruct,13,1,9,79.73618700634688,8,7,False
vllm,shared,Qwen/Qwen2.5-7B-Instruct,13,2,0,88.96102500148118,0,2,False
vllm,shared,Qwen/Qwen2.5-7B-Instruct,13,2,1,80.45633509755135,0,2,False
vllm,shared,Qwen/Qwen2.5-7B-Instruct,13,2,2,78.55678792111576,0,2,False
vllm,shared,Qwen/Qwen2.5-7B-Instruct,13,2,3,80.22276498377323,0,2,False
vllm,shared,Qwen/Qwen2.5-7B-Instruct,13,2,4,80.89182490948588,0,2,False
vllm,shared,Qwen/Qwen2.5-7B-Instruct,13,2,5,80.10786899831146,0,2,False
vllm,shared,Qwen/Qwen2.5-7B-Instruct,13,2,6,80.02228499390185,0,2,False
vllm,shared,Qwen/Qwen2.5-7B-Instruct,13,2,7,78.96730303764343,0,2,False
vllm,shared,Qwen/Qwen2.5-7B-Instruct,13,2,8,80.0654529593885,0,2,False
vllm,shared,Qwen/Qwen2.5-7B-Instruct,13,2,9,79.38831311184913,0,2,False
vllm,shared,Qwen/Qwen2.5-7B-Instruct,13,3,0,79.74730699788779,7,5,False
vllm,shared,Qwen/Qwen2.5-7B-Instruct,13,3,1,79.93628294207156,7,5,False
vllm,shared,Qwen/Qwen2.5-7B-Instruct,13,3,2,80.13730903621763,7,5,False
vllm,shared,Qwen/Qwen2.5-7B-Instruct,13,3,3,80.34431794658303,7,5,False
vllm,shared,Qwen/Qwen2.5-7B-Instruct,13,3,4,79.36162396799773,7,5,False
vllm,shared,Qwen/Qwen2.5-7B-Instruct,13,3,5,78.41629104223102,7,5,False
vllm,shared,Qwen/Qwen2.5-7B-Instruct,13,3,6,80.01550007611513,7,5,False
vllm,shared,Qwen/Qwen2.5-7B-Instruct,13,3,7,88.22897099889815,7,5,False
vllm,shared,Qwen/Qwen2.5-7B-Instruct,13,3,8,79.82327498029917,7,5,False
vllm,shared,Qwen/Qwen2.5-7B-Instruct,13,3,9,80.3640300873667,7,5,False
vllm,shared,Qwen/Qwen2.5-7B-Instruct,13,4,0,79.09352600108832,4,3,False
vllm,shared,Qwen/Qwen2.5-7B-Instruct,13,4,1,78.9994610240683,4,3,False
vllm,shared,Qwen/Qwen2.5-7B-Instruct,13,4,2,79.16231104172766,4,3,False
vllm,shared,Qwen/Qwen2.5-7B-Instruct,13,4,3,78.46513902768493,4,3,False
vllm,shared,Qwen/Qwen2.5-7B-Instruct,13,4,4,86.53569698799402,4,3,False
vllm,shared,Qwen/Qwen2.5-7B-Instruct,13,4,5,80.37886105012149,4,3,False
vllm,shared,Qwen/Qwen2.5-7B-Instruct,13,4,6,79.71789804287255,4,3,False
vllm,shared,Qwen/Qwen2.5-7B-Instruct,13,4,7,78.69773195125163,4,3,False
vllm,shared,Qwen/Qwen2.5-7B-Instruct,13,4,8,78.62269098404795,4,3,False
vllm,shared,Qwen/Qwen2.5-7B-Instruct,13,4,9,79.01360595133156,4,3,False
vllm,shared,Qwen/Qwen2.5-7B-Instruct,13,5,0,78.65646807476878,8,6,False
vllm,shared,Qwen/Qwen2.5-7B-Instruct,13,5,1,78.91379797365516,8,6,False
vllm,shared,Qwen/Qwen2.5-7B-Instruct,13,5,2,79.49044101405889,8,6,False
vllm,shared,Qwen/Qwen2.5-7B-Instruct,13,5,3,79.91898595355451,8,6,False
vllm,shared,Qwen/Qwen2.5-7B-Instruct,13,5,4,79.10554192494601,8,6,False
vllm,shared,Qwen/Qwen2.5-7B-Instruct,13,5,5,79.41335195209831,8,6,False
vllm,shared,Qwen/Qwen2.5-7B-Instruct,13,5,6,77.63175794389099,8,6,False
vllm,shared,Qwen/Qwen2.5-7B-Instruct,13,5,7,80.36340598482639,8,6,False
vllm,shared,Qwen/Qwen2.5-7B-Instruct,13,5,8,88.54151598643512,8,6,False
vllm,shared,Qwen/Qwen2.5-7B-Instruct,13,5,9,80.04485897254199,8,6,False
vllm,shared,Qwen/Qwen2.5-7B-Instruct,14,0,0,79.72196105401963,4,1,False
vllm,shared,Qwen/Qwen2.5-7B-Instruct,14,0,1,79.45186400320381,4,1,False
vllm,shared,Qwen/Qwen2.5-7B-Instruct,14,0,2,79.66199307702482,4,1,False
vllm,shared,Qwen/Qwen2.5-7B-Instruct,14,0,3,79.9190659308806,4,1,False
vllm,shared,Qwen/Qwen2.5-7B-Instruct,14,0,4,85.71817202027887,4,1,False
vllm,shared,Qwen/Qwen2.5-7B-Instruct,14,0,5,79.75647202692926,4,1,False
vllm,shared,Qwen/Qwen2.5-7B-Instruct,14,0,6,79.95135500095785,4,1,False
vllm,shared,Qwen/Qwen2.5-7B-Instruct,14,0,7,80.78382408712059,4,1,False
vllm,shared,Qwen/Qwen2.5-7B-Instruct,14,0,8,80.96473605837673,4,1,False
vllm,shared,Qwen/Qwen2.5-7B-Instruct,14,0,9,81.08080108650029,4,1,False
vllm,shared,Qwen/Qwen2.5-7B-Instruct,14,1,0,80.16642706934363,5,8,False
vllm,shared,Qwen/Qwen2.5-7B-Instruct,14,1,1,80.2434521028772,5,8,False
vllm,shared,Qwen/Qwen2.5-7B-Instruct,14,1,2,79.8578179674223,5,8,False
vllm,shared,Qwen/Qwen2.5-7B-Instruct,14,1,3,79.44332004990429,5,8,False
vllm,shared,Qwen/Qwen2.5-7B-Instruct,14,1,4,80.73620696086437,5,8,False
vllm,shared,Qwen/Qwen2.5-7B-Instruct,14,1,5,87.0927550131455,5,8,False
vllm,shared,Qwen/Qwen2.5-7B-Instruct,14,1,6,79.74290498532355,5,8,False
vllm,shared,Qwen/Qwen2.5-7B-Instruct,14,1,7,80.08426695596427,5,8,False
vllm,shared,Qwen/Qwen2.5-7B-Instruct,14,1,8,79.23379703424871,5,8,False
vllm,shared,Qwen/Qwen2.5-7B-Instruct,14,1,9,79.47352703195065,5,8,False
vllm,shared,Qwen/Qwen2.5-7B-Instruct,14,2,0,79.12008499260992,3,5,False
vllm,shared,Qwen/Qwen2.5-7B-Instruct,14,2,1,79.08842095639557,3,5,False
vllm,shared,Qwen/Qwen2.5-7B-Instruct,14,2,2,80.7571669574827,3,5,False
vllm,shared,Qwen/Qwen2.5-7B-Instruct,14,2,3,86.38257498387247,3,5,False
vllm,shared,Qwen/Qwen2.5-7B-Instruct,14,2,4,80.2902989089489,3,5,False
vllm,shared,Qwen/Qwen2.5-7B-Instruct,14,2,5,78.7419390399009,3,5,False
vllm,shared,Qwen/Qwen2.5-7B-Instruct,14,2,6,79.09462903626263,3,5,False
vllm,shared,Qwen/Qwen2.5-7B-Instruct,14,2,7,78.85478704702109,3,5,False
vllm,shared,Qwen/Qwen2.5-7B-Instruct,14,2,8,79.85927199479192,3,5,False
vllm,shared,Qwen/Qwen2.5-7B-Instruct,14,2,9,79.34866205323488,3,5,False
vllm,shared,Qwen/Qwen2.5-7B-Instruct,14,3,0,79.52048699371517,9,6,False
vllm,shared,Qwen/Qwen2.5-7B-Instruct,14,3,1,78.77392298541963,9,6,False
vllm,shared,Qwen/Qwen2.5-7B-Instruct,14,3,2,78.6676820134744,9,6,False
vllm,shared,Qwen/Qwen2.5-7B-Instruct,14,3,3,79.9343449762091,9,6,False
vllm,shared,Qwen/Qwen2.5-7B-Instruct,14,3,4,80.22084308322519,9,6,False
vllm,shared,Qwen/Qwen2.5-7B-Instruct,14,3,5,79.94061801582575,9,6,False
vllm,shared,Qwen/Qwen2.5-7B-Instruct,14,3,6,78.65254604257643,9,6,False
vllm,shared,Qwen/Qwen2.5-7B-Instruct,14,3,7,81.09230408445,9,6,False
vllm,shared,Qwen/Qwen2.5-7B-Instruct,14,3,8,81.01652795448899,9,6,False
vllm,shared,Qwen/Qwen2.5-7B-Instruct,14,3,9,87.65754092019051,9,6,False
vllm,shared,Qwen/Qwen2.5-7B-Instruct,14,4,0,86.36582107283175,0,5,False
vllm,shared,Qwen/Qwen2.5-7B-Instruct,14,4,1,79.19091591611505,0,5,False
vllm,shared,Qwen/Qwen2.5-7B-Instruct,14,4,2,80.30287502333522,0,5,False
vllm,shared,Qwen/Qwen2.5-7B-Instruct,14,4,3,79.58263100590557,0,5,False
vllm,shared,Qwen/Qwen2.5-7B-Instruct,14,4,4,79.8259760485962,0,5,False
vllm,shared,Qwen/Qwen2.5-7B-Instruct,14,4,5,78.25817505363375,0,5,False
vllm,shared,Qwen/Qwen2.5-7B-Instruct,14,4,6,78.7793779745698,0,5,False
vllm,shared,Qwen/Qwen2.5-7B-Instruct,14,4,7,78.44567997381091,0,5,False
vllm,shared,Qwen/Qwen2.5-7B-Instruct,14,4,8,79.33096494525671,0,5,False
vllm,shared,Qwen/Qwen2.5-7B-Instruct,14,4,9,78.51900800596923,0,5,False
vllm,shared,Qwen/Qwen2.5-7B-Instruct,14,5,0,77.89779000449926,7,0,False
vllm,shared,Qwen/Qwen2.5-7B-Instruct,14,5,1,78.64342501852661,7,0,False
vllm,shared,Qwen/Qwen2.5-7B-Instruct,14,5,2,78.90633901115507,7,0,False
vllm,shared,Qwen/Qwen2.5-7B-Instruct,14,5,3,79.00390797294676,7,0,False
vllm,shared,Qwen/Qwen2.5-7B-Instruct,14,5,4,79.04168299864978,7,0,False
vllm,shared,Qwen/Qwen2.5-7B-Instruct,14,5,5,78.9276990108192,7,0,False
vllm,shared,Qwen/Qwen2.5-7B-Instruct,14,5,6,78.89096194412559,7,0,False
vllm,shared,Qwen/Qwen2.5-7B-Instruct,14,5,7,85.09445295203477,7,0,False
vllm,shared,Qwen/Qwen2.5-7B-Instruct,14,5,8,79.12467594724149,7,0,False
vllm,shared,Qwen/Qwen2.5-7B-Instruct,14,5,9,80.28456999454647,7,0,False
vllm,shared,Qwen/Qwen2.5-7B-Instruct,15,0,0,79.57421406172216,9,6,False
vllm,shared,Qwen/Qwen2.5-7B-Instruct,15,0,1,79.25530103966594,9,6,False
vllm,shared,Qwen/Qwen2.5-7B-Instruct,15,0,2,78.8163379766047,9,6,False
vllm,shared,Qwen/Qwen2.5-7B-Instruct,15,0,3,79.04248405247927,9,6,False
vllm,shared,Qwen/Qwen2.5-7B-Instruct,15,0,4,80.21663397084922,9,6,False
vllm,shared,Qwen/Qwen2.5-7B-Instruct,15,0,5,78.63556803204119,9,6,False
vllm,shared,Qwen/Qwen2.5-7B-Instruct,15,0,6,78.57907190918922,9,6,False
vllm,shared,Qwen/Qwen2.5-7B-Instruct,15,0,7,79.18248302303255,9,6,False
vllm,shared,Qwen/Qwen2.5-7B-Instruct,15,0,8,79.31445201393217,9,6,False
vllm,shared,Qwen/Qwen2.5-7B-Instruct,15,0,9,86.7292940383777,9,6,False
vllm,shared,Qwen/Qwen2.5-7B-Instruct,15,1,0,79.7768390038982,5,1,False
vllm,shared,Qwen/Qwen2.5-7B-Instruct,15,1,1,78.25414196122438,5,1,False
vllm,shared,Qwen/Qwen2.5-7B-Instruct,15,1,2,78.67305702529848,5,1,False
vllm,shared,Qwen/Qwen2.5-7B-Instruct,15,1,3,79.19352408498526,5,1,False
vllm,shared,Qwen/Qwen2.5-7B-Instruct,15,1,4,79.5074449852109,5,1,False
vllm,shared,Qwen/Qwen2.5-7B-Instruct,15,1,5,86.5178860258311,5,1,False
vllm,shared,Qwen/Qwen2.5-7B-Instruct,15,1,6,81.71521697659045,5,1,False
vllm,shared,Qwen/Qwen2.5-7B-Instruct,15,1,7,79.65565391350538,5,1,False
vllm,shared,Qwen/Qwen2.5-7B-Instruct,15,1,8,81.1287829419598,5,1,False
vllm,shared,Qwen/Qwen2.5-7B-Instruct,15,1,9,80.541723058559,5,1,False
vllm,shared,Qwen/Qwen2.5-7B-Instruct,15,2,0,79.63677297811955,1,4,False
vllm,shared,Qwen/Qwen2.5-7B-Instruct,15,2,1,87.01300795655698,1,4,False
vllm,shared,Qwen/Qwen2.5-7B-Instruct,15,2,2,80.69169207010418,1,4,False
vllm,shared,Qwen/Qwen2.5-7B-Instruct,15,2,3,81.42372802831233,1,4,False
vllm,shared,Qwen/Qwen2.5-7B-Instruct,15,2,4,79.18137800879776,1,4,False
vllm,shared,Qwen/Qwen2.5-7B-Instruct,15,2,5,80.02607198432088,1,4,False
vllm,shared,Qwen/Qwen2.5-7B-Instruct,15,2,6,79.33105994015932,1,4,False
vllm,shared,Qwen/Qwen2.5-7B-Instruct,15,2,7,80.32210497185588,1,4,False
vllm,shared,Qwen/Qwen2.5-7B-Instruct,15,2,8,81.17492601741105,1,4,False
vllm,shared,Qwen/Qwen2.5-7B-Instruct,15,2,9,80.28617000672966,1,4,False
vllm,shared,Qwen/Qwen2.5-7B-Instruct,15,3,0,79.03348898980767,5,6,False
vllm,shared,Qwen/Qwen2.5-7B-Instruct,15,3,1,79.42629198078066,5,6,False
vllm,shared,Qwen/Qwen2.5-7B-Instruct,15,3,2,78.85703991632909,5,6,False
vllm,shared,Qwen/Qwen2.5-7B-Instruct,15,3,3,79.34950804337859,5,6,False
vllm,shared,Qwen/Qwen2.5-7B-Instruct,15,3,4,79.12054599728435,5,6,False
vllm,shared,Qwen/Qwen2.5-7B-Instruct,15,3,5,87.04526303336024,5,6,False
vllm,shared,Qwen/Qwen2.5-7B-Instruct,15,3,6,78.29974102787673,5,6,False
vllm,shared,Qwen/Qwen2.5-7B-Instruct,15,3,7,78.39742198120803,5,6,False
vllm,shared,Qwen/Qwen2.5-7B-Instruct,15,3,8,79.26190597936511,5,6,False
vllm,shared,Qwen/Qwen2.5-7B-Instruct,15,3,9,79.24765103962272,5,6,False
vllm,shared,Qwen/Qwen2.5-7B-Instruct,15,4,0,77.89468299597502,1,4,False
vllm,shared,Qwen/Qwen2.5-7B-Instruct,15,4,1,87.36577699892223,1,4,False
vllm,shared,Qwen/Qwen2.5-7B-Instruct,15,4,2,80.31866501551121,1,4,False
vllm,shared,Qwen/Qwen2.5-7B-Instruct,15,4,3,78.7231830181554,1,4,False
vllm,shared,Qwen/Qwen2.5-7B-Instruct,15,4,4,77.16794300358742,1,4,False
vllm,shared,Qwen/Qwen2.5-7B-Instruct,15,4,5,78.3893420593813,1,4,False
vllm,shared,Qwen/Qwen2.5-7B-Instruct,15,4,6,78.75585602596402,1,4,False
vllm,shared,Qwen/Qwen2.5-7B-Instruct,15,4,7,78.78459105268121,1,4,False
vllm,shared,Qwen/Qwen2.5-7B-Instruct,15,4,8,79.66024405322969,1,4,False
vllm,shared,Qwen/Qwen2.5-7B-Instruct,15,4,9,77.68972194753587,1,4,False
vllm,shared,Qwen/Qwen2.5-7B-Instruct,15,5,0,79.42974695470184,5,8,False
vllm,shared,Qwen/Qwen2.5-7B-Instruct,15,5,1,79.50662798248231,5,8,False
vllm,shared,Qwen/Qwen2.5-7B-Instruct,15,5,2,79.51216399669647,5,8,False
vllm,shared,Qwen/Qwen2.5-7B-Instruct,15,5,3,78.4885419998318,5,8,False
vllm,shared,Qwen/Qwen2.5-7B-Instruct,15,5,4,80.0373189849779,5,8,False
vllm,shared,Qwen/Qwen2.5-7B-Instruct,15,5,5,86.39932202640921,5,8,False
vllm,shared,Qwen/Qwen2.5-7B-Instruct,15,5,6,79.40565096214414,5,8,False
vllm,shared,Qwen/Qwen2.5-7B-Instruct,15,5,7,80.14920703135431,5,8,False
vllm,shared,Qwen/Qwen2.5-7B-Instruct,15,5,8,78.20020394865423,5,8,False
vllm,shared,Qwen/Qwen2.5-7B-Instruct,15,5,9,79.37993900850415,5,8,False
vllm,shared,Qwen/Qwen2.5-7B-Instruct,16,0,0,79.84506094362587,1,9,False
vllm,shared,Qwen/Qwen2.5-7B-Instruct,16,0,1,86.4103949861601,1,9,False
vllm,shared,Qwen/Qwen2.5-7B-Instruct,16,0,2,80.38717706222087,1,9,False
vllm,shared,Qwen/Qwen2.5-7B-Instruct,16,0,3,78.78823904320598,1,9,False
vllm,shared,Qwen/Qwen2.5-7B-Instruct,16,0,4,79.11132904700935,1,9,False
vllm,shared,Qwen/Qwen2.5-7B-Instruct,16,0,5,79.52435605693609,1,9,False
vllm,shared,Qwen/Qwen2.5-7B-Instruct,16,0,6,79.61485104169697,1,9,False
vllm,shared,Qwen/Qwen2.5-7B-Instruct,16,0,7,79.63816402480006,1,9,False
vllm,shared,Qwen/Qwen2.5-7B-Instruct,16,0,8,78.9310079999268,1,9,False
vllm,shared,Qwen/Qwen2.5-7B-Instruct,16,0,9,78.30238004680723,1,9,False
vllm,shared,Qwen/Qwen2.5-7B-Instruct,16,1,0,80.70500195026398,8,9,False
vllm,shared,Qwen/Qwen2.5-7B-Instruct,16,1,1,79.77699697948992,8,9,False
vllm,shared,Qwen/Qwen2.5-7B-Instruct,16,1,2,79.27120197564363,8,9,False
vllm,shared,Qwen/Qwen2.5-7B-Instruct,16,1,3,80.7184890145436,8,9,False
vllm,shared,Qwen/Qwen2.5-7B-Instruct,16,1,4,79.46473907213658,8,9,False
vllm,shared,Qwen/Qwen2.5-7B-Instruct,16,1,5,79.52707505319268,8,9,False
vllm,shared,Qwen/Qwen2.5-7B-Instruct,16,1,6,79.38051410019398,8,9,False
vllm,shared,Qwen/Qwen2.5-7B-Instruct,16,1,7,79.93475708644837,8,9,False
vllm,shared,Qwen/Qwen2.5-7B-Instruct,16,1,8,87.49342407099903,8,9,False
vllm,shared,Qwen/Qwen2.5-7B-Instruct,16,1,9,79.0925279725343,8,9,False
vllm,shared,Qwen/Qwen2.5-7B-Instruct,16,2,0,86.48748195264488,0,2,False
vllm,shared,Qwen/Qwen2.5-7B-Instruct,16,2,1,80.07903001271188,0,2,False
vllm,shared,Qwen/Qwen2.5-7B-Instruct,16,2,2,79.07971204258502,0,2,False
vllm,shared,Qwen/Qwen2.5-7B-Instruct,16,2,3,79.89704504143447,0,2,False
vllm,shared,Qwen/Qwen2.5-7B-Instruct,16,2,4,79.18881601653993,0,2,False
vllm,shared,Qwen/Qwen2.5-7B-Instruct,16,2,5,79.36515402980149,0,2,False
vllm,shared,Qwen/Qwen2.5-7B-Instruct,16,2,6,79.23904107883573,0,2,False
vllm,shared,Qwen/Qwen2.5-7B-Instruct,16,2,7,79.66773095540702,0,2,False
vllm,shared,Qwen/Qwen2.5-7B-Instruct,16,2,8,80.28647094033659,0,2,False
vllm,shared,Qwen/Qwen2.5-7B-Instruct,16,2,9,79.63982794899493,0,2,False
vllm,shared,Qwen/Qwen2.5-7B-Instruct,16,3,0,86.5113390609622,0,7,False
vllm,shared,Qwen/Qwen2.5-7B-Instruct,16,3,1,80.13498201034963,0,7,False
vllm,shared,Qwen/Qwen2.5-7B-Instruct,16,3,2,80.82144998479635,0,7,False
vllm,shared,Qwen/Qwen2.5-7B-Instruct,16,3,3,79.9279569182545,0,7,False
vllm,shared,Qwen/Qwen2.5-7B-Instruct,16,3,4,80.89799399022013,0,7,False
vllm,shared,Qwen/Qwen2.5-7B-Instruct,16,3,5,79.27512109745294,0,7,False
vllm,shared,Qwen/Qwen2.5-7B-Instruct,16,3,6,81.64953393861651,0,7,False
vllm,shared,Qwen/Qwen2.5-7B-Instruct,16,3,7,78.9336949819699,0,7,False
vllm,shared,Qwen/Qwen2.5-7B-Instruct,16,3,8,79.68027598690242,0,7,False
vllm,shared,Qwen/Qwen2.5-7B-Instruct,16,3,9,79.85088403802365,0,7,False
vllm,shared,Qwen/Qwen2.5-7B-Instruct,16,4,0,79.12750402465463,4,6,False
vllm,shared,Qwen/Qwen2.5-7B-Instruct,16,4,1,78.85276700835675,4,6,False
vllm,shared,Qwen/Qwen2.5-7B-Instruct,16,4,2,80.43863193597645,4,6,False
vllm,shared,Qwen/Qwen2.5-7B-Instruct,16,4,3,79.45300999563187,4,6,False
vllm,shared,Qwen/Qwen2.5-7B-Instruct,16,4,4,86.05429495219141,4,6,False
vllm,shared,Qwen/Qwen2.5-7B-Instruct,16,4,5,79.35265696141869,4,6,False
vllm,shared,Qwen/Qwen2.5-7B-Instruct,16,4,6,78.07591394521296,4,6,False
vllm,shared,Qwen/Qwen2.5-7B-Instruct,16,4,7,78.24845798313618,4,6,False
vllm,shared,Qwen/Qwen2.5-7B-Instruct,16,4,8,79.66157095506787,4,6,False
vllm,shared,Qwen/Qwen2.5-7B-Instruct,16,4,9,79.48086492251605,4,6,False
vllm,shared,Qwen/Qwen2.5-7B-Instruct,16,5,0,79.47307301219553,7,3,False
vllm,shared,Qwen/Qwen2.5-7B-Instruct,16,5,1,78.50734097883105,7,3,False
vllm,shared,Qwen/Qwen2.5-7B-Instruct,16,5,2,78.55830003973097,7,3,False
vllm,shared,Qwen/Qwen2.5-7B-Instruct,16,5,3,78.16047396045178,7,3,False
vllm,shared,Qwen/Qwen2.5-7B-Instruct,16,5,4,78.71366199105978,7,3,False
vllm,shared,Qwen/Qwen2.5-7B-Instruct,16,5,5,80.0156689947471,7,3,False
vllm,shared,Qwen/Qwen2.5-7B-Instruct,16,5,6,78.94319808110595,7,3,False
vllm,shared,Qwen/Qwen2.5-7B-Instruct,16,5,7,86.86023496557027,7,3,False
vllm,shared,Qwen/Qwen2.5-7B-Instruct,16,5,8,80.32915799412876,7,3,False
vllm,shared,Qwen/Qwen2.5-7B-Instruct,16,5,9,79.7952190041542,7,3,False
vllm,shared,Qwen/Qwen2.5-7B-Instruct,17,0,0,80.5968230124563,7,3,False
vllm,shared,Qwen/Qwen2.5-7B-Instruct,17,0,1,79.37144103925675,7,3,False
vllm,shared,Qwen/Qwen2.5-7B-Instruct,17,0,2,80.56095195934176,7,3,False
vllm,shared,Qwen/Qwen2.5-7B-Instruct,17,0,3,77.96253706328571,7,3,False
vllm,shared,Qwen/Qwen2.5-7B-Instruct,17,0,4,79.87848296761513,7,3,False
vllm,shared,Qwen/Qwen2.5-7B-Instruct,17,0,5,80.15661302488297,7,3,False
vllm,shared,Qwen/Qwen2.5-7B-Instruct,17,0,6,79.84157092869282,7,3,False
vllm,shared,Qwen/Qwen2.5-7B-Instruct,17,0,7,87.53721392713487,7,3,False
vllm,shared,Qwen/Qwen2.5-7B-Instruct,17,0,8,79.03351704590023,7,3,False
vllm,shared,Qwen/Qwen2.5-7B-Instruct,17,0,9,79.87757096998394,7,3,False
vllm,shared,Qwen/Qwen2.5-7B-Instruct,17,1,0,78.8717569084838,5,1,False
vllm,shared,Qwen/Qwen2.5-7B-Instruct,17,1,1,78.82511697243899,5,1,False
vllm,shared,Qwen/Qwen2.5-7B-Instruct,17,1,2,79.59427300374955,5,1,False
vllm,shared,Qwen/Qwen2.5-7B-Instruct,17,1,3,80.15782805159688,5,1,False
vllm,shared,Qwen/Qwen2.5-7B-Instruct,17,1,4,79.94137902278453,5,1,False
vllm,shared,Qwen/Qwen2.5-7B-Instruct,17,1,5,85.89782798662782,5,1,False
vllm,shared,Qwen/Qwen2.5-7B-Instruct,17,1,6,79.83043394051492,5,1,False
vllm,shared,Qwen/Qwen2.5-7B-Instruct,17,1,7,79.87517106812447,5,1,False
vllm,shared,Qwen/Qwen2.5-7B-Instruct,17,1,8,79.16383899282664,5,1,False
vllm,shared,Qwen/Qwen2.5-7B-Instruct,17,1,9,80.20461292471737,5,1,False
vllm,shared,Qwen/Qwen2.5-7B-Instruct,17,2,0,79.9929469358176,2,1,False
vllm,shared,Qwen/Qwen2.5-7B-Instruct,17,2,1,79.9556509591639,2,1,False
vllm,shared,Qwen/Qwen2.5-7B-Instruct,17,2,2,85.08968004025519,2,1,False
vllm,shared,Qwen/Qwen2.5-7B-Instruct,17,2,3,80.03990794532001,2,1,False
vllm,shared,Qwen/Qwen2.5-7B-Instruct,17,2,4,80.21858101710677,2,1,False
vllm,shared,Qwen/Qwen2.5-7B-Instruct,17,2,5,81.05060108937323,2,1,False
vllm,shared,Qwen/Qwen2.5-7B-Instruct,17,2,6,80.76088700909168,2,1,False
vllm,shared,Qwen/Qwen2.5-7B-Instruct,17,2,7,81.28357806708664,2,1,False
vllm,shared,Qwen/Qwen2.5-7B-Instruct,17,2,8,80.2642919588834,2,1,False
vllm,shared,Qwen/Qwen2.5-7B-Instruct,17,2,9,80.74133505579084,2,1,False
vllm,shared,Qwen/Qwen2.5-7B-Instruct,17,3,0,86.11403696704656,0,6,False
vllm,shared,Qwen/Qwen2.5-7B-Instruct,17,3,1,80.15869196970016,0,6,False
vllm,shared,Qwen/Qwen2.5-7B-Instruct,17,3,2,78.35568895097822,0,6,False
vllm,shared,Qwen/Qwen2.5-7B-Instruct,17,3,3,79.54228797461838,0,6,False
vllm,shared,Qwen/Qwen2.5-7B-Instruct,17,3,4,79.48361593298614,0,6,False
vllm,shared,Qwen/Qwen2.5-7B-Instruct,17,3,5,79.72427306231111,0,6,False
vllm,shared,Qwen/Qwen2.5-7B-Instruct,17,3,6,76.82265702169389,0,6,False
vllm,shared,Qwen/Qwen2.5-7B-Instruct,17,3,7,79.99302702955902,0,6,False
vllm,shared,Qwen/Qwen2.5-7B-Instruct,17,3,8,79.42859106697142,0,6,False
vllm,shared,Qwen/Qwen2.5-7B-Instruct,17,3,9,79.91636905353516,0,6,False
vllm,shared,Qwen/Qwen2.5-7B-Instruct,17,4,0,79.26726306322962,7,8,False
vllm,shared,Qwen/Qwen2.5-7B-Instruct,17,4,1,78.55695497710258,7,8,False
vllm,shared,Qwen/Qwen2.5-7B-Instruct,17,4,2,80.31915605533868,7,8,False
vllm,shared,Qwen/Qwen2.5-7B-Instruct,17,4,3,81.10500103794038,7,8,False
vllm,shared,Qwen/Qwen2.5-7B-Instruct,17,4,4,79.93163506034762,7,8,False
vllm,shared,Qwen/Qwen2.5-7B-Instruct,17,4,5,78.16604000981897,7,8,False
vllm,shared,Qwen/Qwen2.5-7B-Instruct,17,4,6,78.93014000728726,7,8,False
vllm,shared,Qwen/Qwen2.5-7B-Instruct,17,4,7,85.2242229739204,7,8,False
vllm,shared,Qwen/Qwen2.5-7B-Instruct,17,4,8,77.77591003105044,7,8,False
vllm,shared,Qwen/Qwen2.5-7B-Instruct,17,4,9,79.69700801186264,7,8,False
vllm,shared,Qwen/Qwen2.5-7B-Instruct,17,5,0,80.06001904141158,4,6,False
vllm,shared,Qwen/Qwen2.5-7B-Instruct,17,5,1,78.57351400889456,4,6,False
vllm,shared,Qwen/Qwen2.5-7B-Instruct,17,5,2,80.0204980187118,4,6,False
vllm,shared,Qwen/Qwen2.5-7B-Instruct,17,5,3,78.57221807353199,4,6,False
vllm,shared,Qwen/Qwen2.5-7B-Instruct,17,5,4,85.89173096697778,4,6,False
vllm,shared,Qwen/Qwen2.5-7B-Instruct,17,5,5,78.30292091239244,4,6,False
vllm,shared,Qwen/Qwen2.5-7B-Instruct,17,5,6,78.13371997326612,4,6,False
vllm,shared,Qwen/Qwen2.5-7B-Instruct,17,5,7,78.35421699564904,4,6,False
vllm,shared,Qwen/Qwen2.5-7B-Instruct,17,5,8,79.000732046552,4,6,False
vllm,shared,Qwen/Qwen2.5-7B-Instruct,17,5,9,78.40053597465158,4,6,False
vllm,shared,Qwen/Qwen2.5-7B-Instruct,18,0,0,79.89900908432901,3,9,False
vllm,shared,Qwen/Qwen2.5-7B-Instruct,18,0,1,80.3533480502665,3,9,False
vllm,shared,Qwen/Qwen2.5-7B-Instruct,18,0,2,81.93118101917207,3,9,False
vllm,shared,Qwen/Qwen2.5-7B-Instruct,18,0,3,86.23509295284748,3,9,False
vllm,shared,Qwen/Qwen2.5-7B-Instruct,18,0,4,80.69371699821204,3,9,False
vllm,shared,Qwen/Qwen2.5-7B-Instruct,18,0,5,79.02124396059662,3,9,False
vllm,shared,Qwen/Qwen2.5-7B-Instruct,18,0,6,79.3329100124538,3,9,False
vllm,shared,Qwen/Qwen2.5-7B-Instruct,18,0,7,79.37913399655372,3,9,False
vllm,shared,Qwen/Qwen2.5-7B-Instruct,18,0,8,79.78316792286932,3,9,False
vllm,shared,Qwen/Qwen2.5-7B-Instruct,18,0,9,77.90965295862406,3,9,False
vllm,shared,Qwen/Qwen2.5-7B-Instruct,18,1,0,78.92162702046335,7,4,False
vllm,shared,Qwen/Qwen2.5-7B-Instruct,18,1,1,79.82606498990208,7,4,False
vllm,shared,Qwen/Qwen2.5-7B-Instruct,18,1,2,79.94422502815723,7,4,False
vllm,shared,Qwen/Qwen2.5-7B-Instruct,18,1,3,79.68508708290756,7,4,False
vllm,shared,Qwen/Qwen2.5-7B-Instruct,18,1,4,78.41336796991527,7,4,False
vllm,shared,Qwen/Qwen2.5-7B-Instruct,18,1,5,79.97829001396894,7,4,False
vllm,shared,Qwen/Qwen2.5-7B-Instruct,18,1,6,79.44831799250096,7,4,False
vllm,shared,Qwen/Qwen2.5-7B-Instruct,18,1,7,84.91481305100024,7,4,False
vllm,shared,Qwen/Qwen2.5-7B-Instruct,18,1,8,79.38089407980442,7,4,False
vllm,shared,Qwen/Qwen2.5-7B-Instruct,18,1,9,79.79390397667885,7,4,False
vllm,shared,Qwen/Qwen2.5-7B-Instruct,18,2,0,79.96377698145807,1,3,False
vllm,shared,Qwen/Qwen2.5-7B-Instruct,18,2,1,85.20081406459212,1,3,False
vllm,shared,Qwen/Qwen2.5-7B-Instruct,18,2,2,79.19543597381562,1,3,False
vllm,shared,Qwen/Qwen2.5-7B-Instruct,18,2,3,78.24815099593252,1,3,False
vllm,shared,Qwen/Qwen2.5-7B-Instruct,18,2,4,79.27732495591044,1,3,False
vllm,shared,Qwen/Qwen2.5-7B-Instruct,18,2,5,78.50191206671298,1,3,False
vllm,shared,Qwen/Qwen2.5-7B-Instruct,18,2,6,79.33679700363427,1,3,False
vllm,shared,Qwen/Qwen2.5-7B-Instruct,18,2,7,79.3326529674232,1,3,False
vllm,shared,Qwen/Qwen2.5-7B-Instruct,18,2,8,79.13657196331769,1,3,False
vllm,shared,Qwen/Qwen2.5-7B-Instruct,18,2,9,78.66570504847914,1,3,False
vllm,shared,Qwen/Qwen2.5-7B-Instruct,18,3,0,78.48354405723512,1,6,False
vllm,shared,Qwen/Qwen2.5-7B-Instruct,18,3,1,85.64035198651254,1,6,False
vllm,shared,Qwen/Qwen2.5-7B-Instruct,18,3,2,79.46670206729323,1,6,False
vllm,shared,Qwen/Qwen2.5-7B-Instruct,18,3,3,80.6585008976981,1,6,False
vllm,shared,Qwen/Qwen2.5-7B-Instruct,18,3,4,79.76726302877069,1,6,False
vllm,shared,Qwen/Qwen2.5-7B-Instruct,18,3,5,79.39900504425168,1,6,False
vllm,shared,Qwen/Qwen2.5-7B-Instruct,18,3,6,77.49899406917393,1,6,False
vllm,shared,Qwen/Qwen2.5-7B-Instruct,18,3,7,78.79444095306098,1,6,False
vllm,shared,Qwen/Qwen2.5-7B-Instruct,18,3,8,79.30538803339005,1,6,False
vllm,shared,Qwen/Qwen2.5-7B-Instruct,18,3,9,79.07983497716486,1,6,False
vllm,shared,Qwen/Qwen2.5-7B-Instruct,18,4,0,78.84593005292118,2,1,False
vllm,shared,Qwen/Qwen2.5-7B-Instruct,18,4,1,77.21083308570087,2,1,False
vllm,shared,Qwen/Qwen2.5-7B-Instruct,18,4,2,86.87546302098781,2,1,False
vllm,shared,Qwen/Qwen2.5-7B-Instruct,18,4,3,79.10215493757278,2,1,False
vllm,shared,Qwen/Qwen2.5-7B-Instruct,18,4,4,79.02111497242004,2,1,False
vllm,shared,Qwen/Qwen2.5-7B-Instruct,18,4,5,79.45161301176995,2,1,False
vllm,shared,Qwen/Qwen2.5-7B-Instruct,18,4,6,79.02165804989636,2,1,False
vllm,shared,Qwen/Qwen2.5-7B-Instruct,18,4,7,79.43377294577658,2,1,False
vllm,shared,Qwen/Qwen2.5-7B-Instruct,18,4,8,78.75596091616899,2,1,False
vllm,shared,Qwen/Qwen2.5-7B-Instruct,18,4,9,79.8028790159151,2,1,False
vllm,shared,Qwen/Qwen2.5-7B-Instruct,18,5,0,79.84191901050508,3,5,False
vllm,shared,Qwen/Qwen2.5-7B-Instruct,18,5,1,79.13949899375439,3,5,False
vllm,shared,Qwen/Qwen2.5-7B-Instruct,18,5,2,79.61335789877921,3,5,False
vllm,shared,Qwen/Qwen2.5-7B-Instruct,18,5,3,85.34235006663948,3,5,False
vllm,shared,Qwen/Qwen2.5-7B-Instruct,18,5,4,77.64742604922503,3,5,False
vllm,shared,Qwen/Qwen2.5-7B-Instruct,18,5,5,77.47222506441176,3,5,False
vllm,shared,Qwen/Qwen2.5-7B-Instruct,18,5,6,79.15743498597294,3,5,False
vllm,shared,Qwen/Qwen2.5-7B-Instruct,18,5,7,78.48431204911321,3,5,False
vllm,shared,Qwen/Qwen2.5-7B-Instruct,18,5,8,78.9278500014916,3,5,False
vllm,shared,Qwen/Qwen2.5-7B-Instruct,18,5,9,79.45218798704445,3,5,False
vllm,shared,Qwen/Qwen2.5-7B-Instruct,19,0,0,80.18755202647299,9,4,False
vllm,shared,Qwen/Qwen2.5-7B-Instruct,19,0,1,79.64065298438072,9,4,False
vllm,shared,Qwen/Qwen2.5-7B-Instruct,19,0,2,79.96995095163584,9,4,False
vllm,shared,Qwen/Qwen2.5-7B-Instruct,19,0,3,79.46265197824687,9,4,False
vllm,shared,Qwen/Qwen2.5-7B-Instruct,19,0,4,79.28591500967741,9,4,False
vllm,shared,Qwen/Qwen2.5-7B-Instruct,19,0,5,81.1940700514242,9,4,False
vllm,shared,Qwen/Qwen2.5-7B-Instruct,19,0,6,80.57693089358509,9,4,False
vllm,shared,Qwen/Qwen2.5-7B-Instruct,19,0,7,80.19768004305661,9,4,False
vllm,shared,Qwen/Qwen2.5-7B-Instruct,19,0,8,80.715507036075,9,4,False
vllm,shared,Qwen/Qwen2.5-7B-Instruct,19,0,9,86.15745801944286,9,4,False
vllm,shared,Qwen/Qwen2.5-7B-Instruct,19,1,0,84.9965059896931,0,9,False
vllm,shared,Qwen/Qwen2.5-7B-Instruct,19,1,1,79.1645860299468,0,9,False
vllm,shared,Qwen/Qwen2.5-7B-Instruct,19,1,2,79.72705189604312,0,9,False
vllm,shared,Qwen/Qwen2.5-7B-Instruct,19,1,3,79.68633307609707,0,9,False
vllm,shared,Qwen/Qwen2.5-7B-Instruct,19,1,4,80.0887190271169,0,9,False
vllm,shared,Qwen/Qwen2.5-7B-Instruct,19,1,5,80.01758297905326,0,9,False
vllm,shared,Qwen/Qwen2.5-7B-Instruct,19,1,6,79.86772700678557,0,9,False
vllm,shared,Qwen/Qwen2.5-7B-Instruct,19,1,7,79.57545202225447,0,9,False
vllm,shared,Qwen/Qwen2.5-7B-Instruct,19,1,8,79.33911506552249,0,9,False
vllm,shared,Qwen/Qwen2.5-7B-Instruct,19,1,9,79.02221707627177,0,9,False
vllm,shared,Qwen/Qwen2.5-7B-Instruct,19,2,0,79.4356920523569,4,1,False
vllm,shared,Qwen/Qwen2.5-7B-Instruct,19,2,1,79.25415493082255,4,1,False
vllm,shared,Qwen/Qwen2.5-7B-Instruct,19,2,2,79.85521398950368,4,1,False
vllm,shared,Qwen/Qwen2.5-7B-Instruct,19,2,3,80.60203399509192,4,1,False
vllm,shared,Qwen/Qwen2.5-7B-Instruct,19,2,4,87.85945002455264,4,1,False
vllm,shared,Qwen/Qwen2.5-7B-Instruct,19,2,5,80.83270792849362,4,1,False
vllm,shared,Qwen/Qwen2.5-7B-Instruct,19,2,6,79.30105098057538,4,1,False
vllm,shared,Qwen/Qwen2.5-7B-Instruct,19,2,7,80.43025701772422,4,1,False
vllm,shared,Qwen/Qwen2.5-7B-Instruct,19,2,8,80.51630505360663,4,1,False
vllm,shared,Qwen/Qwen2.5-7B-Instruct,19,2,9,79.57542000804096,4,1,False
vllm,shared,Qwen/Qwen2.5-7B-Instruct,19,3,0,79.1401220485568,9,0,False
vllm,shared,Qwen/Qwen2.5-7B-Instruct,19,3,1,79.18676198460162,9,0,False
vllm,shared,Qwen/Qwen2.5-7B-Instruct,19,3,2,80.42483299504966,9,0,False
vllm,shared,Qwen/Qwen2.5-7B-Instruct,19,3,3,80.95891599077731,9,0,False
vllm,shared,Qwen/Qwen2.5-7B-Instruct,19,3,4,81.03990799281746,9,0,False
vllm,shared,Qwen/Qwen2.5-7B-Instruct,19,3,5,79.26581706851721,9,0,False
vllm,shared,Qwen/Qwen2.5-7B-Instruct,19,3,6,79.70284402836114,9,0,False
vllm,shared,Qwen/Qwen2.5-7B-Instruct,19,3,7,79.8285569762811,9,0,False
vllm,shared,Qwen/Qwen2.5-7B-Instruct,19,3,8,79.21025005634874,9,0,False
vllm,shared,Qwen/Qwen2.5-7B-Instruct,19,3,9,86.86136396136135,9,0,False
vllm,shared,Qwen/Qwen2.5-7B-Instruct,19,4,0,79.74446099251509,7,8,False
vllm,shared,Qwen/Qwen2.5-7B-Instruct,19,4,1,79.464202048257,7,8,False
vllm,shared,Qwen/Qwen2.5-7B-Instruct,19,4,2,79.37413803301752,7,8,False
vllm,shared,Qwen/Qwen2.5-7B-Instruct,19,4,3,79.73029999993742,7,8,False
vllm,shared,Qwen/Qwen2.5-7B-Instruct,19,4,4,79.15023306850344,7,8,False
vllm,shared,Qwen/Qwen2.5-7B-Instruct,19,4,5,79.33601003605872,7,8,False
vllm,shared,Qwen/Qwen2.5-7B-Instruct,19,4,6,80.72878594975919,7,8,False
vllm,shared,Qwen/Qwen2.5-7B-Instruct,19,4,7,87.91242609731853,7,8,False
vllm,shared,Qwen/Qwen2.5-7B-Instruct,19,4,8,78.17360304761678,7,8,False
vllm,shared,Qwen/Qwen2.5-7B-Instruct,19,4,9,78.89991102274507,7,8,False
vllm,shared,Qwen/Qwen2.5-7B-Instruct,19,5,0,78.78856698516756,4,6,False
vllm,shared,Qwen/Qwen2.5-7B-Instruct,19,5,1,78.78890295978636,4,6,False
vllm,shared,Qwen/Qwen2.5-7B-Instruct,19,5,2,78.9185028988868,4,6,False
vllm,shared,Qwen/Qwen2.5-7B-Instruct,19,5,3,79.52055404894054,4,6,False
vllm,shared,Qwen/Qwen2.5-7B-Instruct,19,5,4,85.45114798471332,4,6,False
vllm,shared,Qwen/Qwen2.5-7B-Instruct,19,5,5,79.81345301959664,4,6,False
vllm,shared,Qwen/Qwen2.5-7B-Instruct,19,5,6,77.29961490258574,4,6,False
vllm,shared,Qwen/Qwen2.5-7B-Instruct,19,5,7,78.5896860761568,4,6,False
vllm,shared,Qwen/Qwen2.5-7B-Instruct,19,5,8,79.7200599918142,4,6,False
vllm,shared,Qwen/Qwen2.5-7B-Instruct,19,5,9,80.19494300242513,4,6,False
vllm,shared,Qwen/Qwen2.5-7B-Instruct,20,0,0,80.51921601872891,4,1,False
vllm,shared,Qwen/Qwen2.5-7B-Instruct,20,0,1,79.27114493213594,4,1,False
vllm,shared,Qwen/Qwen2.5-7B-Instruct,20,0,2,79.82354797422886,4,1,False
vllm,shared,Qwen/Qwen2.5-7B-Instruct,20,0,3,80.49115189351141,4,1,False
vllm,shared,Qwen/Qwen2.5-7B-Instruct,20,0,4,87.40952610969543,4,1,False
vllm,shared,Qwen/Qwen2.5-7B-Instruct,20,0,5,80.84480103570968,4,1,False
vllm,shared,Qwen/Qwen2.5-7B-Instruct,20,0,6,81.00232295691967,4,1,False
vllm,shared,Qwen/Qwen2.5-7B-Instruct,20,0,7,80.07798192556947,4,1,False
vllm,shared,Qwen/Qwen2.5-7B-Instruct,20,0,8,80.79635305330157,4,1,False
vllm,shared,Qwen/Qwen2.5-7B-Instruct,20,0,9,80.16057393979281,4,1,False
vllm,shared,Qwen/Qwen2.5-7B-Instruct,20,1,0,81.52043796144426,2,3,False
vllm,shared,Qwen/Qwen2.5-7B-Instruct,20,1,1,81.56179694924504,2,3,False
vllm,shared,Qwen/Qwen2.5-7B-Instruct,20,1,2,87.23221300169826,2,3,False
vllm,shared,Qwen/Qwen2.5-7B-Instruct,20,1,3,79.02930304408073,2,3,False
vllm,shared,Qwen/Qwen2.5-7B-Instruct,20,1,4,80.32729499973357,2,3,False
vllm,shared,Qwen/Qwen2.5-7B-Instruct,20,1,5,82.2067930130288,2,3,False
vllm,shared,Qwen/Qwen2.5-7B-Instruct,20,1,6,81.4920689444989,2,3,False
vllm,shared,Qwen/Qwen2.5-7B-Instruct,20,1,7,80.90593805536628,2,3,False
vllm,shared,Qwen/Qwen2.5-7B-Instruct,20,1,8,80.83435392472893,2,3,False
vllm,shared,Qwen/Qwen2.5-7B-Instruct,20,1,9,79.83922795392573,2,3,False
vllm,shared,Qwen/Qwen2.5-7B-Instruct,20,2,0,80.41414292529225,5,2,False
vllm,shared,Qwen/Qwen2.5-7B-Instruct,20,2,1,80.51614405121654,5,2,False
vllm,shared,Qwen/Qwen2.5-7B-Instruct,20,2,2,79.44559399038553,5,2,False
vllm,shared,Qwen/Qwen2.5-7B-Instruct,20,2,3,79.56093805842102,5,2,False
vllm,shared,Qwen/Qwen2.5-7B-Instruct,20,2,4,80.60243201907724,5,2,False
vllm,shared,Qwen/Qwen2.5-7B-Instruct,20,2,5,88.08312891051173,5,2,False
vllm,shared,Qwen/Qwen2.5-7B-Instruct,20,2,6,79.8445709515363,5,2,False
vllm,shared,Qwen/Qwen2.5-7B-Instruct,20,2,7,81.07200299855322,5,2,False
vllm,shared,Qwen/Qwen2.5-7B-Instruct,20,2,8,80.75809595175087,5,2,False
vllm,shared,Qwen/Qwen2.5-7B-Instruct,20,2,9,81.04006596840918,5,2,False
vllm,shared,Qwen/Qwen2.5-7B-Instruct,20,3,0,80.36321506369859,2,3,False
vllm,shared,Qwen/Qwen2.5-7B-Instruct,20,3,1,80.04639600403607,2,3,False
vllm,shared,Qwen/Qwen2.5-7B-Instruct,20,3,2,85.5406989576295,2,3,False
vllm,shared,Qwen/Qwen2.5-7B-Instruct,20,3,3,79.14965506643057,2,3,False
vllm,shared,Qwen/Qwen2.5-7B-Instruct,20,3,4,79.37600906006992,2,3,False
vllm,shared,Qwen/Qwen2.5-7B-Instruct,20,3,5,81.01382595486939,2,3,False
vllm,shared,Qwen/Qwen2.5-7B-Instruct,20,3,6,79.86052404157817,2,3,False
vllm,shared,Qwen/Qwen2.5-7B-Instruct,20,3,7,80.59148699976504,2,3,False
vllm,shared,Qwen/Qwen2.5-7B-Instruct,20,3,8,80.23028494790196,2,3,False
vllm,shared,Qwen/Qwen2.5-7B-Instruct,20,3,9,80.01206000335515,2,3,False
vllm,shared,Qwen/Qwen2.5-7B-Instruct,20,4,0,79.7361700097099,2,4,False
vllm,shared,Qwen/Qwen2.5-7B-Instruct,20,4,1,80.90499299578369,2,4,False
vllm,shared,Qwen/Qwen2.5-7B-Instruct,20,4,2,86.69513696804643,2,4,False
vllm,shared,Qwen/Qwen2.5-7B-Instruct,20,4,3,79.05520696658641,2,4,False
vllm,shared,Qwen/Qwen2.5-7B-Instruct,20,4,4,78.67973297834396,2,4,False
vllm,shared,Qwen/Qwen2.5-7B-Instruct,20,4,5,78.9355729939416,2,4,False
vllm,shared,Qwen/Qwen2.5-7B-Instruct,20,4,6,80.13017300982028,2,4,False
vllm,shared,Qwen/Qwen2.5-7B-Instruct,20,4,7,80.31172503251582,2,4,False
vllm,shared,Qwen/Qwen2.5-7B-Instruct,20,4,8,80.06913203280419,2,4,False
vllm,shared,Qwen/Qwen2.5-7B-Instruct,20,4,9,79.94949899148196,2,4,False
vllm,shared,Qwen/Qwen2.5-7B-Instruct,20,5,0,80.13327699154615,1,2,False
vllm,shared,Qwen/Qwen2.5-7B-Instruct,20,5,1,86.02612500544637,1,2,False
vllm,shared,Qwen/Qwen2.5-7B-Instruct,20,5,2,78.80838902201504,1,2,False
vllm,shared,Qwen/Qwen2.5-7B-Instruct,20,5,3,78.85886903386563,1,2,False
vllm,shared,Qwen/Qwen2.5-7B-Instruct,20,5,4,82.01482298318297,1,2,False
vllm,shared,Qwen/Qwen2.5-7B-Instruct,20,5,5,79.59621702320874,1,2,False
vllm,shared,Qwen/Qwen2.5-7B-Instruct,20,5,6,79.88884299993515,1,2,False
vllm,shared,Qwen/Qwen2.5-7B-Instruct,20,5,7,79.79914592579007,1,2,False
vllm,shared,Qwen/Qwen2.5-7B-Instruct,20,5,8,80.11249196715653,1,2,False
vllm,shared,Qwen/Qwen2.5-7B-Instruct,20,5,9,79.09870997536927,1,2,False
vllm,shared,Qwen/Qwen2.5-7B-Instruct,21,0,0,80.78683097846806,5,1,False
vllm,shared,Qwen/Qwen2.5-7B-Instruct,21,0,1,79.66383302118629,5,1,False
vllm,shared,Qwen/Qwen2.5-7B-Instruct,21,0,2,80.60473494697362,5,1,False
vllm,shared,Qwen/Qwen2.5-7B-Instruct,21,0,3,80.4362369235605,5,1,False
vllm,shared,Qwen/Qwen2.5-7B-Instruct,21,0,4,80.4629729827866,5,1,False
vllm,shared,Qwen/Qwen2.5-7B-Instruct,21,0,5,87.5125959282741,5,1,False
vllm,shared,Qwen/Qwen2.5-7B-Instruct,21,0,6,81.60581206902862,5,1,False
vllm,shared,Qwen/Qwen2.5-7B-Instruct,21,0,7,81.0429600533098,5,1,False
vllm,shared,Qwen/Qwen2.5-7B-Instruct,21,0,8,81.5313799539581,5,1,False
vllm,shared,Qwen/Qwen2.5-7B-Instruct,21,0,9,80.31894103623927,5,1,False
vllm,shared,Qwen/Qwen2.5-7B-Instruct,21,1,0,79.76554508786649,3,4,False
vllm,shared,Qwen/Qwen2.5-7B-Instruct,21,1,1,82.44559192098677,3,4,False
vllm,shared,Qwen/Qwen2.5-7B-Instruct,21,1,2,81.20444894302636,3,4,False
vllm,shared,Qwen/Qwen2.5-7B-Instruct,21,1,3,87.04572997521609,3,4,False
vllm,shared,Qwen/Qwen2.5-7B-Instruct,21,1,4,77.95006304513663,3,4,False
vllm,shared,Qwen/Qwen2.5-7B-Instruct,21,1,5,78.90209998004138,3,4,False
vllm,shared,Qwen/Qwen2.5-7B-Instruct,21,1,6,79.78930603712797,3,4,False
vllm,shared,Qwen/Qwen2.5-7B-Instruct,21,1,7,80.04853897728026,3,4,False
vllm,shared,Qwen/Qwen2.5-7B-Instruct,21,1,8,79.41851997748017,3,4,False
vllm,shared,Qwen/Qwen2.5-7B-Instruct,21,1,9,79.17781395372003,3,4,False
vllm,shared,Qwen/Qwen2.5-7B-Instruct,21,2,0,79.6022800495848,6,1,False
vllm,shared,Qwen/Qwen2.5-7B-Instruct,21,2,1,79.58072796463966,6,1,False
vllm,shared,Qwen/Qwen2.5-7B-Instruct,21,2,2,80.63815801870078,6,1,False
vllm,shared,Qwen/Qwen2.5-7B-Instruct,21,2,3,80.13455499894917,6,1,False
vllm,shared,Qwen/Qwen2.5-7B-Instruct,21,2,4,81.00609597750008,6,1,False
vllm,shared,Qwen/Qwen2.5-7B-Instruct,21,2,5,80.02546604257077,6,1,False
vllm,shared,Qwen/Qwen2.5-7B-Instruct,21,2,6,86.58244705293328,6,1,False
vllm,shared,Qwen/Qwen2.5-7B-Instruct,21,2,7,81.22984098736197,6,1,False
vllm,shared,Qwen/Qwen2.5-7B-Instruct,21,2,8,81.18096005637199,6,1,False
vllm,shared,Qwen/Qwen2.5-7B-Instruct,21,2,9,80.10319399181753,6,1,False
vllm,shared,Qwen/Qwen2.5-7B-Instruct,21,3,0,80.54887701291591,4,8,False
vllm,shared,Qwen/Qwen2.5-7B-Instruct,21,3,1,81.31777693051845,4,8,False
vllm,shared,Qwen/Qwen2.5-7B-Instruct,21,3,2,81.42565004527569,4,8,False
vllm,shared,Qwen/Qwen2.5-7B-Instruct,21,3,3,80.49052499700338,4,8,False
vllm,shared,Qwen/Qwen2.5-7B-Instruct,21,3,4,87.79099700041115,4,8,False
vllm,shared,Qwen/Qwen2.5-7B-Instruct,21,3,5,81.20406500529498,4,8,False
vllm,shared,Qwen/Qwen2.5-7B-Instruct,21,3,6,81.59113896545023,4,8,False
vllm,shared,Qwen/Qwen2.5-7B-Instruct,21,3,7,80.54489293135703,4,8,False
vllm,shared,Qwen/Qwen2.5-7B-Instruct,21,3,8,79.70848807599396,4,8,False
vllm,shared,Qwen/Qwen2.5-7B-Instruct,21,3,9,80.72442992124707,4,8,False
vllm,shared,Qwen/Qwen2.5-7B-Instruct,21,4,0,79.99245799146593,5,4,False
vllm,shared,Qwen/Qwen2.5-7B-Instruct,21,4,1,79.64258396532387,5,4,False
vllm,shared,Qwen/Qwen2.5-7B-Instruct,21,4,2,79.7627919819206,5,4,False
vllm,shared,Qwen/Qwen2.5-7B-Instruct,21,4,3,80.39466699119657,5,4,False
vllm,shared,Qwen/Qwen2.5-7B-Instruct,21,4,4,78.87976407073438,5,4,False
vllm,shared,Qwen/Qwen2.5-7B-Instruct,21,4,5,87.00515294913203,5,4,False
vllm,shared,Qwen/Qwen2.5-7B-Instruct,21,4,6,81.03660796768963,5,4,False
vllm,shared,Qwen/Qwen2.5-7B-Instruct,21,4,7,80.07984899450094,5,4,False
vllm,shared,Qwen/Qwen2.5-7B-Instruct,21,4,8,80.13655408285558,5,4,False
vllm,shared,Qwen/Qwen2.5-7B-Instruct,21,4,9,79.90754500497133,5,4,False
vllm,shared,Qwen/Qwen2.5-7B-Instruct,21,5,0,80.5891799973324,2,4,False
vllm,shared,Qwen/Qwen2.5-7B-Instruct,21,5,1,81.08486398123205,2,4,False
vllm,shared,Qwen/Qwen2.5-7B-Instruct,21,5,2,87.80632400885224,2,4,False
vllm,shared,Qwen/Qwen2.5-7B-Instruct,21,5,3,80.83447790704668,2,4,False
vllm,shared,Qwen/Qwen2.5-7B-Instruct,21,5,4,78.70243408251554,2,4,False
vllm,shared,Qwen/Qwen2.5-7B-Instruct,21,5,5,81.04710304178298,2,4,False
vllm,shared,Qwen/Qwen2.5-7B-Instruct,21,5,6,80.82332601770759,2,4,False
vllm,shared,Qwen/Qwen2.5-7B-Instruct,21,5,7,80.3679630625993,2,4,False
vllm,shared,Qwen/Qwen2.5-7B-Instruct,21,5,8,80.25724196340889,2,4,False
vllm,shared,Qwen/Qwen2.5-7B-Instruct,21,5,9,79.88815300632268,2,4,False
vllm,shared,Qwen/Qwen2.5-7B-Instruct,22,0,0,81.15495997481048,6,8,False
vllm,shared,Qwen/Qwen2.5-7B-Instruct,22,0,1,80.05223306827247,6,8,False
vllm,shared,Qwen/Qwen2.5-7B-Instruct,22,0,2,80.17469709739089,6,8,False
vllm,shared,Qwen/Qwen2.5-7B-Instruct,22,0,3,80.93679801095277,6,8,False
vllm,shared,Qwen/Qwen2.5-7B-Instruct,22,0,4,81.30361593794078,6,8,False
vllm,shared,Qwen/Qwen2.5-7B-Instruct,22,0,5,81.22599998023361,6,8,False
vllm,shared,Qwen/Qwen2.5-7B-Instruct,22,0,6,87.68144203349948,6,8,False
vllm,shared,Qwen/Qwen2.5-7B-Instruct,22,0,7,81.24884706921875,6,8,False
vllm,shared,Qwen/Qwen2.5-7B-Instruct,22,0,8,79.47478897403926,6,8,False
vllm,shared,Qwen/Qwen2.5-7B-Instruct,22,0,9,79.98867996502668,6,8,False
vllm,shared,Qwen/Qwen2.5-7B-Instruct,22,1,0,80.8227650122717,8,1,False
vllm,shared,Qwen/Qwen2.5-7B-Instruct,22,1,1,80.4273709654808,8,1,False
vllm,shared,Qwen/Qwen2.5-7B-Instruct,22,1,2,81.72800205647945,8,1,False
vllm,shared,Qwen/Qwen2.5-7B-Instruct,22,1,3,81.01259008981287,8,1,False
vllm,shared,Qwen/Qwen2.5-7B-Instruct,22,1,4,82.11096399463713,8,1,False
vllm,shared,Qwen/Qwen2.5-7B-Instruct,22,1,5,81.43524790648371,8,1,False
vllm,shared,Qwen/Qwen2.5-7B-Instruct,22,1,6,81.91454608459026,8,1,False
vllm,shared,Qwen/Qwen2.5-7B-Instruct,22,1,7,81.9423709763214,8,1,False
vllm,shared,Qwen/Qwen2.5-7B-Instruct,22,1,8,88.27928605023772,8,1,False
vllm,shared,Qwen/Qwen2.5-7B-Instruct,22,1,9,81.01673296187073,8,1,False
vllm,shared,Qwen/Qwen2.5-7B-Instruct,22,2,0,81.24902297277004,9,7,False
vllm,shared,Qwen/Qwen2.5-7B-Instruct,22,2,1,81.89284999389201,9,7,False
vllm,shared,Qwen/Qwen2.5-7B-Instruct,22,2,2,80.47396305482835,9,7,False
vllm,shared,Qwen/Qwen2.5-7B-Instruct,22,2,3,80.8688139077276,9,7,False
vllm,shared,Qwen/Qwen2.5-7B-Instruct,22,2,4,81.87259500846267,9,7,False
vllm,shared,Qwen/Qwen2.5-7B-Instruct,22,2,5,81.23790298122913,9,7,False
vllm,shared,Qwen/Qwen2.5-7B-Instruct,22,2,6,81.06786804273725,9,7,False
vllm,shared,Qwen/Qwen2.5-7B-Instruct,22,2,7,80.05410397890955,9,7,False
vllm,shared,Qwen/Qwen2.5-7B-Instruct,22,2,8,80.16511297319084,9,7,False
vllm,shared,Qwen/Qwen2.5-7B-Instruct,22,2,9,87.58387295529246,9,7,False
vllm,shared,Qwen/Qwen2.5-7B-Instruct,22,3,0,87.81811501830816,0,8,False
vllm,shared,Qwen/Qwen2.5-7B-Instruct,22,3,1,82.06653106026351,0,8,False
vllm,shared,Qwen/Qwen2.5-7B-Instruct,22,3,2,82.45024597272277,0,8,False
vllm,shared,Qwen/Qwen2.5-7B-Instruct,22,3,3,80.79324394930154,0,8,False
vllm,shared,Qwen/Qwen2.5-7B-Instruct,22,3,4,80.92516497708857,0,8,False
vllm,shared,Qwen/Qwen2.5-7B-Instruct,22,3,5,81.80995401926339,0,8,False
vllm,shared,Qwen/Qwen2.5-7B-Instruct,22,3,6,81.63268899079412,0,8,False
vllm,shared,Qwen/Qwen2.5-7B-Instruct,22,3,7,80.77351504471153,0,8,False
vllm,shared,Qwen/Qwen2.5-7B-Instruct,22,3,8,80.73305198922753,0,8,False
vllm,shared,Qwen/Qwen2.5-7B-Instruct,22,3,9,81.54926402494311,0,8,False
vllm,shared,Qwen/Qwen2.5-7B-Instruct,22,4,0,80.75935603119433,5,3,False
vllm,shared,Qwen/Qwen2.5-7B-Instruct,22,4,1,80.34780202433467,5,3,False
vllm,shared,Qwen/Qwen2.5-7B-Instruct,22,4,2,81.81579306256026,5,3,False
vllm,shared,Qwen/Qwen2.5-7B-Instruct,22,4,3,79.2378589976579,5,3,False
vllm,shared,Qwen/Qwen2.5-7B-Instruct,22,4,4,80.31607198063284,5,3,False
vllm,shared,Qwen/Qwen2.5-7B-Instruct,22,4,5,87.64587400946766,5,3,False
vllm,shared,Qwen/Qwen2.5-7B-Instruct,22,4,6,80.70823503658175,5,3,False
vllm,shared,Qwen/Qwen2.5-7B-Instruct,22,4,7,81.49889600463212,5,3,False
vllm,shared,Qwen/Qwen2.5-7B-Instruct,22,4,8,81.35263901203871,5,3,False
vllm,shared,Qwen/Qwen2.5-7B-Instruct,22,4,9,81.66680007707328,5,3,False
vllm,shared,Qwen/Qwen2.5-7B-Instruct,22,5,0,81.39148692134768,3,1,False
vllm,shared,Qwen/Qwen2.5-7B-Instruct,22,5,1,79.1011709952727,3,1,False
vllm,shared,Qwen/Qwen2.5-7B-Instruct,22,5,2,80.98534005694091,3,1,False
vllm,shared,Qwen/Qwen2.5-7B-Instruct,22,5,3,88.09410000685602,3,1,False
vllm,shared,Qwen/Qwen2.5-7B-Instruct,22,5,4,81.37185499072075,3,1,False
vllm,shared,Qwen/Qwen2.5-7B-Instruct,22,5,5,81.89377700909972,3,1,False
vllm,shared,Qwen/Qwen2.5-7B-Instruct,22,5,6,81.56249590683728,3,1,False
vllm,shared,Qwen/Qwen2.5-7B-Instruct,22,5,7,81.99160208459944,3,1,False
vllm,shared,Qwen/Qwen2.5-7B-Instruct,22,5,8,81.55567909125239,3,1,False
vllm,shared,Qwen/Qwen2.5-7B-Instruct,22,5,9,80.886684008874,3,1,False
vllm,shared,Qwen/Qwen2.5-7B-Instruct,23,0,0,81.84691204223782,7,5,False
vllm,shared,Qwen/Qwen2.5-7B-Instruct,23,0,1,81.44895790610462,7,5,False
vllm,shared,Qwen/Qwen2.5-7B-Instruct,23,0,2,80.81495494116098,7,5,False
vllm,shared,Qwen/Qwen2.5-7B-Instruct,23,0,3,81.05404407251626,7,5,False
vllm,shared,Qwen/Qwen2.5-7B-Instruct,23,0,4,80.71314601693302,7,5,False
vllm,shared,Qwen/Qwen2.5-7B-Instruct,23,0,5,80.42487304192036,7,5,False
vllm,shared,Qwen/Qwen2.5-7B-Instruct,23,0,6,82.21512206364423,7,5,False
vllm,shared,Qwen/Qwen2.5-7B-Instruct,23,0,7,88.01400207448751,7,5,False
vllm,shared,Qwen/Qwen2.5-7B-Instruct,23,0,8,80.9127789689228,7,5,False
vllm,shared,Qwen/Qwen2.5-7B-Instruct,23,0,9,80.90257097501308,7,5,False
vllm,shared,Qwen/Qwen2.5-7B-Instruct,23,1,0,80.9009550139308,9,4,False
vllm,shared,Qwen/Qwen2.5-7B-Instruct,23,1,1,80.39360900875181,9,4,False
vllm,shared,Qwen/Qwen2.5-7B-Instruct,23,1,2,81.16796403191984,9,4,False
vllm,shared,Qwen/Qwen2.5-7B-Instruct,23,1,3,80.41613595560193,9,4,False
vllm,shared,Qwen/Qwen2.5-7B-Instruct,23,1,4,79.7304849838838,9,4,False
vllm,shared,Qwen/Qwen2.5-7B-Instruct,23,1,5,80.64053789712489,9,4,False
vllm,shared,Qwen/Qwen2.5-7B-Instruct,23,1,6,80.95066796522588,9,4,False
vllm,shared,Qwen/Qwen2.5-7B-Instruct,23,1,7,81.68518298771232,9,4,False
vllm,shared,Qwen/Qwen2.5-7B-Instruct,23,1,8,82.49682001769543,9,4,False
vllm,shared,Qwen/Qwen2.5-7B-Instruct,23,1,9,87.682000012137,9,4,False
vllm,shared,Qwen/Qwen2.5-7B-Instruct,23,2,0,79.54731595236808,7,0,False
vllm,shared,Qwen/Qwen2.5-7B-Instruct,23,2,1,80.97476395778358,7,0,False
vllm,shared,Qwen/Qwen2.5-7B-Instruct,23,2,2,81.2206210102886,7,0,False
vllm,shared,Qwen/Qwen2.5-7B-Instruct,23,2,3,80.98882797639817,7,0,False
vllm,shared,Qwen/Qwen2.5-7B-Instruct,23,2,4,81.53591898735613,7,0,False
vllm,shared,Qwen/Qwen2.5-7B-Instruct,23,2,5,80.6310490006581,7,0,False
vllm,shared,Qwen/Qwen2.5-7B-Instruct,23,2,6,80.54212003480643,7,0,False
vllm,shared,Qwen/Qwen2.5-7B-Instruct,23,2,7,86.85005793813616,7,0,False
vllm,shared,Qwen/Qwen2.5-7B-Instruct,23,2,8,80.75546601321548,7,0,False
vllm,shared,Qwen/Qwen2.5-7B-Instruct,23,2,9,80.43743204325438,7,0,False
vllm,shared,Qwen/Qwen2.5-7B-Instruct,23,3,0,81.60393394064158,6,8,False
vllm,shared,Qwen/Qwen2.5-7B-Instruct,23,3,1,80.12563805095851,6,8,False
vllm,shared,Qwen/Qwen2.5-7B-Instruct,23,3,2,81.0610840562731,6,8,False
vllm,shared,Qwen/Qwen2.5-7B-Instruct,23,3,3,81.05628401972353,6,8,False
vllm,shared,Qwen/Qwen2.5-7B-Instruct,23,3,4,80.33501508180052,6,8,False
vllm,shared,Qwen/Qwen2.5-7B-Instruct,23,3,5,81.30154898390174,6,8,False
vllm,shared,Qwen/Qwen2.5-7B-Instruct,23,3,6,89.6396420430392,6,8,False
vllm,shared,Qwen/Qwen2.5-7B-Instruct,23,3,7,81.37418807018548,6,8,False
vllm,shared,Qwen/Qwen2.5-7B-Instruct,23,3,8,79.16849595494568,6,8,False
vllm,shared,Qwen/Qwen2.5-7B-Instruct,23,3,9,79.97216493822634,6,8,False
vllm,shared,Qwen/Qwen2.5-7B-Instruct,23,4,0,77.85235997289419,9,0,False
vllm,shared,Qwen/Qwen2.5-7B-Instruct,23,4,1,78.96211196202785,9,0,False
vllm,shared,Qwen/Qwen2.5-7B-Instruct,23,4,2,78.53196503128856,9,0,False
vllm,shared,Qwen/Qwen2.5-7B-Instruct,23,4,3,79.90739599335939,9,0,False
vllm,shared,Qwen/Qwen2.5-7B-Instruct,23,4,4,77.97588198445737,9,0,False
vllm,shared,Qwen/Qwen2.5-7B-Instruct,23,4,5,79.04257602058351,9,0,False
vllm,shared,Qwen/Qwen2.5-7B-Instruct,23,4,6,78.2088580308482,9,0,False
vllm,shared,Qwen/Qwen2.5-7B-Instruct,23,4,7,78.31420504953712,9,0,False
vllm,shared,Qwen/Qwen2.5-7B-Instruct,23,4,8,78.76895798835903,9,0,False
vllm,shared,Qwen/Qwen2.5-7B-Instruct,23,4,9,88.83531799074262,9,0,False
vllm,shared,Qwen/Qwen2.5-7B-Instruct,23,5,0,79.0557109285146,7,0,False
vllm,shared,Qwen/Qwen2.5-7B-Instruct,23,5,1,80.36735001951456,7,0,False
vllm,shared,Qwen/Qwen2.5-7B-Instruct,23,5,2,80.08123701438308,7,0,False
vllm,shared,Qwen/Qwen2.5-7B-Instruct,23,5,3,79.09919996745884,7,0,False
vllm,shared,Qwen/Qwen2.5-7B-Instruct,23,5,4,80.14331699814647,7,0,False
vllm,shared,Qwen/Qwen2.5-7B-Instruct,23,5,5,80.56231099180877,7,0,False
vllm,shared,Qwen/Qwen2.5-7B-Instruct,23,5,6,80.60519199352711,7,0,False
vllm,shared,Qwen/Qwen2.5-7B-Instruct,23,5,7,88.66921998560429,7,0,False
vllm,shared,Qwen/Qwen2.5-7B-Instruct,23,5,8,79.30886500980705,7,0,False
vllm,shared,Qwen/Qwen2.5-7B-Instruct,23,5,9,80.13315801508725,7,0,False
vllm,shared,Qwen/Qwen2.5-7B-Instruct,24,0,0,80.11368603911251,8,0,False
vllm,shared,Qwen/Qwen2.5-7B-Instruct,24,0,1,81.55012491624802,8,0,False
vllm,shared,Qwen/Qwen2.5-7B-Instruct,24,0,2,82.51326601020992,8,0,False
vllm,shared,Qwen/Qwen2.5-7B-Instruct,24,0,3,81.11543394625187,8,0,False
vllm,shared,Qwen/Qwen2.5-7B-Instruct,24,0,4,81.67297299951315,8,0,False
vllm,shared,Qwen/Qwen2.5-7B-Instruct,24,0,5,80.35843796096742,8,0,False
vllm,shared,Qwen/Qwen2.5-7B-Instruct,24,0,6,81.24127495102584,8,0,False
vllm,shared,Qwen/Qwen2.5-7B-Instruct,24,0,7,81.52689202688634,8,0,False
vllm,shared,Qwen/Qwen2.5-7B-Instruct,24,0,8,87.47436502017081,8,0,False
vllm,shared,Qwen/Qwen2.5-7B-Instruct,24,0,9,80.65243996679783,8,0,False
vllm,shared,Qwen/Qwen2.5-7B-Instruct,24,1,0,81.48484502453357,6,4,False
vllm,shared,Qwen/Qwen2.5-7B-Instruct,24,1,1,81.08290599193424,6,4,False
vllm,shared,Qwen/Qwen2.5-7B-Instruct,24,1,2,81.16927510127425,6,4,False
vllm,shared,Qwen/Qwen2.5-7B-Instruct,24,1,3,81.02087408769876,6,4,False
vllm,shared,Qwen/Qwen2.5-7B-Instruct,24,1,4,79.981699003838,6,4,False
vllm,shared,Qwen/Qwen2.5-7B-Instruct,24,1,5,80.12806798797101,6,4,False
vllm,shared,Qwen/Qwen2.5-7B-Instruct,24,1,6,88.74979498796165,6,4,False
vllm,shared,Qwen/Qwen2.5-7B-Instruct,24,1,7,81.36122697032988,6,4,False
vllm,shared,Qwen/Qwen2.5-7B-Instruct,24,1,8,81.5698200603947,6,4,False
vllm,shared,Qwen/Qwen2.5-7B-Instruct,24,1,9,81.52132492978126,6,4,False
vllm,shared,Qwen/Qwen2.5-7B-Instruct,24,2,0,81.04538603220135,7,6,False
vllm,shared,Qwen/Qwen2.5-7B-Instruct,24,2,1,80.98540094215423,7,6,False
vllm,shared,Qwen/Qwen2.5-7B-Instruct,24,2,2,81.58929098863155,7,6,False
vllm,shared,Qwen/Qwen2.5-7B-Instruct,24,2,3,81.8498699227348,7,6,False
vllm,shared,Qwen/Qwen2.5-7B-Instruct,24,2,4,82.11401605512947,7,6,False
vllm,shared,Qwen/Qwen2.5-7B-Instruct,24,2,5,81.003129016608,7,6,False
vllm,shared,Qwen/Qwen2.5-7B-Instruct,24,2,6,80.50570206250995,7,6,False
vllm,shared,Qwen/Qwen2.5-7B-Instruct,24,2,7,87.61961304116994,7,6,False
vllm,shared,Qwen/Qwen2.5-7B-Instruct,24,2,8,82.09463895764202,7,6,False
vllm,shared,Qwen/Qwen2.5-7B-Instruct,24,2,9,81.60132402554154,7,6,False
vllm,shared,Qwen/Qwen2.5-7B-Instruct,24,3,0,81.79660595487803,7,9,False
vllm,shared,Qwen/Qwen2.5-7B-Instruct,24,3,1,81.76569303032011,7,9,False
vllm,shared,Qwen/Qwen2.5-7B-Instruct,24,3,2,82.05895801074803,7,9,False
vllm,shared,Qwen/Qwen2.5-7B-Instruct,24,3,3,81.94169402122498,7,9,False
vllm,shared,Qwen/Qwen2.5-7B-Instruct,24,3,4,80.77887201216072,7,9,False
vllm,shared,Qwen/Qwen2.5-7B-Instruct,24,3,5,80.62842302024364,7,9,False
vllm,shared,Qwen/Qwen2.5-7B-Instruct,24,3,6,80.34578105434775,7,9,False
vllm,shared,Qwen/Qwen2.5-7B-Instruct,24,3,7,89.23367003444582,7,9,False
vllm,shared,Qwen/Qwen2.5-7B-Instruct,24,3,8,81.60095603670925,7,9,False
vllm,shared,Qwen/Qwen2.5-7B-Instruct,24,3,9,79.651233041659,7,9,False
vllm,shared,Qwen/Qwen2.5-7B-Instruct,24,4,0,81.52265101671219,2,7,False
vllm,shared,Qwen/Qwen2.5-7B-Instruct,24,4,1,81.27813809551299,2,7,False
vllm,shared,Qwen/Qwen2.5-7B-Instruct,24,4,2,88.79073895514011,2,7,False
vllm,shared,Qwen/Qwen2.5-7B-Instruct,24,4,3,82.03700603917241,2,7,False
vllm,shared,Qwen/Qwen2.5-7B-Instruct,24,4,4,81.02340099867433,2,7,False
vllm,shared,Qwen/Qwen2.5-7B-Instruct,24,4,5,82.19971100334078,2,7,False
vllm,shared,Qwen/Qwen2.5-7B-Instruct,24,4,6,81.62965998053551,2,7,False
vllm,shared,Qwen/Qwen2.5-7B-Instruct,24,4,7,80.57229407131672,2,7,False
vllm,shared,Qwen/Qwen2.5-7B-Instruct,24,4,8,81.01359300781041,2,7,False
vllm,shared,Qwen/Qwen2.5-7B-Instruct,24,4,9,80.99643990863115,2,7,False
vllm,shared,Qwen/Qwen2.5-7B-Instruct,24,5,0,79.12764593493193,9,3,False
vllm,shared,Qwen/Qwen2.5-7B-Instruct,24,5,1,81.1643609777093,9,3,False
vllm,shared,Qwen/Qwen2.5-7B-Instruct,24,5,2,79.8371210694313,9,3,False
vllm,shared,Qwen/Qwen2.5-7B-Instruct,24,5,3,78.58853903599083,9,3,False
vllm,shared,Qwen/Qwen2.5-7B-Instruct,24,5,4,80.635478021577,9,3,False
vllm,shared,Qwen/Qwen2.5-7B-Instruct,24,5,5,80.62040607910603,9,3,False
vllm,shared,Qwen/Qwen2.5-7B-Instruct,24,5,6,79.69776098616421,9,3,False
vllm,shared,Qwen/Qwen2.5-7B-Instruct,24,5,7,80.42877295520157,9,3,False
vllm,shared,Qwen/Qwen2.5-7B-Instruct,24,5,8,81.09885698650032,9,3,False
vllm,shared,Qwen/Qwen2.5-7B-Instruct,24,5,9,87.515116087161,9,3,False
vllm,shared,Qwen/Qwen2.5-7B-Instruct,25,0,0,81.54089096933603,4,3,False
vllm,shared,Qwen/Qwen2.5-7B-Instruct,25,0,1,82.28084701113403,4,3,False
vllm,shared,Qwen/Qwen2.5-7B-Instruct,25,0,2,79.82558500953019,4,3,False
vllm,shared,Qwen/Qwen2.5-7B-Instruct,25,0,3,79.33651003986597,4,3,False
vllm,shared,Qwen/Qwen2.5-7B-Instruct,25,0,4,87.09728892426938,4,3,False
vllm,shared,Qwen/Qwen2.5-7B-Instruct,25,0,5,81.08632906805724,4,3,False
vllm,shared,Qwen/Qwen2.5-7B-Instruct,25,0,6,79.77728103287518,4,3,False
vllm,shared,Qwen/Qwen2.5-7B-Instruct,25,0,7,81.09120896551758,4,3,False
vllm,shared,Qwen/Qwen2.5-7B-Instruct,25,0,8,80.55414899718016,4,3,False
vllm,shared,Qwen/Qwen2.5-7B-Instruct,25,0,9,81.06341597158462,4,3,False
vllm,shared,Qwen/Qwen2.5-7B-Instruct,25,1,0,79.09484603442252,7,0,False
vllm,shared,Qwen/Qwen2.5-7B-Instruct,25,1,1,81.14855200983584,7,0,False
vllm,shared,Qwen/Qwen2.5-7B-Instruct,25,1,2,80.55253303609788,7,0,False
vllm,shared,Qwen/Qwen2.5-7B-Instruct,25,1,3,81.16291998885572,7,0,False
vllm,shared,Qwen/Qwen2.5-7B-Instruct,25,1,4,80.44682000763714,7,0,False
vllm,shared,Qwen/Qwen2.5-7B-Instruct,25,1,5,81.14498399663717,7,0,False
vllm,shared,Qwen/Qwen2.5-7B-Instruct,25,1,6,79.73128103185445,7,0,False
vllm,shared,Qwen/Qwen2.5-7B-Instruct,25,1,7,87.02674403320998,7,0,False
vllm,shared,Qwen/Qwen2.5-7B-Instruct,25,1,8,81.18461596313864,7,0,False
vllm,shared,Qwen/Qwen2.5-7B-Instruct,25,1,9,82.28823693934828,7,0,False
vllm,shared,Qwen/Qwen2.5-7B-Instruct,25,2,0,80.15051402617246,1,3,False
vllm,shared,Qwen/Qwen2.5-7B-Instruct,25,2,1,86.97287098038942,1,3,False
vllm,shared,Qwen/Qwen2.5-7B-Instruct,25,2,2,80.05280198995024,1,3,False
vllm,shared,Qwen/Qwen2.5-7B-Instruct,25,2,3,79.37139109708369,1,3,False
vllm,shared,Qwen/Qwen2.5-7B-Instruct,25,2,4,81.12832810729742,1,3,False
vllm,shared,Qwen/Qwen2.5-7B-Instruct,25,2,5,80.92464704532176,1,3,False
vllm,shared,Qwen/Qwen2.5-7B-Instruct,25,2,6,79.98152100481093,1,3,False
vllm,shared,Qwen/Qwen2.5-7B-Instruct,25,2,7,80.3642439423129,1,3,False
vllm,shared,Qwen/Qwen2.5-7B-Instruct,25,2,8,80.66781295929104,1,3,False
vllm,shared,Qwen/Qwen2.5-7B-Instruct,25,2,9,81.35581691749394,1,3,False
vllm,shared,Qwen/Qwen2.5-7B-Instruct,25,3,0,87.03231101389974,0,5,False
vllm,shared,Qwen/Qwen2.5-7B-Instruct,25,3,1,80.78816602937877,0,5,False
vllm,shared,Qwen/Qwen2.5-7B-Instruct,25,3,2,82.15582091361284,0,5,False
vllm,shared,Qwen/Qwen2.5-7B-Instruct,25,3,3,82.05002802424133,0,5,False
vllm,shared,Qwen/Qwen2.5-7B-Instruct,25,3,4,83.30209890846163,0,5,False
vllm,shared,Qwen/Qwen2.5-7B-Instruct,25,3,5,79.66676796786487,0,5,False
vllm,shared,Qwen/Qwen2.5-7B-Instruct,25,3,6,80.34870703704655,0,5,False
vllm,shared,Qwen/Qwen2.5-7B-Instruct,25,3,7,80.34184400457889,0,5,False
vllm,shared,Qwen/Qwen2.5-7B-Instruct,25,3,8,80.32445108983666,0,5,False
vllm,shared,Qwen/Qwen2.5-7B-Instruct,25,3,9,80.56869194842875,0,5,False
vllm,shared,Qwen/Qwen2.5-7B-Instruct,25,4,0,80.36945899948478,4,1,False
vllm,shared,Qwen/Qwen2.5-7B-Instruct,25,4,1,79.34158109128475,4,1,False
vllm,shared,Qwen/Qwen2.5-7B-Instruct,25,4,2,79.40563000738621,4,1,False
vllm,shared,Qwen/Qwen2.5-7B-Instruct,25,4,3,81.65192999877036,4,1,False
vllm,shared,Qwen/Qwen2.5-7B-Instruct,25,4,4,87.21896796487272,4,1,False
vllm,shared,Qwen/Qwen2.5-7B-Instruct,25,4,5,80.66896395757794,4,1,False
vllm,shared,Qwen/Qwen2.5-7B-Instruct,25,4,6,79.70563089475036,4,1,False
vllm,shared,Qwen/Qwen2.5-7B-Instruct,25,4,7,79.37916496302933,4,1,False
vllm,shared,Qwen/Qwen2.5-7B-Instruct,25,4,8,81.68274501804262,4,1,False
vllm,shared,Qwen/Qwen2.5-7B-Instruct,25,4,9,79.94023989886045,4,1,False
vllm,shared,Qwen/Qwen2.5-7B-Instruct,25,5,0,80.25393798016012,8,9,False
vllm,shared,Qwen/Qwen2.5-7B-Instruct,25,5,1,80.03374503459781,8,9,False
vllm,shared,Qwen/Qwen2.5-7B-Instruct,25,5,2,80.21664200350642,8,9,False
vllm,shared,Qwen/Qwen2.5-7B-Instruct,25,5,3,80.50813095178455,8,9,False
vllm,shared,Qwen/Qwen2.5-7B-Instruct,25,5,4,80.62985888682306,8,9,False
vllm,shared,Qwen/Qwen2.5-7B-Instruct,25,5,5,80.03780792932957,8,9,False
vllm,shared,Qwen/Qwen2.5-7B-Instruct,25,5,6,80.0240320386365,8,9,False
vllm,shared,Qwen/Qwen2.5-7B-Instruct,25,5,7,79.79430304840207,8,9,False
vllm,shared,Qwen/Qwen2.5-7B-Instruct,25,5,8,87.03535096719861,8,9,False
vllm,shared,Qwen/Qwen2.5-7B-Instruct,25,5,9,79.15266801137477,8,9,False
vllm,shared,Qwen/Qwen2.5-7B-Instruct,26,0,0,81.56567299738526,2,9,False
vllm,shared,Qwen/Qwen2.5-7B-Instruct,26,0,1,81.08989405445755,2,9,False
vllm,shared,Qwen/Qwen2.5-7B-Instruct,26,0,2,88.94406503532082,2,9,False
vllm,shared,Qwen/Qwen2.5-7B-Instruct,26,0,3,80.82858100533485,2,9,False
vllm,shared,Qwen/Qwen2.5-7B-Instruct,26,0,4,81.52851997874677,2,9,False
vllm,shared,Qwen/Qwen2.5-7B-Instruct,26,0,5,80.10751998517662,2,9,False
vllm,shared,Qwen/Qwen2.5-7B-Instruct,26,0,6,81.00464509334415,2,9,False
vllm,shared,Qwen/Qwen2.5-7B-Instruct,26,0,7,82.07881194539368,2,9,False
vllm,shared,Qwen/Qwen2.5-7B-Instruct,26,0,8,80.19872102886438,2,9,False
vllm,shared,Qwen/Qwen2.5-7B-Instruct,26,0,9,79.72156698815525,2,9,False
vllm,shared,Qwen/Qwen2.5-7B-Instruct,26,1,0,80.37205005530268,7,4,False
vllm,shared,Qwen/Qwen2.5-7B-Instruct,26,1,1,80.56734700221568,7,4,False
vllm,shared,Qwen/Qwen2.5-7B-Instruct,26,1,2,81.6344089107588,7,4,False
vllm,shared,Qwen/Qwen2.5-7B-Instruct,26,1,3,82.08625100087374,7,4,False
vllm,shared,Qwen/Qwen2.5-7B-Instruct,26,1,4,80.27315302751958,7,4,False
vllm,shared,Qwen/Qwen2.5-7B-Instruct,26,1,5,80.96778101753443,7,4,False
vllm,shared,Qwen/Qwen2.5-7B-Instruct,26,1,6,80.68795502185822,7,4,False
vllm,shared,Qwen/Qwen2.5-7B-Instruct,26,1,7,86.51816297788173,7,4,False
vllm,shared,Qwen/Qwen2.5-7B-Instruct,26,1,8,82.19413890037686,7,4,False
vllm,shared,Qwen/Qwen2.5-7B-Instruct,26,1,9,81.84013806749135,7,4,False
vllm,shared,Qwen/Qwen2.5-7B-Instruct,26,2,0,80.17992100212723,8,3,False
vllm,shared,Qwen/Qwen2.5-7B-Instruct,26,2,1,81.20046998374164,8,3,False
vllm,shared,Qwen/Qwen2.5-7B-Instruct,26,2,2,80.82440495491028,8,3,False
vllm,shared,Qwen/Qwen2.5-7B-Instruct,26,2,3,79.32005997281522,8,3,False
vllm,shared,Qwen/Qwen2.5-7B-Instruct,26,2,4,82.15287502389401,8,3,False
vllm,shared,Qwen/Qwen2.5-7B-Instruct,26,2,5,81.71226503327489,8,3,False
vllm,shared,Qwen/Qwen2.5-7B-Instruct,26,2,6,80.48022503498942,8,3,False
vllm,shared,Qwen/Qwen2.5-7B-Instruct,26,2,7,81.79410407319665,8,3,False
vllm,shared,Qwen/Qwen2.5-7B-Instruct,26,2,8,88.4046999271959,8,3,False
vllm,shared,Qwen/Qwen2.5-7B-Instruct,26,2,9,81.5281990217045,8,3,False
vllm,shared,Qwen/Qwen2.5-7B-Instruct,26,3,0,79.23834794200957,9,0,False
vllm,shared,Qwen/Qwen2.5-7B-Instruct,26,3,1,81.04125293903053,9,0,False
vllm,shared,Qwen/Qwen2.5-7B-Instruct,26,3,2,79.83190205413848,9,0,False
vllm,shared,Qwen/Qwen2.5-7B-Instruct,26,3,3,79.62238194886595,9,0,False
vllm,shared,Qwen/Qwen2.5-7B-Instruct,26,3,4,80.30590496491641,9,0,False
vllm,shared,Qwen/Qwen2.5-7B-Instruct,26,3,5,80.75777895282954,9,0,False
vllm,shared,Qwen/Qwen2.5-7B-Instruct,26,3,6,80.45670599676669,9,0,False
vllm,shared,Qwen/Qwen2.5-7B-Instruct,26,3,7,82.21220306586474,9,0,False
vllm,shared,Qwen/Qwen2.5-7B-Instruct,26,3,8,81.45237492863089,9,0,False
vllm,shared,Qwen/Qwen2.5-7B-Instruct,26,3,9,86.27995289862156,9,0,False
vllm,shared,Qwen/Qwen2.5-7B-Instruct,26,4,0,79.06168990302831,8,5,False
vllm,shared,Qwen/Qwen2.5-7B-Instruct,26,4,1,81.14298095460981,8,5,False
vllm,shared,Qwen/Qwen2.5-7B-Instruct,26,4,2,79.44050699006766,8,5,False
vllm,shared,Qwen/Qwen2.5-7B-Instruct,26,4,3,80.06619208026677,8,5,False
vllm,shared,Qwen/Qwen2.5-7B-Instruct,26,4,4,79.76274890825152,8,5,False
vllm,shared,Qwen/Qwen2.5-7B-Instruct,26,4,5,78.50102998781949,8,5,False
vllm,shared,Qwen/Qwen2.5-7B-Instruct,26,4,6,78.90680804848671,8,5,False
vllm,shared,Qwen/Qwen2.5-7B-Instruct,26,4,7,78.97632895037532,8,5,False
vllm,shared,Qwen/Qwen2.5-7B-Instruct,26,4,8,88.24108401313424,8,5,False
vllm,shared,Qwen/Qwen2.5-7B-Instruct,26,4,9,80.17084700986743,8,5,False
vllm,shared,Qwen/Qwen2.5-7B-Instruct,26,5,0,81.09070803038776,2,1,False
vllm,shared,Qwen/Qwen2.5-7B-Instruct,26,5,1,79.01967293582857,2,1,False
vllm,shared,Qwen/Qwen2.5-7B-Instruct,26,5,2,87.1677011018619,2,1,False
vllm,shared,Qwen/Qwen2.5-7B-Instruct,26,5,3,79.81372496578842,2,1,False
vllm,shared,Qwen/Qwen2.5-7B-Instruct,26,5,4,80.24364791344851,2,1,False
vllm,shared,Qwen/Qwen2.5-7B-Instruct,26,5,5,79.14185000117868,2,1,False
vllm,shared,Qwen/Qwen2.5-7B-Instruct,26,5,6,80.16199991106987,2,1,False
vllm,shared,Qwen/Qwen2.5-7B-Instruct,26,5,7,81.03965199552476,2,1,False
vllm,shared,Qwen/Qwen2.5-7B-Instruct,26,5,8,79.72842897288501,2,1,False
vllm,shared,Qwen/Qwen2.5-7B-Instruct,26,5,9,80.5081119760871,2,1,False
vllm,shared,Qwen/Qwen2.5-7B-Instruct,27,0,0,87.13744499254972,0,3,False
vllm,shared,Qwen/Qwen2.5-7B-Instruct,27,0,1,80.36268793512136,0,3,False
vllm,shared,Qwen/Qwen2.5-7B-Instruct,27,0,2,80.9352349024266,0,3,False
vllm,shared,Qwen/Qwen2.5-7B-Instruct,27,0,3,79.88738897256553,0,3,False
vllm,shared,Qwen/Qwen2.5-7B-Instruct,27,0,4,79.88866895902902,0,3,False
vllm,shared,Qwen/Qwen2.5-7B-Instruct,27,0,5,80.18502302002162,0,3,False
vllm,shared,Qwen/Qwen2.5-7B-Instruct,27,0,6,79.8925569979474,0,3,False
vllm,shared,Qwen/Qwen2.5-7B-Instruct,27,0,7,81.110900035128,0,3,False
vllm,shared,Qwen/Qwen2.5-7B-Instruct,27,0,8,80.97651600837708,0,3,False
vllm,shared,Qwen/Qwen2.5-7B-Instruct,27,0,9,82.12938590440899,0,3,False
vllm,shared,Qwen/Qwen2.5-7B-Instruct,27,1,0,81.52950997464359,7,9,False
vllm,shared,Qwen/Qwen2.5-7B-Instruct,27,1,1,81.70706301461905,7,9,False
vllm,shared,Qwen/Qwen2.5-7B-Instruct,27,1,2,80.91707492712885,7,9,False
vllm,shared,Qwen/Qwen2.5-7B-Instruct,27,1,3,81.5166609827429,7,9,False
vllm,shared,Qwen/Qwen2.5-7B-Instruct,27,1,4,81.06614800635725,7,9,False
vllm,shared,Qwen/Qwen2.5-7B-Instruct,27,1,5,80.83270594943315,7,9,False
vllm,shared,Qwen/Qwen2.5-7B-Instruct,27,1,6,81.00917097181082,7,9,False
vllm,shared,Qwen/Qwen2.5-7B-Instruct,27,1,7,86.89110702835023,7,9,False
vllm,shared,Qwen/Qwen2.5-7B-Instruct,27,1,8,81.52339700609446,7,9,False
vllm,shared,Qwen/Qwen2.5-7B-Instruct,27,1,9,80.11106995400041,7,9,False
vllm,shared,Qwen/Qwen2.5-7B-Instruct,27,2,0,82.47133903205395,7,2,False
vllm,shared,Qwen/Qwen2.5-7B-Instruct,27,2,1,81.60531905014068,7,2,False
vllm,shared,Qwen/Qwen2.5-7B-Instruct,27,2,2,80.14531002845615,7,2,False
vllm,shared,Qwen/Qwen2.5-7B-Instruct,27,2,3,80.99686692003161,7,2,False
vllm,shared,Qwen/Qwen2.5-7B-Instruct,27,2,4,82.66646007541567,7,2,False
vllm,shared,Qwen/Qwen2.5-7B-Instruct,27,2,5,82.1170809213072,7,2,False
vllm,shared,Qwen/Qwen2.5-7B-Instruct,27,2,6,81.21443493291736,7,2,False
vllm,shared,Qwen/Qwen2.5-7B-Instruct,27,2,7,88.37367291562259,7,2,False
vllm,shared,Qwen/Qwen2.5-7B-Instruct,27,2,8,81.86005498282611,7,2,False
vllm,shared,Qwen/Qwen2.5-7B-Instruct,27,2,9,81.24384295661002,7,2,False
vllm,shared,Qwen/Qwen2.5-7B-Instruct,27,3,0,81.44770096987486,7,3,False
vllm,shared,Qwen/Qwen2.5-7B-Instruct,27,3,1,81.62696601357311,7,3,False
vllm,shared,Qwen/Qwen2.5-7B-Instruct,27,3,2,81.70677407179028,7,3,False
vllm,shared,Qwen/Qwen2.5-7B-Instruct,27,3,3,80.21894202101976,7,3,False
vllm,shared,Qwen/Qwen2.5-7B-Instruct,27,3,4,81.03288197889924,7,3,False
vllm,shared,Qwen/Qwen2.5-7B-Instruct,27,3,5,82.30244100559503,7,3,False
vllm,shared,Qwen/Qwen2.5-7B-Instruct,27,3,6,80.38953505456448,7,3,False
vllm,shared,Qwen/Qwen2.5-7B-Instruct,27,3,7,87.15630695223808,7,3,False
vllm,shared,Qwen/Qwen2.5-7B-Instruct,27,3,8,82.39985001273453,7,3,False
vllm,shared,Qwen/Qwen2.5-7B-Instruct,27,3,9,80.80632099881768,7,3,False
vllm,shared,Qwen/Qwen2.5-7B-Instruct,27,4,0,80.17252595163882,3,2,False
vllm,shared,Qwen/Qwen2.5-7B-Instruct,27,4,1,80.51478292327374,3,2,False
vllm,shared,Qwen/Qwen2.5-7B-Instruct,27,4,2,77.98913796432316,3,2,False
vllm,shared,Qwen/Qwen2.5-7B-Instruct,27,4,3,88.1993529619649,3,2,False
vllm,shared,Qwen/Qwen2.5-7B-Instruct,27,4,4,80.10436606127769,3,2,False
vllm,shared,Qwen/Qwen2.5-7B-Instruct,27,4,5,81.03452995419502,3,2,False
vllm,shared,Qwen/Qwen2.5-7B-Instruct,27,4,6,80.8557290583849,3,2,False
vllm,shared,Qwen/Qwen2.5-7B-Instruct,27,4,7,80.93860896769911,3,2,False
vllm,shared,Qwen/Qwen2.5-7B-Instruct,27,4,8,79.78759496472776,3,2,False
vllm,shared,Qwen/Qwen2.5-7B-Instruct,27,4,9,80.55641502141953,3,2,False
vllm,shared,Qwen/Qwen2.5-7B-Instruct,27,5,0,87.18209899961948,0,5,False
vllm,shared,Qwen/Qwen2.5-7B-Instruct,27,5,1,80.58383991010487,0,5,False
vllm,shared,Qwen/Qwen2.5-7B-Instruct,27,5,2,81.39930001925677,0,5,False
vllm,shared,Qwen/Qwen2.5-7B-Instruct,27,5,3,81.06776198837906,0,5,False
vllm,shared,Qwen/Qwen2.5-7B-Instruct,27,5,4,80.33591799903661,0,5,False
vllm,shared,Qwen/Qwen2.5-7B-Instruct,27,5,5,79.98818799387664,0,5,False
vllm,shared,Qwen/Qwen2.5-7B-Instruct,27,5,6,80.5097270058468,0,5,False
vllm,shared,Qwen/Qwen2.5-7B-Instruct,27,5,7,80.40855906438082,0,5,False
vllm,shared,Qwen/Qwen2.5-7B-Instruct,27,5,8,81.79589395876974,0,5,False
vllm,shared,Qwen/Qwen2.5-7B-Instruct,27,5,9,80.95320197753608,0,5,False
vllm,shared,Qwen/Qwen2.5-7B-Instruct,28,0,0,81.23395498842001,2,5,False
vllm,shared,Qwen/Qwen2.5-7B-Instruct,28,0,1,80.6585920508951,2,5,False
vllm,shared,Qwen/Qwen2.5-7B-Instruct,28,0,2,87.51880400814116,2,5,False
vllm,shared,Qwen/Qwen2.5-7B-Instruct,28,0,3,81.89514197874814,2,5,False
vllm,shared,Qwen/Qwen2.5-7B-Instruct,28,0,4,83.20492506027222,2,5,False
vllm,shared,Qwen/Qwen2.5-7B-Instruct,28,0,5,79.94348392821848,2,5,False
vllm,shared,Qwen/Qwen2.5-7B-Instruct,28,0,6,81.05646609328687,2,5,False
vllm,shared,Qwen/Qwen2.5-7B-Instruct,28,0,7,82.16893603093922,2,5,False
vllm,shared,Qwen/Qwen2.5-7B-Instruct,28,0,8,81.64613298140466,2,5,False
vllm,shared,Qwen/Qwen2.5-7B-Instruct,28,0,9,82.0366470143199,2,5,False
vllm,shared,Qwen/Qwen2.5-7B-Instruct,28,1,0,80.5831040488556,3,0,False
vllm,shared,Qwen/Qwen2.5-7B-Instruct,28,1,1,81.83855004608631,3,0,False
vllm,shared,Qwen/Qwen2.5-7B-Instruct,28,1,2,81.89432590734214,3,0,False
vllm,shared,Qwen/Qwen2.5-7B-Instruct,28,1,3,86.77812805399299,3,0,False
vllm,shared,Qwen/Qwen2.5-7B-Instruct,28,1,4,81.44078694749624,3,0,False
vllm,shared,Qwen/Qwen2.5-7B-Instruct,28,1,5,81.4218430314213,3,0,False
vllm,shared,Qwen/Qwen2.5-7B-Instruct,28,1,6,82.02814997639507,3,0,False
vllm,shared,Qwen/Qwen2.5-7B-Instruct,28,1,7,81.15468895994127,3,0,False
vllm,shared,Qwen/Qwen2.5-7B-Instruct,28,1,8,80.76379098929465,3,0,False
vllm,shared,Qwen/Qwen2.5-7B-Instruct,28,1,9,81.35008194949478,3,0,False
vllm,shared,Qwen/Qwen2.5-7B-Instruct,28,2,0,81.00510505028069,4,1,False
vllm,shared,Qwen/Qwen2.5-7B-Instruct,28,2,1,79.96572402771562,4,1,False
vllm,shared,Qwen/Qwen2.5-7B-Instruct,28,2,2,81.1014249920845,4,1,False
vllm,shared,Qwen/Qwen2.5-7B-Instruct,28,2,3,81.09470503404737,4,1,False
vllm,shared,Qwen/Qwen2.5-7B-Instruct,28,2,4,87.74326893035322,4,1,False
vllm,shared,Qwen/Qwen2.5-7B-Instruct,28,2,5,82.63692201580852,4,1,False
vllm,shared,Qwen/Qwen2.5-7B-Instruct,28,2,6,81.96566998958588,4,1,False
vllm,shared,Qwen/Qwen2.5-7B-Instruct,28,2,7,81.04854391422123,4,1,False
vllm,shared,Qwen/Qwen2.5-7B-Instruct,28,2,8,80.98632004112005,4,1,False
vllm,shared,Qwen/Qwen2.5-7B-Instruct,28,2,9,80.40100405924022,4,1,False
vllm,shared,Qwen/Qwen2.5-7B-Instruct,28,3,0,80.75559895951301,7,5,False
vllm,shared,Qwen/Qwen2.5-7B-Instruct,28,3,1,81.09310502186418,7,5,False
vllm,shared,Qwen/Qwen2.5-7B-Instruct,28,3,2,81.03536092676222,7,5,False
vllm,shared,Qwen/Qwen2.5-7B-Instruct,28,3,3,81.57798694446683,7,5,False
vllm,shared,Qwen/Qwen2.5-7B-Instruct,28,3,4,80.7329110102728,7,5,False
vllm,shared,Qwen/Qwen2.5-7B-Instruct,28,3,5,80.3762209834531,7,5,False
vllm,shared,Qwen/Qwen2.5-7B-Instruct,28,3,6,80.49270196352154,7,5,False
vllm,shared,Qwen/Qwen2.5-7B-Instruct,28,3,7,88.1269829114899,7,5,False
vllm,shared,Qwen/Qwen2.5-7B-Instruct,28,3,8,82.73458597250283,7,5,False
vllm,shared,Qwen/Qwen2.5-7B-Instruct,28,3,9,80.57662099599838,7,5,False
vllm,shared,Qwen/Qwen2.5-7B-Instruct,28,4,0,80.51647793035954,7,6,False
vllm,shared,Qwen/Qwen2.5-7B-Instruct,28,4,1,80.4384290240705,7,6,False
vllm,shared,Qwen/Qwen2.5-7B-Instruct,28,4,2,80.85025392938405,7,6,False
vllm,shared,Qwen/Qwen2.5-7B-Instruct,28,4,3,81.839972990565,7,6,False
vllm,shared,Qwen/Qwen2.5-7B-Instruct,28,4,4,82.4558639433235,7,6,False
vllm,shared,Qwen/Qwen2.5-7B-Instruct,28,4,5,80.96063998527825,7,6,False
vllm,shared,Qwen/Qwen2.5-7B-Instruct,28,4,6,79.29557492025197,7,6,False
vllm,shared,Qwen/Qwen2.5-7B-Instruct,28,4,7,88.19655003026128,7,6,False
vllm,shared,Qwen/Qwen2.5-7B-Instruct,28,4,8,79.92610603105277,7,6,False
vllm,shared,Qwen/Qwen2.5-7B-Instruct,28,4,9,81.68710698373616,7,6,False
vllm,shared,Qwen/Qwen2.5-7B-Instruct,28,5,0,80.65083005931228,5,3,False
vllm,shared,Qwen/Qwen2.5-7B-Instruct,28,5,1,80.65508597064763,5,3,False
vllm,shared,Qwen/Qwen2.5-7B-Instruct,28,5,2,80.22481098305434,5,3,False
vllm,shared,Qwen/Qwen2.5-7B-Instruct,28,5,3,79.69140098430216,5,3,False
vllm,shared,Qwen/Qwen2.5-7B-Instruct,28,5,4,80.57793404441327,5,3,False
vllm,shared,Qwen/Qwen2.5-7B-Instruct,28,5,5,86.82742202654481,5,3,False
vllm,shared,Qwen/Qwen2.5-7B-Instruct,28,5,6,81.26665698364377,5,3,False
vllm,shared,Qwen/Qwen2.5-7B-Instruct,28,5,7,81.80443604942411,5,3,False
vllm,shared,Qwen/Qwen2.5-7B-Instruct,28,5,8,80.31514706090093,5,3,False
vllm,shared,Qwen/Qwen2.5-7B-Instruct,28,5,9,80.03650594037026,5,3,False
vllm,shared,Qwen/Qwen2.5-7B-Instruct,29,0,0,81.53769792988896,6,3,False
vllm,shared,Qwen/Qwen2.5-7B-Instruct,29,0,1,81.13163197413087,6,3,False
vllm,shared,Qwen/Qwen2.5-7B-Instruct,29,0,2,82.00909302104264,6,3,False
vllm,shared,Qwen/Qwen2.5-7B-Instruct,29,0,3,80.13953000772744,6,3,False
vllm,shared,Qwen/Qwen2.5-7B-Instruct,29,0,4,80.44714794959873,6,3,False
vllm,shared,Qwen/Qwen2.5-7B-Instruct,29,0,5,80.33337199594826,6,3,False
vllm,shared,Qwen/Qwen2.5-7B-Instruct,29,0,6,88.0463239736855,6,3,False
vllm,shared,Qwen/Qwen2.5-7B-Instruct,29,0,7,80.53327701054513,6,3,False
vllm,shared,Qwen/Qwen2.5-7B-Instruct,29,0,8,81.53054595459253,6,3,False
vllm,shared,Qwen/Qwen2.5-7B-Instruct,29,0,9,81.3748650252819,6,3,False
vllm,shared,Qwen/Qwen2.5-7B-Instruct,29,1,0,81.21775998733938,1,7,False
vllm,shared,Qwen/Qwen2.5-7B-Instruct,29,1,1,88.05130107793957,1,7,False
vllm,shared,Qwen/Qwen2.5-7B-Instruct,29,1,2,80.64606203697622,1,7,False
vllm,shared,Qwen/Qwen2.5-7B-Instruct,29,1,3,81.47572993766516,1,7,False
vllm,shared,Qwen/Qwen2.5-7B-Instruct,29,1,4,81.6578739322722,1,7,False
vllm,shared,Qwen/Qwen2.5-7B-Instruct,29,1,5,82.52603805158287,1,7,False
vllm,shared,Qwen/Qwen2.5-7B-Instruct,29,1,6,80.04335302393883,1,7,False
vllm,shared,Qwen/Qwen2.5-7B-Instruct,29,1,7,79.74677602760494,1,7,False
vllm,shared,Qwen/Qwen2.5-7B-Instruct,29,1,8,80.30857099220157,1,7,False
vllm,shared,Qwen/Qwen2.5-7B-Instruct,29,1,9,81.01767802145332,1,7,False
vllm,shared,Qwen/Qwen2.5-7B-Instruct,29,2,0,80.10448992718011,2,0,False
vllm,shared,Qwen/Qwen2.5-7B-Instruct,29,2,1,80.17180301249027,2,0,False
vllm,shared,Qwen/Qwen2.5-7B-Instruct,29,2,2,86.82434994261712,2,0,False
vllm,shared,Qwen/Qwen2.5-7B-Instruct,29,2,3,80.15600999351591,2,0,False
vllm,shared,Qwen/Qwen2.5-7B-Instruct,29,2,4,80.67705295979977,2,0,False
vllm,shared,Qwen/Qwen2.5-7B-Instruct,29,2,5,81.07590302824974,2,0,False
vllm,shared,Qwen/Qwen2.5-7B-Instruct,29,2,6,81.22035197447985,2,0,False
vllm,shared,Qwen/Qwen2.5-7B-Instruct,29,2,7,80.2567939972505,2,0,False
vllm,shared,Qwen/Qwen2.5-7B-Instruct,29,2,8,80.20285796374083,2,0,False
vllm,shared,Qwen/Qwen2.5-7B-Instruct,29,2,9,80.21876204293221,2,0,False
vllm,shared,Qwen/Qwen2.5-7B-Instruct,29,3,0,80.57970798108727,5,7,False
vllm,shared,Qwen/Qwen2.5-7B-Instruct,29,3,1,80.64129296690226,5,7,False
vllm,shared,Qwen/Qwen2.5-7B-Instruct,29,3,2,80.93313395511359,5,7,False
vllm,shared,Qwen/Qwen2.5-7B-Instruct,29,3,3,79.81776795350015,5,7,False
vllm,shared,Qwen/Qwen2.5-7B-Instruct,29,3,4,80.58084396179765,5,7,False
vllm,shared,Qwen/Qwen2.5-7B-Instruct,29,3,5,86.97804692201316,5,7,False
vllm,shared,Qwen/Qwen2.5-7B-Instruct,29,3,6,81.19012706447393,5,7,False
vllm,shared,Qwen/Qwen2.5-7B-Instruct,29,3,7,79.05368402134627,5,7,False
vllm,shared,Qwen/Qwen2.5-7B-Instruct,29,3,8,82.0178750436753,5,7,False
vllm,shared,Qwen/Qwen2.5-7B-Instruct,29,3,9,82.17529999092221,5,7,False
vllm,shared,Qwen/Qwen2.5-7B-Instruct,29,4,0,81.30107109900564,1,7,False
vllm,shared,Qwen/Qwen2.5-7B-Instruct,29,4,1,88.56725390069187,1,7,False
vllm,shared,Qwen/Qwen2.5-7B-Instruct,29,4,2,79.94013605639338,1,7,False
vllm,shared,Qwen/Qwen2.5-7B-Instruct,29,4,3,80.1588580943644,1,7,False
vllm,shared,Qwen/Qwen2.5-7B-Instruct,29,4,4,80.16444207169116,1,7,False
vllm,shared,Qwen/Qwen2.5-7B-Instruct,29,4,5,80.3461381001398,1,7,False
vllm,shared,Qwen/Qwen2.5-7B-Instruct,29,4,6,79.7909990651533,1,7,False
vllm,shared,Qwen/Qwen2.5-7B-Instruct,29,4,7,79.42570198792964,1,7,False
vllm,shared,Qwen/Qwen2.5-7B-Instruct,29,4,8,79.79826291557401,1,7,False
vllm,shared,Qwen/Qwen2.5-7B-Instruct,29,4,9,80.06346505135298,1,7,False
vllm,shared,Qwen/Qwen2.5-7B-Instruct,29,5,0,81.07439801096916,4,2,False
vllm,shared,Qwen/Qwen2.5-7B-Instruct,29,5,1,80.158761003986,4,2,False
vllm,shared,Qwen/Qwen2.5-7B-Instruct,29,5,2,79.48813401162624,4,2,False
vllm,shared,Qwen/Qwen2.5-7B-Instruct,29,5,3,79.68627801164985,4,2,False
vllm,shared,Qwen/Qwen2.5-7B-Instruct,29,5,4,86.38919296208769,4,2,False
vllm,shared,Qwen/Qwen2.5-7B-Instruct,29,5,5,79.51077295001596,4,2,False
vllm,shared,Qwen/Qwen2.5-7B-Instruct,29,5,6,80.65562695264816,4,2,False
vllm,shared,Qwen/Qwen2.5-7B-Instruct,29,5,7,80.15514491125941,4,2,False
vllm,shared,Qwen/Qwen2.5-7B-Instruct,29,5,8,79.87255102489144,4,2,False
vllm,shared,Qwen/Qwen2.5-7B-Instruct,29,5,9,81.26959798391908,4,2,False
