framework,cache_mode,model,trial,position,probe_digit,wall_clock_latency_ms,ground_truth_digit,position_guess,position_correct
vllm,cache-disabled,Qwen/Qwen2.5-7B-Instruct,0,0,0,78.66951008327305,8,1,False
vllm,cache-disabled,Qwen/Qwen2.5-7B-Instruct,0,0,1,77.97998806927353,8,1,False
vllm,cache-disabled,Qwen/Qwen2.5-7B-Instruct,0,0,2,78.86583090294152,8,1,False
vllm,cache-disabled,Qwen/Qwen2.5-7B-Instruct,0,0,3,78.15237203612924,8,1,False
vllm,cache-disabled,Qwen/Qwen2.5-7B-Instruct,0,0,4,78.2425960060209,8,1,False
vllm,cache-disabled,Qwen/Qwen2.5-7B-Instruct,0,0,5,79.683484043926,8,1,False
vllm,cache-disabled,Qwen/Qwen2.5-7B-Instruct,0,0,6,79.82785196509212,8,1,False
vllm,cache-disabled,Qwen/Qwen2.5-7B-Instruct,0,0,7,79.37309693079442,8,1,False
vllm,cache-disabled,Qwen/Qwen2.5-7B-Instruct,0,0,8,78.5662611015141,8,1,False
vllm,cache-disabled,Qwen/Qwen2.5-7B-Instruct,0,0,9,78.60490202438086,8,1,False
vllm,cache-disabled,Qwen/Qwen2.5-7B-Instruct,0,1,0,78.65490205585957,9,5,False
vllm,cache-disabled,Qwen/Qwen2.5-7B-Instruct,0,1,1,78.50205304566771,9,5,False
vllm,cache-disabled,Qwen/Qwen2.5-7B-Instruct,0,1,2,78.48981395363808,9,5,False
vllm,cache-disabled,Qwen/Qwen2.5-7B-Instruct,0,1,3,78.94514303188771,9,5,False
vllm,cache-disabled,Qwen/Qwen2.5-7B-Instruct,0,1,4,78.46146007068455,9,5,False
vllm,cache-disabled,Qwen/Qwen2.5-7B-Instruct,0,1,5,77.89038599003106,9,5,False
vllm,cache-disabled,Qwen/Qwen2.5-7B-Instruct,0,1,6,78.8329669740051,9,5,False
vllm,cache-disabled,Qwen/Qwen2.5-7B-Instruct,0,1,7,78.25584406964481,9,5,False
vllm,cache-disabled,Qwen/Qwen2.5-7B-Instruct,0,1,8,78.24499602429569,9,5,False
vllm,cache-disabled,Qwen/Qwen2.5-7B-Instruct,0,1,9,78.15024396404624,9,5,False
vllm,cache-disabled,Qwen/Qwen2.5-7B-Instruct,0,2,0,75.99226501770318,8,0,False
vllm,cache-disabled,Qwen/Qwen2.5-7B-Instruct,0,2,1,78.0832830350846,8,0,False
vllm,cache-disabled,Qwen/Qwen2.5-7B-Instruct,0,2,2,77.6384329656139,8,0,False
vllm,cache-disabled,Qwen/Qwen2.5-7B-Instruct,0,2,3,79.05963994562626,8,0,False
vllm,cache-disabled,Qwen/Qwen2.5-7B-Instruct,0,2,4,78.79263092763722,8,0,False
vllm,cache-disabled,Qwen/Qwen2.5-7B-Instruct,0,2,5,79.7733060317114,8,0,False
vllm,cache-disabled,Qwen/Qwen2.5-7B-Instruct,0,2,6,79.25688894465566,8,0,False
vllm,cache-disabled,Qwen/Qwen2.5-7B-Instruct,0,2,7,77.80428999103606,8,0,False
vllm,cache-disabled,Qwen/Qwen2.5-7B-Instruct,0,2,8,77.75966497138143,8,0,False
vllm,cache-disabled,Qwen/Qwen2.5-7B-Instruct,0,2,9,78.278275905177,8,0,False
vllm,cache-disabled,Qwen/Qwen2.5-7B-Instruct,0,3,0,77.88635394535959,8,9,False
vllm,cache-disabled,Qwen/Qwen2.5-7B-Instruct,0,3,1,78.23898002970964,8,9,False
vllm,cache-disabled,Qwen/Qwen2.5-7B-Instruct,0,3,2,79.00587900076061,8,9,False
vllm,cache-disabled,Qwen/Qwen2.5-7B-Instruct,0,3,3,78.36379599757493,8,9,False
vllm,cache-disabled,Qwen/Qwen2.5-7B-Instruct,0,3,4,78.39120295830071,8,9,False
vllm,cache-disabled,Qwen/Qwen2.5-7B-Instruct,0,3,5,78.37246800772846,8,9,False
vllm,cache-disabled,Qwen/Qwen2.5-7B-Instruct,0,3,6,79.36776895076036,8,9,False
vllm,cache-disabled,Qwen/Qwen2.5-7B-Instruct,0,3,7,78.85955809615552,8,9,False
vllm,cache-disabled,Qwen/Qwen2.5-7B-Instruct,0,3,8,77.27476698346436,8,9,False
vllm,cache-disabled,Qwen/Qwen2.5-7B-Instruct,0,3,9,77.1087990142405,8,9,False
vllm,cache-disabled,Qwen/Qwen2.5-7B-Instruct,0,4,0,76.90604496747255,2,2,True
vllm,cache-disabled,Qwen/Qwen2.5-7B-Instruct,0,4,1,77.21691089682281,2,2,True
vllm,cache-disabled,Qwen/Qwen2.5-7B-Instruct,0,4,2,76.8394690239802,2,2,True
vllm,cache-disabled,Qwen/Qwen2.5-7B-Instruct,0,4,3,78.47568392753601,2,2,True
vllm,cache-disabled,Qwen/Qwen2.5-7B-Instruct,0,4,4,77.64726399909705,2,2,True
vllm,cache-disabled,Qwen/Qwen2.5-7B-Instruct,0,4,5,78.16261099651456,2,2,True
vllm,cache-disabled,Qwen/Qwen2.5-7B-Instruct,0,4,6,78.61734891775995,2,2,True
vllm,cache-disabled,Qwen/Qwen2.5-7B-Instruct,0,4,7,79.0704870596528,2,2,True
vllm,cache-disabled,Qwen/Qwen2.5-7B-Instruct,0,4,8,78.96824704948813,2,2,True
vllm,cache-disabled,Qwen/Qwen2.5-7B-Instruct,0,4,9,77.912210021168,2,2,True
vllm,cache-disabled,Qwen/Qwen2.5-7B-Instruct,0,5,0,78.38936406187713,5,5,True
vllm,cache-disabled,Qwen/Qwen2.5-7B-Instruct,0,5,1,77.64479995239526,5,5,True
vllm,cache-disabled,Qwen/Qwen2.5-7B-Instruct,0,5,2,79.25263105425984,5,5,True
vllm,cache-disabled,Qwen/Qwen2.5-7B-Instruct,0,5,3,78.49048404023051,5,5,True
vllm,cache-disabled,Qwen/Qwen2.5-7B-Instruct,0,5,4,78.66712508257478,5,5,True
vllm,cache-disabled,Qwen/Qwen2.5-7B-Instruct,0,5,5,76.6151959542185,5,5,True
vllm,cache-disabled,Qwen/Qwen2.5-7B-Instruct,0,5,6,79.45524097885936,5,5,True
vllm,cache-disabled,Qwen/Qwen2.5-7B-Instruct,0,5,7,77.58828799705952,5,5,True
vllm,cache-disabled,Qwen/Qwen2.5-7B-Instruct,0,5,8,78.05296196602285,5,5,True
vllm,cache-disabled,Qwen/Qwen2.5-7B-Instruct,0,5,9,77.99365010578185,5,5,True
vllm,cache-disabled,Qwen/Qwen2.5-7B-Instruct,1,0,0,77.55936007015407,7,6,False
vllm,cache-disabled,Qwen/Qwen2.5-7B-Instruct,1,0,1,77.85843301098794,7,6,False
vllm,cache-disabled,Qwen/Qwen2.5-7B-Instruct,1,0,2,77.61910406406969,7,6,False
vllm,cache-disabled,Qwen/Qwen2.5-7B-Instruct,1,0,3,77.89475307799876,7,6,False
vllm,cache-disabled,Qwen/Qwen2.5-7B-Instruct,1,0,4,78.23422597721219,7,6,False
vllm,cache-disabled,Qwen/Qwen2.5-7B-Instruct,1,0,5,79.1430639801547,7,6,False
vllm,cache-disabled,Qwen/Qwen2.5-7B-Instruct,1,0,6,75.81042300444096,7,6,False
vllm,cache-disabled,Qwen/Qwen2.5-7B-Instruct,1,0,7,79.31917591486126,7,6,False
vllm,cache-disabled,Qwen/Qwen2.5-7B-Instruct,1,0,8,79.57767299376428,7,6,False
vllm,cache-disabled,Qwen/Qwen2.5-7B-Instruct,1,0,9,77.77548802550882,7,6,False
vllm,cache-disabled,Qwen/Qwen2.5-7B-Instruct,1,1,0,78.00636894535273,6,9,False
vllm,cache-disabled,Qwen/Qwen2.5-7B-Instruct,1,1,1,78.10758601408452,6,9,False
vllm,cache-disabled,Qwen/Qwen2.5-7B-Instruct,1,1,2,78.65054800640792,6,9,False
vllm,cache-disabled,Qwen/Qwen2.5-7B-Instruct,1,1,3,78.79027700982988,6,9,False
vllm,cache-disabled,Qwen/Qwen2.5-7B-Instruct,1,1,4,78.13149003777653,6,9,False
vllm,cache-disabled,Qwen/Qwen2.5-7B-Instruct,1,1,5,77.38198200240731,6,9,False
vllm,cache-disabled,Qwen/Qwen2.5-7B-Instruct,1,1,6,78.58362095430493,6,9,False
vllm,cache-disabled,Qwen/Qwen2.5-7B-Instruct,1,1,7,78.58682004734874,6,9,False
vllm,cache-disabled,Qwen/Qwen2.5-7B-Instruct,1,1,8,79.60578496567905,6,9,False
vllm,cache-disabled,Qwen/Qwen2.5-7B-Instruct,1,1,9,77.22665392793715,6,9,False
vllm,cache-disabled,Qwen/Qwen2.5-7B-Instruct,1,2,0,79.29562299977988,6,6,True
vllm,cache-disabled,Qwen/Qwen2.5-7B-Instruct,1,2,1,78.47742701414973,6,6,True
vllm,cache-disabled,Qwen/Qwen2.5-7B-Instruct,1,2,2,78.36755400057882,6,6,True
vllm,cache-disabled,Qwen/Qwen2.5-7B-Instruct,1,2,3,78.77339608967304,6,6,True
vllm,cache-disabled,Qwen/Qwen2.5-7B-Instruct,1,2,4,77.82080001197755,6,6,True
vllm,cache-disabled,Qwen/Qwen2.5-7B-Instruct,1,2,5,79.50471190270036,6,6,True
vllm,cache-disabled,Qwen/Qwen2.5-7B-Instruct,1,2,6,77.66393502242863,6,6,True
vllm,cache-disabled,Qwen/Qwen2.5-7B-Instruct,1,2,7,78.71438795700669,6,6,True
vllm,cache-disabled,Qwen/Qwen2.5-7B-Instruct,1,2,8,78.20451306179166,6,6,True
vllm,cache-disabled,Qwen/Qwen2.5-7B-Instruct,1,2,9,79.15976596996188,6,6,True
vllm,cache-disabled,Qwen/Qwen2.5-7B-Instruct,1,3,0,76.77279599010944,0,0,True
vllm,cache-disabled,Qwen/Qwen2.5-7B-Instruct,1,3,1,77.59158301632851,0,0,True
vllm,cache-disabled,Qwen/Qwen2.5-7B-Instruct,1,3,2,77.55241601262242,0,0,True
vllm,cache-disabled,Qwen/Qwen2.5-7B-Instruct,1,3,3,79.34669498354197,0,0,True
vllm,cache-disabled,Qwen/Qwen2.5-7B-Instruct,1,3,4,78.57363601215184,0,0,True
vllm,cache-disabled,Qwen/Qwen2.5-7B-Instruct,1,3,5,77.83007994294167,0,0,True
vllm,cache-disabled,Qwen/Qwen2.5-7B-Instruct,1,3,6,77.99216103740036,0,0,True
vllm,cache-disabled,Qwen/Qwen2.5-7B-Instruct,1,3,7,78.19939404726028,0,0,True
vllm,cache-disabled,Qwen/Qwen2.5-7B-Instruct,1,3,8,80.21713199559599,0,0,True
vllm,cache-disabled,Qwen/Qwen2.5-7B-Instruct,1,3,9,79.84476105775684,0,0,True
vllm,cache-disabled,Qwen/Qwen2.5-7B-Instruct,1,4,0,78.2806099159643,3,1,False
vllm,cache-disabled,Qwen/Qwen2.5-7B-Instruct,1,4,1,77.29009399190545,3,1,False
vllm,cache-disabled,Qwen/Qwen2.5-7B-Instruct,1,4,2,78.05059303063899,3,1,False
vllm,cache-disabled,Qwen/Qwen2.5-7B-Instruct,1,4,3,79.04530200175941,3,1,False
vllm,cache-disabled,Qwen/Qwen2.5-7B-Instruct,1,4,4,78.94495001528412,3,1,False
vllm,cache-disabled,Qwen/Qwen2.5-7B-Instruct,1,4,5,79.04674194287509,3,1,False
vllm,cache-disabled,Qwen/Qwen2.5-7B-Instruct,1,4,6,79.75895295385271,3,1,False
vllm,cache-disabled,Qwen/Qwen2.5-7B-Instruct,1,4,7,78.34582694340497,3,1,False
vllm,cache-disabled,Qwen/Qwen2.5-7B-Instruct,1,4,8,78.79715599119663,3,1,False
vllm,cache-disabled,Qwen/Qwen2.5-7B-Instruct,1,4,9,79.9971140222624,3,1,False
vllm,cache-disabled,Qwen/Qwen2.5-7B-Instruct,1,5,0,79.62712890002877,0,7,False
vllm,cache-disabled,Qwen/Qwen2.5-7B-Instruct,1,5,1,79.0094289695844,0,7,False
vllm,cache-disabled,Qwen/Qwen2.5-7B-Instruct,1,5,2,79.48346401099116,0,7,False
vllm,cache-disabled,Qwen/Qwen2.5-7B-Instruct,1,5,3,79.22771805897355,0,7,False
vllm,cache-disabled,Qwen/Qwen2.5-7B-Instruct,1,5,4,79.04510910157114,0,7,False
vllm,cache-disabled,Qwen/Qwen2.5-7B-Instruct,1,5,5,78.98206904064864,0,7,False
vllm,cache-disabled,Qwen/Qwen2.5-7B-Instruct,1,5,6,79.8941699322313,0,7,False
vllm,cache-disabled,Qwen/Qwen2.5-7B-Instruct,1,5,7,78.08409701101482,0,7,False
vllm,cache-disabled,Qwen/Qwen2.5-7B-Instruct,1,5,8,79.26805503666401,0,7,False
vllm,cache-disabled,Qwen/Qwen2.5-7B-Instruct,1,5,9,78.99317296687514,0,7,False
vllm,cache-disabled,Qwen/Qwen2.5-7B-Instruct,2,0,0,78.67238693870604,9,9,True
vllm,cache-disabled,Qwen/Qwen2.5-7B-Instruct,2,0,1,78.96035595331341,9,9,True
vllm,cache-disabled,Qwen/Qwen2.5-7B-Instruct,2,0,2,78.66954000201076,9,9,True
vllm,cache-disabled,Qwen/Qwen2.5-7B-Instruct,2,0,3,78.50805099587888,9,9,True
vllm,cache-disabled,Qwen/Qwen2.5-7B-Instruct,2,0,4,79.220918007195,9,9,True
vllm,cache-disabled,Qwen/Qwen2.5-7B-Instruct,2,0,5,78.73477204702795,9,9,True
vllm,cache-disabled,Qwen/Qwen2.5-7B-Instruct,2,0,6,80.99287794902921,9,9,True
vllm,cache-disabled,Qwen/Qwen2.5-7B-Instruct,2,0,7,78.90453201252967,9,9,True
vllm,cache-disabled,Qwen/Qwen2.5-7B-Instruct,2,0,8,79.99353006016463,9,9,True
vllm,cache-disabled,Qwen/Qwen2.5-7B-Instruct,2,0,9,78.00236798357219,9,9,True
vllm,cache-disabled,Qwen/Qwen2.5-7B-Instruct,2,1,0,79.18584602884948,1,9,False
vllm,cache-disabled,Qwen/Qwen2.5-7B-Instruct,2,1,1,78.44851398840547,1,9,False
vllm,cache-disabled,Qwen/Qwen2.5-7B-Instruct,2,1,2,79.82397696468979,1,9,False
vllm,cache-disabled,Qwen/Qwen2.5-7B-Instruct,2,1,3,78.51868995931,1,9,False
vllm,cache-disabled,Qwen/Qwen2.5-7B-Instruct,2,1,4,78.75536300707608,1,9,False
vllm,cache-disabled,Qwen/Qwen2.5-7B-Instruct,2,1,5,78.88051599729806,1,9,False
vllm,cache-disabled,Qwen/Qwen2.5-7B-Instruct,2,1,6,79.44855093955994,1,9,False
vllm,cache-disabled,Qwen/Qwen2.5-7B-Instruct,2,1,7,80.05332201719284,1,9,False
vllm,cache-disabled,Qwen/Qwen2.5-7B-Instruct,2,1,8,79.33496602345258,1,9,False
vllm,cache-disabled,Qwen/Qwen2.5-7B-Instruct,2,1,9,77.46911700814962,1,9,False
vllm,cache-disabled,Qwen/Qwen2.5-7B-Instruct,2,2,0,78.28395301476121,1,8,False
vllm,cache-disabled,Qwen/Qwen2.5-7B-Instruct,2,2,1,79.22739803325385,1,8,False
vllm,cache-disabled,Qwen/Qwen2.5-7B-Instruct,2,2,2,78.52241804357618,1,8,False
vllm,cache-disabled,Qwen/Qwen2.5-7B-Instruct,2,2,3,79.73027904517949,1,8,False
vllm,cache-disabled,Qwen/Qwen2.5-7B-Instruct,2,2,4,79.72293603233993,1,8,False
vllm,cache-disabled,Qwen/Qwen2.5-7B-Instruct,2,2,5,78.49030499346554,1,8,False
vllm,cache-disabled,Qwen/Qwen2.5-7B-Instruct,2,2,6,79.16813204064965,1,8,False
vllm,cache-disabled,Qwen/Qwen2.5-7B-Instruct,2,2,7,79.52936599031091,1,8,False
vllm,cache-disabled,Qwen/Qwen2.5-7B-Instruct,2,2,8,76.55951206106693,1,8,False
vllm,cache-disabled,Qwen/Qwen2.5-7B-Instruct,2,2,9,80.21572197321802,1,8,False
vllm,cache-disabled,Qwen/Qwen2.5-7B-Instruct,2,3,0,78.60373007133603,1,8,False
vllm,cache-disabled,Qwen/Qwen2.5-7B-Instruct,2,3,1,78.60832195729017,1,8,False
vllm,cache-disabled,Qwen/Qwen2.5-7B-Instruct,2,3,2,79.41258291248232,1,8,False
vllm,cache-disabled,Qwen/Qwen2.5-7B-Instruct,2,3,3,79.01550794485956,1,8,False
vllm,cache-disabled,Qwen/Qwen2.5-7B-Instruct,2,3,4,79.43125395104289,1,8,False
vllm,cache-disabled,Qwen/Qwen2.5-7B-Instruct,2,3,5,79.38114204443991,1,8,False
vllm,cache-disabled,Qwen/Qwen2.5-7B-Instruct,2,3,6,79.72301496192813,1,8,False
vllm,cache-disabled,Qwen/Qwen2.5-7B-Instruct,2,3,7,78.79725098609924,1,8,False
vllm,cache-disabled,Qwen/Qwen2.5-7B-Instruct,2,3,8,78.04814307019114,1,8,False
vllm,cache-disabled,Qwen/Qwen2.5-7B-Instruct,2,3,9,79.41061304882169,1,8,False
vllm,cache-disabled,Qwen/Qwen2.5-7B-Instruct,2,4,0,77.73057406302541,1,7,False
vllm,cache-disabled,Qwen/Qwen2.5-7B-Instruct,2,4,1,78.60361796338111,1,7,False
vllm,cache-disabled,Qwen/Qwen2.5-7B-Instruct,2,4,2,79.14426096249372,1,7,False
vllm,cache-disabled,Qwen/Qwen2.5-7B-Instruct,2,4,3,77.80302211176604,1,7,False
vllm,cache-disabled,Qwen/Qwen2.5-7B-Instruct,2,4,4,77.99513498321176,1,7,False
vllm,cache-disabled,Qwen/Qwen2.5-7B-Instruct,2,4,5,77.58177304640412,1,7,False
vllm,cache-disabled,Qwen/Qwen2.5-7B-Instruct,2,4,6,77.75422197300941,1,7,False
vllm,cache-disabled,Qwen/Qwen2.5-7B-Instruct,2,4,7,77.41066801827401,1,7,False
vllm,cache-disabled,Qwen/Qwen2.5-7B-Instruct,2,4,8,78.97752290591598,1,7,False
vllm,cache-disabled,Qwen/Qwen2.5-7B-Instruct,2,4,9,78.87317100539804,1,7,False
vllm,cache-disabled,Qwen/Qwen2.5-7B-Instruct,2,5,0,76.6238640062511,1,0,False
vllm,cache-disabled,Qwen/Qwen2.5-7B-Instruct,2,5,1,78.2384960912168,1,0,False
vllm,cache-disabled,Qwen/Qwen2.5-7B-Instruct,2,5,2,78.34916899446398,1,0,False
vllm,cache-disabled,Qwen/Qwen2.5-7B-Instruct,2,5,3,78.76243407372385,1,0,False
vllm,cache-disabled,Qwen/Qwen2.5-7B-Instruct,2,5,4,79.69394291285425,1,0,False
vllm,cache-disabled,Qwen/Qwen2.5-7B-Instruct,2,5,5,78.64941004663706,1,0,False
vllm,cache-disabled,Qwen/Qwen2.5-7B-Instruct,2,5,6,78.21310393046588,1,0,False
vllm,cache-disabled,Qwen/Qwen2.5-7B-Instruct,2,5,7,78.7402099231258,1,0,False
vllm,cache-disabled,Qwen/Qwen2.5-7B-Instruct,2,5,8,78.92709202133119,1,0,False
vllm,cache-disabled,Qwen/Qwen2.5-7B-Instruct,2,5,9,79.05605202540755,1,0,False
vllm,cache-disabled,Qwen/Qwen2.5-7B-Instruct,3,0,0,77.72118097636849,7,9,False
vllm,cache-disabled,Qwen/Qwen2.5-7B-Instruct,3,0,1,78.98118789307773,7,9,False
vllm,cache-disabled,Qwen/Qwen2.5-7B-Instruct,3,0,2,80.25439304765314,7,9,False
vllm,cache-disabled,Qwen/Qwen2.5-7B-Instruct,3,0,3,79.0855559753254,7,9,False
vllm,cache-disabled,Qwen/Qwen2.5-7B-Instruct,3,0,4,77.76444603223354,7,9,False
vllm,cache-disabled,Qwen/Qwen2.5-7B-Instruct,3,0,5,78.81800306495279,7,9,False
vllm,cache-disabled,Qwen/Qwen2.5-7B-Instruct,3,0,6,80.3197380155325,7,9,False
vllm,cache-disabled,Qwen/Qwen2.5-7B-Instruct,3,0,7,77.8681900119409,7,9,False
vllm,cache-disabled,Qwen/Qwen2.5-7B-Instruct,3,0,8,78.78083502873778,7,9,False
vllm,cache-disabled,Qwen/Qwen2.5-7B-Instruct,3,0,9,77.64038105960935,7,9,False
vllm,cache-disabled,Qwen/Qwen2.5-7B-Instruct,3,1,0,79.17848404031247,7,4,False
vllm,cache-disabled,Qwen/Qwen2.5-7B-Instruct,3,1,1,78.09612795244902,7,4,False
vllm,cache-disabled,Qwen/Qwen2.5-7B-Instruct,3,1,2,78.66475300397724,7,4,False
vllm,cache-disabled,Qwen/Qwen2.5-7B-Instruct,3,1,3,79.55235801637173,7,4,False
vllm,cache-disabled,Qwen/Qwen2.5-7B-Instruct,3,1,4,78.00311804749072,7,4,False
vllm,cache-disabled,Qwen/Qwen2.5-7B-Instruct,3,1,5,79.456596984528,7,4,False
vllm,cache-disabled,Qwen/Qwen2.5-7B-Instruct,3,1,6,80.60784998815507,7,4,False
vllm,cache-disabled,Qwen/Qwen2.5-7B-Instruct,3,1,7,80.4410818964243,7,4,False
vllm,cache-disabled,Qwen/Qwen2.5-7B-Instruct,3,1,8,78.72110593598336,7,4,False
vllm,cache-disabled,Qwen/Qwen2.5-7B-Instruct,3,1,9,79.6180060133338,7,4,False
vllm,cache-disabled,Qwen/Qwen2.5-7B-Instruct,3,2,0,79.00675502605736,4,9,False
vllm,cache-disabled,Qwen/Qwen2.5-7B-Instruct,3,2,1,78.25332798529416,4,9,False
vllm,cache-disabled,Qwen/Qwen2.5-7B-Instruct,3,2,2,79.06934700440615,4,9,False
vllm,cache-disabled,Qwen/Qwen2.5-7B-Instruct,3,2,3,80.52426599897444,4,9,False
vllm,cache-disabled,Qwen/Qwen2.5-7B-Instruct,3,2,4,78.34452798124403,4,9,False
vllm,cache-disabled,Qwen/Qwen2.5-7B-Instruct,3,2,5,78.13708600588143,4,9,False
vllm,cache-disabled,Qwen/Qwen2.5-7B-Instruct,3,2,6,77.69861991982907,4,9,False
vllm,cache-disabled,Qwen/Qwen2.5-7B-Instruct,3,2,7,78.53571302257478,4,9,False
vllm,cache-disabled,Qwen/Qwen2.5-7B-Instruct,3,2,8,78.18671897985041,4,9,False
vllm,cache-disabled,Qwen/Qwen2.5-7B-Instruct,3,2,9,77.12984993122518,4,9,False
vllm,cache-disabled,Qwen/Qwen2.5-7B-Instruct,3,3,0,78.5085919778794,3,3,True
vllm,cache-disabled,Qwen/Qwen2.5-7B-Instruct,3,3,1,78.82117002736777,3,3,True
vllm,cache-disabled,Qwen/Qwen2.5-7B-Instruct,3,3,2,79.20221099629998,3,3,True
vllm,cache-disabled,Qwen/Qwen2.5-7B-Instruct,3,3,3,78.47971201408654,3,3,True
vllm,cache-disabled,Qwen/Qwen2.5-7B-Instruct,3,3,4,78.629856929183,3,3,True
vllm,cache-disabled,Qwen/Qwen2.5-7B-Instruct,3,3,5,79.4183409307152,3,3,True
vllm,cache-disabled,Qwen/Qwen2.5-7B-Instruct,3,3,6,79.29960393812507,3,3,True
vllm,cache-disabled,Qwen/Qwen2.5-7B-Instruct,3,3,7,78.89085006900132,3,3,True
vllm,cache-disabled,Qwen/Qwen2.5-7B-Instruct,3,3,8,78.57587200123817,3,3,True
vllm,cache-disabled,Qwen/Qwen2.5-7B-Instruct,3,3,9,79.43181204609573,3,3,True
vllm,cache-disabled,Qwen/Qwen2.5-7B-Instruct,3,4,0,78.38975999038666,6,1,False
vllm,cache-disabled,Qwen/Qwen2.5-7B-Instruct,3,4,1,78.38003197684884,6,1,False
vllm,cache-disabled,Qwen/Qwen2.5-7B-Instruct,3,4,2,78.92792206257582,6,1,False
vllm,cache-disabled,Qwen/Qwen2.5-7B-Instruct,3,4,3,79.52518900856376,6,1,False
vllm,cache-disabled,Qwen/Qwen2.5-7B-Instruct,3,4,4,80.38060099352151,6,1,False
vllm,cache-disabled,Qwen/Qwen2.5-7B-Instruct,3,4,5,78.99697893299162,6,1,False
vllm,cache-disabled,Qwen/Qwen2.5-7B-Instruct,3,4,6,79.17203498072922,6,1,False
vllm,cache-disabled,Qwen/Qwen2.5-7B-Instruct,3,4,7,78.55380803812295,6,1,False
vllm,cache-disabled,Qwen/Qwen2.5-7B-Instruct,3,4,8,78.7912979722023,6,1,False
vllm,cache-disabled,Qwen/Qwen2.5-7B-Instruct,3,4,9,79.01331398170441,6,1,False
vllm,cache-disabled,Qwen/Qwen2.5-7B-Instruct,3,5,0,75.84150799084455,2,0,False
vllm,cache-disabled,Qwen/Qwen2.5-7B-Instruct,3,5,1,78.98145797662437,2,0,False
vllm,cache-disabled,Qwen/Qwen2.5-7B-Instruct,3,5,2,78.0410380102694,2,0,False
vllm,cache-disabled,Qwen/Qwen2.5-7B-Instruct,3,5,3,78.6091840127483,2,0,False
vllm,cache-disabled,Qwen/Qwen2.5-7B-Instruct,3,5,4,77.9670859919861,2,0,False
vllm,cache-disabled,Qwen/Qwen2.5-7B-Instruct,3,5,5,77.77305203489959,2,0,False
vllm,cache-disabled,Qwen/Qwen2.5-7B-Instruct,3,5,6,77.46129005681723,2,0,False
vllm,cache-disabled,Qwen/Qwen2.5-7B-Instruct,3,5,7,79.09331400878727,2,0,False
vllm,cache-disabled,Qwen/Qwen2.5-7B-Instruct,3,5,8,76.88255305401981,2,0,False
vllm,cache-disabled,Qwen/Qwen2.5-7B-Instruct,3,5,9,76.54811802785844,2,0,False
vllm,cache-disabled,Qwen/Qwen2.5-7B-Instruct,4,0,0,78.51919997483492,9,6,False
vllm,cache-disabled,Qwen/Qwen2.5-7B-Instruct,4,0,1,78.38273595552891,9,6,False
vllm,cache-disabled,Qwen/Qwen2.5-7B-Instruct,4,0,2,80.15403896570206,9,6,False
vllm,cache-disabled,Qwen/Qwen2.5-7B-Instruct,4,0,3,79.36513901222497,9,6,False
vllm,cache-disabled,Qwen/Qwen2.5-7B-Instruct,4,0,4,79.19454702641815,9,6,False
vllm,cache-disabled,Qwen/Qwen2.5-7B-Instruct,4,0,5,78.57772801071405,9,6,False
vllm,cache-disabled,Qwen/Qwen2.5-7B-Instruct,4,0,6,77.72725995164365,9,6,False
vllm,cache-disabled,Qwen/Qwen2.5-7B-Instruct,4,0,7,79.68395703937858,9,6,False
vllm,cache-disabled,Qwen/Qwen2.5-7B-Instruct,4,0,8,78.17612600047141,9,6,False
vllm,cache-disabled,Qwen/Qwen2.5-7B-Instruct,4,0,9,79.02976195327938,9,6,False
vllm,cache-disabled,Qwen/Qwen2.5-7B-Instruct,4,1,0,78.44427099917084,5,6,False
vllm,cache-disabled,Qwen/Qwen2.5-7B-Instruct,4,1,1,78.74992105644196,5,6,False
vllm,cache-disabled,Qwen/Qwen2.5-7B-Instruct,4,1,2,79.5346280792728,5,6,False
vllm,cache-disabled,Qwen/Qwen2.5-7B-Instruct,4,1,3,78.54201504960656,5,6,False
vllm,cache-disabled,Qwen/Qwen2.5-7B-Instruct,4,1,4,78.60263902693987,5,6,False
vllm,cache-disabled,Qwen/Qwen2.5-7B-Instruct,4,1,5,79.0781769901514,5,6,False
vllm,cache-disabled,Qwen/Qwen2.5-7B-Instruct,4,1,6,77.53848994616419,5,6,False
vllm,cache-disabled,Qwen/Qwen2.5-7B-Instruct,4,1,7,78.36041401606053,5,6,False
vllm,cache-disabled,Qwen/Qwen2.5-7B-Instruct,4,1,8,78.48055893555284,5,6,False
vllm,cache-disabled,Qwen/Qwen2.5-7B-Instruct,4,1,9,78.5731989890337,5,6,False
vllm,cache-disabled,Qwen/Qwen2.5-7B-Instruct,4,2,0,78.12814100179821,0,5,False
vllm,cache-disabled,Qwen/Qwen2.5-7B-Instruct,4,2,1,79.85208602622151,0,5,False
vllm,cache-disabled,Qwen/Qwen2.5-7B-Instruct,4,2,2,78.59084801748395,0,5,False
vllm,cache-disabled,Qwen/Qwen2.5-7B-Instruct,4,2,3,78.96972890011966,0,5,False
vllm,cache-disabled,Qwen/Qwen2.5-7B-Instruct,4,2,4,78.3615349791944,0,5,False
vllm,cache-disabled,Qwen/Qwen2.5-7B-Instruct,4,2,5,77.60986697394401,0,5,False
vllm,cache-disabled,Qwen/Qwen2.5-7B-Instruct,4,2,6,78.53950303979218,0,5,False
vllm,cache-disabled,Qwen/Qwen2.5-7B-Instruct,4,2,7,78.4485429758206,0,5,False
vllm,cache-disabled,Qwen/Qwen2.5-7B-Instruct,4,2,8,78.11737293377519,0,5,False
vllm,cache-disabled,Qwen/Qwen2.5-7B-Instruct,4,2,9,78.84708908386528,0,5,False
vllm,cache-disabled,Qwen/Qwen2.5-7B-Instruct,4,3,0,77.94470002409071,1,5,False
vllm,cache-disabled,Qwen/Qwen2.5-7B-Instruct,4,3,1,79.13504203315824,1,5,False
vllm,cache-disabled,Qwen/Qwen2.5-7B-Instruct,4,3,2,78.13636504579335,1,5,False
vllm,cache-disabled,Qwen/Qwen2.5-7B-Instruct,4,3,3,78.31678201910108,1,5,False
vllm,cache-disabled,Qwen/Qwen2.5-7B-Instruct,4,3,4,79.07987397629768,1,5,False
vllm,cache-disabled,Qwen/Qwen2.5-7B-Instruct,4,3,5,76.7841829219833,1,5,False
vllm,cache-disabled,Qwen/Qwen2.5-7B-Instruct,4,3,6,78.48147104959935,1,5,False
vllm,cache-disabled,Qwen/Qwen2.5-7B-Instruct,4,3,7,78.68244696874171,1,5,False
vllm,cache-disabled,Qwen/Qwen2.5-7B-Instruct,4,3,8,79.17889801319689,1,5,False
vllm,cache-disabled,Qwen/Qwen2.5-7B-Instruct,4,3,9,78.37905501946807,1,5,False
vllm,cache-disabled,Qwen/Qwen2.5-7B-Instruct,4,4,0,79.78408504277468,9,8,False
vllm,cache-disabled,Qwen/Qwen2.5-7B-Instruct,4,4,1,77.71972310729325,9,8,False
vllm,cache-disabled,Qwen/Qwen2.5-7B-Instruct,4,4,2,77.48096995055676,9,8,False
vllm,cache-disabled,Qwen/Qwen2.5-7B-Instruct,4,4,3,78.51575803942978,9,8,False
vllm,cache-disabled,Qwen/Qwen2.5-7B-Instruct,4,4,4,79.1180650703609,9,8,False
vllm,cache-disabled,Qwen/Qwen2.5-7B-Instruct,4,4,5,78.9555519586429,9,8,False
vllm,cache-disabled,Qwen/Qwen2.5-7B-Instruct,4,4,6,80.17045410815626,9,8,False
vllm,cache-disabled,Qwen/Qwen2.5-7B-Instruct,4,4,7,78.19126104004681,9,8,False
vllm,cache-disabled,Qwen/Qwen2.5-7B-Instruct,4,4,8,76.9219120265916,9,8,False
vllm,cache-disabled,Qwen/Qwen2.5-7B-Instruct,4,4,9,79.5615070965141,9,8,False
vllm,cache-disabled,Qwen/Qwen2.5-7B-Instruct,4,5,0,77.97977200243622,5,6,False
vllm,cache-disabled,Qwen/Qwen2.5-7B-Instruct,4,5,1,80.16574999783188,5,6,False
vllm,cache-disabled,Qwen/Qwen2.5-7B-Instruct,4,5,2,77.98925903625786,5,6,False
vllm,cache-disabled,Qwen/Qwen2.5-7B-Instruct,4,5,3,79.39105795230716,5,6,False
vllm,cache-disabled,Qwen/Qwen2.5-7B-Instruct,4,5,4,80.34534996841103,5,6,False
vllm,cache-disabled,Qwen/Qwen2.5-7B-Instruct,4,5,5,79.18569701723754,5,6,False
vllm,cache-disabled,Qwen/Qwen2.5-7B-Instruct,4,5,6,77.63103500474244,5,6,False
vllm,cache-disabled,Qwen/Qwen2.5-7B-Instruct,4,5,7,79.50755499769002,5,6,False
vllm,cache-disabled,Qwen/Qwen2.5-7B-Instruct,4,5,8,79.48227494489402,5,6,False
vllm,cache-disabled,Qwen/Qwen2.5-7B-Instruct,4,5,9,80.2517820848152,5,6,False
vllm,cache-disabled,Qwen/Qwen2.5-7B-Instruct,5,0,0,78.24396493379027,5,3,False
vllm,cache-disabled,Qwen/Qwen2.5-7B-Instruct,5,0,1,78.90376099385321,5,3,False
vllm,cache-disabled,Qwen/Qwen2.5-7B-Instruct,5,0,2,78.46487790811807,5,3,False
vllm,cache-disabled,Qwen/Qwen2.5-7B-Instruct,5,0,3,77.73983490187675,5,3,False
vllm,cache-disabled,Qwen/Qwen2.5-7B-Instruct,5,0,4,78.05285998620093,5,3,False
vllm,cache-disabled,Qwen/Qwen2.5-7B-Instruct,5,0,5,78.29302095342427,5,3,False
vllm,cache-disabled,Qwen/Qwen2.5-7B-Instruct,5,0,6,78.92600097693503,5,3,False
vllm,cache-disabled,Qwen/Qwen2.5-7B-Instruct,5,0,7,78.99278390686959,5,3,False
vllm,cache-disabled,Qwen/Qwen2.5-7B-Instruct,5,0,8,77.96703500207514,5,3,False
vllm,cache-disabled,Qwen/Qwen2.5-7B-Instruct,5,0,9,78.93439999315888,5,3,False
vllm,cache-disabled,Qwen/Qwen2.5-7B-Instruct,5,1,0,78.6603830056265,8,4,False
vllm,cache-disabled,Qwen/Qwen2.5-7B-Instruct,5,1,1,79.46614699903876,8,4,False
vllm,cache-disabled,Qwen/Qwen2.5-7B-Instruct,5,1,2,78.42919696122408,8,4,False
vllm,cache-disabled,Qwen/Qwen2.5-7B-Instruct,5,1,3,78.93580803647637,8,4,False
vllm,cache-disabled,Qwen/Qwen2.5-7B-Instruct,5,1,4,77.58493802975863,8,4,False
vllm,cache-disabled,Qwen/Qwen2.5-7B-Instruct,5,1,5,78.79155105911195,8,4,False
vllm,cache-disabled,Qwen/Qwen2.5-7B-Instruct,5,1,6,78.78038403578103,8,4,False
vllm,cache-disabled,Qwen/Qwen2.5-7B-Instruct,5,1,7,77.95140298549086,8,4,False
vllm,cache-disabled,Qwen/Qwen2.5-7B-Instruct,5,1,8,77.94977200683206,8,4,False
vllm,cache-disabled,Qwen/Qwen2.5-7B-Instruct,5,1,9,78.12479592394084,8,4,False
vllm,cache-disabled,Qwen/Qwen2.5-7B-Instruct,5,2,0,78.55338999070227,8,1,False
vllm,cache-disabled,Qwen/Qwen2.5-7B-Instruct,5,2,1,77.66484201420099,8,1,False
vllm,cache-disabled,Qwen/Qwen2.5-7B-Instruct,5,2,2,78.54575698729604,8,1,False
vllm,cache-disabled,Qwen/Qwen2.5-7B-Instruct,5,2,3,78.00420303829014,8,1,False
vllm,cache-disabled,Qwen/Qwen2.5-7B-Instruct,5,2,4,79.77104396559298,8,1,False
vllm,cache-disabled,Qwen/Qwen2.5-7B-Instruct,5,2,5,78.2178359804675,8,1,False
vllm,cache-disabled,Qwen/Qwen2.5-7B-Instruct,5,2,6,79.15061002131552,8,1,False
vllm,cache-disabled,Qwen/Qwen2.5-7B-Instruct,5,2,7,78.94241495523602,8,1,False
vllm,cache-disabled,Qwen/Qwen2.5-7B-Instruct,5,2,8,78.8704639999196,8,1,False
vllm,cache-disabled,Qwen/Qwen2.5-7B-Instruct,5,2,9,79.18163295835257,8,1,False
vllm,cache-disabled,Qwen/Qwen2.5-7B-Instruct,5,3,0,78.5117739578709,3,4,False
vllm,cache-disabled,Qwen/Qwen2.5-7B-Instruct,5,3,1,79.33080103248358,3,4,False
vllm,cache-disabled,Qwen/Qwen2.5-7B-Instruct,5,3,2,78.86839902494103,3,4,False
vllm,cache-disabled,Qwen/Qwen2.5-7B-Instruct,5,3,3,78.96815903950483,3,4,False
vllm,cache-disabled,Qwen/Qwen2.5-7B-Instruct,5,3,4,78.11831496655941,3,4,False
vllm,cache-disabled,Qwen/Qwen2.5-7B-Instruct,5,3,5,79.71225900109857,3,4,False
vllm,cache-disabled,Qwen/Qwen2.5-7B-Instruct,5,3,6,80.24547796230763,3,4,False
vllm,cache-disabled,Qwen/Qwen2.5-7B-Instruct,5,3,7,79.84560390468687,3,4,False
vllm,cache-disabled,Qwen/Qwen2.5-7B-Instruct,5,3,8,79.2882579844445,3,4,False
vllm,cache-disabled,Qwen/Qwen2.5-7B-Instruct,5,3,9,78.3676760038361,3,4,False
vllm,cache-disabled,Qwen/Qwen2.5-7B-Instruct,5,4,0,78.03125807549804,6,6,True
vllm,cache-disabled,Qwen/Qwen2.5-7B-Instruct,5,4,1,79.28480103146285,6,6,True
vllm,cache-disabled,Qwen/Qwen2.5-7B-Instruct,5,4,2,79.51920200139284,6,6,True
vllm,cache-disabled,Qwen/Qwen2.5-7B-Instruct,5,4,3,79.71462595742196,6,6,True
vllm,cache-disabled,Qwen/Qwen2.5-7B-Instruct,5,4,4,78.1560760224238,6,6,True
vllm,cache-disabled,Qwen/Qwen2.5-7B-Instruct,5,4,5,78.76555004622787,6,6,True
vllm,cache-disabled,Qwen/Qwen2.5-7B-Instruct,5,4,6,76.73918805085123,6,6,True
vllm,cache-disabled,Qwen/Qwen2.5-7B-Instruct,5,4,7,77.38120702560991,6,6,True
vllm,cache-disabled,Qwen/Qwen2.5-7B-Instruct,5,4,8,78.35914799943566,6,6,True
vllm,cache-disabled,Qwen/Qwen2.5-7B-Instruct,5,4,9,77.3179279640317,6,6,True
vllm,cache-disabled,Qwen/Qwen2.5-7B-Instruct,5,5,0,78.76891002524644,2,5,False
vllm,cache-disabled,Qwen/Qwen2.5-7B-Instruct,5,5,1,79.61021002847701,2,5,False
vllm,cache-disabled,Qwen/Qwen2.5-7B-Instruct,5,5,2,80.09726798627526,2,5,False
vllm,cache-disabled,Qwen/Qwen2.5-7B-Instruct,5,5,3,77.95365795027465,2,5,False
vllm,cache-disabled,Qwen/Qwen2.5-7B-Instruct,5,5,4,79.46206594351679,2,5,False
vllm,cache-disabled,Qwen/Qwen2.5-7B-Instruct,5,5,5,77.0861980272457,2,5,False
vllm,cache-disabled,Qwen/Qwen2.5-7B-Instruct,5,5,6,78.80226999986917,2,5,False
vllm,cache-disabled,Qwen/Qwen2.5-7B-Instruct,5,5,7,78.83420609869063,2,5,False
vllm,cache-disabled,Qwen/Qwen2.5-7B-Instruct,5,5,8,78.3149559283629,2,5,False
vllm,cache-disabled,Qwen/Qwen2.5-7B-Instruct,5,5,9,78.46121303737164,2,5,False
vllm,cache-disabled,Qwen/Qwen2.5-7B-Instruct,6,0,0,78.04229797329754,9,0,False
vllm,cache-disabled,Qwen/Qwen2.5-7B-Instruct,6,0,1,78.87191895861179,9,0,False
vllm,cache-disabled,Qwen/Qwen2.5-7B-Instruct,6,0,2,79.70960205420852,9,0,False
vllm,cache-disabled,Qwen/Qwen2.5-7B-Instruct,6,0,3,79.51177703216672,9,0,False
vllm,cache-disabled,Qwen/Qwen2.5-7B-Instruct,6,0,4,78.39446002617478,9,0,False
vllm,cache-disabled,Qwen/Qwen2.5-7B-Instruct,6,0,5,78.21780303493142,9,0,False
vllm,cache-disabled,Qwen/Qwen2.5-7B-Instruct,6,0,6,79.15894396137446,9,0,False
vllm,cache-disabled,Qwen/Qwen2.5-7B-Instruct,6,0,7,78.72033398598433,9,0,False
vllm,cache-disabled,Qwen/Qwen2.5-7B-Instruct,6,0,8,78.76572501845658,9,0,False
vllm,cache-disabled,Qwen/Qwen2.5-7B-Instruct,6,0,9,78.24285910464823,9,0,False
vllm,cache-disabled,Qwen/Qwen2.5-7B-Instruct,6,1,0,78.89441505540162,4,8,False
vllm,cache-disabled,Qwen/Qwen2.5-7B-Instruct,6,1,1,81.16610499564558,4,8,False
vllm,cache-disabled,Qwen/Qwen2.5-7B-Instruct,6,1,2,78.59916507732123,4,8,False
vllm,cache-disabled,Qwen/Qwen2.5-7B-Instruct,6,1,3,79.10803204867989,4,8,False
vllm,cache-disabled,Qwen/Qwen2.5-7B-Instruct,6,1,4,78.62993294838816,4,8,False
vllm,cache-disabled,Qwen/Qwen2.5-7B-Instruct,6,1,5,80.15979593619704,4,8,False
vllm,cache-disabled,Qwen/Qwen2.5-7B-Instruct,6,1,6,79.05270298942924,4,8,False
vllm,cache-disabled,Qwen/Qwen2.5-7B-Instruct,6,1,7,78.61425296869129,4,8,False
vllm,cache-disabled,Qwen/Qwen2.5-7B-Instruct,6,1,8,77.58548005949706,4,8,False
vllm,cache-disabled,Qwen/Qwen2.5-7B-Instruct,6,1,9,78.58894090168178,4,8,False
vllm,cache-disabled,Qwen/Qwen2.5-7B-Instruct,6,2,0,78.62724491860718,9,9,True
vllm,cache-disabled,Qwen/Qwen2.5-7B-Instruct,6,2,1,78.16287491004914,9,9,True
vllm,cache-disabled,Qwen/Qwen2.5-7B-Instruct,6,2,2,78.39407597202808,9,9,True
vllm,cache-disabled,Qwen/Qwen2.5-7B-Instruct,6,2,3,78.95169395487756,9,9,True
vllm,cache-disabled,Qwen/Qwen2.5-7B-Instruct,6,2,4,80.16966795548797,9,9,True
vllm,cache-disabled,Qwen/Qwen2.5-7B-Instruct,6,2,5,79.52248095534742,9,9,True
vllm,cache-disabled,Qwen/Qwen2.5-7B-Instruct,6,2,6,79.55364789813757,9,9,True
vllm,cache-disabled,Qwen/Qwen2.5-7B-Instruct,6,2,7,78.27152998652309,9,9,True
vllm,cache-disabled,Qwen/Qwen2.5-7B-Instruct,6,2,8,77.72987999487668,9,9,True
vllm,cache-disabled,Qwen/Qwen2.5-7B-Instruct,6,2,9,76.11558504868299,9,9,True
vllm,cache-disabled,Qwen/Qwen2.5-7B-Instruct,6,3,0,76.72350807115436,9,0,False
vllm,cache-disabled,Qwen/Qwen2.5-7B-Instruct,6,3,1,78.7495649419725,9,0,False
vllm,cache-disabled,Qwen/Qwen2.5-7B-Instruct,6,3,2,77.94074504636228,9,0,False
vllm,cache-disabled,Qwen/Qwen2.5-7B-Instruct,6,3,3,79.48521699290723,9,0,False
vllm,cache-disabled,Qwen/Qwen2.5-7B-Instruct,6,3,4,79.01123003102839,9,0,False
vllm,cache-disabled,Qwen/Qwen2.5-7B-Instruct,6,3,5,78.75289197545499,9,0,False
vllm,cache-disabled,Qwen/Qwen2.5-7B-Instruct,6,3,6,78.90474901068956,9,0,False
vllm,cache-disabled,Qwen/Qwen2.5-7B-Instruct,6,3,7,78.96772597450763,9,0,False
vllm,cache-disabled,Qwen/Qwen2.5-7B-Instruct,6,3,8,77.15181400999427,9,0,False
vllm,cache-disabled,Qwen/Qwen2.5-7B-Instruct,6,3,9,79.71624110359699,9,0,False
vllm,cache-disabled,Qwen/Qwen2.5-7B-Instruct,6,4,0,78.88154895044863,6,1,False
vllm,cache-disabled,Qwen/Qwen2.5-7B-Instruct,6,4,1,78.40533903799951,6,1,False
vllm,cache-disabled,Qwen/Qwen2.5-7B-Instruct,6,4,2,78.54653999675065,6,1,False
vllm,cache-disabled,Qwen/Qwen2.5-7B-Instruct,6,4,3,79.14035103749484,6,1,False
vllm,cache-disabled,Qwen/Qwen2.5-7B-Instruct,6,4,4,79.05654201749712,6,1,False
vllm,cache-disabled,Qwen/Qwen2.5-7B-Instruct,6,4,5,79.44902498275042,6,1,False
vllm,cache-disabled,Qwen/Qwen2.5-7B-Instruct,6,4,6,78.8517571054399,6,1,False
vllm,cache-disabled,Qwen/Qwen2.5-7B-Instruct,6,4,7,78.49812402855605,6,1,False
vllm,cache-disabled,Qwen/Qwen2.5-7B-Instruct,6,4,8,78.48724396899343,6,1,False
vllm,cache-disabled,Qwen/Qwen2.5-7B-Instruct,6,4,9,78.45202693715692,6,1,False
vllm,cache-disabled,Qwen/Qwen2.5-7B-Instruct,6,5,0,78.37013900279999,6,6,True
vllm,cache-disabled,Qwen/Qwen2.5-7B-Instruct,6,5,1,77.95493700541556,6,6,True
vllm,cache-disabled,Qwen/Qwen2.5-7B-Instruct,6,5,2,78.11620202846825,6,6,True
vllm,cache-disabled,Qwen/Qwen2.5-7B-Instruct,6,5,3,77.86700001452118,6,6,True
vllm,cache-disabled,Qwen/Qwen2.5-7B-Instruct,6,5,4,80.03672305494547,6,6,True
vllm,cache-disabled,Qwen/Qwen2.5-7B-Instruct,6,5,5,78.5016119480133,6,6,True
vllm,cache-disabled,Qwen/Qwen2.5-7B-Instruct,6,5,6,77.84367201384157,6,6,True
vllm,cache-disabled,Qwen/Qwen2.5-7B-Instruct,6,5,7,78.9836299372837,6,6,True
vllm,cache-disabled,Qwen/Qwen2.5-7B-Instruct,6,5,8,80.42088407091796,6,6,True
vllm,cache-disabled,Qwen/Qwen2.5-7B-Instruct,6,5,9,78.36122601293027,6,6,True
vllm,cache-disabled,Qwen/Qwen2.5-7B-Instruct,7,0,0,78.4572750562802,6,4,False
vllm,cache-disabled,Qwen/Qwen2.5-7B-Instruct,7,0,1,79.2832151055336,6,4,False
vllm,cache-disabled,Qwen/Qwen2.5-7B-Instruct,7,0,2,78.7883480079472,6,4,False
vllm,cache-disabled,Qwen/Qwen2.5-7B-Instruct,7,0,3,77.52207107841969,6,4,False
vllm,cache-disabled,Qwen/Qwen2.5-7B-Instruct,7,0,4,77.27679004892707,6,4,False
vllm,cache-disabled,Qwen/Qwen2.5-7B-Instruct,7,0,5,78.79486109595746,6,4,False
vllm,cache-disabled,Qwen/Qwen2.5-7B-Instruct,7,0,6,77.9020240297541,6,4,False
vllm,cache-disabled,Qwen/Qwen2.5-7B-Instruct,7,0,7,80.27755608782172,6,4,False
vllm,cache-disabled,Qwen/Qwen2.5-7B-Instruct,7,0,8,78.9351009298116,6,4,False
vllm,cache-disabled,Qwen/Qwen2.5-7B-Instruct,7,0,9,79.19166306965053,6,4,False
vllm,cache-disabled,Qwen/Qwen2.5-7B-Instruct,7,1,0,78.05850508157164,5,0,False
vllm,cache-disabled,Qwen/Qwen2.5-7B-Instruct,7,1,1,79.76651296485215,5,0,False
vllm,cache-disabled,Qwen/Qwen2.5-7B-Instruct,7,1,2,79.02569393627346,5,0,False
vllm,cache-disabled,Qwen/Qwen2.5-7B-Instruct,7,1,3,78.8390360539779,5,0,False
vllm,cache-disabled,Qwen/Qwen2.5-7B-Instruct,7,1,4,78.5413709236309,5,0,False
vllm,cache-disabled,Qwen/Qwen2.5-7B-Instruct,7,1,5,79.539758968167,5,0,False
vllm,cache-disabled,Qwen/Qwen2.5-7B-Instruct,7,1,6,80.00037004239857,5,0,False
vllm,cache-disabled,Qwen/Qwen2.5-7B-Instruct,7,1,7,79.05698905233294,5,0,False
vllm,cache-disabled,Qwen/Qwen2.5-7B-Instruct,7,1,8,78.31367291510105,5,0,False
vllm,cache-disabled,Qwen/Qwen2.5-7B-Instruct,7,1,9,79.10842902492732,5,0,False
vllm,cache-disabled,Qwen/Qwen2.5-7B-Instruct,7,2,0,78.70986801572144,3,7,False
vllm,cache-disabled,Qwen/Qwen2.5-7B-Instruct,7,2,1,78.95812497008592,3,7,False
vllm,cache-disabled,Qwen/Qwen2.5-7B-Instruct,7,2,2,79.42345598712564,3,7,False
vllm,cache-disabled,Qwen/Qwen2.5-7B-Instruct,7,2,3,78.41447391547263,3,7,False
vllm,cache-disabled,Qwen/Qwen2.5-7B-Instruct,7,2,4,79.29086301010102,3,7,False
vllm,cache-disabled,Qwen/Qwen2.5-7B-Instruct,7,2,5,78.34220200311393,3,7,False
vllm,cache-disabled,Qwen/Qwen2.5-7B-Instruct,7,2,6,79.84769705217332,3,7,False
vllm,cache-disabled,Qwen/Qwen2.5-7B-Instruct,7,2,7,77.89700001012534,3,7,False
vllm,cache-disabled,Qwen/Qwen2.5-7B-Instruct,7,2,8,79.539775964804,3,7,False
vllm,cache-disabled,Qwen/Qwen2.5-7B-Instruct,7,2,9,79.10465402528644,3,7,False
vllm,cache-disabled,Qwen/Qwen2.5-7B-Instruct,7,3,0,79.25921399146318,6,1,False
vllm,cache-disabled,Qwen/Qwen2.5-7B-Instruct,7,3,1,77.67603907268494,6,1,False
vllm,cache-disabled,Qwen/Qwen2.5-7B-Instruct,7,3,2,78.91585200559348,6,1,False
vllm,cache-disabled,Qwen/Qwen2.5-7B-Instruct,7,3,3,77.96258409507573,6,1,False
vllm,cache-disabled,Qwen/Qwen2.5-7B-Instruct,7,3,4,78.14044097904116,6,1,False
vllm,cache-disabled,Qwen/Qwen2.5-7B-Instruct,7,3,5,79.82667302712798,6,1,False
vllm,cache-disabled,Qwen/Qwen2.5-7B-Instruct,7,3,6,79.44319897796959,6,1,False
vllm,cache-disabled,Qwen/Qwen2.5-7B-Instruct,7,3,7,78.49845802411437,6,1,False
vllm,cache-disabled,Qwen/Qwen2.5-7B-Instruct,7,3,8,78.16152891609818,6,1,False
vllm,cache-disabled,Qwen/Qwen2.5-7B-Instruct,7,3,9,78.53380299638957,6,1,False
vllm,cache-disabled,Qwen/Qwen2.5-7B-Instruct,7,4,0,78.78644403535873,3,4,False
vllm,cache-disabled,Qwen/Qwen2.5-7B-Instruct,7,4,1,79.00537305977196,3,4,False
vllm,cache-disabled,Qwen/Qwen2.5-7B-Instruct,7,4,2,78.34012201055884,3,4,False
vllm,cache-disabled,Qwen/Qwen2.5-7B-Instruct,7,4,3,78.61609105020761,3,4,False
vllm,cache-disabled,Qwen/Qwen2.5-7B-Instruct,7,4,4,77.14672398287803,3,4,False
vllm,cache-disabled,Qwen/Qwen2.5-7B-Instruct,7,4,5,77.7301510097459,3,4,False
vllm,cache-disabled,Qwen/Qwen2.5-7B-Instruct,7,4,6,80.63408394809812,3,4,False
vllm,cache-disabled,Qwen/Qwen2.5-7B-Instruct,7,4,7,77.99850404262543,3,4,False
vllm,cache-disabled,Qwen/Qwen2.5-7B-Instruct,7,4,8,79.91686393506825,3,4,False
vllm,cache-disabled,Qwen/Qwen2.5-7B-Instruct,7,4,9,78.00466299522668,3,4,False
vllm,cache-disabled,Qwen/Qwen2.5-7B-Instruct,7,5,0,78.86061898898333,7,9,False
vllm,cache-disabled,Qwen/Qwen2.5-7B-Instruct,7,5,1,79.13218904286623,7,9,False
vllm,cache-disabled,Qwen/Qwen2.5-7B-Instruct,7,5,2,79.21350107062608,7,9,False
vllm,cache-disabled,Qwen/Qwen2.5-7B-Instruct,7,5,3,79.08871700055897,7,9,False
vllm,cache-disabled,Qwen/Qwen2.5-7B-Instruct,7,5,4,78.9624759927392,7,9,False
vllm,cache-disabled,Qwen/Qwen2.5-7B-Instruct,7,5,5,78.98303610272706,7,9,False
vllm,cache-disabled,Qwen/Qwen2.5-7B-Instruct,7,5,6,78.28194496687502,7,9,False
vllm,cache-disabled,Qwen/Qwen2.5-7B-Instruct,7,5,7,79.1219969978556,7,9,False
vllm,cache-disabled,Qwen/Qwen2.5-7B-Instruct,7,5,8,78.97301996126771,7,9,False
vllm,cache-disabled,Qwen/Qwen2.5-7B-Instruct,7,5,9,77.46717298869044,7,9,False
vllm,cache-disabled,Qwen/Qwen2.5-7B-Instruct,8,0,0,78.92797910608351,3,1,False
vllm,cache-disabled,Qwen/Qwen2.5-7B-Instruct,8,0,1,77.69654993899167,3,1,False
vllm,cache-disabled,Qwen/Qwen2.5-7B-Instruct,8,0,2,80.16206498723477,3,1,False
vllm,cache-disabled,Qwen/Qwen2.5-7B-Instruct,8,0,3,79.1978370398283,3,1,False
vllm,cache-disabled,Qwen/Qwen2.5-7B-Instruct,8,0,4,80.1200809655711,3,1,False
vllm,cache-disabled,Qwen/Qwen2.5-7B-Instruct,8,0,5,78.65530694834888,3,1,False
vllm,cache-disabled,Qwen/Qwen2.5-7B-Instruct,8,0,6,79.3566539650783,3,1,False
vllm,cache-disabled,Qwen/Qwen2.5-7B-Instruct,8,0,7,78.58476205728948,3,1,False
vllm,cache-disabled,Qwen/Qwen2.5-7B-Instruct,8,0,8,78.77450704108924,3,1,False
vllm,cache-disabled,Qwen/Qwen2.5-7B-Instruct,8,0,9,80.47430601436645,3,1,False
vllm,cache-disabled,Qwen/Qwen2.5-7B-Instruct,8,1,0,79.25390102900565,6,6,True
vllm,cache-disabled,Qwen/Qwen2.5-7B-Instruct,8,1,1,78.64781795069575,6,6,True
vllm,cache-disabled,Qwen/Qwen2.5-7B-Instruct,8,1,2,80.21803305018693,6,6,True
vllm,cache-disabled,Qwen/Qwen2.5-7B-Instruct,8,1,3,79.78655898477882,6,6,True
vllm,cache-disabled,Qwen/Qwen2.5-7B-Instruct,8,1,4,78.75620201230049,6,6,True
vllm,cache-disabled,Qwen/Qwen2.5-7B-Instruct,8,1,5,78.79285898525268,6,6,True
vllm,cache-disabled,Qwen/Qwen2.5-7B-Instruct,8,1,6,77.64110900461674,6,6,True
vllm,cache-disabled,Qwen/Qwen2.5-7B-Instruct,8,1,7,77.9785179765895,6,6,True
vllm,cache-disabled,Qwen/Qwen2.5-7B-Instruct,8,1,8,78.31701601389796,6,6,True
vllm,cache-disabled,Qwen/Qwen2.5-7B-Instruct,8,1,9,77.87098304834217,6,6,True
vllm,cache-disabled,Qwen/Qwen2.5-7B-Instruct,8,2,0,79.37375688925385,6,2,False
vllm,cache-disabled,Qwen/Qwen2.5-7B-Instruct,8,2,1,78.2730639912188,6,2,False
vllm,cache-disabled,Qwen/Qwen2.5-7B-Instruct,8,2,2,76.9286579452455,6,2,False
vllm,cache-disabled,Qwen/Qwen2.5-7B-Instruct,8,2,3,78.67501792497933,6,2,False
vllm,cache-disabled,Qwen/Qwen2.5-7B-Instruct,8,2,4,79.7884319908917,6,2,False
vllm,cache-disabled,Qwen/Qwen2.5-7B-Instruct,8,2,5,79.36236495152116,6,2,False
vllm,cache-disabled,Qwen/Qwen2.5-7B-Instruct,8,2,6,79.37586901243776,6,2,False
vllm,cache-disabled,Qwen/Qwen2.5-7B-Instruct,8,2,7,78.81052198354155,6,2,False
vllm,cache-disabled,Qwen/Qwen2.5-7B-Instruct,8,2,8,78.72850599233061,6,2,False
vllm,cache-disabled,Qwen/Qwen2.5-7B-Instruct,8,2,9,79.52458993531764,6,2,False
vllm,cache-disabled,Qwen/Qwen2.5-7B-Instruct,8,3,0,79.64953500777483,5,3,False
vllm,cache-disabled,Qwen/Qwen2.5-7B-Instruct,8,3,1,77.99250294920057,5,3,False
vllm,cache-disabled,Qwen/Qwen2.5-7B-Instruct,8,3,2,77.84003810957074,5,3,False
vllm,cache-disabled,Qwen/Qwen2.5-7B-Instruct,8,3,3,75.24951500818133,5,3,False
vllm,cache-disabled,Qwen/Qwen2.5-7B-Instruct,8,3,4,78.76087399199605,5,3,False
vllm,cache-disabled,Qwen/Qwen2.5-7B-Instruct,8,3,5,77.82066194340587,5,3,False
vllm,cache-disabled,Qwen/Qwen2.5-7B-Instruct,8,3,6,79.89334303420037,5,3,False
vllm,cache-disabled,Qwen/Qwen2.5-7B-Instruct,8,3,7,79.99350503087044,5,3,False
vllm,cache-disabled,Qwen/Qwen2.5-7B-Instruct,8,3,8,78.20400700438768,5,3,False
vllm,cache-disabled,Qwen/Qwen2.5-7B-Instruct,8,3,9,78.3721529878676,5,3,False
vllm,cache-disabled,Qwen/Qwen2.5-7B-Instruct,8,4,0,78.78284202888608,4,6,False
vllm,cache-disabled,Qwen/Qwen2.5-7B-Instruct,8,4,1,78.49292107857764,4,6,False
vllm,cache-disabled,Qwen/Qwen2.5-7B-Instruct,8,4,2,79.09612404182553,4,6,False
vllm,cache-disabled,Qwen/Qwen2.5-7B-Instruct,8,4,3,79.76075098849833,4,6,False
vllm,cache-disabled,Qwen/Qwen2.5-7B-Instruct,8,4,4,80.3688180167228,4,6,False
vllm,cache-disabled,Qwen/Qwen2.5-7B-Instruct,8,4,5,78.16328702028841,4,6,False
vllm,cache-disabled,Qwen/Qwen2.5-7B-Instruct,8,4,6,77.88773393258452,4,6,False
vllm,cache-disabled,Qwen/Qwen2.5-7B-Instruct,8,4,7,78.09907803311944,4,6,False
vllm,cache-disabled,Qwen/Qwen2.5-7B-Instruct,8,4,8,79.88041406497359,4,6,False
vllm,cache-disabled,Qwen/Qwen2.5-7B-Instruct,8,4,9,78.44951201695949,4,6,False
vllm,cache-disabled,Qwen/Qwen2.5-7B-Instruct,8,5,0,77.90669403038919,1,4,False
vllm,cache-disabled,Qwen/Qwen2.5-7B-Instruct,8,5,1,78.5068089608103,1,4,False
vllm,cache-disabled,Qwen/Qwen2.5-7B-Instruct,8,5,2,78.693832969293,1,4,False
vllm,cache-disabled,Qwen/Qwen2.5-7B-Instruct,8,5,3,79.58698901347816,1,4,False
vllm,cache-disabled,Qwen/Qwen2.5-7B-Instruct,8,5,4,76.16866903845221,1,4,False
vllm,cache-disabled,Qwen/Qwen2.5-7B-Instruct,8,5,5,77.10837002377957,1,4,False
vllm,cache-disabled,Qwen/Qwen2.5-7B-Instruct,8,5,6,79.11562791559845,1,4,False
vllm,cache-disabled,Qwen/Qwen2.5-7B-Instruct,8,5,7,79.84231901355088,1,4,False
vllm,cache-disabled,Qwen/Qwen2.5-7B-Instruct,8,5,8,79.0533390827477,1,4,False
vllm,cache-disabled,Qwen/Qwen2.5-7B-Instruct,8,5,9,78.88103404548019,1,4,False
vllm,cache-disabled,Qwen/Qwen2.5-7B-Instruct,9,0,0,79.87387105822563,7,3,False
vllm,cache-disabled,Qwen/Qwen2.5-7B-Instruct,9,0,1,80.08644706569612,7,3,False
vllm,cache-disabled,Qwen/Qwen2.5-7B-Instruct,9,0,2,79.09023493994027,7,3,False
vllm,cache-disabled,Qwen/Qwen2.5-7B-Instruct,9,0,3,77.45433901436627,7,3,False
vllm,cache-disabled,Qwen/Qwen2.5-7B-Instruct,9,0,4,79.49252403341234,7,3,False
vllm,cache-disabled,Qwen/Qwen2.5-7B-Instruct,9,0,5,78.47840792965144,7,3,False
vllm,cache-disabled,Qwen/Qwen2.5-7B-Instruct,9,0,6,77.55499600898474,7,3,False
vllm,cache-disabled,Qwen/Qwen2.5-7B-Instruct,9,0,7,78.13723897561431,7,3,False
vllm,cache-disabled,Qwen/Qwen2.5-7B-Instruct,9,0,8,78.5600560484454,7,3,False
vllm,cache-disabled,Qwen/Qwen2.5-7B-Instruct,9,0,9,78.9147779578343,7,3,False
vllm,cache-disabled,Qwen/Qwen2.5-7B-Instruct,9,1,0,77.0437610335648,7,0,False
vllm,cache-disabled,Qwen/Qwen2.5-7B-Instruct,9,1,1,79.37926100566983,7,0,False
vllm,cache-disabled,Qwen/Qwen2.5-7B-Instruct,9,1,2,78.47538392525166,7,0,False
vllm,cache-disabled,Qwen/Qwen2.5-7B-Instruct,9,1,3,79.98756808228791,7,0,False
vllm,cache-disabled,Qwen/Qwen2.5-7B-Instruct,9,1,4,79.21554706990719,7,0,False
vllm,cache-disabled,Qwen/Qwen2.5-7B-Instruct,9,1,5,78.99017003364861,7,0,False
vllm,cache-disabled,Qwen/Qwen2.5-7B-Instruct,9,1,6,80.331232980825,7,0,False
vllm,cache-disabled,Qwen/Qwen2.5-7B-Instruct,9,1,7,78.4339279634878,7,0,False
vllm,cache-disabled,Qwen/Qwen2.5-7B-Instruct,9,1,8,78.50058400072157,7,0,False
vllm,cache-disabled,Qwen/Qwen2.5-7B-Instruct,9,1,9,78.03246891126037,7,0,False
vllm,cache-disabled,Qwen/Qwen2.5-7B-Instruct,9,2,0,78.09434202499688,2,9,False
vllm,cache-disabled,Qwen/Qwen2.5-7B-Instruct,9,2,1,79.19068296905607,2,9,False
vllm,cache-disabled,Qwen/Qwen2.5-7B-Instruct,9,2,2,78.77591310534626,2,9,False
vllm,cache-disabled,Qwen/Qwen2.5-7B-Instruct,9,2,3,79.43004404660314,2,9,False
vllm,cache-disabled,Qwen/Qwen2.5-7B-Instruct,9,2,4,78.85416992940009,2,9,False
vllm,cache-disabled,Qwen/Qwen2.5-7B-Instruct,9,2,5,78.45037500374019,2,9,False
vllm,cache-disabled,Qwen/Qwen2.5-7B-Instruct,9,2,6,80.07745502982289,2,9,False
vllm,cache-disabled,Qwen/Qwen2.5-7B-Instruct,9,2,7,79.31297202594578,2,9,False
vllm,cache-disabled,Qwen/Qwen2.5-7B-Instruct,9,2,8,77.24812999367714,2,9,False
vllm,cache-disabled,Qwen/Qwen2.5-7B-Instruct,9,2,9,77.02564902137965,2,9,False
vllm,cache-disabled,Qwen/Qwen2.5-7B-Instruct,9,3,0,77.12910498958081,8,0,False
vllm,cache-disabled,Qwen/Qwen2.5-7B-Instruct,9,3,1,80.21891093812883,8,0,False
vllm,cache-disabled,Qwen/Qwen2.5-7B-Instruct,9,3,2,78.10843794140965,8,0,False
vllm,cache-disabled,Qwen/Qwen2.5-7B-Instruct,9,3,3,78.5832399269566,8,0,False
vllm,cache-disabled,Qwen/Qwen2.5-7B-Instruct,9,3,4,79.0166660444811,8,0,False
vllm,cache-disabled,Qwen/Qwen2.5-7B-Instruct,9,3,5,78.98800994735211,8,0,False
vllm,cache-disabled,Qwen/Qwen2.5-7B-Instruct,9,3,6,78.62711302004755,8,0,False
vllm,cache-disabled,Qwen/Qwen2.5-7B-Instruct,9,3,7,78.31311097834259,8,0,False
vllm,cache-disabled,Qwen/Qwen2.5-7B-Instruct,9,3,8,79.51961306389421,8,0,False
vllm,cache-disabled,Qwen/Qwen2.5-7B-Instruct,9,3,9,80.01785492524505,8,0,False
vllm,cache-disabled,Qwen/Qwen2.5-7B-Instruct,9,4,0,77.63070694636554,1,2,False
vllm,cache-disabled,Qwen/Qwen2.5-7B-Instruct,9,4,1,78.7325999699533,1,2,False
vllm,cache-disabled,Qwen/Qwen2.5-7B-Instruct,9,4,2,77.55521906074136,1,2,False
vllm,cache-disabled,Qwen/Qwen2.5-7B-Instruct,9,4,3,79.70348501112312,1,2,False
vllm,cache-disabled,Qwen/Qwen2.5-7B-Instruct,9,4,4,78.84320907760412,1,2,False
vllm,cache-disabled,Qwen/Qwen2.5-7B-Instruct,9,4,5,78.37784697767347,1,2,False
vllm,cache-disabled,Qwen/Qwen2.5-7B-Instruct,9,4,6,78.51943094283342,1,2,False
vllm,cache-disabled,Qwen/Qwen2.5-7B-Instruct,9,4,7,78.46933498512954,1,2,False
vllm,cache-disabled,Qwen/Qwen2.5-7B-Instruct,9,4,8,79.07444192096591,1,2,False
vllm,cache-disabled,Qwen/Qwen2.5-7B-Instruct,9,4,9,78.85975402314216,1,2,False
vllm,cache-disabled,Qwen/Qwen2.5-7B-Instruct,9,5,0,78.73221603222191,3,8,False
vllm,cache-disabled,Qwen/Qwen2.5-7B-Instruct,9,5,1,79.48549999855459,3,8,False
vllm,cache-disabled,Qwen/Qwen2.5-7B-Instruct,9,5,2,78.10827693901956,3,8,False
vllm,cache-disabled,Qwen/Qwen2.5-7B-Instruct,9,5,3,77.54180999472737,3,8,False
vllm,cache-disabled,Qwen/Qwen2.5-7B-Instruct,9,5,4,77.99096603412181,3,8,False
vllm,cache-disabled,Qwen/Qwen2.5-7B-Instruct,9,5,5,79.35092295520008,3,8,False
vllm,cache-disabled,Qwen/Qwen2.5-7B-Instruct,9,5,6,78.34330201148987,3,8,False
vllm,cache-disabled,Qwen/Qwen2.5-7B-Instruct,9,5,7,77.44908996392041,3,8,False
vllm,cache-disabled,Qwen/Qwen2.5-7B-Instruct,9,5,8,77.44299399200827,3,8,False
vllm,cache-disabled,Qwen/Qwen2.5-7B-Instruct,9,5,9,80.39876795373857,3,8,False
vllm,cache-disabled,Qwen/Qwen2.5-7B-Instruct,10,0,0,76.60748600028455,6,0,False
vllm,cache-disabled,Qwen/Qwen2.5-7B-Instruct,10,0,1,79.18100303504616,6,0,False
vllm,cache-disabled,Qwen/Qwen2.5-7B-Instruct,10,0,2,79.56730807200074,6,0,False
vllm,cache-disabled,Qwen/Qwen2.5-7B-Instruct,10,0,3,78.8447130471468,6,0,False
vllm,cache-disabled,Qwen/Qwen2.5-7B-Instruct,10,0,4,79.58566001616418,6,0,False
vllm,cache-disabled,Qwen/Qwen2.5-7B-Instruct,10,0,5,78.88634491246194,6,0,False
vllm,cache-disabled,Qwen/Qwen2.5-7B-Instruct,10,0,6,78.96359299775213,6,0,False
vllm,cache-disabled,Qwen/Qwen2.5-7B-Instruct,10,0,7,78.96359299775213,6,0,False
vllm,cache-disabled,Qwen/Qwen2.5-7B-Instruct,10,0,8,78.04038899485022,6,0,False
vllm,cache-disabled,Qwen/Qwen2.5-7B-Instruct,10,0,9,78.38370196986943,6,0,False
vllm,cache-disabled,Qwen/Qwen2.5-7B-Instruct,10,1,0,80.06014197599143,5,5,True
vllm,cache-disabled,Qwen/Qwen2.5-7B-Instruct,10,1,1,79.89346899557859,5,5,True
vllm,cache-disabled,Qwen/Qwen2.5-7B-Instruct,10,1,2,78.64541502203792,5,5,True
vllm,cache-disabled,Qwen/Qwen2.5-7B-Instruct,10,1,3,79.87198105547577,5,5,True
vllm,cache-disabled,Qwen/Qwen2.5-7B-Instruct,10,1,4,79.36721108853817,5,5,True
vllm,cache-disabled,Qwen/Qwen2.5-7B-Instruct,10,1,5,77.67227489966899,5,5,True
vllm,cache-disabled,Qwen/Qwen2.5-7B-Instruct,10,1,6,78.67792795877904,5,5,True
vllm,cache-disabled,Qwen/Qwen2.5-7B-Instruct,10,1,7,78.01358902361244,5,5,True
vllm,cache-disabled,Qwen/Qwen2.5-7B-Instruct,10,1,8,78.60155904199928,5,5,True
vllm,cache-disabled,Qwen/Qwen2.5-7B-Instruct,10,1,9,79.83967708423734,5,5,True
vllm,cache-disabled,Qwen/Qwen2.5-7B-Instruct,10,2,0,78.11090000905097,6,7,False
vllm,cache-disabled,Qwen/Qwen2.5-7B-Instruct,10,2,1,80.1507820142433,6,7,False
vllm,cache-disabled,Qwen/Qwen2.5-7B-Instruct,10,2,2,78.47824692726135,6,7,False
vllm,cache-disabled,Qwen/Qwen2.5-7B-Instruct,10,2,3,79.41597898025066,6,7,False
vllm,cache-disabled,Qwen/Qwen2.5-7B-Instruct,10,2,4,79.13287298288196,6,7,False
vllm,cache-disabled,Qwen/Qwen2.5-7B-Instruct,10,2,5,78.82722490467131,6,7,False
vllm,cache-disabled,Qwen/Qwen2.5-7B-Instruct,10,2,6,77.13956804946065,6,7,False
vllm,cache-disabled,Qwen/Qwen2.5-7B-Instruct,10,2,7,75.34778397530317,6,7,False
vllm,cache-disabled,Qwen/Qwen2.5-7B-Instruct,10,2,8,79.26820195280015,6,7,False
vllm,cache-disabled,Qwen/Qwen2.5-7B-Instruct,10,2,9,78.02552508655936,6,7,False
vllm,cache-disabled,Qwen/Qwen2.5-7B-Instruct,10,3,0,79.63249192107469,8,6,False
vllm,cache-disabled,Qwen/Qwen2.5-7B-Instruct,10,3,1,80.38564689923078,8,6,False
vllm,cache-disabled,Qwen/Qwen2.5-7B-Instruct,10,3,2,77.6147540891543,8,6,False
vllm,cache-disabled,Qwen/Qwen2.5-7B-Instruct,10,3,3,78.59173405449837,8,6,False
vllm,cache-disabled,Qwen/Qwen2.5-7B-Instruct,10,3,4,79.7201240202412,8,6,False
vllm,cache-disabled,Qwen/Qwen2.5-7B-Instruct,10,3,5,77.53517001401633,8,6,False
vllm,cache-disabled,Qwen/Qwen2.5-7B-Instruct,10,3,6,77.50180992297828,8,6,False
vllm,cache-disabled,Qwen/Qwen2.5-7B-Instruct,10,3,7,78.91755993478,8,6,False
vllm,cache-disabled,Qwen/Qwen2.5-7B-Instruct,10,3,8,79.31060192640871,8,6,False
vllm,cache-disabled,Qwen/Qwen2.5-7B-Instruct,10,3,9,78.6340709310025,8,6,False
vllm,cache-disabled,Qwen/Qwen2.5-7B-Instruct,10,4,0,78.00107600633055,5,0,False
vllm,cache-disabled,Qwen/Qwen2.5-7B-Instruct,10,4,1,78.88812001328915,5,0,False
vllm,cache-disabled,Qwen/Qwen2.5-7B-Instruct,10,4,2,78.43451807275414,5,0,False
vllm,cache-disabled,Qwen/Qwen2.5-7B-Instruct,10,4,3,79.28165700286627,5,0,False
vllm,cache-disabled,Qwen/Qwen2.5-7B-Instruct,10,4,4,78.36806890554726,5,0,False
vllm,cache-disabled,Qwen/Qwen2.5-7B-Instruct,10,4,5,78.83018394932151,5,0,False
vllm,cache-disabled,Qwen/Qwen2.5-7B-Instruct,10,4,6,79.7331960638985,5,0,False
vllm,cache-disabled,Qwen/Qwen2.5-7B-Instruct,10,4,7,78.834408079274,5,0,False
vllm,cache-disabled,Qwen/Qwen2.5-7B-Instruct,10,4,8,78.81674298550934,5,0,False
vllm,cache-disabled,Qwen/Qwen2.5-7B-Instruct,10,4,9,79.01549607049674,5,0,False
vllm,cache-disabled,Qwen/Qwen2.5-7B-Instruct,10,5,0,78.9817679906264,5,6,False
vllm,cache-disabled,Qwen/Qwen2.5-7B-Instruct,10,5,1,78.70531897060573,5,6,False
vllm,cache-disabled,Qwen/Qwen2.5-7B-Instruct,10,5,2,79.14032903499901,5,6,False
vllm,cache-disabled,Qwen/Qwen2.5-7B-Instruct,10,5,3,79.76284401956946,5,6,False
vllm,cache-disabled,Qwen/Qwen2.5-7B-Instruct,10,5,4,79.22367309220135,5,6,False
vllm,cache-disabled,Qwen/Qwen2.5-7B-Instruct,10,5,5,79.80164408218116,5,6,False
vllm,cache-disabled,Qwen/Qwen2.5-7B-Instruct,10,5,6,76.20393100660294,5,6,False
vllm,cache-disabled,Qwen/Qwen2.5-7B-Instruct,10,5,7,79.7325080493465,5,6,False
vllm,cache-disabled,Qwen/Qwen2.5-7B-Instruct,10,5,8,79.30901797953993,5,6,False
vllm,cache-disabled,Qwen/Qwen2.5-7B-Instruct,10,5,9,77.12441496551037,5,6,False
vllm,cache-disabled,Qwen/Qwen2.5-7B-Instruct,11,0,0,78.04894796572626,0,0,True
vllm,cache-disabled,Qwen/Qwen2.5-7B-Instruct,11,0,1,78.20587605237961,0,0,True
vllm,cache-disabled,Qwen/Qwen2.5-7B-Instruct,11,0,2,79.0938480058685,0,0,True
vllm,cache-disabled,Qwen/Qwen2.5-7B-Instruct,11,0,3,78.77447106875479,0,0,True
vllm,cache-disabled,Qwen/Qwen2.5-7B-Instruct,11,0,4,79.02663201093674,0,0,True
vllm,cache-disabled,Qwen/Qwen2.5-7B-Instruct,11,0,5,80.20458894316107,0,0,True
vllm,cache-disabled,Qwen/Qwen2.5-7B-Instruct,11,0,6,78.27638799790293,0,0,True
vllm,cache-disabled,Qwen/Qwen2.5-7B-Instruct,11,0,7,80.80646395683289,0,0,True
vllm,cache-disabled,Qwen/Qwen2.5-7B-Instruct,11,0,8,79.42096900660545,0,0,True
vllm,cache-disabled,Qwen/Qwen2.5-7B-Instruct,11,0,9,79.36968898866326,0,0,True
vllm,cache-disabled,Qwen/Qwen2.5-7B-Instruct,11,1,0,78.92571901902556,1,6,False
vllm,cache-disabled,Qwen/Qwen2.5-7B-Instruct,11,1,1,79.73071502055973,1,6,False
vllm,cache-disabled,Qwen/Qwen2.5-7B-Instruct,11,1,2,79.99265205580741,1,6,False
vllm,cache-disabled,Qwen/Qwen2.5-7B-Instruct,11,1,3,80.39227104745805,1,6,False
vllm,cache-disabled,Qwen/Qwen2.5-7B-Instruct,11,1,4,79.71564191393554,1,6,False
vllm,cache-disabled,Qwen/Qwen2.5-7B-Instruct,11,1,5,79.77554702665657,1,6,False
vllm,cache-disabled,Qwen/Qwen2.5-7B-Instruct,11,1,6,78.19992501754314,1,6,False
vllm,cache-disabled,Qwen/Qwen2.5-7B-Instruct,11,1,7,79.3640889460221,1,6,False
vllm,cache-disabled,Qwen/Qwen2.5-7B-Instruct,11,1,8,79.6978350263089,1,6,False
vllm,cache-disabled,Qwen/Qwen2.5-7B-Instruct,11,1,9,79.71756299957633,1,6,False
vllm,cache-disabled,Qwen/Qwen2.5-7B-Instruct,11,2,0,79.30554507765919,5,7,False
vllm,cache-disabled,Qwen/Qwen2.5-7B-Instruct,11,2,1,77.14942400343716,5,7,False
vllm,cache-disabled,Qwen/Qwen2.5-7B-Instruct,11,2,2,79.01194295845926,5,7,False
vllm,cache-disabled,Qwen/Qwen2.5-7B-Instruct,11,2,3,79.43463302217424,5,7,False
vllm,cache-disabled,Qwen/Qwen2.5-7B-Instruct,11,2,4,78.97631102241576,5,7,False
vllm,cache-disabled,Qwen/Qwen2.5-7B-Instruct,11,2,5,78.21408403106034,5,7,False
vllm,cache-disabled,Qwen/Qwen2.5-7B-Instruct,11,2,6,80.3225259296596,5,7,False
vllm,cache-disabled,Qwen/Qwen2.5-7B-Instruct,11,2,7,77.13903894182295,5,7,False
vllm,cache-disabled,Qwen/Qwen2.5-7B-Instruct,11,2,8,80.38994995877147,5,7,False
vllm,cache-disabled,Qwen/Qwen2.5-7B-Instruct,11,2,9,78.63114203792065,5,7,False
vllm,cache-disabled,Qwen/Qwen2.5-7B-Instruct,11,3,0,76.96507102809846,9,0,False
vllm,cache-disabled,Qwen/Qwen2.5-7B-Instruct,11,3,1,77.11711805313826,9,0,False
vllm,cache-disabled,Qwen/Qwen2.5-7B-Instruct,11,3,2,80.67790197674185,9,0,False
vllm,cache-disabled,Qwen/Qwen2.5-7B-Instruct,11,3,3,79.75293800700456,9,0,False
vllm,cache-disabled,Qwen/Qwen2.5-7B-Instruct,11,3,4,78.7250449648127,9,0,False
vllm,cache-disabled,Qwen/Qwen2.5-7B-Instruct,11,3,5,78.73282197397202,9,0,False
vllm,cache-disabled,Qwen/Qwen2.5-7B-Instruct,11,3,6,78.31891602836549,9,0,False
vllm,cache-disabled,Qwen/Qwen2.5-7B-Instruct,11,3,7,80.06521209608763,9,0,False
vllm,cache-disabled,Qwen/Qwen2.5-7B-Instruct,11,3,8,79.99210793059319,9,0,False
vllm,cache-disabled,Qwen/Qwen2.5-7B-Instruct,11,3,9,77.39143900107592,9,0,False
vllm,cache-disabled,Qwen/Qwen2.5-7B-Instruct,11,4,0,79.46504896972328,8,2,False
vllm,cache-disabled,Qwen/Qwen2.5-7B-Instruct,11,4,1,78.77242204267532,8,2,False
vllm,cache-disabled,Qwen/Qwen2.5-7B-Instruct,11,4,2,77.54998502787203,8,2,False
vllm,cache-disabled,Qwen/Qwen2.5-7B-Instruct,11,4,3,79.93513206019998,8,2,False
vllm,cache-disabled,Qwen/Qwen2.5-7B-Instruct,11,4,4,78.99288705084473,8,2,False
vllm,cache-disabled,Qwen/Qwen2.5-7B-Instruct,11,4,5,80.44894097838551,8,2,False
vllm,cache-disabled,Qwen/Qwen2.5-7B-Instruct,11,4,6,78.87240604031831,8,2,False
vllm,cache-disabled,Qwen/Qwen2.5-7B-Instruct,11,4,7,79.42165608983487,8,2,False
vllm,cache-disabled,Qwen/Qwen2.5-7B-Instruct,11,4,8,80.12517995666713,8,2,False
vllm,cache-disabled,Qwen/Qwen2.5-7B-Instruct,11,4,9,78.93445494119078,8,2,False
vllm,cache-disabled,Qwen/Qwen2.5-7B-Instruct,11,5,0,79.27228102926165,7,7,True
vllm,cache-disabled,Qwen/Qwen2.5-7B-Instruct,11,5,1,79.14331904612482,7,7,True
vllm,cache-disabled,Qwen/Qwen2.5-7B-Instruct,11,5,2,78.26913893222809,7,7,True
vllm,cache-disabled,Qwen/Qwen2.5-7B-Instruct,11,5,3,77.99075497314334,7,7,True
vllm,cache-disabled,Qwen/Qwen2.5-7B-Instruct,11,5,4,79.03714303392917,7,7,True
vllm,cache-disabled,Qwen/Qwen2.5-7B-Instruct,11,5,5,79.28474410437047,7,7,True
vllm,cache-disabled,Qwen/Qwen2.5-7B-Instruct,11,5,6,78.27118795830756,7,7,True
vllm,cache-disabled,Qwen/Qwen2.5-7B-Instruct,11,5,7,77.45147205423564,7,7,True
vllm,cache-disabled,Qwen/Qwen2.5-7B-Instruct,11,5,8,78.86672602035105,7,7,True
vllm,cache-disabled,Qwen/Qwen2.5-7B-Instruct,11,5,9,78.8360700244084,7,7,True
vllm,cache-disabled,Qwen/Qwen2.5-7B-Instruct,12,0,0,78.72178102843463,1,6,False
vllm,cache-disabled,Qwen/Qwen2.5-7B-Instruct,12,0,1,78.20155506487936,1,6,False
vllm,cache-disabled,Qwen/Qwen2.5-7B-Instruct,12,0,2,78.89400597196072,1,6,False
vllm,cache-disabled,Qwen/Qwen2.5-7B-Instruct,12,0,3,80.4506690474227,1,6,False
vllm,cache-disabled,Qwen/Qwen2.5-7B-Instruct,12,0,4,78.12857802491635,1,6,False
vllm,cache-disabled,Qwen/Qwen2.5-7B-Instruct,12,0,5,79.36375204008073,1,6,False
vllm,cache-disabled,Qwen/Qwen2.5-7B-Instruct,12,0,6,76.8406520364806,1,6,False
vllm,cache-disabled,Qwen/Qwen2.5-7B-Instruct,12,0,7,80.20373992621899,1,6,False
vllm,cache-disabled,Qwen/Qwen2.5-7B-Instruct,12,0,8,77.3813109844923,1,6,False
vllm,cache-disabled,Qwen/Qwen2.5-7B-Instruct,12,0,9,80.0215300405398,1,6,False
vllm,cache-disabled,Qwen/Qwen2.5-7B-Instruct,12,1,0,78.14256194978952,8,9,False
vllm,cache-disabled,Qwen/Qwen2.5-7B-Instruct,12,1,1,79.09346302039921,8,9,False
vllm,cache-disabled,Qwen/Qwen2.5-7B-Instruct,12,1,2,78.74768599867821,8,9,False
vllm,cache-disabled,Qwen/Qwen2.5-7B-Instruct,12,1,3,78.7392210913822,8,9,False
vllm,cache-disabled,Qwen/Qwen2.5-7B-Instruct,12,1,4,78.23657908011228,8,9,False
vllm,cache-disabled,Qwen/Qwen2.5-7B-Instruct,12,1,5,80.15530800912529,8,9,False
vllm,cache-disabled,Qwen/Qwen2.5-7B-Instruct,12,1,6,78.91034206841141,8,9,False
vllm,cache-disabled,Qwen/Qwen2.5-7B-Instruct,12,1,7,79.1456870501861,8,9,False
vllm,cache-disabled,Qwen/Qwen2.5-7B-Instruct,12,1,8,78.92421400174499,8,9,False
vllm,cache-disabled,Qwen/Qwen2.5-7B-Instruct,12,1,9,77.94544193893671,8,9,False
vllm,cache-disabled,Qwen/Qwen2.5-7B-Instruct,12,2,0,78.92762206029147,0,1,False
vllm,cache-disabled,Qwen/Qwen2.5-7B-Instruct,12,2,1,75.69573493674397,0,1,False
vllm,cache-disabled,Qwen/Qwen2.5-7B-Instruct,12,2,2,79.78072890546173,0,1,False
vllm,cache-disabled,Qwen/Qwen2.5-7B-Instruct,12,2,3,78.36598693393171,0,1,False
vllm,cache-disabled,Qwen/Qwen2.5-7B-Instruct,12,2,4,78.01571302115917,0,1,False
vllm,cache-disabled,Qwen/Qwen2.5-7B-Instruct,12,2,5,77.6786400238052,0,1,False
vllm,cache-disabled,Qwen/Qwen2.5-7B-Instruct,12,2,6,78.95810203626752,0,1,False
vllm,cache-disabled,Qwen/Qwen2.5-7B-Instruct,12,2,7,79.19768698047847,0,1,False
vllm,cache-disabled,Qwen/Qwen2.5-7B-Instruct,12,2,8,79.7122010262683,0,1,False
vllm,cache-disabled,Qwen/Qwen2.5-7B-Instruct,12,2,9,79.68986500054598,0,1,False
vllm,cache-disabled,Qwen/Qwen2.5-7B-Instruct,12,3,0,76.61521097179502,8,0,False
vllm,cache-disabled,Qwen/Qwen2.5-7B-Instruct,12,3,1,78.65432393737137,8,0,False
vllm,cache-disabled,Qwen/Qwen2.5-7B-Instruct,12,3,2,77.99686503130943,8,0,False
vllm,cache-disabled,Qwen/Qwen2.5-7B-Instruct,12,3,3,78.995669959113,8,0,False
vllm,cache-disabled,Qwen/Qwen2.5-7B-Instruct,12,3,4,78.57781206257641,8,0,False
vllm,cache-disabled,Qwen/Qwen2.5-7B-Instruct,12,3,5,78.52976396679878,8,0,False
vllm,cache-disabled,Qwen/Qwen2.5-7B-Instruct,12,3,6,78.54504301212728,8,0,False
vllm,cache-disabled,Qwen/Qwen2.5-7B-Instruct,12,3,7,78.35728290956467,8,0,False
vllm,cache-disabled,Qwen/Qwen2.5-7B-Instruct,12,3,8,79.36899899505079,8,0,False
vllm,cache-disabled,Qwen/Qwen2.5-7B-Instruct,12,3,9,77.4565429892391,8,0,False
vllm,cache-disabled,Qwen/Qwen2.5-7B-Instruct,12,4,0,79.73235996905714,4,9,False
vllm,cache-disabled,Qwen/Qwen2.5-7B-Instruct,12,4,1,79.60379996802658,4,9,False
vllm,cache-disabled,Qwen/Qwen2.5-7B-Instruct,12,4,2,79.20626306440681,4,9,False
vllm,cache-disabled,Qwen/Qwen2.5-7B-Instruct,12,4,3,78.57110793702304,4,9,False
vllm,cache-disabled,Qwen/Qwen2.5-7B-Instruct,12,4,4,78.7886600010097,4,9,False
vllm,cache-disabled,Qwen/Qwen2.5-7B-Instruct,12,4,5,78.9841809310019,4,9,False
vllm,cache-disabled,Qwen/Qwen2.5-7B-Instruct,12,4,6,79.37458297237754,4,9,False
vllm,cache-disabled,Qwen/Qwen2.5-7B-Instruct,12,4,7,78.6066910950467,4,9,False
vllm,cache-disabled,Qwen/Qwen2.5-7B-Instruct,12,4,8,78.63987504970282,4,9,False
vllm,cache-disabled,Qwen/Qwen2.5-7B-Instruct,12,4,9,76.67247403878719,4,9,False
vllm,cache-disabled,Qwen/Qwen2.5-7B-Instruct,12,5,0,79.23397398553789,1,4,False
vllm,cache-disabled,Qwen/Qwen2.5-7B-Instruct,12,5,1,78.6179720889777,1,4,False
vllm,cache-disabled,Qwen/Qwen2.5-7B-Instruct,12,5,2,79.74572002422065,1,4,False
vllm,cache-disabled,Qwen/Qwen2.5-7B-Instruct,12,5,3,78.59363604802638,1,4,False
vllm,cache-disabled,Qwen/Qwen2.5-7B-Instruct,12,5,4,78.43582704663277,1,4,False
vllm,cache-disabled,Qwen/Qwen2.5-7B-Instruct,12,5,5,81.25953492708504,1,4,False
vllm,cache-disabled,Qwen/Qwen2.5-7B-Instruct,12,5,6,80.14090708456933,1,4,False
vllm,cache-disabled,Qwen/Qwen2.5-7B-Instruct,12,5,7,78.66742799524218,1,4,False
vllm,cache-disabled,Qwen/Qwen2.5-7B-Instruct,12,5,8,80.54044505115598,1,4,False
vllm,cache-disabled,Qwen/Qwen2.5-7B-Instruct,12,5,9,79.28435900248587,1,4,False
vllm,cache-disabled,Qwen/Qwen2.5-7B-Instruct,13,0,0,80.31188300810754,2,3,False
vllm,cache-disabled,Qwen/Qwen2.5-7B-Instruct,13,0,1,78.94650101661682,2,3,False
vllm,cache-disabled,Qwen/Qwen2.5-7B-Instruct,13,0,2,79.82895197346807,2,3,False
vllm,cache-disabled,Qwen/Qwen2.5-7B-Instruct,13,0,3,78.28524999786168,2,3,False
vllm,cache-disabled,Qwen/Qwen2.5-7B-Instruct,13,0,4,79.972890089266,2,3,False
vllm,cache-disabled,Qwen/Qwen2.5-7B-Instruct,13,0,5,79.84456897247583,2,3,False
vllm,cache-disabled,Qwen/Qwen2.5-7B-Instruct,13,0,6,79.73063306417316,2,3,False
vllm,cache-disabled,Qwen/Qwen2.5-7B-Instruct,13,0,7,78.78014806192368,2,3,False
vllm,cache-disabled,Qwen/Qwen2.5-7B-Instruct,13,0,8,80.00129007268697,2,3,False
vllm,cache-disabled,Qwen/Qwen2.5-7B-Instruct,13,0,9,80.25756303686649,2,3,False
vllm,cache-disabled,Qwen/Qwen2.5-7B-Instruct,13,1,0,78.7402120186016,2,6,False
vllm,cache-disabled,Qwen/Qwen2.5-7B-Instruct,13,1,1,78.80568504333496,2,6,False
vllm,cache-disabled,Qwen/Qwen2.5-7B-Instruct,13,1,2,80.68977203220129,2,6,False
vllm,cache-disabled,Qwen/Qwen2.5-7B-Instruct,13,1,3,79.93311295285821,2,6,False
vllm,cache-disabled,Qwen/Qwen2.5-7B-Instruct,13,1,4,79.77215200662613,2,6,False
vllm,cache-disabled,Qwen/Qwen2.5-7B-Instruct,13,1,5,76.97108399588615,2,6,False
vllm,cache-disabled,Qwen/Qwen2.5-7B-Instruct,13,1,6,75.82704699598253,2,6,False
vllm,cache-disabled,Qwen/Qwen2.5-7B-Instruct,13,1,7,79.38816701062024,2,6,False
vllm,cache-disabled,Qwen/Qwen2.5-7B-Instruct,13,1,8,80.30242705717683,2,6,False
vllm,cache-disabled,Qwen/Qwen2.5-7B-Instruct,13,1,9,78.77254800405353,2,6,False
vllm,cache-disabled,Qwen/Qwen2.5-7B-Instruct,13,2,0,79.76781600154936,8,7,False
vllm,cache-disabled,Qwen/Qwen2.5-7B-Instruct,13,2,1,78.9630600484088,8,7,False
vllm,cache-disabled,Qwen/Qwen2.5-7B-Instruct,13,2,2,79.12518898956478,8,7,False
vllm,cache-disabled,Qwen/Qwen2.5-7B-Instruct,13,2,3,78.90726800542325,8,7,False
vllm,cache-disabled,Qwen/Qwen2.5-7B-Instruct,13,2,4,79.44922195747495,8,7,False
vllm,cache-disabled,Qwen/Qwen2.5-7B-Instruct,13,2,5,78.84349103551358,8,7,False
vllm,cache-disabled,Qwen/Qwen2.5-7B-Instruct,13,2,6,81.03908610064536,8,7,False
vllm,cache-disabled,Qwen/Qwen2.5-7B-Instruct,13,2,7,78.6271869437769,8,7,False
vllm,cache-disabled,Qwen/Qwen2.5-7B-Instruct,13,2,8,79.16371698956937,8,7,False
vllm,cache-disabled,Qwen/Qwen2.5-7B-Instruct,13,2,9,78.74505990184844,8,7,False
vllm,cache-disabled,Qwen/Qwen2.5-7B-Instruct,13,3,0,79.26768600009382,7,2,False
vllm,cache-disabled,Qwen/Qwen2.5-7B-Instruct,13,3,1,79.16878908872604,7,2,False
vllm,cache-disabled,Qwen/Qwen2.5-7B-Instruct,13,3,2,77.79775990638882,7,2,False
vllm,cache-disabled,Qwen/Qwen2.5-7B-Instruct,13,3,3,80.82468493375927,7,2,False
vllm,cache-disabled,Qwen/Qwen2.5-7B-Instruct,13,3,4,78.61861097626388,7,2,False
vllm,cache-disabled,Qwen/Qwen2.5-7B-Instruct,13,3,5,79.4185820268467,7,2,False
vllm,cache-disabled,Qwen/Qwen2.5-7B-Instruct,13,3,6,80.26185107883066,7,2,False
vllm,cache-disabled,Qwen/Qwen2.5-7B-Instruct,13,3,7,78.91675597056746,7,2,False
vllm,cache-disabled,Qwen/Qwen2.5-7B-Instruct,13,3,8,78.30318505875766,7,2,False
vllm,cache-disabled,Qwen/Qwen2.5-7B-Instruct,13,3,9,78.65310600027442,7,2,False
vllm,cache-disabled,Qwen/Qwen2.5-7B-Instruct,13,4,0,79.54613503534347,1,7,False
vllm,cache-disabled,Qwen/Qwen2.5-7B-Instruct,13,4,1,78.15990399103612,1,7,False
vllm,cache-disabled,Qwen/Qwen2.5-7B-Instruct,13,4,2,77.82614300958812,1,7,False
vllm,cache-disabled,Qwen/Qwen2.5-7B-Instruct,13,4,3,78.04270402994007,1,7,False
vllm,cache-disabled,Qwen/Qwen2.5-7B-Instruct,13,4,4,78.47572991158813,1,7,False
vllm,cache-disabled,Qwen/Qwen2.5-7B-Instruct,13,4,5,77.54465390462428,1,7,False
vllm,cache-disabled,Qwen/Qwen2.5-7B-Instruct,13,4,6,79.39154200721532,1,7,False
vllm,cache-disabled,Qwen/Qwen2.5-7B-Instruct,13,4,7,77.19305204227567,1,7,False
vllm,cache-disabled,Qwen/Qwen2.5-7B-Instruct,13,4,8,80.31749806832522,1,7,False
vllm,cache-disabled,Qwen/Qwen2.5-7B-Instruct,13,4,9,80.68594802170992,1,7,False
vllm,cache-disabled,Qwen/Qwen2.5-7B-Instruct,13,5,0,78.24577705468982,8,8,True
vllm,cache-disabled,Qwen/Qwen2.5-7B-Instruct,13,5,1,78.90422805212438,8,8,True
vllm,cache-disabled,Qwen/Qwen2.5-7B-Instruct,13,5,2,78.05384008679539,8,8,True
vllm,cache-disabled,Qwen/Qwen2.5-7B-Instruct,13,5,3,79.09443601965904,8,8,True
vllm,cache-disabled,Qwen/Qwen2.5-7B-Instruct,13,5,4,79.25560500007123,8,8,True
vllm,cache-disabled,Qwen/Qwen2.5-7B-Instruct,13,5,5,78.32486496772617,8,8,True
vllm,cache-disabled,Qwen/Qwen2.5-7B-Instruct,13,5,6,78.58931401278824,8,8,True
vllm,cache-disabled,Qwen/Qwen2.5-7B-Instruct,13,5,7,79.15320491883904,8,8,True
vllm,cache-disabled,Qwen/Qwen2.5-7B-Instruct,13,5,8,77.20538799185306,8,8,True
vllm,cache-disabled,Qwen/Qwen2.5-7B-Instruct,13,5,9,78.23488104622811,8,8,True
vllm,cache-disabled,Qwen/Qwen2.5-7B-Instruct,14,0,0,78.94778100308031,6,0,False
vllm,cache-disabled,Qwen/Qwen2.5-7B-Instruct,14,0,1,79.49888496659696,6,0,False
vllm,cache-disabled,Qwen/Qwen2.5-7B-Instruct,14,0,2,79.18659597635269,6,0,False
vllm,cache-disabled,Qwen/Qwen2.5-7B-Instruct,14,0,3,78.97646795026958,6,0,False
vllm,cache-disabled,Qwen/Qwen2.5-7B-Instruct,14,0,4,79.3917179107666,6,0,False
vllm,cache-disabled,Qwen/Qwen2.5-7B-Instruct,14,0,5,79.01627605315298,6,0,False
vllm,cache-disabled,Qwen/Qwen2.5-7B-Instruct,14,0,6,81.40987099613994,6,0,False
vllm,cache-disabled,Qwen/Qwen2.5-7B-Instruct,14,0,7,79.24272504169494,6,0,False
vllm,cache-disabled,Qwen/Qwen2.5-7B-Instruct,14,0,8,81.0082689858973,6,0,False
vllm,cache-disabled,Qwen/Qwen2.5-7B-Instruct,14,0,9,80.4049379657954,6,0,False
vllm,cache-disabled,Qwen/Qwen2.5-7B-Instruct,14,1,0,78.61513795796782,3,1,False
vllm,cache-disabled,Qwen/Qwen2.5-7B-Instruct,14,1,1,77.65137404203415,3,1,False
vllm,cache-disabled,Qwen/Qwen2.5-7B-Instruct,14,1,2,80.20088891498744,3,1,False
vllm,cache-disabled,Qwen/Qwen2.5-7B-Instruct,14,1,3,79.08821199089289,3,1,False
vllm,cache-disabled,Qwen/Qwen2.5-7B-Instruct,14,1,4,80.53716202266514,3,1,False
vllm,cache-disabled,Qwen/Qwen2.5-7B-Instruct,14,1,5,80.68575500510633,3,1,False
vllm,cache-disabled,Qwen/Qwen2.5-7B-Instruct,14,1,6,78.81041895598173,3,1,False
vllm,cache-disabled,Qwen/Qwen2.5-7B-Instruct,14,1,7,78.52097693830729,3,1,False
vllm,cache-disabled,Qwen/Qwen2.5-7B-Instruct,14,1,8,77.77806103695184,3,1,False
vllm,cache-disabled,Qwen/Qwen2.5-7B-Instruct,14,1,9,80.01400798093528,3,1,False
vllm,cache-disabled,Qwen/Qwen2.5-7B-Instruct,14,2,0,78.94800300709903,5,3,False
vllm,cache-disabled,Qwen/Qwen2.5-7B-Instruct,14,2,1,79.47674102615565,5,3,False
vllm,cache-disabled,Qwen/Qwen2.5-7B-Instruct,14,2,2,78.74854607507586,5,3,False
vllm,cache-disabled,Qwen/Qwen2.5-7B-Instruct,14,2,3,75.21376200020313,5,3,False
vllm,cache-disabled,Qwen/Qwen2.5-7B-Instruct,14,2,4,78.65675399079919,5,3,False
vllm,cache-disabled,Qwen/Qwen2.5-7B-Instruct,14,2,5,78.62726494204253,5,3,False
vllm,cache-disabled,Qwen/Qwen2.5-7B-Instruct,14,2,6,79.23877192661166,5,3,False
vllm,cache-disabled,Qwen/Qwen2.5-7B-Instruct,14,2,7,79.08234000205994,5,3,False
vllm,cache-disabled,Qwen/Qwen2.5-7B-Instruct,14,2,8,77.92734203394502,5,3,False
vllm,cache-disabled,Qwen/Qwen2.5-7B-Instruct,14,2,9,80.05615195725113,5,3,False
vllm,cache-disabled,Qwen/Qwen2.5-7B-Instruct,14,3,0,77.96876598149538,2,0,False
vllm,cache-disabled,Qwen/Qwen2.5-7B-Instruct,14,3,1,78.16175906918943,2,0,False
vllm,cache-disabled,Qwen/Qwen2.5-7B-Instruct,14,3,2,78.2871509436518,2,0,False
vllm,cache-disabled,Qwen/Qwen2.5-7B-Instruct,14,3,3,78.70774599723518,2,0,False
vllm,cache-disabled,Qwen/Qwen2.5-7B-Instruct,14,3,4,78.99584295228124,2,0,False
vllm,cache-disabled,Qwen/Qwen2.5-7B-Instruct,14,3,5,78.5688009345904,2,0,False
vllm,cache-disabled,Qwen/Qwen2.5-7B-Instruct,14,3,6,78.94700998440385,2,0,False
vllm,cache-disabled,Qwen/Qwen2.5-7B-Instruct,14,3,7,77.97314994968474,2,0,False
vllm,cache-disabled,Qwen/Qwen2.5-7B-Instruct,14,3,8,78.95547500811517,2,0,False
vllm,cache-disabled,Qwen/Qwen2.5-7B-Instruct,14,3,9,79.07715498004109,2,0,False
vllm,cache-disabled,Qwen/Qwen2.5-7B-Instruct,14,4,0,80.20210394170135,4,8,False
vllm,cache-disabled,Qwen/Qwen2.5-7B-Instruct,14,4,1,78.09691096190363,4,8,False
vllm,cache-disabled,Qwen/Qwen2.5-7B-Instruct,14,4,2,79.52677295543253,4,8,False
vllm,cache-disabled,Qwen/Qwen2.5-7B-Instruct,14,4,3,78.74972990248352,4,8,False
vllm,cache-disabled,Qwen/Qwen2.5-7B-Instruct,14,4,4,80.18712897319347,4,8,False
vllm,cache-disabled,Qwen/Qwen2.5-7B-Instruct,14,4,5,79.79674299713224,4,8,False
vllm,cache-disabled,Qwen/Qwen2.5-7B-Instruct,14,4,6,79.36891599092633,4,8,False
vllm,cache-disabled,Qwen/Qwen2.5-7B-Instruct,14,4,7,78.74412904493511,4,8,False
vllm,cache-disabled,Qwen/Qwen2.5-7B-Instruct,14,4,8,76.98463299311697,4,8,False
vllm,cache-disabled,Qwen/Qwen2.5-7B-Instruct,14,4,9,79.94450395926833,4,8,False
vllm,cache-disabled,Qwen/Qwen2.5-7B-Instruct,14,5,0,79.25309194251895,7,3,False
vllm,cache-disabled,Qwen/Qwen2.5-7B-Instruct,14,5,1,79.12493194453418,7,3,False
vllm,cache-disabled,Qwen/Qwen2.5-7B-Instruct,14,5,2,77.89673400111496,7,3,False
vllm,cache-disabled,Qwen/Qwen2.5-7B-Instruct,14,5,3,77.67606107518077,7,3,False
vllm,cache-disabled,Qwen/Qwen2.5-7B-Instruct,14,5,4,79.4327879557386,7,3,False
vllm,cache-disabled,Qwen/Qwen2.5-7B-Instruct,14,5,5,79.20501101762056,7,3,False
vllm,cache-disabled,Qwen/Qwen2.5-7B-Instruct,14,5,6,78.64396902732551,7,3,False
vllm,cache-disabled,Qwen/Qwen2.5-7B-Instruct,14,5,7,78.49547208752483,7,3,False
vllm,cache-disabled,Qwen/Qwen2.5-7B-Instruct,14,5,8,78.32625601440668,7,3,False
vllm,cache-disabled,Qwen/Qwen2.5-7B-Instruct,14,5,9,78.68529797997326,7,3,False
vllm,cache-disabled,Qwen/Qwen2.5-7B-Instruct,15,0,0,79.01774602942169,0,7,False
vllm,cache-disabled,Qwen/Qwen2.5-7B-Instruct,15,0,1,79.11093102302402,0,7,False
vllm,cache-disabled,Qwen/Qwen2.5-7B-Instruct,15,0,2,80.16168791800737,0,7,False
vllm,cache-disabled,Qwen/Qwen2.5-7B-Instruct,15,0,3,79.90979799069464,0,7,False
vllm,cache-disabled,Qwen/Qwen2.5-7B-Instruct,15,0,4,78.70256097521633,0,7,False
vllm,cache-disabled,Qwen/Qwen2.5-7B-Instruct,15,0,5,78.75438500195742,0,7,False
vllm,cache-disabled,Qwen/Qwen2.5-7B-Instruct,15,0,6,79.67299805022776,0,7,False
vllm,cache-disabled,Qwen/Qwen2.5-7B-Instruct,15,0,7,75.94216393772513,0,7,False
vllm,cache-disabled,Qwen/Qwen2.5-7B-Instruct,15,0,8,79.36514005996287,0,7,False
vllm,cache-disabled,Qwen/Qwen2.5-7B-Instruct,15,0,9,80.31842391937971,0,7,False
vllm,cache-disabled,Qwen/Qwen2.5-7B-Instruct,15,1,0,79.8527579754591,3,8,False
vllm,cache-disabled,Qwen/Qwen2.5-7B-Instruct,15,1,1,78.41982308309525,3,8,False
vllm,cache-disabled,Qwen/Qwen2.5-7B-Instruct,15,1,2,78.21195106953382,3,8,False
vllm,cache-disabled,Qwen/Qwen2.5-7B-Instruct,15,1,3,79.705685027875,3,8,False
vllm,cache-disabled,Qwen/Qwen2.5-7B-Instruct,15,1,4,79.63992492295802,3,8,False
vllm,cache-disabled,Qwen/Qwen2.5-7B-Instruct,15,1,5,78.73600092716515,3,8,False
vllm,cache-disabled,Qwen/Qwen2.5-7B-Instruct,15,1,6,78.57648003846407,3,8,False
vllm,cache-disabled,Qwen/Qwen2.5-7B-Instruct,15,1,7,78.51415895856917,3,8,False
vllm,cache-disabled,Qwen/Qwen2.5-7B-Instruct,15,1,8,78.2050701091066,3,8,False
vllm,cache-disabled,Qwen/Qwen2.5-7B-Instruct,15,1,9,78.27339100185782,3,8,False
vllm,cache-disabled,Qwen/Qwen2.5-7B-Instruct,15,2,0,78.0909740133211,3,8,False
vllm,cache-disabled,Qwen/Qwen2.5-7B-Instruct,15,2,1,79.05811502132565,3,8,False
vllm,cache-disabled,Qwen/Qwen2.5-7B-Instruct,15,2,2,78.70473701041192,3,8,False
vllm,cache-disabled,Qwen/Qwen2.5-7B-Instruct,15,2,3,78.60185601748526,3,8,False
vllm,cache-disabled,Qwen/Qwen2.5-7B-Instruct,15,2,4,79.52694804407656,3,8,False
vllm,cache-disabled,Qwen/Qwen2.5-7B-Instruct,15,2,5,78.63280002493411,3,8,False
vllm,cache-disabled,Qwen/Qwen2.5-7B-Instruct,15,2,6,78.26163107529283,3,8,False
vllm,cache-disabled,Qwen/Qwen2.5-7B-Instruct,15,2,7,78.70963297318667,3,8,False
vllm,cache-disabled,Qwen/Qwen2.5-7B-Instruct,15,2,8,78.08238198049366,3,8,False
vllm,cache-disabled,Qwen/Qwen2.5-7B-Instruct,15,2,9,79.46640299633145,3,8,False
vllm,cache-disabled,Qwen/Qwen2.5-7B-Instruct,15,3,0,78.99952097795904,0,9,False
vllm,cache-disabled,Qwen/Qwen2.5-7B-Instruct,15,3,1,78.0789569253102,0,9,False
vllm,cache-disabled,Qwen/Qwen2.5-7B-Instruct,15,3,2,78.6312649725005,0,9,False
vllm,cache-disabled,Qwen/Qwen2.5-7B-Instruct,15,3,3,78.29044701065868,0,9,False
vllm,cache-disabled,Qwen/Qwen2.5-7B-Instruct,15,3,4,78.6092960042879,0,9,False
vllm,cache-disabled,Qwen/Qwen2.5-7B-Instruct,15,3,5,80.02800599206239,0,9,False
vllm,cache-disabled,Qwen/Qwen2.5-7B-Instruct,15,3,6,79.52467608265579,0,9,False
vllm,cache-disabled,Qwen/Qwen2.5-7B-Instruct,15,3,7,79.44806793238968,0,9,False
vllm,cache-disabled,Qwen/Qwen2.5-7B-Instruct,15,3,8,78.831264982,0,9,False
vllm,cache-disabled,Qwen/Qwen2.5-7B-Instruct,15,3,9,78.01513408776373,0,9,False
vllm,cache-disabled,Qwen/Qwen2.5-7B-Instruct,15,4,0,79.39635601360351,6,7,False
vllm,cache-disabled,Qwen/Qwen2.5-7B-Instruct,15,4,1,79.54107597470284,6,7,False
vllm,cache-disabled,Qwen/Qwen2.5-7B-Instruct,15,4,2,78.13335699029267,6,7,False
vllm,cache-disabled,Qwen/Qwen2.5-7B-Instruct,15,4,3,79.57866007927805,6,7,False
vllm,cache-disabled,Qwen/Qwen2.5-7B-Instruct,15,4,4,79.25409905146807,6,7,False
vllm,cache-disabled,Qwen/Qwen2.5-7B-Instruct,15,4,5,79.19419405516237,6,7,False
vllm,cache-disabled,Qwen/Qwen2.5-7B-Instruct,15,4,6,78.44921504147351,6,7,False
vllm,cache-disabled,Qwen/Qwen2.5-7B-Instruct,15,4,7,76.38144493103027,6,7,False
vllm,cache-disabled,Qwen/Qwen2.5-7B-Instruct,15,4,8,80.97461797297001,6,7,False
vllm,cache-disabled,Qwen/Qwen2.5-7B-Instruct,15,4,9,78.75673694070429,6,7,False
vllm,cache-disabled,Qwen/Qwen2.5-7B-Instruct,15,5,0,79.30192200001329,6,7,False
vllm,cache-disabled,Qwen/Qwen2.5-7B-Instruct,15,5,1,79.27888189442456,6,7,False
vllm,cache-disabled,Qwen/Qwen2.5-7B-Instruct,15,5,2,78.80572800058872,6,7,False
vllm,cache-disabled,Qwen/Qwen2.5-7B-Instruct,15,5,3,78.53823900222778,6,7,False
vllm,cache-disabled,Qwen/Qwen2.5-7B-Instruct,15,5,4,79.51091497670859,6,7,False
vllm,cache-disabled,Qwen/Qwen2.5-7B-Instruct,15,5,5,79.39088298007846,6,7,False
vllm,cache-disabled,Qwen/Qwen2.5-7B-Instruct,15,5,6,77.82852300442755,6,7,False
vllm,cache-disabled,Qwen/Qwen2.5-7B-Instruct,15,5,7,76.8468069145456,6,7,False
vllm,cache-disabled,Qwen/Qwen2.5-7B-Instruct,15,5,8,78.2658540410921,6,7,False
vllm,cache-disabled,Qwen/Qwen2.5-7B-Instruct,15,5,9,79.12550494074821,6,7,False
vllm,cache-disabled,Qwen/Qwen2.5-7B-Instruct,16,0,0,78.45273497514427,7,3,False
vllm,cache-disabled,Qwen/Qwen2.5-7B-Instruct,16,0,1,80.50090307369828,7,3,False
vllm,cache-disabled,Qwen/Qwen2.5-7B-Instruct,16,0,2,79.47544299531728,7,3,False
vllm,cache-disabled,Qwen/Qwen2.5-7B-Instruct,16,0,3,78.19362997543067,7,3,False
vllm,cache-disabled,Qwen/Qwen2.5-7B-Instruct,16,0,4,79.18232190422714,7,3,False
vllm,cache-disabled,Qwen/Qwen2.5-7B-Instruct,16,0,5,78.97001691162586,7,3,False
vllm,cache-disabled,Qwen/Qwen2.5-7B-Instruct,16,0,6,79.42006597295403,7,3,False
vllm,cache-disabled,Qwen/Qwen2.5-7B-Instruct,16,0,7,79.8440839862451,7,3,False
vllm,cache-disabled,Qwen/Qwen2.5-7B-Instruct,16,0,8,79.3500340078026,7,3,False
vllm,cache-disabled,Qwen/Qwen2.5-7B-Instruct,16,0,9,79.85331607051194,7,3,False
vllm,cache-disabled,Qwen/Qwen2.5-7B-Instruct,16,1,0,79.56621190533042,3,4,False
vllm,cache-disabled,Qwen/Qwen2.5-7B-Instruct,16,1,1,78.43131094705313,3,4,False
vllm,cache-disabled,Qwen/Qwen2.5-7B-Instruct,16,1,2,77.85826793406159,3,4,False
vllm,cache-disabled,Qwen/Qwen2.5-7B-Instruct,16,1,3,77.76597898919135,3,4,False
vllm,cache-disabled,Qwen/Qwen2.5-7B-Instruct,16,1,4,77.21013692207634,3,4,False
vllm,cache-disabled,Qwen/Qwen2.5-7B-Instruct,16,1,5,78.18956498522311,3,4,False
vllm,cache-disabled,Qwen/Qwen2.5-7B-Instruct,16,1,6,77.67305092420429,3,4,False
vllm,cache-disabled,Qwen/Qwen2.5-7B-Instruct,16,1,7,77.25760899484158,3,4,False
vllm,cache-disabled,Qwen/Qwen2.5-7B-Instruct,16,1,8,78.42070295009762,3,4,False
vllm,cache-disabled,Qwen/Qwen2.5-7B-Instruct,16,1,9,78.0343480873853,3,4,False
vllm,cache-disabled,Qwen/Qwen2.5-7B-Instruct,16,2,0,79.56728304270655,1,4,False
vllm,cache-disabled,Qwen/Qwen2.5-7B-Instruct,16,2,1,77.52538600470871,1,4,False
vllm,cache-disabled,Qwen/Qwen2.5-7B-Instruct,16,2,2,77.4646979989484,1,4,False
vllm,cache-disabled,Qwen/Qwen2.5-7B-Instruct,16,2,3,78.17660493310541,1,4,False
vllm,cache-disabled,Qwen/Qwen2.5-7B-Instruct,16,2,4,75.9986269986257,1,4,False
vllm,cache-disabled,Qwen/Qwen2.5-7B-Instruct,16,2,5,77.83116400241852,1,4,False
vllm,cache-disabled,Qwen/Qwen2.5-7B-Instruct,16,2,6,77.07813591696322,1,4,False
vllm,cache-disabled,Qwen/Qwen2.5-7B-Instruct,16,2,7,76.58043794799596,1,4,False
vllm,cache-disabled,Qwen/Qwen2.5-7B-Instruct,16,2,8,78.42401403468102,1,4,False
vllm,cache-disabled,Qwen/Qwen2.5-7B-Instruct,16,2,9,79.53680295031518,1,4,False
vllm,cache-disabled,Qwen/Qwen2.5-7B-Instruct,16,3,0,79.94917302858084,8,2,False
vllm,cache-disabled,Qwen/Qwen2.5-7B-Instruct,16,3,1,78.636639053002,8,2,False
vllm,cache-disabled,Qwen/Qwen2.5-7B-Instruct,16,3,2,75.88965003378689,8,2,False
vllm,cache-disabled,Qwen/Qwen2.5-7B-Instruct,16,3,3,78.4015340032056,8,2,False
vllm,cache-disabled,Qwen/Qwen2.5-7B-Instruct,16,3,4,78.22655700147152,8,2,False
vllm,cache-disabled,Qwen/Qwen2.5-7B-Instruct,16,3,5,77.18664803542197,8,2,False
vllm,cache-disabled,Qwen/Qwen2.5-7B-Instruct,16,3,6,77.44332100264728,8,2,False
vllm,cache-disabled,Qwen/Qwen2.5-7B-Instruct,16,3,7,79.01942497119308,8,2,False
vllm,cache-disabled,Qwen/Qwen2.5-7B-Instruct,16,3,8,77.85268302541226,8,2,False
vllm,cache-disabled,Qwen/Qwen2.5-7B-Instruct,16,3,9,76.38280501123518,8,2,False
vllm,cache-disabled,Qwen/Qwen2.5-7B-Instruct,16,4,0,78.54873407632113,3,8,False
vllm,cache-disabled,Qwen/Qwen2.5-7B-Instruct,16,4,1,77.94831600040197,3,8,False
vllm,cache-disabled,Qwen/Qwen2.5-7B-Instruct,16,4,2,78.70577508583665,3,8,False
vllm,cache-disabled,Qwen/Qwen2.5-7B-Instruct,16,4,3,78.40535801369697,3,8,False
vllm,cache-disabled,Qwen/Qwen2.5-7B-Instruct,16,4,4,77.5254329200834,3,8,False
vllm,cache-disabled,Qwen/Qwen2.5-7B-Instruct,16,4,5,78.16100504714996,3,8,False
vllm,cache-disabled,Qwen/Qwen2.5-7B-Instruct,16,4,6,78.15719593781978,3,8,False
vllm,cache-disabled,Qwen/Qwen2.5-7B-Instruct,16,4,7,77.80498696956784,3,8,False
vllm,cache-disabled,Qwen/Qwen2.5-7B-Instruct,16,4,8,77.16500002425164,3,8,False
vllm,cache-disabled,Qwen/Qwen2.5-7B-Instruct,16,4,9,78.70388694573194,3,8,False
vllm,cache-disabled,Qwen/Qwen2.5-7B-Instruct,16,5,0,80.42168605607003,2,8,False
vllm,cache-disabled,Qwen/Qwen2.5-7B-Instruct,16,5,1,78.19329190533608,2,8,False
vllm,cache-disabled,Qwen/Qwen2.5-7B-Instruct,16,5,2,78.48652498796582,2,8,False
vllm,cache-disabled,Qwen/Qwen2.5-7B-Instruct,16,5,3,78.70370999444276,2,8,False
vllm,cache-disabled,Qwen/Qwen2.5-7B-Instruct,16,5,4,79.1923210490495,2,8,False
vllm,cache-disabled,Qwen/Qwen2.5-7B-Instruct,16,5,5,78.3917730441317,2,8,False
vllm,cache-disabled,Qwen/Qwen2.5-7B-Instruct,16,5,6,77.14989606756717,2,8,False
vllm,cache-disabled,Qwen/Qwen2.5-7B-Instruct,16,5,7,76.99098298326135,2,8,False
vllm,cache-disabled,Qwen/Qwen2.5-7B-Instruct,16,5,8,76.65594096761197,2,8,False
vllm,cache-disabled,Qwen/Qwen2.5-7B-Instruct,16,5,9,78.01961107179523,2,8,False
vllm,cache-disabled,Qwen/Qwen2.5-7B-Instruct,17,0,0,78.59684596769512,3,4,False
vllm,cache-disabled,Qwen/Qwen2.5-7B-Instruct,17,0,1,76.87747804448009,3,4,False
vllm,cache-disabled,Qwen/Qwen2.5-7B-Instruct,17,0,2,77.89522700477391,3,4,False
vllm,cache-disabled,Qwen/Qwen2.5-7B-Instruct,17,0,3,77.37474399618804,3,4,False
vllm,cache-disabled,Qwen/Qwen2.5-7B-Instruct,17,0,4,75.38537494838238,3,4,False
vllm,cache-disabled,Qwen/Qwen2.5-7B-Instruct,17,0,5,77.23482395522296,3,4,False
vllm,cache-disabled,Qwen/Qwen2.5-7B-Instruct,17,0,6,78.99166294373572,3,4,False
vllm,cache-disabled,Qwen/Qwen2.5-7B-Instruct,17,0,7,80.22392494603992,3,4,False
vllm,cache-disabled,Qwen/Qwen2.5-7B-Instruct,17,0,8,78.29657301772386,3,4,False
vllm,cache-disabled,Qwen/Qwen2.5-7B-Instruct,17,0,9,80.68469597492367,3,4,False
vllm,cache-disabled,Qwen/Qwen2.5-7B-Instruct,17,1,0,78.00186704844236,3,2,False
vllm,cache-disabled,Qwen/Qwen2.5-7B-Instruct,17,1,1,78.29874905291945,3,2,False
vllm,cache-disabled,Qwen/Qwen2.5-7B-Instruct,17,1,2,76.82194199878722,3,2,False
vllm,cache-disabled,Qwen/Qwen2.5-7B-Instruct,17,1,3,77.30615208856761,3,2,False
vllm,cache-disabled,Qwen/Qwen2.5-7B-Instruct,17,1,4,77.58962595835328,3,2,False
vllm,cache-disabled,Qwen/Qwen2.5-7B-Instruct,17,1,5,77.1211429964751,3,2,False
vllm,cache-disabled,Qwen/Qwen2.5-7B-Instruct,17,1,6,78.21973995305598,3,2,False
vllm,cache-disabled,Qwen/Qwen2.5-7B-Instruct,17,1,7,79.35515197459608,3,2,False
vllm,cache-disabled,Qwen/Qwen2.5-7B-Instruct,17,1,8,77.21347897313535,3,2,False
vllm,cache-disabled,Qwen/Qwen2.5-7B-Instruct,17,1,9,78.79019097890705,3,2,False
vllm,cache-disabled,Qwen/Qwen2.5-7B-Instruct,17,2,0,79.07774404156953,5,5,True
vllm,cache-disabled,Qwen/Qwen2.5-7B-Instruct,17,2,1,79.12886398844421,5,5,True
vllm,cache-disabled,Qwen/Qwen2.5-7B-Instruct,17,2,2,78.40585301164538,5,5,True
vllm,cache-disabled,Qwen/Qwen2.5-7B-Instruct,17,2,3,77.41197606083006,5,5,True
vllm,cache-disabled,Qwen/Qwen2.5-7B-Instruct,17,2,4,77.40396005101502,5,5,True
vllm,cache-disabled,Qwen/Qwen2.5-7B-Instruct,17,2,5,75.38687903434038,5,5,True
vllm,cache-disabled,Qwen/Qwen2.5-7B-Instruct,17,2,6,77.36684009432793,5,5,True
vllm,cache-disabled,Qwen/Qwen2.5-7B-Instruct,17,2,7,78.07229901663959,5,5,True
vllm,cache-disabled,Qwen/Qwen2.5-7B-Instruct,17,2,8,78.2050359994173,5,5,True
vllm,cache-disabled,Qwen/Qwen2.5-7B-Instruct,17,2,9,76.05878601316363,5,5,True
vllm,cache-disabled,Qwen/Qwen2.5-7B-Instruct,17,3,0,77.96847401186824,3,1,False
vllm,cache-disabled,Qwen/Qwen2.5-7B-Instruct,17,3,1,77.53403997048736,3,1,False
vllm,cache-disabled,Qwen/Qwen2.5-7B-Instruct,17,3,2,78.47282907459885,3,1,False
vllm,cache-disabled,Qwen/Qwen2.5-7B-Instruct,17,3,3,78.0716430163011,3,1,False
vllm,cache-disabled,Qwen/Qwen2.5-7B-Instruct,17,3,4,79.58286604844034,3,1,False
vllm,cache-disabled,Qwen/Qwen2.5-7B-Instruct,17,3,5,78.87010998092592,3,1,False
vllm,cache-disabled,Qwen/Qwen2.5-7B-Instruct,17,3,6,78.66910193115473,3,1,False
vllm,cache-disabled,Qwen/Qwen2.5-7B-Instruct,17,3,7,78.29167600721121,3,1,False
vllm,cache-disabled,Qwen/Qwen2.5-7B-Instruct,17,3,8,78.21522699669003,3,1,False
vllm,cache-disabled,Qwen/Qwen2.5-7B-Instruct,17,3,9,79.37233592383564,3,1,False
vllm,cache-disabled,Qwen/Qwen2.5-7B-Instruct,17,4,0,78.82414199411869,4,2,False
vllm,cache-disabled,Qwen/Qwen2.5-7B-Instruct,17,4,1,80.2260679192841,4,2,False
vllm,cache-disabled,Qwen/Qwen2.5-7B-Instruct,17,4,2,78.28010700177401,4,2,False
vllm,cache-disabled,Qwen/Qwen2.5-7B-Instruct,17,4,3,79.55561811104417,4,2,False
vllm,cache-disabled,Qwen/Qwen2.5-7B-Instruct,17,4,4,78.62273300997913,4,2,False
vllm,cache-disabled,Qwen/Qwen2.5-7B-Instruct,17,4,5,80.090835923329,4,2,False
vllm,cache-disabled,Qwen/Qwen2.5-7B-Instruct,17,4,6,78.46378802787513,4,2,False
vllm,cache-disabled,Qwen/Qwen2.5-7B-Instruct,17,4,7,80.59504604898393,4,2,False
vllm,cache-disabled,Qwen/Qwen2.5-7B-Instruct,17,4,8,80.23096492979676,4,2,False
vllm,cache-disabled,Qwen/Qwen2.5-7B-Instruct,17,4,9,78.78247799817473,4,2,False
vllm,cache-disabled,Qwen/Qwen2.5-7B-Instruct,17,5,0,77.93945109006017,2,7,False
vllm,cache-disabled,Qwen/Qwen2.5-7B-Instruct,17,5,1,78.06413795333356,2,7,False
vllm,cache-disabled,Qwen/Qwen2.5-7B-Instruct,17,5,2,77.65816897153854,2,7,False
vllm,cache-disabled,Qwen/Qwen2.5-7B-Instruct,17,5,3,77.6142330141738,2,7,False
vllm,cache-disabled,Qwen/Qwen2.5-7B-Instruct,17,5,4,77.62980100233108,2,7,False
vllm,cache-disabled,Qwen/Qwen2.5-7B-Instruct,17,5,5,77.47562404256314,2,7,False
vllm,cache-disabled,Qwen/Qwen2.5-7B-Instruct,17,5,6,79.28712002467364,2,7,False
vllm,cache-disabled,Qwen/Qwen2.5-7B-Instruct,17,5,7,76.39461103826761,2,7,False
vllm,cache-disabled,Qwen/Qwen2.5-7B-Instruct,17,5,8,77.52986392006278,2,7,False
vllm,cache-disabled,Qwen/Qwen2.5-7B-Instruct,17,5,9,77.12514197919518,2,7,False
vllm,cache-disabled,Qwen/Qwen2.5-7B-Instruct,18,0,0,77.90492102503777,1,0,False
vllm,cache-disabled,Qwen/Qwen2.5-7B-Instruct,18,0,1,79.36584099661559,1,0,False
vllm,cache-disabled,Qwen/Qwen2.5-7B-Instruct,18,0,2,78.52858793921769,1,0,False
vllm,cache-disabled,Qwen/Qwen2.5-7B-Instruct,18,0,3,80.21104300860316,1,0,False
vllm,cache-disabled,Qwen/Qwen2.5-7B-Instruct,18,0,4,78.17919505760074,1,0,False
vllm,cache-disabled,Qwen/Qwen2.5-7B-Instruct,18,0,5,79.16611095424742,1,0,False
vllm,cache-disabled,Qwen/Qwen2.5-7B-Instruct,18,0,6,78.37466697674245,1,0,False
vllm,cache-disabled,Qwen/Qwen2.5-7B-Instruct,18,0,7,78.63796502351761,1,0,False
vllm,cache-disabled,Qwen/Qwen2.5-7B-Instruct,18,0,8,78.09271407313645,1,0,False
vllm,cache-disabled,Qwen/Qwen2.5-7B-Instruct,18,0,9,78.86314997449517,1,0,False
vllm,cache-disabled,Qwen/Qwen2.5-7B-Instruct,18,1,0,78.64327705465257,5,3,False
vllm,cache-disabled,Qwen/Qwen2.5-7B-Instruct,18,1,1,77.5553840212524,5,3,False
vllm,cache-disabled,Qwen/Qwen2.5-7B-Instruct,18,1,2,77.57648802362382,5,3,False
vllm,cache-disabled,Qwen/Qwen2.5-7B-Instruct,18,1,3,75.88947203475982,5,3,False
vllm,cache-disabled,Qwen/Qwen2.5-7B-Instruct,18,1,4,77.9856889275834,5,3,False
vllm,cache-disabled,Qwen/Qwen2.5-7B-Instruct,18,1,5,79.10214306320995,5,3,False
vllm,cache-disabled,Qwen/Qwen2.5-7B-Instruct,18,1,6,79.42707207985222,5,3,False
vllm,cache-disabled,Qwen/Qwen2.5-7B-Instruct,18,1,7,77.47035997454077,5,3,False
vllm,cache-disabled,Qwen/Qwen2.5-7B-Instruct,18,1,8,79.17127897962928,5,3,False
vllm,cache-disabled,Qwen/Qwen2.5-7B-Instruct,18,1,9,77.6285360334441,5,3,False
vllm,cache-disabled,Qwen/Qwen2.5-7B-Instruct,18,2,0,77.4413829203695,9,9,True
vllm,cache-disabled,Qwen/Qwen2.5-7B-Instruct,18,2,1,75.22223796695471,9,9,True
vllm,cache-disabled,Qwen/Qwen2.5-7B-Instruct,18,2,2,78.24138703290373,9,9,True
vllm,cache-disabled,Qwen/Qwen2.5-7B-Instruct,18,2,3,79.60169692523777,9,9,True
vllm,cache-disabled,Qwen/Qwen2.5-7B-Instruct,18,2,4,78.8106688996777,9,9,True
vllm,cache-disabled,Qwen/Qwen2.5-7B-Instruct,18,2,5,78.68457294534892,9,9,True
vllm,cache-disabled,Qwen/Qwen2.5-7B-Instruct,18,2,6,78.06434598751366,9,9,True
vllm,cache-disabled,Qwen/Qwen2.5-7B-Instruct,18,2,7,77.7999929850921,9,9,True
vllm,cache-disabled,Qwen/Qwen2.5-7B-Instruct,18,2,8,76.60376408603042,9,9,True
vllm,cache-disabled,Qwen/Qwen2.5-7B-Instruct,18,2,9,75.04641194827855,9,9,True
vllm,cache-disabled,Qwen/Qwen2.5-7B-Instruct,18,3,0,78.20455403998494,9,8,False
vllm,cache-disabled,Qwen/Qwen2.5-7B-Instruct,18,3,1,80.2536989795044,9,8,False
vllm,cache-disabled,Qwen/Qwen2.5-7B-Instruct,18,3,2,78.62122799269855,9,8,False
vllm,cache-disabled,Qwen/Qwen2.5-7B-Instruct,18,3,3,76.82494795881212,9,8,False
vllm,cache-disabled,Qwen/Qwen2.5-7B-Instruct,18,3,4,77.23421405535191,9,8,False
vllm,cache-disabled,Qwen/Qwen2.5-7B-Instruct,18,3,5,77.92284106835723,9,8,False
vllm,cache-disabled,Qwen/Qwen2.5-7B-Instruct,18,3,6,80.19336394499987,9,8,False
vllm,cache-disabled,Qwen/Qwen2.5-7B-Instruct,18,3,7,78.41484295204282,9,8,False
vllm,cache-disabled,Qwen/Qwen2.5-7B-Instruct,18,3,8,76.19337690994143,9,8,False
vllm,cache-disabled,Qwen/Qwen2.5-7B-Instruct,18,3,9,77.80411990825087,9,8,False
vllm,cache-disabled,Qwen/Qwen2.5-7B-Instruct,18,4,0,78.68479692842811,1,6,False
vllm,cache-disabled,Qwen/Qwen2.5-7B-Instruct,18,4,1,78.11207394115627,1,6,False
vllm,cache-disabled,Qwen/Qwen2.5-7B-Instruct,18,4,2,78.61772400792688,1,6,False
vllm,cache-disabled,Qwen/Qwen2.5-7B-Instruct,18,4,3,77.42994301952422,1,6,False
vllm,cache-disabled,Qwen/Qwen2.5-7B-Instruct,18,4,4,79.14943795185536,1,6,False
vllm,cache-disabled,Qwen/Qwen2.5-7B-Instruct,18,4,5,78.68169294670224,1,6,False
vllm,cache-disabled,Qwen/Qwen2.5-7B-Instruct,18,4,6,76.07904099859297,1,6,False
vllm,cache-disabled,Qwen/Qwen2.5-7B-Instruct,18,4,7,77.33709400054067,1,6,False
vllm,cache-disabled,Qwen/Qwen2.5-7B-Instruct,18,4,8,78.49425089079887,1,6,False
vllm,cache-disabled,Qwen/Qwen2.5-7B-Instruct,18,4,9,78.42609100043774,1,6,False
vllm,cache-disabled,Qwen/Qwen2.5-7B-Instruct,18,5,0,78.641772037372,0,8,False
vllm,cache-disabled,Qwen/Qwen2.5-7B-Instruct,18,5,1,78.94586899783462,0,8,False
vllm,cache-disabled,Qwen/Qwen2.5-7B-Instruct,18,5,2,78.92764499410987,0,8,False
vllm,cache-disabled,Qwen/Qwen2.5-7B-Instruct,18,5,3,79.18370992410928,0,8,False
vllm,cache-disabled,Qwen/Qwen2.5-7B-Instruct,18,5,4,78.04663409478962,0,8,False
vllm,cache-disabled,Qwen/Qwen2.5-7B-Instruct,18,5,5,77.38655002322048,0,8,False
vllm,cache-disabled,Qwen/Qwen2.5-7B-Instruct,18,5,6,78.76642793416977,0,8,False
vllm,cache-disabled,Qwen/Qwen2.5-7B-Instruct,18,5,7,77.18467700760812,0,8,False
vllm,cache-disabled,Qwen/Qwen2.5-7B-Instruct,18,5,8,76.56601897906512,0,8,False
vllm,cache-disabled,Qwen/Qwen2.5-7B-Instruct,18,5,9,78.60913197509944,0,8,False
vllm,cache-disabled,Qwen/Qwen2.5-7B-Instruct,19,0,0,77.49837497249246,0,1,False
vllm,cache-disabled,Qwen/Qwen2.5-7B-Instruct,19,0,1,76.97370101232082,0,1,False
vllm,cache-disabled,Qwen/Qwen2.5-7B-Instruct,19,0,2,77.49495096504688,0,1,False
vllm,cache-disabled,Qwen/Qwen2.5-7B-Instruct,19,0,3,77.31375005096197,0,1,False
vllm,cache-disabled,Qwen/Qwen2.5-7B-Instruct,19,0,4,78.0129679478705,0,1,False
vllm,cache-disabled,Qwen/Qwen2.5-7B-Instruct,19,0,5,78.24031391646713,0,1,False
vllm,cache-disabled,Qwen/Qwen2.5-7B-Instruct,19,0,6,79.33817396406084,0,1,False
vllm,cache-disabled,Qwen/Qwen2.5-7B-Instruct,19,0,7,77.45490304660052,0,1,False
vllm,cache-disabled,Qwen/Qwen2.5-7B-Instruct,19,0,8,77.89240800775588,0,1,False
vllm,cache-disabled,Qwen/Qwen2.5-7B-Instruct,19,0,9,77.86119193769991,0,1,False
vllm,cache-disabled,Qwen/Qwen2.5-7B-Instruct,19,1,0,78.24653701391071,7,5,False
vllm,cache-disabled,Qwen/Qwen2.5-7B-Instruct,19,1,1,78.8748450577259,7,5,False
vllm,cache-disabled,Qwen/Qwen2.5-7B-Instruct,19,1,2,78.19050492253155,7,5,False
vllm,cache-disabled,Qwen/Qwen2.5-7B-Instruct,19,1,3,78.16879299934953,7,5,False
vllm,cache-disabled,Qwen/Qwen2.5-7B-Instruct,19,1,4,77.37447007093579,7,5,False
vllm,cache-disabled,Qwen/Qwen2.5-7B-Instruct,19,1,5,76.86430704779923,7,5,False
vllm,cache-disabled,Qwen/Qwen2.5-7B-Instruct,19,1,6,77.01978099066764,7,5,False
vllm,cache-disabled,Qwen/Qwen2.5-7B-Instruct,19,1,7,77.93064799625427,7,5,False
vllm,cache-disabled,Qwen/Qwen2.5-7B-Instruct,19,1,8,77.23216502927244,7,5,False
vllm,cache-disabled,Qwen/Qwen2.5-7B-Instruct,19,1,9,78.89239606447518,7,5,False
vllm,cache-disabled,Qwen/Qwen2.5-7B-Instruct,19,2,0,78.56621802784503,2,5,False
vllm,cache-disabled,Qwen/Qwen2.5-7B-Instruct,19,2,1,79.08625295385718,2,5,False
vllm,cache-disabled,Qwen/Qwen2.5-7B-Instruct,19,2,2,77.1494610235095,2,5,False
vllm,cache-disabled,Qwen/Qwen2.5-7B-Instruct,19,2,3,77.89333607070148,2,5,False
vllm,cache-disabled,Qwen/Qwen2.5-7B-Instruct,19,2,4,77.30210106819868,2,5,False
vllm,cache-disabled,Qwen/Qwen2.5-7B-Instruct,19,2,5,77.08616403397173,2,5,False
vllm,cache-disabled,Qwen/Qwen2.5-7B-Instruct,19,2,6,78.84977199137211,2,5,False
vllm,cache-disabled,Qwen/Qwen2.5-7B-Instruct,19,2,7,80.27073903940618,2,5,False
vllm,cache-disabled,Qwen/Qwen2.5-7B-Instruct,19,2,8,79.00594803504646,2,5,False
vllm,cache-disabled,Qwen/Qwen2.5-7B-Instruct,19,2,9,78.14157591201365,2,5,False
vllm,cache-disabled,Qwen/Qwen2.5-7B-Instruct,19,3,0,78.53410602547228,3,6,False
vllm,cache-disabled,Qwen/Qwen2.5-7B-Instruct,19,3,1,78.39772093575448,3,6,False
vllm,cache-disabled,Qwen/Qwen2.5-7B-Instruct,19,3,2,78.39325803797692,3,6,False
vllm,cache-disabled,Qwen/Qwen2.5-7B-Instruct,19,3,3,78.17709702067077,3,6,False
vllm,cache-disabled,Qwen/Qwen2.5-7B-Instruct,19,3,4,80.38915495853871,3,6,False
vllm,cache-disabled,Qwen/Qwen2.5-7B-Instruct,19,3,5,77.62821507640183,3,6,False
vllm,cache-disabled,Qwen/Qwen2.5-7B-Instruct,19,3,6,76.0760799748823,3,6,False
vllm,cache-disabled,Qwen/Qwen2.5-7B-Instruct,19,3,7,79.88012791611254,3,6,False
vllm,cache-disabled,Qwen/Qwen2.5-7B-Instruct,19,3,8,78.47976998891681,3,6,False
vllm,cache-disabled,Qwen/Qwen2.5-7B-Instruct,19,3,9,78.00101605243981,3,6,False
vllm,cache-disabled,Qwen/Qwen2.5-7B-Instruct,19,4,0,77.96122296713293,9,1,False
vllm,cache-disabled,Qwen/Qwen2.5-7B-Instruct,19,4,1,77.06521998625249,9,1,False
vllm,cache-disabled,Qwen/Qwen2.5-7B-Instruct,19,4,2,78.45946599263698,9,1,False
vllm,cache-disabled,Qwen/Qwen2.5-7B-Instruct,19,4,3,78.87676393147558,9,1,False
vllm,cache-disabled,Qwen/Qwen2.5-7B-Instruct,19,4,4,79.26863699685782,9,1,False
vllm,cache-disabled,Qwen/Qwen2.5-7B-Instruct,19,4,5,77.07307604141533,9,1,False
vllm,cache-disabled,Qwen/Qwen2.5-7B-Instruct,19,4,6,77.50910904724151,9,1,False
vllm,cache-disabled,Qwen/Qwen2.5-7B-Instruct,19,4,7,79.3076140107587,9,1,False
vllm,cache-disabled,Qwen/Qwen2.5-7B-Instruct,19,4,8,77.93685595970601,9,1,False
vllm,cache-disabled,Qwen/Qwen2.5-7B-Instruct,19,4,9,77.36446906346828,9,1,False
vllm,cache-disabled,Qwen/Qwen2.5-7B-Instruct,19,5,0,77.67813501413912,1,1,True
vllm,cache-disabled,Qwen/Qwen2.5-7B-Instruct,19,5,1,76.81558700278401,1,1,True
vllm,cache-disabled,Qwen/Qwen2.5-7B-Instruct,19,5,2,78.1097689177841,1,1,True
vllm,cache-disabled,Qwen/Qwen2.5-7B-Instruct,19,5,3,78.36698507890105,1,1,True
vllm,cache-disabled,Qwen/Qwen2.5-7B-Instruct,19,5,4,77.90607097558677,1,1,True
vllm,cache-disabled,Qwen/Qwen2.5-7B-Instruct,19,5,5,78.1732409959659,1,1,True
vllm,cache-disabled,Qwen/Qwen2.5-7B-Instruct,19,5,6,78.85559496935457,1,1,True
vllm,cache-disabled,Qwen/Qwen2.5-7B-Instruct,19,5,7,77.42122106719762,1,1,True
vllm,cache-disabled,Qwen/Qwen2.5-7B-Instruct,19,5,8,80.00451198313385,1,1,True
vllm,cache-disabled,Qwen/Qwen2.5-7B-Instruct,19,5,9,78.79517902620137,1,1,True
vllm,cache-disabled,Qwen/Qwen2.5-7B-Instruct,20,0,0,76.5100650023669,3,0,False
vllm,cache-disabled,Qwen/Qwen2.5-7B-Instruct,20,0,1,77.21821195445955,3,0,False
vllm,cache-disabled,Qwen/Qwen2.5-7B-Instruct,20,0,2,78.76828406006098,3,0,False
vllm,cache-disabled,Qwen/Qwen2.5-7B-Instruct,20,0,3,77.64283788856119,3,0,False
vllm,cache-disabled,Qwen/Qwen2.5-7B-Instruct,20,0,4,76.5215529827401,3,0,False
vllm,cache-disabled,Qwen/Qwen2.5-7B-Instruct,20,0,5,79.62519803550094,3,0,False
vllm,cache-disabled,Qwen/Qwen2.5-7B-Instruct,20,0,6,79.69243102706969,3,0,False
vllm,cache-disabled,Qwen/Qwen2.5-7B-Instruct,20,0,7,79.03989998158067,3,0,False
vllm,cache-disabled,Qwen/Qwen2.5-7B-Instruct,20,0,8,78.72532296460122,3,0,False
vllm,cache-disabled,Qwen/Qwen2.5-7B-Instruct,20,0,9,78.74109910335392,3,0,False
vllm,cache-disabled,Qwen/Qwen2.5-7B-Instruct,20,1,0,78.73716298490763,1,3,False
vllm,cache-disabled,Qwen/Qwen2.5-7B-Instruct,20,1,1,78.52389698382467,1,3,False
vllm,cache-disabled,Qwen/Qwen2.5-7B-Instruct,20,1,2,77.22819608170539,1,3,False
vllm,cache-disabled,Qwen/Qwen2.5-7B-Instruct,20,1,3,76.80281798820943,1,3,False
vllm,cache-disabled,Qwen/Qwen2.5-7B-Instruct,20,1,4,77.53891695756465,1,3,False
vllm,cache-disabled,Qwen/Qwen2.5-7B-Instruct,20,1,5,78.37176998145878,1,3,False
vllm,cache-disabled,Qwen/Qwen2.5-7B-Instruct,20,1,6,80.26633702684194,1,3,False
vllm,cache-disabled,Qwen/Qwen2.5-7B-Instruct,20,1,7,79.49246105272323,1,3,False
vllm,cache-disabled,Qwen/Qwen2.5-7B-Instruct,20,1,8,80.68403496872634,1,3,False
vllm,cache-disabled,Qwen/Qwen2.5-7B-Instruct,20,1,9,80.1732330583036,1,3,False
vllm,cache-disabled,Qwen/Qwen2.5-7B-Instruct,20,2,0,78.17061606328934,7,3,False
vllm,cache-disabled,Qwen/Qwen2.5-7B-Instruct,20,2,1,78.2732090447098,7,3,False
vllm,cache-disabled,Qwen/Qwen2.5-7B-Instruct,20,2,2,78.31365603487939,7,3,False
vllm,cache-disabled,Qwen/Qwen2.5-7B-Instruct,20,2,3,77.74610293563455,7,3,False
vllm,cache-disabled,Qwen/Qwen2.5-7B-Instruct,20,2,4,79.04594705905765,7,3,False
vllm,cache-disabled,Qwen/Qwen2.5-7B-Instruct,20,2,5,78.04527191910893,7,3,False
vllm,cache-disabled,Qwen/Qwen2.5-7B-Instruct,20,2,6,78.68212310131639,7,3,False
vllm,cache-disabled,Qwen/Qwen2.5-7B-Instruct,20,2,7,78.13538401387632,7,3,False
vllm,cache-disabled,Qwen/Qwen2.5-7B-Instruct,20,2,8,79.04614007566124,7,3,False
vllm,cache-disabled,Qwen/Qwen2.5-7B-Instruct,20,2,9,78.78482702653855,7,3,False
vllm,cache-disabled,Qwen/Qwen2.5-7B-Instruct,20,3,0,79.94225504808128,8,1,False
vllm,cache-disabled,Qwen/Qwen2.5-7B-Instruct,20,3,1,78.06074398104101,8,1,False
vllm,cache-disabled,Qwen/Qwen2.5-7B-Instruct,20,3,2,79.98383895028383,8,1,False
vllm,cache-disabled,Qwen/Qwen2.5-7B-Instruct,20,3,3,78.17807095125318,8,1,False
vllm,cache-disabled,Qwen/Qwen2.5-7B-Instruct,20,3,4,79.92958300746977,8,1,False
vllm,cache-disabled,Qwen/Qwen2.5-7B-Instruct,20,3,5,79.58537398371845,8,1,False
vllm,cache-disabled,Qwen/Qwen2.5-7B-Instruct,20,3,6,79.482157016173,8,1,False
vllm,cache-disabled,Qwen/Qwen2.5-7B-Instruct,20,3,7,78.23959202505648,8,1,False
vllm,cache-disabled,Qwen/Qwen2.5-7B-Instruct,20,3,8,79.03452299069613,8,1,False
vllm,cache-disabled,Qwen/Qwen2.5-7B-Instruct,20,3,9,80.24518401362002,8,1,False
vllm,cache-disabled,Qwen/Qwen2.5-7B-Instruct,20,4,0,79.36449302360415,1,8,False
vllm,cache-disabled,Qwen/Qwen2.5-7B-Instruct,20,4,1,77.99717492889613,1,8,False
vllm,cache-disabled,Qwen/Qwen2.5-7B-Instruct,20,4,2,77.29699602350593,1,8,False
vllm,cache-disabled,Qwen/Qwen2.5-7B-Instruct,20,4,3,78.82501790300012,1,8,False
vllm,cache-disabled,Qwen/Qwen2.5-7B-Instruct,20,4,4,79.44753300398588,1,8,False
vllm,cache-disabled,Qwen/Qwen2.5-7B-Instruct,20,4,5,77.82819797284901,1,8,False
vllm,cache-disabled,Qwen/Qwen2.5-7B-Instruct,20,4,6,79.90871893707663,1,8,False
vllm,cache-disabled,Qwen/Qwen2.5-7B-Instruct,20,4,7,78.72095401398838,1,8,False
vllm,cache-disabled,Qwen/Qwen2.5-7B-Instruct,20,4,8,77.13982695713639,1,8,False
vllm,cache-disabled,Qwen/Qwen2.5-7B-Instruct,20,4,9,78.38077598717064,1,8,False
vllm,cache-disabled,Qwen/Qwen2.5-7B-Instruct,20,5,0,78.10322300065309,9,8,False
vllm,cache-disabled,Qwen/Qwen2.5-7B-Instruct,20,5,1,78.8624269189313,9,8,False
vllm,cache-disabled,Qwen/Qwen2.5-7B-Instruct,20,5,2,79.781006090343,9,8,False
vllm,cache-disabled,Qwen/Qwen2.5-7B-Instruct,20,5,3,78.10848706867546,9,8,False
vllm,cache-disabled,Qwen/Qwen2.5-7B-Instruct,20,5,4,79.5173899969086,9,8,False
vllm,cache-disabled,Qwen/Qwen2.5-7B-Instruct,20,5,5,79.08407505601645,9,8,False
vllm,cache-disabled,Qwen/Qwen2.5-7B-Instruct,20,5,6,79.05495504382998,9,8,False
vllm,cache-disabled,Qwen/Qwen2.5-7B-Instruct,20,5,7,78.8058660691604,9,8,False
vllm,cache-disabled,Qwen/Qwen2.5-7B-Instruct,20,5,8,77.37891504075378,9,8,False
vllm,cache-disabled,Qwen/Qwen2.5-7B-Instruct,20,5,9,78.38477601762861,9,8,False
vllm,cache-disabled,Qwen/Qwen2.5-7B-Instruct,21,0,0,78.70298600755632,4,1,False
vllm,cache-disabled,Qwen/Qwen2.5-7B-Instruct,21,0,1,76.25447900500149,4,1,False
vllm,cache-disabled,Qwen/Qwen2.5-7B-Instruct,21,0,2,78.27658404130489,4,1,False
vllm,cache-disabled,Qwen/Qwen2.5-7B-Instruct,21,0,3,78.1523430487141,4,1,False
vllm,cache-disabled,Qwen/Qwen2.5-7B-Instruct,21,0,4,79.276139033027,4,1,False
vllm,cache-disabled,Qwen/Qwen2.5-7B-Instruct,21,0,5,79.70591797493398,4,1,False
vllm,cache-disabled,Qwen/Qwen2.5-7B-Instruct,21,0,6,78.76354595646262,4,1,False
vllm,cache-disabled,Qwen/Qwen2.5-7B-Instruct,21,0,7,79.46558098774403,4,1,False
vllm,cache-disabled,Qwen/Qwen2.5-7B-Instruct,21,0,8,79.05714691150934,4,1,False
vllm,cache-disabled,Qwen/Qwen2.5-7B-Instruct,21,0,9,79.37374000903219,4,1,False
vllm,cache-disabled,Qwen/Qwen2.5-7B-Instruct,21,1,0,78.88911396730691,9,5,False
vllm,cache-disabled,Qwen/Qwen2.5-7B-Instruct,21,1,1,78.57760891783983,9,5,False
vllm,cache-disabled,Qwen/Qwen2.5-7B-Instruct,21,1,2,78.7180409533903,9,5,False
vllm,cache-disabled,Qwen/Qwen2.5-7B-Instruct,21,1,3,79.01580294128507,9,5,False
vllm,cache-disabled,Qwen/Qwen2.5-7B-Instruct,21,1,4,79.84883000608534,9,5,False
vllm,cache-disabled,Qwen/Qwen2.5-7B-Instruct,21,1,5,77.06958602648228,9,5,False
vllm,cache-disabled,Qwen/Qwen2.5-7B-Instruct,21,1,6,77.51958805602044,9,5,False
vllm,cache-disabled,Qwen/Qwen2.5-7B-Instruct,21,1,7,79.06151504721493,9,5,False
vllm,cache-disabled,Qwen/Qwen2.5-7B-Instruct,21,1,8,79.13223502691835,9,5,False
vllm,cache-disabled,Qwen/Qwen2.5-7B-Instruct,21,1,9,78.54392903391272,9,5,False
vllm,cache-disabled,Qwen/Qwen2.5-7B-Instruct,21,2,0,80.08326299022883,0,5,False
vllm,cache-disabled,Qwen/Qwen2.5-7B-Instruct,21,2,1,79.2857880005613,0,5,False
vllm,cache-disabled,Qwen/Qwen2.5-7B-Instruct,21,2,2,78.05640599690378,0,5,False
vllm,cache-disabled,Qwen/Qwen2.5-7B-Instruct,21,2,3,77.70710811018944,0,5,False
vllm,cache-disabled,Qwen/Qwen2.5-7B-Instruct,21,2,4,79.03479400556535,0,5,False
vllm,cache-disabled,Qwen/Qwen2.5-7B-Instruct,21,2,5,77.30966701637954,0,5,False
vllm,cache-disabled,Qwen/Qwen2.5-7B-Instruct,21,2,6,80.49808093346655,0,5,False
vllm,cache-disabled,Qwen/Qwen2.5-7B-Instruct,21,2,7,78.6357200704515,0,5,False
vllm,cache-disabled,Qwen/Qwen2.5-7B-Instruct,21,2,8,78.45959207043052,0,5,False
vllm,cache-disabled,Qwen/Qwen2.5-7B-Instruct,21,2,9,78.21394200436771,0,5,False
vllm,cache-disabled,Qwen/Qwen2.5-7B-Instruct,21,3,0,78.79076094832271,5,4,False
vllm,cache-disabled,Qwen/Qwen2.5-7B-Instruct,21,3,1,79.47569200769067,5,4,False
vllm,cache-disabled,Qwen/Qwen2.5-7B-Instruct,21,3,2,78.76821688842028,5,4,False
vllm,cache-disabled,Qwen/Qwen2.5-7B-Instruct,21,3,3,78.64397601224482,5,4,False
vllm,cache-disabled,Qwen/Qwen2.5-7B-Instruct,21,3,4,78.33685504738241,5,4,False
vllm,cache-disabled,Qwen/Qwen2.5-7B-Instruct,21,3,5,78.60544789582491,5,4,False
vllm,cache-disabled,Qwen/Qwen2.5-7B-Instruct,21,3,6,79.18716291896999,5,4,False
vllm,cache-disabled,Qwen/Qwen2.5-7B-Instruct,21,3,7,78.38295097462833,5,4,False
vllm,cache-disabled,Qwen/Qwen2.5-7B-Instruct,21,3,8,79.22413910273463,5,4,False
vllm,cache-disabled,Qwen/Qwen2.5-7B-Instruct,21,3,9,80.01758297905326,5,4,False
vllm,cache-disabled,Qwen/Qwen2.5-7B-Instruct,21,4,0,77.93955691158772,0,0,True
vllm,cache-disabled,Qwen/Qwen2.5-7B-Instruct,21,4,1,80.18481498584151,0,0,True
vllm,cache-disabled,Qwen/Qwen2.5-7B-Instruct,21,4,2,78.24922306463122,0,0,True
vllm,cache-disabled,Qwen/Qwen2.5-7B-Instruct,21,4,3,78.77984899096191,0,0,True
vllm,cache-disabled,Qwen/Qwen2.5-7B-Instruct,21,4,4,78.37535091675818,0,0,True
vllm,cache-disabled,Qwen/Qwen2.5-7B-Instruct,21,4,5,78.2502950169146,0,0,True
vllm,cache-disabled,Qwen/Qwen2.5-7B-Instruct,21,4,6,79.25170694943517,0,0,True
vllm,cache-disabled,Qwen/Qwen2.5-7B-Instruct,21,4,7,80.03977499902248,0,0,True
vllm,cache-disabled,Qwen/Qwen2.5-7B-Instruct,21,4,8,78.22461402975023,0,0,True
vllm,cache-disabled,Qwen/Qwen2.5-7B-Instruct,21,4,9,78.54226394556463,0,0,True
vllm,cache-disabled,Qwen/Qwen2.5-7B-Instruct,21,5,0,77.0813140552491,3,9,False
vllm,cache-disabled,Qwen/Qwen2.5-7B-Instruct,21,5,1,79.11511405836791,3,9,False
vllm,cache-disabled,Qwen/Qwen2.5-7B-Instruct,21,5,2,79.28479404654354,3,9,False
vllm,cache-disabled,Qwen/Qwen2.5-7B-Instruct,21,5,3,78.62528797704726,3,9,False
vllm,cache-disabled,Qwen/Qwen2.5-7B-Instruct,21,5,4,78.42685491777956,3,9,False
vllm,cache-disabled,Qwen/Qwen2.5-7B-Instruct,21,5,5,78.24215001892298,3,9,False
vllm,cache-disabled,Qwen/Qwen2.5-7B-Instruct,21,5,6,78.55647196993232,3,9,False
vllm,cache-disabled,Qwen/Qwen2.5-7B-Instruct,21,5,7,78.37043795734644,3,9,False
vllm,cache-disabled,Qwen/Qwen2.5-7B-Instruct,21,5,8,78.15920503344387,3,9,False
vllm,cache-disabled,Qwen/Qwen2.5-7B-Instruct,21,5,9,76.78225496783853,3,9,False
vllm,cache-disabled,Qwen/Qwen2.5-7B-Instruct,22,0,0,78.58826394658536,3,6,False
vllm,cache-disabled,Qwen/Qwen2.5-7B-Instruct,22,0,1,78.47218296956271,3,6,False
vllm,cache-disabled,Qwen/Qwen2.5-7B-Instruct,22,0,2,79.00090492330492,3,6,False
vllm,cache-disabled,Qwen/Qwen2.5-7B-Instruct,22,0,3,80.89835394639522,3,6,False
vllm,cache-disabled,Qwen/Qwen2.5-7B-Instruct,22,0,4,78.58690398279577,3,6,False
vllm,cache-disabled,Qwen/Qwen2.5-7B-Instruct,22,0,5,78.69811996351928,3,6,False
vllm,cache-disabled,Qwen/Qwen2.5-7B-Instruct,22,0,6,77.2523059276864,3,6,False
vllm,cache-disabled,Qwen/Qwen2.5-7B-Instruct,22,0,7,78.80904793273658,3,6,False
vllm,cache-disabled,Qwen/Qwen2.5-7B-Instruct,22,0,8,79.04916198458523,3,6,False
vllm,cache-disabled,Qwen/Qwen2.5-7B-Instruct,22,0,9,78.46511108800769,3,6,False
vllm,cache-disabled,Qwen/Qwen2.5-7B-Instruct,22,1,0,76.8856800859794,1,0,False
vllm,cache-disabled,Qwen/Qwen2.5-7B-Instruct,22,1,1,77.50235497951508,1,0,False
vllm,cache-disabled,Qwen/Qwen2.5-7B-Instruct,22,1,2,78.65452009718865,1,0,False
vllm,cache-disabled,Qwen/Qwen2.5-7B-Instruct,22,1,3,79.14788206107914,1,0,False
vllm,cache-disabled,Qwen/Qwen2.5-7B-Instruct,22,1,4,79.22156201675534,1,0,False
vllm,cache-disabled,Qwen/Qwen2.5-7B-Instruct,22,1,5,79.7569080023095,1,0,False
vllm,cache-disabled,Qwen/Qwen2.5-7B-Instruct,22,1,6,80.2993910619989,1,0,False
vllm,cache-disabled,Qwen/Qwen2.5-7B-Instruct,22,1,7,78.30344699323177,1,0,False
vllm,cache-disabled,Qwen/Qwen2.5-7B-Instruct,22,1,8,79.21295403502882,1,0,False
vllm,cache-disabled,Qwen/Qwen2.5-7B-Instruct,22,1,9,78.32821493502706,1,0,False
vllm,cache-disabled,Qwen/Qwen2.5-7B-Instruct,22,2,0,77.02510408125818,1,3,False
vllm,cache-disabled,Qwen/Qwen2.5-7B-Instruct,22,2,1,77.88662903476506,1,3,False
vllm,cache-disabled,Qwen/Qwen2.5-7B-Instruct,22,2,2,80.28038195334375,1,3,False
vllm,cache-disabled,Qwen/Qwen2.5-7B-Instruct,22,2,3,76.61915000062436,1,3,False
vllm,cache-disabled,Qwen/Qwen2.5-7B-Instruct,22,2,4,78.73803901020437,1,3,False
vllm,cache-disabled,Qwen/Qwen2.5-7B-Instruct,22,2,5,78.87427997775376,1,3,False
vllm,cache-disabled,Qwen/Qwen2.5-7B-Instruct,22,2,6,79.1154500329867,1,3,False
vllm,cache-disabled,Qwen/Qwen2.5-7B-Instruct,22,2,7,79.51119495555758,1,3,False
vllm,cache-disabled,Qwen/Qwen2.5-7B-Instruct,22,2,8,78.07034102734178,1,3,False
vllm,cache-disabled,Qwen/Qwen2.5-7B-Instruct,22,2,9,77.47929799370468,1,3,False
vllm,cache-disabled,Qwen/Qwen2.5-7B-Instruct,22,3,0,78.0206440249458,6,6,True
vllm,cache-disabled,Qwen/Qwen2.5-7B-Instruct,22,3,1,77.72944308817387,6,6,True
vllm,cache-disabled,Qwen/Qwen2.5-7B-Instruct,22,3,2,78.88604095205665,6,6,True
vllm,cache-disabled,Qwen/Qwen2.5-7B-Instruct,22,3,3,78.84336810093373,6,6,True
vllm,cache-disabled,Qwen/Qwen2.5-7B-Instruct,22,3,4,79.02648905292153,6,6,True
vllm,cache-disabled,Qwen/Qwen2.5-7B-Instruct,22,3,5,79.54257098026574,6,6,True
vllm,cache-disabled,Qwen/Qwen2.5-7B-Instruct,22,3,6,77.4994739331305,6,6,True
vllm,cache-disabled,Qwen/Qwen2.5-7B-Instruct,22,3,7,78.67815101053566,6,6,True
vllm,cache-disabled,Qwen/Qwen2.5-7B-Instruct,22,3,8,78.40509398374707,6,6,True
vllm,cache-disabled,Qwen/Qwen2.5-7B-Instruct,22,3,9,79.41772206686437,6,6,True
vllm,cache-disabled,Qwen/Qwen2.5-7B-Instruct,22,4,0,78.7481190636754,8,4,False
vllm,cache-disabled,Qwen/Qwen2.5-7B-Instruct,22,4,1,79.87358095124364,8,4,False
vllm,cache-disabled,Qwen/Qwen2.5-7B-Instruct,22,4,2,78.7104400806129,8,4,False
vllm,cache-disabled,Qwen/Qwen2.5-7B-Instruct,22,4,3,79.25154594704509,8,4,False
vllm,cache-disabled,Qwen/Qwen2.5-7B-Instruct,22,4,4,78.07488401886076,8,4,False
vllm,cache-disabled,Qwen/Qwen2.5-7B-Instruct,22,4,5,78.25760496780276,8,4,False
vllm,cache-disabled,Qwen/Qwen2.5-7B-Instruct,22,4,6,79.55434697214514,8,4,False
vllm,cache-disabled,Qwen/Qwen2.5-7B-Instruct,22,4,7,79.31444200221449,8,4,False
vllm,cache-disabled,Qwen/Qwen2.5-7B-Instruct,22,4,8,79.79716395493597,8,4,False
vllm,cache-disabled,Qwen/Qwen2.5-7B-Instruct,22,4,9,80.00150101725012,8,4,False
vllm,cache-disabled,Qwen/Qwen2.5-7B-Instruct,22,5,0,78.27134896069765,8,8,True
vllm,cache-disabled,Qwen/Qwen2.5-7B-Instruct,22,5,1,78.20957305375487,8,8,True
vllm,cache-disabled,Qwen/Qwen2.5-7B-Instruct,22,5,2,78.9188559865579,8,8,True
vllm,cache-disabled,Qwen/Qwen2.5-7B-Instruct,22,5,3,80.27787005994469,8,8,True
vllm,cache-disabled,Qwen/Qwen2.5-7B-Instruct,22,5,4,79.41633102018386,8,8,True
vllm,cache-disabled,Qwen/Qwen2.5-7B-Instruct,22,5,5,78.92048801295459,8,8,True
vllm,cache-disabled,Qwen/Qwen2.5-7B-Instruct,22,5,6,78.50512594450265,8,8,True
vllm,cache-disabled,Qwen/Qwen2.5-7B-Instruct,22,5,7,78.29840504564345,8,8,True
vllm,cache-disabled,Qwen/Qwen2.5-7B-Instruct,22,5,8,78.19896400906146,8,8,True
vllm,cache-disabled,Qwen/Qwen2.5-7B-Instruct,22,5,9,79.09498503431678,8,8,True
vllm,cache-disabled,Qwen/Qwen2.5-7B-Instruct,23,0,0,78.08952394407243,8,4,False
vllm,cache-disabled,Qwen/Qwen2.5-7B-Instruct,23,0,1,78.89274402987212,8,4,False
vllm,cache-disabled,Qwen/Qwen2.5-7B-Instruct,23,0,2,77.46609789319336,8,4,False
vllm,cache-disabled,Qwen/Qwen2.5-7B-Instruct,23,0,3,78.94525595474988,8,4,False
vllm,cache-disabled,Qwen/Qwen2.5-7B-Instruct,23,0,4,76.99531107209623,8,4,False
vllm,cache-disabled,Qwen/Qwen2.5-7B-Instruct,23,0,5,78.00574798602611,8,4,False
vllm,cache-disabled,Qwen/Qwen2.5-7B-Instruct,23,0,6,79.35293798800558,8,4,False
vllm,cache-disabled,Qwen/Qwen2.5-7B-Instruct,23,0,7,78.29366903752089,8,4,False
vllm,cache-disabled,Qwen/Qwen2.5-7B-Instruct,23,0,8,79.0436880197376,8,4,False
vllm,cache-disabled,Qwen/Qwen2.5-7B-Instruct,23,0,9,78.83106404915452,8,4,False
vllm,cache-disabled,Qwen/Qwen2.5-7B-Instruct,23,1,0,78.06001999415457,2,4,False
vllm,cache-disabled,Qwen/Qwen2.5-7B-Instruct,23,1,1,79.15621693246067,2,4,False
vllm,cache-disabled,Qwen/Qwen2.5-7B-Instruct,23,1,2,80.30748600140214,2,4,False
vllm,cache-disabled,Qwen/Qwen2.5-7B-Instruct,23,1,3,78.88826401904225,2,4,False
vllm,cache-disabled,Qwen/Qwen2.5-7B-Instruct,23,1,4,77.50707399100065,2,4,False
vllm,cache-disabled,Qwen/Qwen2.5-7B-Instruct,23,1,5,78.58466194011271,2,4,False
vllm,cache-disabled,Qwen/Qwen2.5-7B-Instruct,23,1,6,78.18965299520642,2,4,False
vllm,cache-disabled,Qwen/Qwen2.5-7B-Instruct,23,1,7,77.86331500392407,2,4,False
vllm,cache-disabled,Qwen/Qwen2.5-7B-Instruct,23,1,8,78.83266301359981,2,4,False
vllm,cache-disabled,Qwen/Qwen2.5-7B-Instruct,23,1,9,78.72952695470303,2,4,False
vllm,cache-disabled,Qwen/Qwen2.5-7B-Instruct,23,2,0,77.88393902592361,1,8,False
vllm,cache-disabled,Qwen/Qwen2.5-7B-Instruct,23,2,1,78.74178211204708,1,8,False
vllm,cache-disabled,Qwen/Qwen2.5-7B-Instruct,23,2,2,78.40413297526538,1,8,False
vllm,cache-disabled,Qwen/Qwen2.5-7B-Instruct,23,2,3,77.62641797307879,1,8,False
vllm,cache-disabled,Qwen/Qwen2.5-7B-Instruct,23,2,4,78.64427799358964,1,8,False
vllm,cache-disabled,Qwen/Qwen2.5-7B-Instruct,23,2,5,79.41488991491497,1,8,False
vllm,cache-disabled,Qwen/Qwen2.5-7B-Instruct,23,2,6,78.50646902807057,1,8,False
vllm,cache-disabled,Qwen/Qwen2.5-7B-Instruct,23,2,7,79.0065040346235,1,8,False
vllm,cache-disabled,Qwen/Qwen2.5-7B-Instruct,23,2,8,77.35084800515324,1,8,False
vllm,cache-disabled,Qwen/Qwen2.5-7B-Instruct,23,2,9,80.43281303253025,1,8,False
vllm,cache-disabled,Qwen/Qwen2.5-7B-Instruct,23,3,0,80.59889392461628,1,2,False
vllm,cache-disabled,Qwen/Qwen2.5-7B-Instruct,23,3,1,79.66140192002058,1,2,False
vllm,cache-disabled,Qwen/Qwen2.5-7B-Instruct,23,3,2,78.11166800092906,1,2,False
vllm,cache-disabled,Qwen/Qwen2.5-7B-Instruct,23,3,3,78.48442101385444,1,2,False
vllm,cache-disabled,Qwen/Qwen2.5-7B-Instruct,23,3,4,79.63401102460921,1,2,False
vllm,cache-disabled,Qwen/Qwen2.5-7B-Instruct,23,3,5,81.56000298913568,1,2,False
vllm,cache-disabled,Qwen/Qwen2.5-7B-Instruct,23,3,6,80.14868397731334,1,2,False
vllm,cache-disabled,Qwen/Qwen2.5-7B-Instruct,23,3,7,78.82936706300825,1,2,False
vllm,cache-disabled,Qwen/Qwen2.5-7B-Instruct,23,3,8,78.80531798582524,1,2,False
vllm,cache-disabled,Qwen/Qwen2.5-7B-Instruct,23,3,9,78.72019801288843,1,2,False
vllm,cache-disabled,Qwen/Qwen2.5-7B-Instruct,23,4,0,78.35195597726852,6,9,False
vllm,cache-disabled,Qwen/Qwen2.5-7B-Instruct,23,4,1,79.09085601568222,6,9,False
vllm,cache-disabled,Qwen/Qwen2.5-7B-Instruct,23,4,2,78.76363897230476,6,9,False
vllm,cache-disabled,Qwen/Qwen2.5-7B-Instruct,23,4,3,78.73904600273818,6,9,False
vllm,cache-disabled,Qwen/Qwen2.5-7B-Instruct,23,4,4,78.94196000415832,6,9,False
vllm,cache-disabled,Qwen/Qwen2.5-7B-Instruct,23,4,5,79.19376797508448,6,9,False
vllm,cache-disabled,Qwen/Qwen2.5-7B-Instruct,23,4,6,78.55456497054547,6,9,False
vllm,cache-disabled,Qwen/Qwen2.5-7B-Instruct,23,4,7,78.92247103154659,6,9,False
vllm,cache-disabled,Qwen/Qwen2.5-7B-Instruct,23,4,8,78.15496402326971,6,9,False
vllm,cache-disabled,Qwen/Qwen2.5-7B-Instruct,23,4,9,76.29625196568668,6,9,False
vllm,cache-disabled,Qwen/Qwen2.5-7B-Instruct,23,5,0,79.07436008099467,5,3,False
vllm,cache-disabled,Qwen/Qwen2.5-7B-Instruct,23,5,1,78.64461396820843,5,3,False
vllm,cache-disabled,Qwen/Qwen2.5-7B-Instruct,23,5,2,78.2793159596622,5,3,False
vllm,cache-disabled,Qwen/Qwen2.5-7B-Instruct,23,5,3,77.8476819396019,5,3,False
vllm,cache-disabled,Qwen/Qwen2.5-7B-Instruct,23,5,4,79.98421997763216,5,3,False
vllm,cache-disabled,Qwen/Qwen2.5-7B-Instruct,23,5,5,78.9834950119257,5,3,False
vllm,cache-disabled,Qwen/Qwen2.5-7B-Instruct,23,5,6,79.43053694907576,5,3,False
vllm,cache-disabled,Qwen/Qwen2.5-7B-Instruct,23,5,7,79.18408699333668,5,3,False
vllm,cache-disabled,Qwen/Qwen2.5-7B-Instruct,23,5,8,78.7472219672054,5,3,False
vllm,cache-disabled,Qwen/Qwen2.5-7B-Instruct,23,5,9,78.3805000828579,5,3,False
vllm,cache-disabled,Qwen/Qwen2.5-7B-Instruct,24,0,0,80.20113199017942,0,7,False
vllm,cache-disabled,Qwen/Qwen2.5-7B-Instruct,24,0,1,78.41320394072682,0,7,False
vllm,cache-disabled,Qwen/Qwen2.5-7B-Instruct,24,0,2,78.90285400208086,0,7,False
vllm,cache-disabled,Qwen/Qwen2.5-7B-Instruct,24,0,3,78.06771504692733,0,7,False
vllm,cache-disabled,Qwen/Qwen2.5-7B-Instruct,24,0,4,77.93833804316819,0,7,False
vllm,cache-disabled,Qwen/Qwen2.5-7B-Instruct,24,0,5,78.23728304356337,0,7,False
vllm,cache-disabled,Qwen/Qwen2.5-7B-Instruct,24,0,6,78.46384402364492,0,7,False
vllm,cache-disabled,Qwen/Qwen2.5-7B-Instruct,24,0,7,76.59050903748721,0,7,False
vllm,cache-disabled,Qwen/Qwen2.5-7B-Instruct,24,0,8,78.36987590417266,0,7,False
vllm,cache-disabled,Qwen/Qwen2.5-7B-Instruct,24,0,9,79.86354699824005,0,7,False
vllm,cache-disabled,Qwen/Qwen2.5-7B-Instruct,24,1,0,79.96506802737713,7,4,False
vllm,cache-disabled,Qwen/Qwen2.5-7B-Instruct,24,1,1,78.68299703113735,7,4,False
vllm,cache-disabled,Qwen/Qwen2.5-7B-Instruct,24,1,2,78.18357099313289,7,4,False
vllm,cache-disabled,Qwen/Qwen2.5-7B-Instruct,24,1,3,78.65906099323183,7,4,False
vllm,cache-disabled,Qwen/Qwen2.5-7B-Instruct,24,1,4,77.40459102205932,7,4,False
vllm,cache-disabled,Qwen/Qwen2.5-7B-Instruct,24,1,5,78.02612998057157,7,4,False
vllm,cache-disabled,Qwen/Qwen2.5-7B-Instruct,24,1,6,77.86157005466521,7,4,False
vllm,cache-disabled,Qwen/Qwen2.5-7B-Instruct,24,1,7,78.70198995806277,7,4,False
vllm,cache-disabled,Qwen/Qwen2.5-7B-Instruct,24,1,8,78.11637106351554,7,4,False
vllm,cache-disabled,Qwen/Qwen2.5-7B-Instruct,24,1,9,77.78109004721045,7,4,False
vllm,cache-disabled,Qwen/Qwen2.5-7B-Instruct,24,2,0,78.85170192457736,5,4,False
vllm,cache-disabled,Qwen/Qwen2.5-7B-Instruct,24,2,1,79.37808893620968,5,4,False
vllm,cache-disabled,Qwen/Qwen2.5-7B-Instruct,24,2,2,78.78053304739296,5,4,False
vllm,cache-disabled,Qwen/Qwen2.5-7B-Instruct,24,2,3,79.69616900663823,5,4,False
vllm,cache-disabled,Qwen/Qwen2.5-7B-Instruct,24,2,4,77.79865700285882,5,4,False
vllm,cache-disabled,Qwen/Qwen2.5-7B-Instruct,24,2,5,78.09589093085378,5,4,False
vllm,cache-disabled,Qwen/Qwen2.5-7B-Instruct,24,2,6,79.12551099434495,5,4,False
vllm,cache-disabled,Qwen/Qwen2.5-7B-Instruct,24,2,7,77.9958259081468,5,4,False
vllm,cache-disabled,Qwen/Qwen2.5-7B-Instruct,24,2,8,78.20045098196715,5,4,False
vllm,cache-disabled,Qwen/Qwen2.5-7B-Instruct,24,2,9,78.42651603277773,5,4,False
vllm,cache-disabled,Qwen/Qwen2.5-7B-Instruct,24,3,0,79.4760889839381,6,7,False
vllm,cache-disabled,Qwen/Qwen2.5-7B-Instruct,24,3,1,78.79768603015691,6,7,False
vllm,cache-disabled,Qwen/Qwen2.5-7B-Instruct,24,3,2,78.72794102877378,6,7,False
vllm,cache-disabled,Qwen/Qwen2.5-7B-Instruct,24,3,3,78.46230897121131,6,7,False
vllm,cache-disabled,Qwen/Qwen2.5-7B-Instruct,24,3,4,78.27513897791505,6,7,False
vllm,cache-disabled,Qwen/Qwen2.5-7B-Instruct,24,3,5,77.84107397310436,6,7,False
vllm,cache-disabled,Qwen/Qwen2.5-7B-Instruct,24,3,6,78.02980998530984,6,7,False
vllm,cache-disabled,Qwen/Qwen2.5-7B-Instruct,24,3,7,77.58140796795487,6,7,False
vllm,cache-disabled,Qwen/Qwen2.5-7B-Instruct,24,3,8,78.50934797897935,6,7,False
vllm,cache-disabled,Qwen/Qwen2.5-7B-Instruct,24,3,9,78.1471390509978,6,7,False
vllm,cache-disabled,Qwen/Qwen2.5-7B-Instruct,24,4,0,80.4511490277946,4,6,False
vllm,cache-disabled,Qwen/Qwen2.5-7B-Instruct,24,4,1,78.084273962304,4,6,False
vllm,cache-disabled,Qwen/Qwen2.5-7B-Instruct,24,4,2,78.4903719322756,4,6,False
vllm,cache-disabled,Qwen/Qwen2.5-7B-Instruct,24,4,3,78.02033796906471,4,6,False
vllm,cache-disabled,Qwen/Qwen2.5-7B-Instruct,24,4,4,79.07634205184877,4,6,False
vllm,cache-disabled,Qwen/Qwen2.5-7B-Instruct,24,4,5,77.15489401016384,4,6,False
vllm,cache-disabled,Qwen/Qwen2.5-7B-Instruct,24,4,6,76.67927606962621,4,6,False
vllm,cache-disabled,Qwen/Qwen2.5-7B-Instruct,24,4,7,77.0853259600699,4,6,False
vllm,cache-disabled,Qwen/Qwen2.5-7B-Instruct,24,4,8,79.69759299885482,4,6,False
vllm,cache-disabled,Qwen/Qwen2.5-7B-Instruct,24,4,9,79.47252003941685,4,6,False
vllm,cache-disabled,Qwen/Qwen2.5-7B-Instruct,24,5,0,79.17461497709155,1,7,False
vllm,cache-disabled,Qwen/Qwen2.5-7B-Instruct,24,5,1,79.65252106077969,1,7,False
vllm,cache-disabled,Qwen/Qwen2.5-7B-Instruct,24,5,2,79.64768901001662,1,7,False
vllm,cache-disabled,Qwen/Qwen2.5-7B-Instruct,24,5,3,79.55914398189634,1,7,False
vllm,cache-disabled,Qwen/Qwen2.5-7B-Instruct,24,5,4,78.8382770260796,1,7,False
vllm,cache-disabled,Qwen/Qwen2.5-7B-Instruct,24,5,5,78.90930096618831,1,7,False
vllm,cache-disabled,Qwen/Qwen2.5-7B-Instruct,24,5,6,78.93589395098388,1,7,False
vllm,cache-disabled,Qwen/Qwen2.5-7B-Instruct,24,5,7,78.4284679684788,1,7,False
vllm,cache-disabled,Qwen/Qwen2.5-7B-Instruct,24,5,8,78.78587709274143,1,7,False
vllm,cache-disabled,Qwen/Qwen2.5-7B-Instruct,24,5,9,79.94941796641797,1,7,False
vllm,cache-disabled,Qwen/Qwen2.5-7B-Instruct,25,0,0,79.21112701296806,5,2,False
vllm,cache-disabled,Qwen/Qwen2.5-7B-Instruct,25,0,1,78.61206808593124,5,2,False
vllm,cache-disabled,Qwen/Qwen2.5-7B-Instruct,25,0,2,78.02283402998,5,2,False
vllm,cache-disabled,Qwen/Qwen2.5-7B-Instruct,25,0,3,80.15345095191151,5,2,False
vllm,cache-disabled,Qwen/Qwen2.5-7B-Instruct,25,0,4,79.66776890680194,5,2,False
vllm,cache-disabled,Qwen/Qwen2.5-7B-Instruct,25,0,5,79.83098493423313,5,2,False
vllm,cache-disabled,Qwen/Qwen2.5-7B-Instruct,25,0,6,80.72028507012874,5,2,False
vllm,cache-disabled,Qwen/Qwen2.5-7B-Instruct,25,0,7,81.77699404768646,5,2,False
vllm,cache-disabled,Qwen/Qwen2.5-7B-Instruct,25,0,8,81.20903896633536,5,2,False
vllm,cache-disabled,Qwen/Qwen2.5-7B-Instruct,25,0,9,78.8391400128603,5,2,False
vllm,cache-disabled,Qwen/Qwen2.5-7B-Instruct,25,1,0,81.07636601198465,2,9,False
vllm,cache-disabled,Qwen/Qwen2.5-7B-Instruct,25,1,1,82.26286806166172,2,9,False
vllm,cache-disabled,Qwen/Qwen2.5-7B-Instruct,25,1,2,80.51066799089313,2,9,False
vllm,cache-disabled,Qwen/Qwen2.5-7B-Instruct,25,1,3,80.80993394833058,2,9,False
vllm,cache-disabled,Qwen/Qwen2.5-7B-Instruct,25,1,4,79.88453703001142,2,9,False
vllm,cache-disabled,Qwen/Qwen2.5-7B-Instruct,25,1,5,80.33253904432058,2,9,False
vllm,cache-disabled,Qwen/Qwen2.5-7B-Instruct,25,1,6,80.957678030245,2,9,False
vllm,cache-disabled,Qwen/Qwen2.5-7B-Instruct,25,1,7,81.00110199302435,2,9,False
vllm,cache-disabled,Qwen/Qwen2.5-7B-Instruct,25,1,8,80.61294094659388,2,9,False
vllm,cache-disabled,Qwen/Qwen2.5-7B-Instruct,25,1,9,79.32672591414303,2,9,False
vllm,cache-disabled,Qwen/Qwen2.5-7B-Instruct,25,2,0,81.30153501406312,5,7,False
vllm,cache-disabled,Qwen/Qwen2.5-7B-Instruct,25,2,1,80.31282690353692,5,7,False
vllm,cache-disabled,Qwen/Qwen2.5-7B-Instruct,25,2,2,80.91426896862686,5,7,False
vllm,cache-disabled,Qwen/Qwen2.5-7B-Instruct,25,2,3,81.01028599776328,5,7,False
vllm,cache-disabled,Qwen/Qwen2.5-7B-Instruct,25,2,4,80.69534099195153,5,7,False
vllm,cache-disabled,Qwen/Qwen2.5-7B-Instruct,25,2,5,80.37001197226346,5,7,False
vllm,cache-disabled,Qwen/Qwen2.5-7B-Instruct,25,2,6,79.90258501376957,5,7,False
vllm,cache-disabled,Qwen/Qwen2.5-7B-Instruct,25,2,7,79.61287198122591,5,7,False
vllm,cache-disabled,Qwen/Qwen2.5-7B-Instruct,25,2,8,80.34597802907228,5,7,False
vllm,cache-disabled,Qwen/Qwen2.5-7B-Instruct,25,2,9,81.858288962394,5,7,False
vllm,cache-disabled,Qwen/Qwen2.5-7B-Instruct,25,3,0,81.57204801682383,8,9,False
vllm,cache-disabled,Qwen/Qwen2.5-7B-Instruct,25,3,1,81.3156790100038,8,9,False
vllm,cache-disabled,Qwen/Qwen2.5-7B-Instruct,25,3,2,81.07271802145988,8,9,False
vllm,cache-disabled,Qwen/Qwen2.5-7B-Instruct,25,3,3,80.60722798109055,8,9,False
vllm,cache-disabled,Qwen/Qwen2.5-7B-Instruct,25,3,4,79.77784902323037,8,9,False
vllm,cache-disabled,Qwen/Qwen2.5-7B-Instruct,25,3,5,81.99065795633942,8,9,False
vllm,cache-disabled,Qwen/Qwen2.5-7B-Instruct,25,3,6,80.35938697867095,8,9,False
vllm,cache-disabled,Qwen/Qwen2.5-7B-Instruct,25,3,7,80.85482905153185,8,9,False
vllm,cache-disabled,Qwen/Qwen2.5-7B-Instruct,25,3,8,81.19399903807789,8,9,False
vllm,cache-disabled,Qwen/Qwen2.5-7B-Instruct,25,3,9,79.0139090968296,8,9,False
vllm,cache-disabled,Qwen/Qwen2.5-7B-Instruct,25,4,0,80.22658596746624,5,9,False
vllm,cache-disabled,Qwen/Qwen2.5-7B-Instruct,25,4,1,80.13295393902808,5,9,False
vllm,cache-disabled,Qwen/Qwen2.5-7B-Instruct,25,4,2,80.27807401958853,5,9,False
vllm,cache-disabled,Qwen/Qwen2.5-7B-Instruct,25,4,3,80.41973900981247,5,9,False
vllm,cache-disabled,Qwen/Qwen2.5-7B-Instruct,25,4,4,80.21335490047932,5,9,False
vllm,cache-disabled,Qwen/Qwen2.5-7B-Instruct,25,4,5,80.75134095270187,5,9,False
vllm,cache-disabled,Qwen/Qwen2.5-7B-Instruct,25,4,6,80.4809550754726,5,9,False
vllm,cache-disabled,Qwen/Qwen2.5-7B-Instruct,25,4,7,80.93686203937978,5,9,False
vllm,cache-disabled,Qwen/Qwen2.5-7B-Instruct,25,4,8,80.05122502800077,5,9,False
vllm,cache-disabled,Qwen/Qwen2.5-7B-Instruct,25,4,9,79.39477497711778,5,9,False
vllm,cache-disabled,Qwen/Qwen2.5-7B-Instruct,25,5,0,79.60360799916089,2,6,False
vllm,cache-disabled,Qwen/Qwen2.5-7B-Instruct,25,5,1,81.23913395684212,2,6,False
vllm,cache-disabled,Qwen/Qwen2.5-7B-Instruct,25,5,2,81.37875096872449,2,6,False
vllm,cache-disabled,Qwen/Qwen2.5-7B-Instruct,25,5,3,80.7868279516697,2,6,False
vllm,cache-disabled,Qwen/Qwen2.5-7B-Instruct,25,5,4,80.9721410041675,2,6,False
vllm,cache-disabled,Qwen/Qwen2.5-7B-Instruct,25,5,5,80.3556579630822,2,6,False
vllm,cache-disabled,Qwen/Qwen2.5-7B-Instruct,25,5,6,78.93190905451775,2,6,False
vllm,cache-disabled,Qwen/Qwen2.5-7B-Instruct,25,5,7,80.415770993568,2,6,False
vllm,cache-disabled,Qwen/Qwen2.5-7B-Instruct,25,5,8,80.85489307995886,2,6,False
vllm,cache-disabled,Qwen/Qwen2.5-7B-Instruct,25,5,9,80.17812203615904,2,6,False
vllm,cache-disabled,Qwen/Qwen2.5-7B-Instruct,26,0,0,81.35321503505111,1,9,False
vllm,cache-disabled,Qwen/Qwen2.5-7B-Instruct,26,0,1,81.15961402654648,1,9,False
vllm,cache-disabled,Qwen/Qwen2.5-7B-Instruct,26,0,2,82.2787880897522,1,9,False
vllm,cache-disabled,Qwen/Qwen2.5-7B-Instruct,26,0,3,82.88258104585111,1,9,False
vllm,cache-disabled,Qwen/Qwen2.5-7B-Instruct,26,0,4,81.34740695822984,1,9,False
vllm,cache-disabled,Qwen/Qwen2.5-7B-Instruct,26,0,5,81.95179305039346,1,9,False
vllm,cache-disabled,Qwen/Qwen2.5-7B-Instruct,26,0,6,80.91687702108175,1,9,False
vllm,cache-disabled,Qwen/Qwen2.5-7B-Instruct,26,0,7,81.08766109216958,1,9,False
vllm,cache-disabled,Qwen/Qwen2.5-7B-Instruct,26,0,8,80.59375605080277,1,9,False
vllm,cache-disabled,Qwen/Qwen2.5-7B-Instruct,26,0,9,78.58561899047345,1,9,False
vllm,cache-disabled,Qwen/Qwen2.5-7B-Instruct,26,1,0,81.29487803671509,3,4,False
vllm,cache-disabled,Qwen/Qwen2.5-7B-Instruct,26,1,1,81.16355002857745,3,4,False
vllm,cache-disabled,Qwen/Qwen2.5-7B-Instruct,26,1,2,81.15983800962567,3,4,False
vllm,cache-disabled,Qwen/Qwen2.5-7B-Instruct,26,1,3,81.7487679887563,3,4,False
vllm,cache-disabled,Qwen/Qwen2.5-7B-Instruct,26,1,4,79.42783099133521,3,4,False
vllm,cache-disabled,Qwen/Qwen2.5-7B-Instruct,26,1,5,81.7487359745428,3,4,False
vllm,cache-disabled,Qwen/Qwen2.5-7B-Instruct,26,1,6,82.28054596111178,3,4,False
vllm,cache-disabled,Qwen/Qwen2.5-7B-Instruct,26,1,7,79.73127195145935,3,4,False
vllm,cache-disabled,Qwen/Qwen2.5-7B-Instruct,26,1,8,79.90439201239496,3,4,False
vllm,cache-disabled,Qwen/Qwen2.5-7B-Instruct,26,1,9,79.61768703535199,3,4,False
vllm,cache-disabled,Qwen/Qwen2.5-7B-Instruct,26,2,0,83.3619269542396,6,7,False
vllm,cache-disabled,Qwen/Qwen2.5-7B-Instruct,26,2,1,79.65491793584079,6,7,False
vllm,cache-disabled,Qwen/Qwen2.5-7B-Instruct,26,2,2,80.1721210591495,6,7,False
vllm,cache-disabled,Qwen/Qwen2.5-7B-Instruct,26,2,3,81.55745500698686,6,7,False
vllm,cache-disabled,Qwen/Qwen2.5-7B-Instruct,26,2,4,81.70295890886337,6,7,False
vllm,cache-disabled,Qwen/Qwen2.5-7B-Instruct,26,2,5,81.07670105528086,6,7,False
vllm,cache-disabled,Qwen/Qwen2.5-7B-Instruct,26,2,6,80.78348392155021,6,7,False
vllm,cache-disabled,Qwen/Qwen2.5-7B-Instruct,26,2,7,79.50208603870124,6,7,False
vllm,cache-disabled,Qwen/Qwen2.5-7B-Instruct,26,2,8,81.88385597895831,6,7,False
vllm,cache-disabled,Qwen/Qwen2.5-7B-Instruct,26,2,9,81.21076598763466,6,7,False
vllm,cache-disabled,Qwen/Qwen2.5-7B-Instruct,26,3,0,81.77799999248236,3,8,False
vllm,cache-disabled,Qwen/Qwen2.5-7B-Instruct,26,3,1,81.0215959791094,3,8,False
vllm,cache-disabled,Qwen/Qwen2.5-7B-Instruct,26,3,2,80.66559594590217,3,8,False
vllm,cache-disabled,Qwen/Qwen2.5-7B-Instruct,26,3,3,81.96696103550494,3,8,False
vllm,cache-disabled,Qwen/Qwen2.5-7B-Instruct,26,3,4,81.97912003379315,3,8,False
vllm,cache-disabled,Qwen/Qwen2.5-7B-Instruct,26,3,5,81.94790396373719,3,8,False
vllm,cache-disabled,Qwen/Qwen2.5-7B-Instruct,26,3,6,81.7999520804733,3,8,False
vllm,cache-disabled,Qwen/Qwen2.5-7B-Instruct,26,3,7,80.06183197721839,3,8,False
vllm,cache-disabled,Qwen/Qwen2.5-7B-Instruct,26,3,8,79.70391097478569,3,8,False
vllm,cache-disabled,Qwen/Qwen2.5-7B-Instruct,26,3,9,81.12012501806021,3,8,False
vllm,cache-disabled,Qwen/Qwen2.5-7B-Instruct,26,4,0,81.59823901951313,9,4,False
vllm,cache-disabled,Qwen/Qwen2.5-7B-Instruct,26,4,1,80.96748497337103,9,4,False
vllm,cache-disabled,Qwen/Qwen2.5-7B-Instruct,26,4,2,80.64596296753734,9,4,False
vllm,cache-disabled,Qwen/Qwen2.5-7B-Instruct,26,4,3,82.01560098677874,9,4,False
vllm,cache-disabled,Qwen/Qwen2.5-7B-Instruct,26,4,4,80.1755600841716,9,4,False
vllm,cache-disabled,Qwen/Qwen2.5-7B-Instruct,26,4,5,80.79231600277126,9,4,False
vllm,cache-disabled,Qwen/Qwen2.5-7B-Instruct,26,4,6,80.23469697218388,9,4,False
vllm,cache-disabled,Qwen/Qwen2.5-7B-Instruct,26,4,7,81.8719519302249,9,4,False
vllm,cache-disabled,Qwen/Qwen2.5-7B-Instruct,26,4,8,82.01470493804663,9,4,False
vllm,cache-disabled,Qwen/Qwen2.5-7B-Instruct,26,4,9,82.15227397158742,9,4,False
vllm,cache-disabled,Qwen/Qwen2.5-7B-Instruct,26,5,0,79.42243700381368,9,0,False
vllm,cache-disabled,Qwen/Qwen2.5-7B-Instruct,26,5,1,81.0702369781211,9,0,False
vllm,cache-disabled,Qwen/Qwen2.5-7B-Instruct,26,5,2,80.76553104911,9,0,False
vllm,cache-disabled,Qwen/Qwen2.5-7B-Instruct,26,5,3,80.32268204260617,9,0,False
vllm,cache-disabled,Qwen/Qwen2.5-7B-Instruct,26,5,4,82.08656101487577,9,0,False
vllm,cache-disabled,Qwen/Qwen2.5-7B-Instruct,26,5,5,80.44269704259932,9,0,False
vllm,cache-disabled,Qwen/Qwen2.5-7B-Instruct,26,5,6,80.90978802647442,9,0,False
vllm,cache-disabled,Qwen/Qwen2.5-7B-Instruct,26,5,7,80.27208899147809,9,0,False
vllm,cache-disabled,Qwen/Qwen2.5-7B-Instruct,26,5,8,81.5314220963046,9,0,False
vllm,cache-disabled,Qwen/Qwen2.5-7B-Instruct,26,5,9,81.9335839478299,9,0,False
vllm,cache-disabled,Qwen/Qwen2.5-7B-Instruct,27,0,0,80.14138392172754,9,0,False
vllm,cache-disabled,Qwen/Qwen2.5-7B-Instruct,27,0,1,82.8719079727307,9,0,False
vllm,cache-disabled,Qwen/Qwen2.5-7B-Instruct,27,0,2,80.48858598340303,9,0,False
vllm,cache-disabled,Qwen/Qwen2.5-7B-Instruct,27,0,3,82.19288103282452,9,0,False
vllm,cache-disabled,Qwen/Qwen2.5-7B-Instruct,27,0,4,82.60811492800713,9,0,False
vllm,cache-disabled,Qwen/Qwen2.5-7B-Instruct,27,0,5,80.25919296778738,9,0,False
vllm,cache-disabled,Qwen/Qwen2.5-7B-Instruct,27,0,6,83.13598891254514,9,0,False
vllm,cache-disabled,Qwen/Qwen2.5-7B-Instruct,27,0,7,81.4541419968009,9,0,False
vllm,cache-disabled,Qwen/Qwen2.5-7B-Instruct,27,0,8,81.7381429951638,9,0,False
vllm,cache-disabled,Qwen/Qwen2.5-7B-Instruct,27,0,9,80.93386795371771,9,0,False
vllm,cache-disabled,Qwen/Qwen2.5-7B-Instruct,27,1,0,82.11572805885226,6,6,True
vllm,cache-disabled,Qwen/Qwen2.5-7B-Instruct,27,1,1,80.4456890327856,6,6,True
vllm,cache-disabled,Qwen/Qwen2.5-7B-Instruct,27,1,2,81.66062296368182,6,6,True
vllm,cache-disabled,Qwen/Qwen2.5-7B-Instruct,27,1,3,82.22057693637908,6,6,True
vllm,cache-disabled,Qwen/Qwen2.5-7B-Instruct,27,1,4,81.7511830246076,6,6,True
vllm,cache-disabled,Qwen/Qwen2.5-7B-Instruct,27,1,5,80.62039397191256,6,6,True
vllm,cache-disabled,Qwen/Qwen2.5-7B-Instruct,27,1,6,79.08947498071939,6,6,True
vllm,cache-disabled,Qwen/Qwen2.5-7B-Instruct,27,1,7,80.20079298876226,6,6,True
vllm,cache-disabled,Qwen/Qwen2.5-7B-Instruct,27,1,8,82.8978749923408,6,6,True
vllm,cache-disabled,Qwen/Qwen2.5-7B-Instruct,27,1,9,81.86451089568436,6,6,True
vllm,cache-disabled,Qwen/Qwen2.5-7B-Instruct,27,2,0,81.31313207559288,4,3,False
vllm,cache-disabled,Qwen/Qwen2.5-7B-Instruct,27,2,1,80.47588192857802,4,3,False
vllm,cache-disabled,Qwen/Qwen2.5-7B-Instruct,27,2,2,82.52836996689439,4,3,False
vllm,cache-disabled,Qwen/Qwen2.5-7B-Instruct,27,2,3,80.14427998568863,4,3,False
vllm,cache-disabled,Qwen/Qwen2.5-7B-Instruct,27,2,4,80.58309694752097,4,3,False
vllm,cache-disabled,Qwen/Qwen2.5-7B-Instruct,27,2,5,80.8136579580605,4,3,False
vllm,cache-disabled,Qwen/Qwen2.5-7B-Instruct,27,2,6,81.73219102900475,4,3,False
vllm,cache-disabled,Qwen/Qwen2.5-7B-Instruct,27,2,7,81.13716403022408,4,3,False
vllm,cache-disabled,Qwen/Qwen2.5-7B-Instruct,27,2,8,81.13242802210152,4,3,False
vllm,cache-disabled,Qwen/Qwen2.5-7B-Instruct,27,2,9,80.35479206591845,4,3,False
vllm,cache-disabled,Qwen/Qwen2.5-7B-Instruct,27,3,0,79.8532860353589,1,4,False
vllm,cache-disabled,Qwen/Qwen2.5-7B-Instruct,27,3,1,80.25029499549419,1,4,False
vllm,cache-disabled,Qwen/Qwen2.5-7B-Instruct,27,3,2,80.97972301766276,1,4,False
vllm,cache-disabled,Qwen/Qwen2.5-7B-Instruct,27,3,3,81.3816130394116,1,4,False
vllm,cache-disabled,Qwen/Qwen2.5-7B-Instruct,27,3,4,79.69616597983986,1,4,False
vllm,cache-disabled,Qwen/Qwen2.5-7B-Instruct,27,3,5,79.96175100561231,1,4,False
vllm,cache-disabled,Qwen/Qwen2.5-7B-Instruct,27,3,6,82.25892903283238,1,4,False
vllm,cache-disabled,Qwen/Qwen2.5-7B-Instruct,27,3,7,81.04657102376223,1,4,False
vllm,cache-disabled,Qwen/Qwen2.5-7B-Instruct,27,3,8,80.14863193966448,1,4,False
vllm,cache-disabled,Qwen/Qwen2.5-7B-Instruct,27,3,9,81.96748793125153,1,4,False
vllm,cache-disabled,Qwen/Qwen2.5-7B-Instruct,27,4,0,80.36370505578816,2,5,False
vllm,cache-disabled,Qwen/Qwen2.5-7B-Instruct,27,4,1,82.17327995225787,2,5,False
vllm,cache-disabled,Qwen/Qwen2.5-7B-Instruct,27,4,2,79.61258105933666,2,5,False
vllm,cache-disabled,Qwen/Qwen2.5-7B-Instruct,27,4,3,81.49182004854083,2,5,False
vllm,cache-disabled,Qwen/Qwen2.5-7B-Instruct,27,4,4,80.0151580478996,2,5,False
vllm,cache-disabled,Qwen/Qwen2.5-7B-Instruct,27,4,5,77.94559805188328,2,5,False
vllm,cache-disabled,Qwen/Qwen2.5-7B-Instruct,27,4,6,81.23396395239979,2,5,False
vllm,cache-disabled,Qwen/Qwen2.5-7B-Instruct,27,4,7,81.615837989375,2,5,False
vllm,cache-disabled,Qwen/Qwen2.5-7B-Instruct,27,4,8,81.26756409183145,2,5,False
vllm,cache-disabled,Qwen/Qwen2.5-7B-Instruct,27,4,9,80.7298970175907,2,5,False
vllm,cache-disabled,Qwen/Qwen2.5-7B-Instruct,27,5,0,79.62798897642642,8,8,True
vllm,cache-disabled,Qwen/Qwen2.5-7B-Instruct,27,5,1,81.14965900313109,8,8,True
vllm,cache-disabled,Qwen/Qwen2.5-7B-Instruct,27,5,2,81.90284599550068,8,8,True
vllm,cache-disabled,Qwen/Qwen2.5-7B-Instruct,27,5,3,80.3942329948768,8,8,True
vllm,cache-disabled,Qwen/Qwen2.5-7B-Instruct,27,5,4,81.15801203530282,8,8,True
vllm,cache-disabled,Qwen/Qwen2.5-7B-Instruct,27,5,5,82.76222599670291,8,8,True
vllm,cache-disabled,Qwen/Qwen2.5-7B-Instruct,27,5,6,81.35513192974031,8,8,True
vllm,cache-disabled,Qwen/Qwen2.5-7B-Instruct,27,5,7,82.28950400371104,8,8,True
vllm,cache-disabled,Qwen/Qwen2.5-7B-Instruct,27,5,8,79.05804994516075,8,8,True
vllm,cache-disabled,Qwen/Qwen2.5-7B-Instruct,27,5,9,79.20787495095283,8,8,True
vllm,cache-disabled,Qwen/Qwen2.5-7B-Instruct,28,0,0,80.75943402945995,9,6,False
vllm,cache-disabled,Qwen/Qwen2.5-7B-Instruct,28,0,1,80.40162397082895,9,6,False
vllm,cache-disabled,Qwen/Qwen2.5-7B-Instruct,28,0,2,81.98107103817165,9,6,False
vllm,cache-disabled,Qwen/Qwen2.5-7B-Instruct,28,0,3,83.29673996195197,9,6,False
vllm,cache-disabled,Qwen/Qwen2.5-7B-Instruct,28,0,4,82.38952094689012,9,6,False
vllm,cache-disabled,Qwen/Qwen2.5-7B-Instruct,28,0,5,81.6039009951055,9,6,False
vllm,cache-disabled,Qwen/Qwen2.5-7B-Instruct,28,0,6,79.13659501355141,9,6,False
vllm,cache-disabled,Qwen/Qwen2.5-7B-Instruct,28,0,7,82.22835208289325,9,6,False
vllm,cache-disabled,Qwen/Qwen2.5-7B-Instruct,28,0,8,80.21363895386457,9,6,False
vllm,cache-disabled,Qwen/Qwen2.5-7B-Instruct,28,0,9,81.16418705321848,9,6,False
vllm,cache-disabled,Qwen/Qwen2.5-7B-Instruct,28,1,0,82.82102597877383,0,1,False
vllm,cache-disabled,Qwen/Qwen2.5-7B-Instruct,28,1,1,80.30314289499074,0,1,False
vllm,cache-disabled,Qwen/Qwen2.5-7B-Instruct,28,1,2,81.85670198872685,0,1,False
vllm,cache-disabled,Qwen/Qwen2.5-7B-Instruct,28,1,3,81.47951599676162,0,1,False
vllm,cache-disabled,Qwen/Qwen2.5-7B-Instruct,28,1,4,81.54562907293439,0,1,False
vllm,cache-disabled,Qwen/Qwen2.5-7B-Instruct,28,1,5,81.77495701238513,0,1,False
vllm,cache-disabled,Qwen/Qwen2.5-7B-Instruct,28,1,6,83.5282449843362,0,1,False
vllm,cache-disabled,Qwen/Qwen2.5-7B-Instruct,28,1,7,81.40878099948168,0,1,False
vllm,cache-disabled,Qwen/Qwen2.5-7B-Instruct,28,1,8,81.72915002796799,0,1,False
vllm,cache-disabled,Qwen/Qwen2.5-7B-Instruct,28,1,9,81.64273190777749,0,1,False
vllm,cache-disabled,Qwen/Qwen2.5-7B-Instruct,28,2,0,80.89148194994777,9,2,False
vllm,cache-disabled,Qwen/Qwen2.5-7B-Instruct,28,2,1,82.74065691512078,9,2,False
vllm,cache-disabled,Qwen/Qwen2.5-7B-Instruct,28,2,2,80.57280804496258,9,2,False
vllm,cache-disabled,Qwen/Qwen2.5-7B-Instruct,28,2,3,81.63202891591936,9,2,False
vllm,cache-disabled,Qwen/Qwen2.5-7B-Instruct,28,2,4,81.47911599371582,9,2,False
vllm,cache-disabled,Qwen/Qwen2.5-7B-Instruct,28,2,5,82.00857497286052,9,2,False
vllm,cache-disabled,Qwen/Qwen2.5-7B-Instruct,28,2,6,81.32306800689548,9,2,False
vllm,cache-disabled,Qwen/Qwen2.5-7B-Instruct,28,2,7,80.76756005175412,9,2,False
vllm,cache-disabled,Qwen/Qwen2.5-7B-Instruct,28,2,8,81.9509259890765,9,2,False
vllm,cache-disabled,Qwen/Qwen2.5-7B-Instruct,28,2,9,81.19543502107263,9,2,False
vllm,cache-disabled,Qwen/Qwen2.5-7B-Instruct,28,3,0,81.02735399734229,0,3,False
vllm,cache-disabled,Qwen/Qwen2.5-7B-Instruct,28,3,1,82.11550302803516,0,3,False
vllm,cache-disabled,Qwen/Qwen2.5-7B-Instruct,28,3,2,81.1470829648897,0,3,False
vllm,cache-disabled,Qwen/Qwen2.5-7B-Instruct,28,3,3,80.66631201654673,0,3,False
vllm,cache-disabled,Qwen/Qwen2.5-7B-Instruct,28,3,4,82.56793697364628,0,3,False
vllm,cache-disabled,Qwen/Qwen2.5-7B-Instruct,28,3,5,83.09203502722085,0,3,False
vllm,cache-disabled,Qwen/Qwen2.5-7B-Instruct,28,3,6,82.33684801962227,0,3,False
vllm,cache-disabled,Qwen/Qwen2.5-7B-Instruct,28,3,7,81.60887600388378,0,3,False
vllm,cache-disabled,Qwen/Qwen2.5-7B-Instruct,28,3,8,81.94652502425015,0,3,False
vllm,cache-disabled,Qwen/Qwen2.5-7B-Instruct,28,3,9,81.41420304309577,0,3,False
vllm,cache-disabled,Qwen/Qwen2.5-7B-Instruct,28,4,0,81.26465103123337,6,3,False
vllm,cache-disabled,Qwen/Qwen2.5-7B-Instruct,28,4,1,82.82305800821632,6,3,False
vllm,cache-disabled,Qwen/Qwen2.5-7B-Instruct,28,4,2,81.89569402020425,6,3,False
vllm,cache-disabled,Qwen/Qwen2.5-7B-Instruct,28,4,3,80.64013603143394,6,3,False
vllm,cache-disabled,Qwen/Qwen2.5-7B-Instruct,28,4,4,81.75946900155395,6,3,False
vllm,cache-disabled,Qwen/Qwen2.5-7B-Instruct,28,4,5,80.94428107142448,6,3,False
vllm,cache-disabled,Qwen/Qwen2.5-7B-Instruct,28,4,6,81.45589893683791,6,3,False
vllm,cache-disabled,Qwen/Qwen2.5-7B-Instruct,28,4,7,81.95785293355584,6,3,False
vllm,cache-disabled,Qwen/Qwen2.5-7B-Instruct,28,4,8,81.94060495588928,6,3,False
vllm,cache-disabled,Qwen/Qwen2.5-7B-Instruct,28,4,9,81.24089008197188,6,3,False
vllm,cache-disabled,Qwen/Qwen2.5-7B-Instruct,28,5,0,80.90887300204486,6,8,False
vllm,cache-disabled,Qwen/Qwen2.5-7B-Instruct,28,5,1,83.86592601891607,6,8,False
vllm,cache-disabled,Qwen/Qwen2.5-7B-Instruct,28,5,2,83.12440302688628,6,8,False
vllm,cache-disabled,Qwen/Qwen2.5-7B-Instruct,28,5,3,82.00556505471468,6,8,False
vllm,cache-disabled,Qwen/Qwen2.5-7B-Instruct,28,5,4,81.29663404542953,6,8,False
vllm,cache-disabled,Qwen/Qwen2.5-7B-Instruct,28,5,5,81.01367298513651,6,8,False
vllm,cache-disabled,Qwen/Qwen2.5-7B-Instruct,28,5,6,81.47575508337468,6,8,False
vllm,cache-disabled,Qwen/Qwen2.5-7B-Instruct,28,5,7,81.9883169606328,6,8,False
vllm,cache-disabled,Qwen/Qwen2.5-7B-Instruct,28,5,8,80.14186203945428,6,8,False
vllm,cache-disabled,Qwen/Qwen2.5-7B-Instruct,28,5,9,80.67440707236528,6,8,False
vllm,cache-disabled,Qwen/Qwen2.5-7B-Instruct,29,0,0,79.56190698314458,7,0,False
vllm,cache-disabled,Qwen/Qwen2.5-7B-Instruct,29,0,1,82.0279490435496,7,0,False
vllm,cache-disabled,Qwen/Qwen2.5-7B-Instruct,29,0,2,80.40975104086101,7,0,False
vllm,cache-disabled,Qwen/Qwen2.5-7B-Instruct,29,0,3,80.7430959539488,7,0,False
vllm,cache-disabled,Qwen/Qwen2.5-7B-Instruct,29,0,4,82.25134306121618,7,0,False
vllm,cache-disabled,Qwen/Qwen2.5-7B-Instruct,29,0,5,82.23057398572564,7,0,False
vllm,cache-disabled,Qwen/Qwen2.5-7B-Instruct,29,0,6,80.90170403011143,7,0,False
vllm,cache-disabled,Qwen/Qwen2.5-7B-Instruct,29,0,7,81.39303501229733,7,0,False
vllm,cache-disabled,Qwen/Qwen2.5-7B-Instruct,29,0,8,81.65225200355053,7,0,False
vllm,cache-disabled,Qwen/Qwen2.5-7B-Instruct,29,0,9,81.13090600818396,7,0,False
vllm,cache-disabled,Qwen/Qwen2.5-7B-Instruct,29,1,0,80.50840708892792,5,0,False
vllm,cache-disabled,Qwen/Qwen2.5-7B-Instruct,29,1,1,80.59552707709372,5,0,False
vllm,cache-disabled,Qwen/Qwen2.5-7B-Instruct,29,1,2,80.88023297023028,5,0,False
vllm,cache-disabled,Qwen/Qwen2.5-7B-Instruct,29,1,3,81.17063401732594,5,0,False
vllm,cache-disabled,Qwen/Qwen2.5-7B-Instruct,29,1,4,82.1991179836914,5,0,False
vllm,cache-disabled,Qwen/Qwen2.5-7B-Instruct,29,1,5,81.01969002746046,5,0,False
vllm,cache-disabled,Qwen/Qwen2.5-7B-Instruct,29,1,6,81.09530596993864,5,0,False
vllm,cache-disabled,Qwen/Qwen2.5-7B-Instruct,29,1,7,82.1624620584771,5,0,False
vllm,cache-disabled,Qwen/Qwen2.5-7B-Instruct,29,1,8,82.56502298172563,5,0,False
vllm,cache-disabled,Qwen/Qwen2.5-7B-Instruct,29,1,9,80.53984690923244,5,0,False
vllm,cache-disabled,Qwen/Qwen2.5-7B-Instruct,29,2,0,80.35197493154556,3,8,False
vllm,cache-disabled,Qwen/Qwen2.5-7B-Instruct,29,2,1,81.3470029970631,3,8,False
vllm,cache-disabled,Qwen/Qwen2.5-7B-Instruct,29,2,2,80.55731898639351,3,8,False
vllm,cache-disabled,Qwen/Qwen2.5-7B-Instruct,29,2,3,80.18616598565131,3,8,False
vllm,cache-disabled,Qwen/Qwen2.5-7B-Instruct,29,2,4,80.67136688623577,3,8,False
vllm,cache-disabled,Qwen/Qwen2.5-7B-Instruct,29,2,5,81.40757901128381,3,8,False
vllm,cache-disabled,Qwen/Qwen2.5-7B-Instruct,29,2,6,81.46015496458858,3,8,False
vllm,cache-disabled,Qwen/Qwen2.5-7B-Instruct,29,2,7,81.20815304573625,3,8,False
vllm,cache-disabled,Qwen/Qwen2.5-7B-Instruct,29,2,8,80.06594202015549,3,8,False
vllm,cache-disabled,Qwen/Qwen2.5-7B-Instruct,29,2,9,81.05005696415901,3,8,False
vllm,cache-disabled,Qwen/Qwen2.5-7B-Instruct,29,3,0,82.65215996652842,4,3,False
vllm,cache-disabled,Qwen/Qwen2.5-7B-Instruct,29,3,1,82.46628695633262,4,3,False
vllm,cache-disabled,Qwen/Qwen2.5-7B-Instruct,29,3,2,81.58991497475654,4,3,False
vllm,cache-disabled,Qwen/Qwen2.5-7B-Instruct,29,3,3,79.9780199304223,4,3,False
vllm,cache-disabled,Qwen/Qwen2.5-7B-Instruct,29,3,4,81.28386503085494,4,3,False
vllm,cache-disabled,Qwen/Qwen2.5-7B-Instruct,29,3,5,80.45706199482083,4,3,False
vllm,cache-disabled,Qwen/Qwen2.5-7B-Instruct,29,3,6,80.50328702665865,4,3,False
vllm,cache-disabled,Qwen/Qwen2.5-7B-Instruct,29,3,7,81.83884504251182,4,3,False
vllm,cache-disabled,Qwen/Qwen2.5-7B-Instruct,29,3,8,81.01480908226222,4,3,False
vllm,cache-disabled,Qwen/Qwen2.5-7B-Instruct,29,3,9,80.86768805515021,4,3,False
vllm,cache-disabled,Qwen/Qwen2.5-7B-Instruct,29,4,0,81.15589700173587,7,1,False
vllm,cache-disabled,Qwen/Qwen2.5-7B-Instruct,29,4,1,80.70576703175902,7,1,False
vllm,cache-disabled,Qwen/Qwen2.5-7B-Instruct,29,4,2,81.38053899165243,7,1,False
vllm,cache-disabled,Qwen/Qwen2.5-7B-Instruct,29,4,3,80.94099990557879,7,1,False
vllm,cache-disabled,Qwen/Qwen2.5-7B-Instruct,29,4,4,82.03305292408913,7,1,False
vllm,cache-disabled,Qwen/Qwen2.5-7B-Instruct,29,4,5,81.0760409804061,7,1,False
vllm,cache-disabled,Qwen/Qwen2.5-7B-Instruct,29,4,6,81.97194803506136,7,1,False
vllm,cache-disabled,Qwen/Qwen2.5-7B-Instruct,29,4,7,81.2605379614979,7,1,False
vllm,cache-disabled,Qwen/Qwen2.5-7B-Instruct,29,4,8,81.12226496450603,7,1,False
vllm,cache-disabled,Qwen/Qwen2.5-7B-Instruct,29,4,9,81.20549703016877,7,1,False
vllm,cache-disabled,Qwen/Qwen2.5-7B-Instruct,29,5,0,82.45907095260918,9,8,False
vllm,cache-disabled,Qwen/Qwen2.5-7B-Instruct,29,5,1,81.53677801601589,9,8,False
vllm,cache-disabled,Qwen/Qwen2.5-7B-Instruct,29,5,2,81.6233220975846,9,8,False
vllm,cache-disabled,Qwen/Qwen2.5-7B-Instruct,29,5,3,81.36754599399865,9,8,False
vllm,cache-disabled,Qwen/Qwen2.5-7B-Instruct,29,5,4,80.61709499452263,9,8,False
vllm,cache-disabled,Qwen/Qwen2.5-7B-Instruct,29,5,5,80.20549302455038,9,8,False
vllm,cache-disabled,Qwen/Qwen2.5-7B-Instruct,29,5,6,81.07632910832763,9,8,False
vllm,cache-disabled,Qwen/Qwen2.5-7B-Instruct,29,5,7,80.90800791978836,9,8,False
vllm,cache-disabled,Qwen/Qwen2.5-7B-Instruct,29,5,8,79.4530410785228,9,8,False
vllm,cache-disabled,Qwen/Qwen2.5-7B-Instruct,29,5,9,81.61634695716202,9,8,False
