framework,cache_mode,model,trial,position,probe_digit,wall_clock_latency_ms,ground_truth_digit,position_guess,position_correct
vllm,shared,deepseek-ai/DeepSeek-R1-Distill-Llama-8B,0,0,0,82.38667901605368,1,1,True
vllm,shared,deepseek-ai/DeepSeek-R1-Distill-Llama-8B,0,0,1,78.49727908615023,1,1,True
vllm,shared,deepseek-ai/DeepSeek-R1-Distill-Llama-8B,0,0,2,80.91230900026858,1,1,True
vllm,shared,deepseek-ai/DeepSeek-R1-Distill-Llama-8B,0,0,3,82.24405499640852,1,1,True
vllm,shared,deepseek-ai/DeepSeek-R1-Distill-Llama-8B,0,0,4,82.14664703700691,1,1,True
vllm,shared,deepseek-ai/DeepSeek-R1-Distill-Llama-8B,0,0,5,82.11003907490522,1,1,True
vllm,shared,deepseek-ai/DeepSeek-R1-Distill-Llama-8B,0,0,6,82.1229349821806,1,1,True
vllm,shared,deepseek-ai/DeepSeek-R1-Distill-Llama-8B,0,0,7,82.08482200279832,1,1,True
vllm,shared,deepseek-ai/DeepSeek-R1-Distill-Llama-8B,0,0,8,80.40821098256856,1,1,True
vllm,shared,deepseek-ai/DeepSeek-R1-Distill-Llama-8B,0,0,9,81.23725303448737,1,1,True
vllm,shared,deepseek-ai/DeepSeek-R1-Distill-Llama-8B,0,1,0,81.95616607554257,2,2,True
vllm,shared,deepseek-ai/DeepSeek-R1-Distill-Llama-8B,0,1,1,83.07010401040316,2,2,True
vllm,shared,deepseek-ai/DeepSeek-R1-Distill-Llama-8B,0,1,2,79.27307300269604,2,2,True
vllm,shared,deepseek-ai/DeepSeek-R1-Distill-Llama-8B,0,1,3,81.91573491785675,2,2,True
vllm,shared,deepseek-ai/DeepSeek-R1-Distill-Llama-8B,0,1,4,81.99453400447965,2,2,True
vllm,shared,deepseek-ai/DeepSeek-R1-Distill-Llama-8B,0,1,5,84.07106704544276,2,2,True
vllm,shared,deepseek-ai/DeepSeek-R1-Distill-Llama-8B,0,1,6,81.10061299521476,2,2,True
vllm,shared,deepseek-ai/DeepSeek-R1-Distill-Llama-8B,0,1,7,81.05362101923674,2,2,True
vllm,shared,deepseek-ai/DeepSeek-R1-Distill-Llama-8B,0,1,8,83.40768900234252,2,2,True
vllm,shared,deepseek-ai/DeepSeek-R1-Distill-Llama-8B,0,1,9,83.88488995842636,2,2,True
vllm,shared,deepseek-ai/DeepSeek-R1-Distill-Llama-8B,0,2,0,81.79706207010895,9,9,True
vllm,shared,deepseek-ai/DeepSeek-R1-Distill-Llama-8B,0,2,1,80.14715509489179,9,9,True
vllm,shared,deepseek-ai/DeepSeek-R1-Distill-Llama-8B,0,2,2,81.0337970033288,9,9,True
vllm,shared,deepseek-ai/DeepSeek-R1-Distill-Llama-8B,0,2,3,81.1935409437865,9,9,True
vllm,shared,deepseek-ai/DeepSeek-R1-Distill-Llama-8B,0,2,4,81.20424498338252,9,9,True
vllm,shared,deepseek-ai/DeepSeek-R1-Distill-Llama-8B,0,2,5,83.9028739137575,9,9,True
vllm,shared,deepseek-ai/DeepSeek-R1-Distill-Llama-8B,0,2,6,82.28437602519989,9,9,True
vllm,shared,deepseek-ai/DeepSeek-R1-Distill-Llama-8B,0,2,7,82.78204000089318,9,9,True
vllm,shared,deepseek-ai/DeepSeek-R1-Distill-Llama-8B,0,2,8,80.91914094984531,9,9,True
vllm,shared,deepseek-ai/DeepSeek-R1-Distill-Llama-8B,0,2,9,78.22822302114218,9,9,True
vllm,shared,deepseek-ai/DeepSeek-R1-Distill-Llama-8B,0,3,0,83.09858408756554,9,9,True
vllm,shared,deepseek-ai/DeepSeek-R1-Distill-Llama-8B,0,3,1,83.24031298980117,9,9,True
vllm,shared,deepseek-ai/DeepSeek-R1-Distill-Llama-8B,0,3,2,81.17418095935136,9,9,True
vllm,shared,deepseek-ai/DeepSeek-R1-Distill-Llama-8B,0,3,3,81.22397295664996,9,9,True
vllm,shared,deepseek-ai/DeepSeek-R1-Distill-Llama-8B,0,3,4,82.71208801306784,9,9,True
vllm,shared,deepseek-ai/DeepSeek-R1-Distill-Llama-8B,0,3,5,83.08528899215162,9,9,True
vllm,shared,deepseek-ai/DeepSeek-R1-Distill-Llama-8B,0,3,6,82.58447202388197,9,9,True
vllm,shared,deepseek-ai/DeepSeek-R1-Distill-Llama-8B,0,3,7,81.82547800242901,9,9,True
vllm,shared,deepseek-ai/DeepSeek-R1-Distill-Llama-8B,0,3,8,83.16424896474928,9,9,True
vllm,shared,deepseek-ai/DeepSeek-R1-Distill-Llama-8B,0,3,9,78.73811200261116,9,9,True
vllm,shared,deepseek-ai/DeepSeek-R1-Distill-Llama-8B,0,4,0,80.20128204952925,8,8,True
vllm,shared,deepseek-ai/DeepSeek-R1-Distill-Llama-8B,0,4,1,81.0817809542641,8,8,True
vllm,shared,deepseek-ai/DeepSeek-R1-Distill-Llama-8B,0,4,2,81.28475700505078,8,8,True
vllm,shared,deepseek-ai/DeepSeek-R1-Distill-Llama-8B,0,4,3,82.00045500416309,8,8,True
vllm,shared,deepseek-ai/DeepSeek-R1-Distill-Llama-8B,0,4,4,79.90629004780203,8,8,True
vllm,shared,deepseek-ai/DeepSeek-R1-Distill-Llama-8B,0,4,5,81.36824506800622,8,8,True
vllm,shared,deepseek-ai/DeepSeek-R1-Distill-Llama-8B,0,4,6,81.8265019915998,8,8,True
vllm,shared,deepseek-ai/DeepSeek-R1-Distill-Llama-8B,0,4,7,80.53321996703744,8,8,True
vllm,shared,deepseek-ai/DeepSeek-R1-Distill-Llama-8B,0,4,8,79.83688195236027,8,8,True
vllm,shared,deepseek-ai/DeepSeek-R1-Distill-Llama-8B,0,4,9,81.89627900719643,8,8,True
vllm,shared,deepseek-ai/DeepSeek-R1-Distill-Llama-8B,0,5,0,79.93286603596061,5,5,True
vllm,shared,deepseek-ai/DeepSeek-R1-Distill-Llama-8B,0,5,1,82.63973600696772,5,5,True
vllm,shared,deepseek-ai/DeepSeek-R1-Distill-Llama-8B,0,5,2,82.77632796671242,5,5,True
vllm,shared,deepseek-ai/DeepSeek-R1-Distill-Llama-8B,0,5,3,80.910803982988,5,5,True
vllm,shared,deepseek-ai/DeepSeek-R1-Distill-Llama-8B,0,5,4,82.23541500046849,5,5,True
vllm,shared,deepseek-ai/DeepSeek-R1-Distill-Llama-8B,0,5,5,78.48566304892302,5,5,True
vllm,shared,deepseek-ai/DeepSeek-R1-Distill-Llama-8B,0,5,6,80.90253197588027,5,5,True
vllm,shared,deepseek-ai/DeepSeek-R1-Distill-Llama-8B,0,5,7,80.95765300095081,5,5,True
vllm,shared,deepseek-ai/DeepSeek-R1-Distill-Llama-8B,0,5,8,79.63912095874548,5,5,True
vllm,shared,deepseek-ai/DeepSeek-R1-Distill-Llama-8B,0,5,9,81.47238998208195,5,5,True
vllm,shared,deepseek-ai/DeepSeek-R1-Distill-Llama-8B,1,0,0,79.94521898217499,0,0,True
vllm,shared,deepseek-ai/DeepSeek-R1-Distill-Llama-8B,1,0,1,80.25776303838938,0,0,True
vllm,shared,deepseek-ai/DeepSeek-R1-Distill-Llama-8B,1,0,2,82.4341190746054,0,0,True
vllm,shared,deepseek-ai/DeepSeek-R1-Distill-Llama-8B,1,0,3,82.93986401986331,0,0,True
vllm,shared,deepseek-ai/DeepSeek-R1-Distill-Llama-8B,1,0,4,82.90618495084345,0,0,True
vllm,shared,deepseek-ai/DeepSeek-R1-Distill-Llama-8B,1,0,5,82.14271103497595,0,0,True
vllm,shared,deepseek-ai/DeepSeek-R1-Distill-Llama-8B,1,0,6,82.62647199444473,0,0,True
vllm,shared,deepseek-ai/DeepSeek-R1-Distill-Llama-8B,1,0,7,81.38485299423337,0,0,True
vllm,shared,deepseek-ai/DeepSeek-R1-Distill-Llama-8B,1,0,8,80.94397198874503,0,0,True
vllm,shared,deepseek-ai/DeepSeek-R1-Distill-Llama-8B,1,0,9,80.49963600933552,0,0,True
vllm,shared,deepseek-ai/DeepSeek-R1-Distill-Llama-8B,1,1,0,82.56000804249197,1,1,True
vllm,shared,deepseek-ai/DeepSeek-R1-Distill-Llama-8B,1,1,1,79.85011395066977,1,1,True
vllm,shared,deepseek-ai/DeepSeek-R1-Distill-Llama-8B,1,1,2,83.74791406095028,1,1,True
vllm,shared,deepseek-ai/DeepSeek-R1-Distill-Llama-8B,1,1,3,85.66438197158277,1,1,True
vllm,shared,deepseek-ai/DeepSeek-R1-Distill-Llama-8B,1,1,4,81.7986789625138,1,1,True
vllm,shared,deepseek-ai/DeepSeek-R1-Distill-Llama-8B,1,1,5,81.88888593576849,1,1,True
vllm,shared,deepseek-ai/DeepSeek-R1-Distill-Llama-8B,1,1,6,82.82029593829066,1,1,True
vllm,shared,deepseek-ai/DeepSeek-R1-Distill-Llama-8B,1,1,7,83.23759399354458,1,1,True
vllm,shared,deepseek-ai/DeepSeek-R1-Distill-Llama-8B,1,1,8,84.04191501904279,1,1,True
vllm,shared,deepseek-ai/DeepSeek-R1-Distill-Llama-8B,1,1,9,84.09255393780768,1,1,True
vllm,shared,deepseek-ai/DeepSeek-R1-Distill-Llama-8B,1,2,0,82.42183097172529,6,6,True
vllm,shared,deepseek-ai/DeepSeek-R1-Distill-Llama-8B,1,2,1,82.7893998939544,6,6,True
vllm,shared,deepseek-ai/DeepSeek-R1-Distill-Llama-8B,1,2,2,82.7919450821355,6,6,True
vllm,shared,deepseek-ai/DeepSeek-R1-Distill-Llama-8B,1,2,3,84.9437559954822,6,6,True
vllm,shared,deepseek-ai/DeepSeek-R1-Distill-Llama-8B,1,2,4,83.85261904913932,6,6,True
vllm,shared,deepseek-ai/DeepSeek-R1-Distill-Llama-8B,1,2,5,83.93277798313648,6,6,True
vllm,shared,deepseek-ai/DeepSeek-R1-Distill-Llama-8B,1,2,6,80.05373098421842,6,6,True
vllm,shared,deepseek-ai/DeepSeek-R1-Distill-Llama-8B,1,2,7,81.56779792625457,6,6,True
vllm,shared,deepseek-ai/DeepSeek-R1-Distill-Llama-8B,1,2,8,83.31125695258379,6,6,True
vllm,shared,deepseek-ai/DeepSeek-R1-Distill-Llama-8B,1,2,9,82.37707999069244,6,6,True
vllm,shared,deepseek-ai/DeepSeek-R1-Distill-Llama-8B,1,3,0,83.0634810263291,1,1,True
vllm,shared,deepseek-ai/DeepSeek-R1-Distill-Llama-8B,1,3,1,79.41267301794142,1,1,True
vllm,shared,deepseek-ai/DeepSeek-R1-Distill-Llama-8B,1,3,2,85.31636605039239,1,1,True
vllm,shared,deepseek-ai/DeepSeek-R1-Distill-Llama-8B,1,3,3,82.77191198430955,1,1,True
vllm,shared,deepseek-ai/DeepSeek-R1-Distill-Llama-8B,1,3,4,82.52003998495638,1,1,True
vllm,shared,deepseek-ai/DeepSeek-R1-Distill-Llama-8B,1,3,5,82.41522393655032,1,1,True
vllm,shared,deepseek-ai/DeepSeek-R1-Distill-Llama-8B,1,3,6,82.7671600272879,1,1,True
vllm,shared,deepseek-ai/DeepSeek-R1-Distill-Llama-8B,1,3,7,85.14044503681362,1,1,True
vllm,shared,deepseek-ai/DeepSeek-R1-Distill-Llama-8B,1,3,8,82.40626298356801,1,1,True
vllm,shared,deepseek-ai/DeepSeek-R1-Distill-Llama-8B,1,3,9,82.39167102146894,1,1,True
vllm,shared,deepseek-ai/DeepSeek-R1-Distill-Llama-8B,1,4,0,81.58357406500727,7,7,True
vllm,shared,deepseek-ai/DeepSeek-R1-Distill-Llama-8B,1,4,1,82.85423298366368,7,7,True
vllm,shared,deepseek-ai/DeepSeek-R1-Distill-Llama-8B,1,4,2,83.18362396676093,7,7,True
vllm,shared,deepseek-ai/DeepSeek-R1-Distill-Llama-8B,1,4,3,82.7908240025863,7,7,True
vllm,shared,deepseek-ai/DeepSeek-R1-Distill-Llama-8B,1,4,4,82.54623203538358,7,7,True
vllm,shared,deepseek-ai/DeepSeek-R1-Distill-Llama-8B,1,4,5,83.26741703785956,7,7,True
vllm,shared,deepseek-ai/DeepSeek-R1-Distill-Llama-8B,1,4,6,81.76646998617798,7,7,True
vllm,shared,deepseek-ai/DeepSeek-R1-Distill-Llama-8B,1,4,7,80.31792403198779,7,7,True
vllm,shared,deepseek-ai/DeepSeek-R1-Distill-Llama-8B,1,4,8,83.06138392072171,7,7,True
vllm,shared,deepseek-ai/DeepSeek-R1-Distill-Llama-8B,1,4,9,82.92402501683682,7,7,True
vllm,shared,deepseek-ai/DeepSeek-R1-Distill-Llama-8B,1,5,0,82.16647105291486,5,5,True
vllm,shared,deepseek-ai/DeepSeek-R1-Distill-Llama-8B,1,5,1,82.36823207698762,5,5,True
vllm,shared,deepseek-ai/DeepSeek-R1-Distill-Llama-8B,1,5,2,82.25160697475076,5,5,True
vllm,shared,deepseek-ai/DeepSeek-R1-Distill-Llama-8B,1,5,3,81.4940530108288,5,5,True
vllm,shared,deepseek-ai/DeepSeek-R1-Distill-Llama-8B,1,5,4,81.20057999622077,5,5,True
vllm,shared,deepseek-ai/DeepSeek-R1-Distill-Llama-8B,1,5,5,79.62752203457057,5,5,True
vllm,shared,deepseek-ai/DeepSeek-R1-Distill-Llama-8B,1,5,6,82.61565503198653,5,5,True
vllm,shared,deepseek-ai/DeepSeek-R1-Distill-Llama-8B,1,5,7,82.49277505092323,5,5,True
vllm,shared,deepseek-ai/DeepSeek-R1-Distill-Llama-8B,1,5,8,81.84440608602017,5,5,True
vllm,shared,deepseek-ai/DeepSeek-R1-Distill-Llama-8B,1,5,9,82.42800703737885,5,5,True
vllm,shared,deepseek-ai/DeepSeek-R1-Distill-Llama-8B,2,0,0,84.15735501330346,7,7,True
vllm,shared,deepseek-ai/DeepSeek-R1-Distill-Llama-8B,2,0,1,82.30371901299804,7,7,True
vllm,shared,deepseek-ai/DeepSeek-R1-Distill-Llama-8B,2,0,2,82.95959199313074,7,7,True
vllm,shared,deepseek-ai/DeepSeek-R1-Distill-Llama-8B,2,0,3,83.87993089854717,7,7,True
vllm,shared,deepseek-ai/DeepSeek-R1-Distill-Llama-8B,2,0,4,84.67289200052619,7,7,True
vllm,shared,deepseek-ai/DeepSeek-R1-Distill-Llama-8B,2,0,5,84.71661992371082,7,7,True
vllm,shared,deepseek-ai/DeepSeek-R1-Distill-Llama-8B,2,0,6,84.60308401845396,7,7,True
vllm,shared,deepseek-ai/DeepSeek-R1-Distill-Llama-8B,2,0,7,80.72934800293297,7,7,True
vllm,shared,deepseek-ai/DeepSeek-R1-Distill-Llama-8B,2,0,8,83.01816799212247,7,7,True
vllm,shared,deepseek-ai/DeepSeek-R1-Distill-Llama-8B,2,0,9,82.9639439471066,7,7,True
vllm,shared,deepseek-ai/DeepSeek-R1-Distill-Llama-8B,2,1,0,80.14544390607625,0,0,True
vllm,shared,deepseek-ai/DeepSeek-R1-Distill-Llama-8B,2,1,1,84.00271402206272,0,0,True
vllm,shared,deepseek-ai/DeepSeek-R1-Distill-Llama-8B,2,1,2,84.13676300551742,0,0,True
vllm,shared,deepseek-ai/DeepSeek-R1-Distill-Llama-8B,2,1,3,84.0274830115959,0,0,True
vllm,shared,deepseek-ai/DeepSeek-R1-Distill-Llama-8B,2,1,4,83.25112902093679,0,0,True
vllm,shared,deepseek-ai/DeepSeek-R1-Distill-Llama-8B,2,1,5,83.45221693161875,0,0,True
vllm,shared,deepseek-ai/DeepSeek-R1-Distill-Llama-8B,2,1,6,82.49029505532235,0,0,True
vllm,shared,deepseek-ai/DeepSeek-R1-Distill-Llama-8B,2,1,7,84.36415600590408,0,0,True
vllm,shared,deepseek-ai/DeepSeek-R1-Distill-Llama-8B,2,1,8,83.1105049001053,0,0,True
vllm,shared,deepseek-ai/DeepSeek-R1-Distill-Llama-8B,2,1,9,84.05844296794385,0,0,True
vllm,shared,deepseek-ai/DeepSeek-R1-Distill-Llama-8B,2,2,0,83.2356889732182,1,1,True
vllm,shared,deepseek-ai/DeepSeek-R1-Distill-Llama-8B,2,2,1,79.02808103244752,1,1,True
vllm,shared,deepseek-ai/DeepSeek-R1-Distill-Llama-8B,2,2,2,83.27028097119182,1,1,True
vllm,shared,deepseek-ai/DeepSeek-R1-Distill-Llama-8B,2,2,3,84.2378840316087,1,1,True
vllm,shared,deepseek-ai/DeepSeek-R1-Distill-Llama-8B,2,2,4,83.95711402408779,1,1,True
vllm,shared,deepseek-ai/DeepSeek-R1-Distill-Llama-8B,2,2,5,82.62212004046887,1,1,True
vllm,shared,deepseek-ai/DeepSeek-R1-Distill-Llama-8B,2,2,6,82.6406329870224,1,1,True
vllm,shared,deepseek-ai/DeepSeek-R1-Distill-Llama-8B,2,2,7,82.92256796266884,1,1,True
vllm,shared,deepseek-ai/DeepSeek-R1-Distill-Llama-8B,2,2,8,83.09671306051314,1,1,True
vllm,shared,deepseek-ai/DeepSeek-R1-Distill-Llama-8B,2,2,9,82.87148096133024,1,1,True
vllm,shared,deepseek-ai/DeepSeek-R1-Distill-Llama-8B,2,3,0,83.83545000106096,1,1,True
vllm,shared,deepseek-ai/DeepSeek-R1-Distill-Llama-8B,2,3,1,79.6585469506681,1,1,True
vllm,shared,deepseek-ai/DeepSeek-R1-Distill-Llama-8B,2,3,2,82.86595996469259,1,1,True
vllm,shared,deepseek-ai/DeepSeek-R1-Distill-Llama-8B,2,3,3,83.27093697153032,1,1,True
vllm,shared,deepseek-ai/DeepSeek-R1-Distill-Llama-8B,2,3,4,83.77405803184956,1,1,True
vllm,shared,deepseek-ai/DeepSeek-R1-Distill-Llama-8B,2,3,5,84.37681198120117,1,1,True
vllm,shared,deepseek-ai/DeepSeek-R1-Distill-Llama-8B,2,3,6,84.87961196806282,1,1,True
vllm,shared,deepseek-ai/DeepSeek-R1-Distill-Llama-8B,2,3,7,83.23802601080388,1,1,True
vllm,shared,deepseek-ai/DeepSeek-R1-Distill-Llama-8B,2,3,8,83.06725707370788,1,1,True
vllm,shared,deepseek-ai/DeepSeek-R1-Distill-Llama-8B,2,3,9,83.43005809001625,1,1,True
vllm,shared,deepseek-ai/DeepSeek-R1-Distill-Llama-8B,2,4,0,82.76474406011403,9,9,True
vllm,shared,deepseek-ai/DeepSeek-R1-Distill-Llama-8B,2,4,1,84.02335492428392,9,9,True
vllm,shared,deepseek-ai/DeepSeek-R1-Distill-Llama-8B,2,4,2,83.26524100266397,9,9,True
vllm,shared,deepseek-ai/DeepSeek-R1-Distill-Llama-8B,2,4,3,83.2351449644193,9,9,True
vllm,shared,deepseek-ai/DeepSeek-R1-Distill-Llama-8B,2,4,4,81.87189500313252,9,9,True
vllm,shared,deepseek-ai/DeepSeek-R1-Distill-Llama-8B,2,4,5,83.06621701922268,9,9,True
vllm,shared,deepseek-ai/DeepSeek-R1-Distill-Llama-8B,2,4,6,81.3073810422793,9,9,True
vllm,shared,deepseek-ai/DeepSeek-R1-Distill-Llama-8B,2,4,7,81.23758900910616,9,9,True
vllm,shared,deepseek-ai/DeepSeek-R1-Distill-Llama-8B,2,4,8,82.79132097959518,9,9,True
vllm,shared,deepseek-ai/DeepSeek-R1-Distill-Llama-8B,2,4,9,80.32451500184834,9,9,True
vllm,shared,deepseek-ai/DeepSeek-R1-Distill-Llama-8B,2,5,0,82.04415091313422,9,9,True
vllm,shared,deepseek-ai/DeepSeek-R1-Distill-Llama-8B,2,5,1,82.7806800371036,9,9,True
vllm,shared,deepseek-ai/DeepSeek-R1-Distill-Llama-8B,2,5,2,83.27104896306992,9,9,True
vllm,shared,deepseek-ai/DeepSeek-R1-Distill-Llama-8B,2,5,3,83.05120898876339,9,9,True
vllm,shared,deepseek-ai/DeepSeek-R1-Distill-Llama-8B,2,5,4,84.32701998390257,9,9,True
vllm,shared,deepseek-ai/DeepSeek-R1-Distill-Llama-8B,2,5,5,83.17892090417445,9,9,True
vllm,shared,deepseek-ai/DeepSeek-R1-Distill-Llama-8B,2,5,6,83.92516197636724,9,9,True
vllm,shared,deepseek-ai/DeepSeek-R1-Distill-Llama-8B,2,5,7,82.14170404244214,9,9,True
vllm,shared,deepseek-ai/DeepSeek-R1-Distill-Llama-8B,2,5,8,83.11632799450308,9,9,True
vllm,shared,deepseek-ai/DeepSeek-R1-Distill-Llama-8B,2,5,9,80.26616298593581,9,9,True
vllm,shared,deepseek-ai/DeepSeek-R1-Distill-Llama-8B,3,0,0,83.42514501418918,9,9,True
vllm,shared,deepseek-ai/DeepSeek-R1-Distill-Llama-8B,3,0,1,84.83263710513711,9,9,True
vllm,shared,deepseek-ai/DeepSeek-R1-Distill-Llama-8B,3,0,2,85.03908501006663,9,9,True
vllm,shared,deepseek-ai/DeepSeek-R1-Distill-Llama-8B,3,0,3,83.08568794745952,9,9,True
vllm,shared,deepseek-ai/DeepSeek-R1-Distill-Llama-8B,3,0,4,83.93932296894491,9,9,True
vllm,shared,deepseek-ai/DeepSeek-R1-Distill-Llama-8B,3,0,5,84.55049199983478,9,9,True
vllm,shared,deepseek-ai/DeepSeek-R1-Distill-Llama-8B,3,0,6,83.94866704475135,9,9,True
vllm,shared,deepseek-ai/DeepSeek-R1-Distill-Llama-8B,3,0,7,81.88283897470683,9,9,True
vllm,shared,deepseek-ai/DeepSeek-R1-Distill-Llama-8B,3,0,8,82.42610399611294,9,9,True
vllm,shared,deepseek-ai/DeepSeek-R1-Distill-Llama-8B,3,0,9,80.0338260596618,9,9,True
vllm,shared,deepseek-ai/DeepSeek-R1-Distill-Llama-8B,3,1,0,82.45666394941509,6,6,True
vllm,shared,deepseek-ai/DeepSeek-R1-Distill-Llama-8B,3,1,1,84.5240920316428,6,6,True
vllm,shared,deepseek-ai/DeepSeek-R1-Distill-Llama-8B,3,1,2,82.89818395860493,6,6,True
vllm,shared,deepseek-ai/DeepSeek-R1-Distill-Llama-8B,3,1,3,83.32745009101927,6,6,True
vllm,shared,deepseek-ai/DeepSeek-R1-Distill-Llama-8B,3,1,4,84.04498698655516,6,6,True
vllm,shared,deepseek-ai/DeepSeek-R1-Distill-Llama-8B,3,1,5,83.8532749330625,6,6,True
vllm,shared,deepseek-ai/DeepSeek-R1-Distill-Llama-8B,3,1,6,79.42368101794273,6,6,True
vllm,shared,deepseek-ai/DeepSeek-R1-Distill-Llama-8B,3,1,7,83.17421702668071,6,6,True
vllm,shared,deepseek-ai/DeepSeek-R1-Distill-Llama-8B,3,1,8,83.13149691093713,6,6,True
vllm,shared,deepseek-ai/DeepSeek-R1-Distill-Llama-8B,3,1,9,83.22895294986665,6,6,True
vllm,shared,deepseek-ai/DeepSeek-R1-Distill-Llama-8B,3,2,0,82.84314500633627,9,9,True
vllm,shared,deepseek-ai/DeepSeek-R1-Distill-Llama-8B,3,2,1,84.5224600052461,9,9,True
vllm,shared,deepseek-ai/DeepSeek-R1-Distill-Llama-8B,3,2,2,83.67573795840144,9,9,True
vllm,shared,deepseek-ai/DeepSeek-R1-Distill-Llama-8B,3,2,3,83.8551459601149,9,9,True
vllm,shared,deepseek-ai/DeepSeek-R1-Distill-Llama-8B,3,2,4,83.40143295936286,9,9,True
vllm,shared,deepseek-ai/DeepSeek-R1-Distill-Llama-8B,3,2,5,82.00642303563654,9,9,True
vllm,shared,deepseek-ai/DeepSeek-R1-Distill-Llama-8B,3,2,6,83.35794508457184,9,9,True
vllm,shared,deepseek-ai/DeepSeek-R1-Distill-Llama-8B,3,2,7,83.90849106945097,9,9,True
vllm,shared,deepseek-ai/DeepSeek-R1-Distill-Llama-8B,3,2,8,84.01029906235635,9,9,True
vllm,shared,deepseek-ai/DeepSeek-R1-Distill-Llama-8B,3,2,9,80.44368296395987,9,9,True
vllm,shared,deepseek-ai/DeepSeek-R1-Distill-Llama-8B,3,3,0,82.1118620224297,4,4,True
vllm,shared,deepseek-ai/DeepSeek-R1-Distill-Llama-8B,3,3,1,82.81448797788471,4,4,True
vllm,shared,deepseek-ai/DeepSeek-R1-Distill-Llama-8B,3,3,2,82.9023770056665,4,4,True
vllm,shared,deepseek-ai/DeepSeek-R1-Distill-Llama-8B,3,3,3,84.1265229973942,4,4,True
vllm,shared,deepseek-ai/DeepSeek-R1-Distill-Llama-8B,3,3,4,80.39238699711859,4,4,True
vllm,shared,deepseek-ai/DeepSeek-R1-Distill-Llama-8B,3,3,5,83.2961859414354,4,4,True
vllm,shared,deepseek-ai/DeepSeek-R1-Distill-Llama-8B,3,3,6,82.9258969752118,4,4,True
vllm,shared,deepseek-ai/DeepSeek-R1-Distill-Llama-8B,3,3,7,84.13402701262385,4,4,True
vllm,shared,deepseek-ai/DeepSeek-R1-Distill-Llama-8B,3,3,8,82.93074392713606,4,4,True
vllm,shared,deepseek-ai/DeepSeek-R1-Distill-Llama-8B,3,3,9,84.02674808166921,4,4,True
vllm,shared,deepseek-ai/DeepSeek-R1-Distill-Llama-8B,3,4,0,82.14773400686681,2,2,True
vllm,shared,deepseek-ai/DeepSeek-R1-Distill-Llama-8B,3,4,1,83.06912903208286,2,2,True
vllm,shared,deepseek-ai/DeepSeek-R1-Distill-Llama-8B,3,4,2,80.14889806509018,2,2,True
vllm,shared,deepseek-ai/DeepSeek-R1-Distill-Llama-8B,3,4,3,83.34825001657009,2,2,True
vllm,shared,deepseek-ai/DeepSeek-R1-Distill-Llama-8B,3,4,4,82.78813608922064,2,2,True
vllm,shared,deepseek-ai/DeepSeek-R1-Distill-Llama-8B,3,4,5,82.39541598595679,2,2,True
vllm,shared,deepseek-ai/DeepSeek-R1-Distill-Llama-8B,3,4,6,82.86282396875322,2,2,True
vllm,shared,deepseek-ai/DeepSeek-R1-Distill-Llama-8B,3,4,7,82.93644106015563,2,2,True
vllm,shared,deepseek-ai/DeepSeek-R1-Distill-Llama-8B,3,4,8,83.8271789252758,2,2,True
vllm,shared,deepseek-ai/DeepSeek-R1-Distill-Llama-8B,3,4,9,82.52685598563403,2,2,True
vllm,shared,deepseek-ai/DeepSeek-R1-Distill-Llama-8B,3,5,0,79.97427496593446,0,0,True
vllm,shared,deepseek-ai/DeepSeek-R1-Distill-Llama-8B,3,5,1,81.07720396947116,0,0,True
vllm,shared,deepseek-ai/DeepSeek-R1-Distill-Llama-8B,3,5,2,82.45064795482904,0,0,True
vllm,shared,deepseek-ai/DeepSeek-R1-Distill-Llama-8B,3,5,3,82.92042498942465,0,0,True
vllm,shared,deepseek-ai/DeepSeek-R1-Distill-Llama-8B,3,5,4,83.33204092923552,0,0,True
vllm,shared,deepseek-ai/DeepSeek-R1-Distill-Llama-8B,3,5,5,83.08439305983484,0,0,True
vllm,shared,deepseek-ai/DeepSeek-R1-Distill-Llama-8B,3,5,6,82.60613691527396,0,0,True
vllm,shared,deepseek-ai/DeepSeek-R1-Distill-Llama-8B,3,5,7,83.28268106561154,0,0,True
vllm,shared,deepseek-ai/DeepSeek-R1-Distill-Llama-8B,3,5,8,82.93551194947213,0,0,True
vllm,shared,deepseek-ai/DeepSeek-R1-Distill-Llama-8B,3,5,9,82.22285495139658,0,0,True
vllm,shared,deepseek-ai/DeepSeek-R1-Distill-Llama-8B,4,0,0,82.07781496457756,5,5,True
vllm,shared,deepseek-ai/DeepSeek-R1-Distill-Llama-8B,4,0,1,84.78815597482026,5,5,True
vllm,shared,deepseek-ai/DeepSeek-R1-Distill-Llama-8B,4,0,2,84.16660293005407,5,5,True
vllm,shared,deepseek-ai/DeepSeek-R1-Distill-Llama-8B,4,0,3,83.95818702410907,5,5,True
vllm,shared,deepseek-ai/DeepSeek-R1-Distill-Llama-8B,4,0,4,83.51201005280018,5,5,True
vllm,shared,deepseek-ai/DeepSeek-R1-Distill-Llama-8B,4,0,5,80.88198804762214,5,5,True
vllm,shared,deepseek-ai/DeepSeek-R1-Distill-Llama-8B,4,0,6,83.56852200813591,5,5,True
vllm,shared,deepseek-ai/DeepSeek-R1-Distill-Llama-8B,4,0,7,83.83274602238089,5,5,True
vllm,shared,deepseek-ai/DeepSeek-R1-Distill-Llama-8B,4,0,8,83.12221697997302,5,5,True
vllm,shared,deepseek-ai/DeepSeek-R1-Distill-Llama-8B,4,0,9,82.79954502359033,5,5,True
vllm,shared,deepseek-ai/DeepSeek-R1-Distill-Llama-8B,4,1,0,83.1738009583205,1,1,True
vllm,shared,deepseek-ai/DeepSeek-R1-Distill-Llama-8B,4,1,1,80.07625897880644,1,1,True
vllm,shared,deepseek-ai/DeepSeek-R1-Distill-Llama-8B,4,1,2,81.74536598380655,1,1,True
vllm,shared,deepseek-ai/DeepSeek-R1-Distill-Llama-8B,4,1,3,83.47336994484067,1,1,True
vllm,shared,deepseek-ai/DeepSeek-R1-Distill-Llama-8B,4,1,4,84.38198000658303,1,1,True
vllm,shared,deepseek-ai/DeepSeek-R1-Distill-Llama-8B,4,1,5,83.95972300786525,1,1,True
vllm,shared,deepseek-ai/DeepSeek-R1-Distill-Llama-8B,4,1,6,83.17548094782978,1,1,True
vllm,shared,deepseek-ai/DeepSeek-R1-Distill-Llama-8B,4,1,7,84.86194896977395,1,1,True
vllm,shared,deepseek-ai/DeepSeek-R1-Distill-Llama-8B,4,1,8,83.000393002294,1,1,True
vllm,shared,deepseek-ai/DeepSeek-R1-Distill-Llama-8B,4,1,9,83.38709804229438,1,1,True
vllm,shared,deepseek-ai/DeepSeek-R1-Distill-Llama-8B,4,2,0,84.17879499029368,6,6,True
vllm,shared,deepseek-ai/DeepSeek-R1-Distill-Llama-8B,4,2,1,83.78049009479582,6,6,True
vllm,shared,deepseek-ai/DeepSeek-R1-Distill-Llama-8B,4,2,2,84.10834695678204,6,6,True
vllm,shared,deepseek-ai/DeepSeek-R1-Distill-Llama-8B,4,2,3,84.21868400182575,6,6,True
vllm,shared,deepseek-ai/DeepSeek-R1-Distill-Llama-8B,4,2,4,83.99359392933547,6,6,True
vllm,shared,deepseek-ai/DeepSeek-R1-Distill-Llama-8B,4,2,5,82.99228001851588,6,6,True
vllm,shared,deepseek-ai/DeepSeek-R1-Distill-Llama-8B,4,2,6,80.2659880137071,6,6,True
vllm,shared,deepseek-ai/DeepSeek-R1-Distill-Llama-8B,4,2,7,84.08007491379976,6,6,True
vllm,shared,deepseek-ai/DeepSeek-R1-Distill-Llama-8B,4,2,8,83.95572297740728,6,6,True
vllm,shared,deepseek-ai/DeepSeek-R1-Distill-Llama-8B,4,2,9,84.11911397706717,6,6,True
vllm,shared,deepseek-ai/DeepSeek-R1-Distill-Llama-8B,4,3,0,85.30567691195756,7,7,True
vllm,shared,deepseek-ai/DeepSeek-R1-Distill-Llama-8B,4,3,1,81.96216693613678,7,7,True
vllm,shared,deepseek-ai/DeepSeek-R1-Distill-Llama-8B,4,3,2,84.12657107692212,7,7,True
vllm,shared,deepseek-ai/DeepSeek-R1-Distill-Llama-8B,4,3,3,83.86829891242087,7,7,True
vllm,shared,deepseek-ai/DeepSeek-R1-Distill-Llama-8B,4,3,4,83.13927298877388,7,7,True
vllm,shared,deepseek-ai/DeepSeek-R1-Distill-Llama-8B,4,3,5,84.22377100214362,7,7,True
vllm,shared,deepseek-ai/DeepSeek-R1-Distill-Llama-8B,4,3,6,83.25679390691221,7,7,True
vllm,shared,deepseek-ai/DeepSeek-R1-Distill-Llama-8B,4,3,7,80.93293302226812,7,7,True
vllm,shared,deepseek-ai/DeepSeek-R1-Distill-Llama-8B,4,3,8,84.22746695578098,7,7,True
vllm,shared,deepseek-ai/DeepSeek-R1-Distill-Llama-8B,4,3,9,83.32829701248556,7,7,True
vllm,shared,deepseek-ai/DeepSeek-R1-Distill-Llama-8B,4,4,0,82.69450406078249,4,4,True
vllm,shared,deepseek-ai/DeepSeek-R1-Distill-Llama-8B,4,4,1,83.05911300703883,4,4,True
vllm,shared,deepseek-ai/DeepSeek-R1-Distill-Llama-8B,4,4,2,83.12071301043034,4,4,True
vllm,shared,deepseek-ai/DeepSeek-R1-Distill-Llama-8B,4,4,3,82.37714297138155,4,4,True
vllm,shared,deepseek-ai/DeepSeek-R1-Distill-Llama-8B,4,4,4,79.67640203423798,4,4,True
vllm,shared,deepseek-ai/DeepSeek-R1-Distill-Llama-8B,4,4,5,82.53184799104929,4,4,True
vllm,shared,deepseek-ai/DeepSeek-R1-Distill-Llama-8B,4,4,6,83.01733701955527,4,4,True
vllm,shared,deepseek-ai/DeepSeek-R1-Distill-Llama-8B,4,4,7,82.85925595555454,4,4,True
vllm,shared,deepseek-ai/DeepSeek-R1-Distill-Llama-8B,4,4,8,82.53159211017191,4,4,True
vllm,shared,deepseek-ai/DeepSeek-R1-Distill-Llama-8B,4,4,9,82.87493698298931,4,4,True
vllm,shared,deepseek-ai/DeepSeek-R1-Distill-Llama-8B,4,5,0,83.87849002610892,8,8,True
vllm,shared,deepseek-ai/DeepSeek-R1-Distill-Llama-8B,4,5,1,83.14255403820425,8,8,True
vllm,shared,deepseek-ai/DeepSeek-R1-Distill-Llama-8B,4,5,2,83.4629531018436,8,8,True
vllm,shared,deepseek-ai/DeepSeek-R1-Distill-Llama-8B,4,5,3,83.85557902511209,8,8,True
vllm,shared,deepseek-ai/DeepSeek-R1-Distill-Llama-8B,4,5,4,83.11551297083497,8,8,True
vllm,shared,deepseek-ai/DeepSeek-R1-Distill-Llama-8B,4,5,5,81.43533405382186,8,8,True
vllm,shared,deepseek-ai/DeepSeek-R1-Distill-Llama-8B,4,5,6,84.10130708944052,8,8,True
vllm,shared,deepseek-ai/DeepSeek-R1-Distill-Llama-8B,4,5,7,83.48729007411748,8,8,True
vllm,shared,deepseek-ai/DeepSeek-R1-Distill-Llama-8B,4,5,8,80.41246794164181,8,8,True
vllm,shared,deepseek-ai/DeepSeek-R1-Distill-Llama-8B,4,5,9,82.1479270234704,8,8,True
vllm,shared,deepseek-ai/DeepSeek-R1-Distill-Llama-8B,5,0,0,83.43039301689714,3,3,True
vllm,shared,deepseek-ai/DeepSeek-R1-Distill-Llama-8B,5,0,1,83.94788403529674,3,3,True
vllm,shared,deepseek-ai/DeepSeek-R1-Distill-Llama-8B,5,0,2,84.19687405694276,3,3,True
vllm,shared,deepseek-ai/DeepSeek-R1-Distill-Llama-8B,5,0,3,79.98613000381738,3,3,True
vllm,shared,deepseek-ai/DeepSeek-R1-Distill-Llama-8B,5,0,4,84.30729201063514,3,3,True
vllm,shared,deepseek-ai/DeepSeek-R1-Distill-Llama-8B,5,0,5,83.73100298922509,3,3,True
vllm,shared,deepseek-ai/DeepSeek-R1-Distill-Llama-8B,5,0,6,84.13258695509285,3,3,True
vllm,shared,deepseek-ai/DeepSeek-R1-Distill-Llama-8B,5,0,7,84.32689099572599,3,3,True
vllm,shared,deepseek-ai/DeepSeek-R1-Distill-Llama-8B,5,0,8,83.95050710532814,3,3,True
vllm,shared,deepseek-ai/DeepSeek-R1-Distill-Llama-8B,5,0,9,83.0894650425762,3,3,True
vllm,shared,deepseek-ai/DeepSeek-R1-Distill-Llama-8B,5,1,0,80.80606907606125,0,0,True
vllm,shared,deepseek-ai/DeepSeek-R1-Distill-Llama-8B,5,1,1,83.7663629790768,0,0,True
vllm,shared,deepseek-ai/DeepSeek-R1-Distill-Llama-8B,5,1,2,83.91303394455463,0,0,True
vllm,shared,deepseek-ai/DeepSeek-R1-Distill-Llama-8B,5,1,3,83.01248901989311,0,0,True
vllm,shared,deepseek-ai/DeepSeek-R1-Distill-Llama-8B,5,1,4,82.9126649769023,0,0,True
vllm,shared,deepseek-ai/DeepSeek-R1-Distill-Llama-8B,5,1,5,84.04977095779032,0,0,True
vllm,shared,deepseek-ai/DeepSeek-R1-Distill-Llama-8B,5,1,6,84.3135790200904,0,0,True
vllm,shared,deepseek-ai/DeepSeek-R1-Distill-Llama-8B,5,1,7,83.88570696115494,0,0,True
vllm,shared,deepseek-ai/DeepSeek-R1-Distill-Llama-8B,5,1,8,83.47234595566988,0,0,True
vllm,shared,deepseek-ai/DeepSeek-R1-Distill-Llama-8B,5,1,9,83.70080997701734,0,0,True
vllm,shared,deepseek-ai/DeepSeek-R1-Distill-Llama-8B,5,2,0,79.39587405417114,0,0,True
vllm,shared,deepseek-ai/DeepSeek-R1-Distill-Llama-8B,5,2,1,82.83191209193319,0,0,True
vllm,shared,deepseek-ai/DeepSeek-R1-Distill-Llama-8B,5,2,2,83.97209201939404,0,0,True
vllm,shared,deepseek-ai/DeepSeek-R1-Distill-Llama-8B,5,2,3,83.0894970567897,0,0,True
vllm,shared,deepseek-ai/DeepSeek-R1-Distill-Llama-8B,5,2,4,81.41157298814505,0,0,True
vllm,shared,deepseek-ai/DeepSeek-R1-Distill-Llama-8B,5,2,5,81.88978210091591,0,0,True
vllm,shared,deepseek-ai/DeepSeek-R1-Distill-Llama-8B,5,2,6,83.15908198710531,0,0,True
vllm,shared,deepseek-ai/DeepSeek-R1-Distill-Llama-8B,5,2,7,83.32005690317601,0,0,True
vllm,shared,deepseek-ai/DeepSeek-R1-Distill-Llama-8B,5,2,8,83.76789803151041,0,0,True
vllm,shared,deepseek-ai/DeepSeek-R1-Distill-Llama-8B,5,2,9,82.81869604252279,0,0,True
vllm,shared,deepseek-ai/DeepSeek-R1-Distill-Llama-8B,5,3,0,82.4814960360527,8,8,True
vllm,shared,deepseek-ai/DeepSeek-R1-Distill-Llama-8B,5,3,1,83.40274600777775,8,8,True
vllm,shared,deepseek-ai/DeepSeek-R1-Distill-Llama-8B,5,3,2,83.78868200816214,8,8,True
vllm,shared,deepseek-ai/DeepSeek-R1-Distill-Llama-8B,5,3,3,84.12209094967693,8,8,True
vllm,shared,deepseek-ai/DeepSeek-R1-Distill-Llama-8B,5,3,4,83.96628289483488,8,8,True
vllm,shared,deepseek-ai/DeepSeek-R1-Distill-Llama-8B,5,3,5,84.04119405895472,8,8,True
vllm,shared,deepseek-ai/DeepSeek-R1-Distill-Llama-8B,5,3,6,83.19887309335172,8,8,True
vllm,shared,deepseek-ai/DeepSeek-R1-Distill-Llama-8B,5,3,7,82.78226398397237,8,8,True
vllm,shared,deepseek-ai/DeepSeek-R1-Distill-Llama-8B,5,3,8,78.62102403305471,8,8,True
vllm,shared,deepseek-ai/DeepSeek-R1-Distill-Llama-8B,5,3,9,83.2260090392083,8,8,True
vllm,shared,deepseek-ai/DeepSeek-R1-Distill-Llama-8B,5,4,0,83.18858593702316,2,2,True
vllm,shared,deepseek-ai/DeepSeek-R1-Distill-Llama-8B,5,4,1,83.42807297594845,2,2,True
vllm,shared,deepseek-ai/DeepSeek-R1-Distill-Llama-8B,5,4,2,79.82750597875565,2,2,True
vllm,shared,deepseek-ai/DeepSeek-R1-Distill-Llama-8B,5,4,3,82.66642410308123,2,2,True
vllm,shared,deepseek-ai/DeepSeek-R1-Distill-Llama-8B,5,4,4,82.71810400765389,2,2,True
vllm,shared,deepseek-ai/DeepSeek-R1-Distill-Llama-8B,5,4,5,82.77533703949302,2,2,True
vllm,shared,deepseek-ai/DeepSeek-R1-Distill-Llama-8B,5,4,6,83.37639307137579,2,2,True
vllm,shared,deepseek-ai/DeepSeek-R1-Distill-Llama-8B,5,4,7,82.25731900893152,2,2,True
vllm,shared,deepseek-ai/DeepSeek-R1-Distill-Llama-8B,5,4,8,82.70580100361258,2,2,True
vllm,shared,deepseek-ai/DeepSeek-R1-Distill-Llama-8B,5,4,9,83.55601003859192,2,2,True
vllm,shared,deepseek-ai/DeepSeek-R1-Distill-Llama-8B,5,5,0,83.16296897828579,2,2,True
vllm,shared,deepseek-ai/DeepSeek-R1-Distill-Llama-8B,5,5,1,82.20279100351036,2,2,True
vllm,shared,deepseek-ai/DeepSeek-R1-Distill-Llama-8B,5,5,2,81.05144510045648,2,2,True
vllm,shared,deepseek-ai/DeepSeek-R1-Distill-Llama-8B,5,5,3,82.40733610000461,2,2,True
vllm,shared,deepseek-ai/DeepSeek-R1-Distill-Llama-8B,5,5,4,82.54789595957845,2,2,True
vllm,shared,deepseek-ai/DeepSeek-R1-Distill-Llama-8B,5,5,5,81.8008539499715,2,2,True
vllm,shared,deepseek-ai/DeepSeek-R1-Distill-Llama-8B,5,5,6,83.35559396073222,2,2,True
vllm,shared,deepseek-ai/DeepSeek-R1-Distill-Llama-8B,5,5,7,82.41346396971494,2,2,True
vllm,shared,deepseek-ai/DeepSeek-R1-Distill-Llama-8B,5,5,8,82.8770810039714,2,2,True
vllm,shared,deepseek-ai/DeepSeek-R1-Distill-Llama-8B,5,5,9,82.23621500656009,2,2,True
vllm,shared,deepseek-ai/DeepSeek-R1-Distill-Llama-8B,6,0,0,83.38368905242532,9,9,True
vllm,shared,deepseek-ai/DeepSeek-R1-Distill-Llama-8B,6,0,1,82.87200902123004,9,9,True
vllm,shared,deepseek-ai/DeepSeek-R1-Distill-Llama-8B,6,0,2,83.53490603622049,9,9,True
vllm,shared,deepseek-ai/DeepSeek-R1-Distill-Llama-8B,6,0,3,83.80106696859002,9,9,True
vllm,shared,deepseek-ai/DeepSeek-R1-Distill-Llama-8B,6,0,4,83.6180099286139,9,9,True
vllm,shared,deepseek-ai/DeepSeek-R1-Distill-Llama-8B,6,0,5,83.5091300541535,9,9,True
vllm,shared,deepseek-ai/DeepSeek-R1-Distill-Llama-8B,6,0,6,82.90975308045745,9,9,True
vllm,shared,deepseek-ai/DeepSeek-R1-Distill-Llama-8B,6,0,7,82.48765603639185,9,9,True
vllm,shared,deepseek-ai/DeepSeek-R1-Distill-Llama-8B,6,0,8,83.73972203116864,9,9,True
vllm,shared,deepseek-ai/DeepSeek-R1-Distill-Llama-8B,6,0,9,79.83974600210786,9,9,True
vllm,shared,deepseek-ai/DeepSeek-R1-Distill-Llama-8B,6,1,0,83.24385003652424,3,3,True
vllm,shared,deepseek-ai/DeepSeek-R1-Distill-Llama-8B,6,1,1,83.98749807383865,3,3,True
vllm,shared,deepseek-ai/DeepSeek-R1-Distill-Llama-8B,6,1,2,84.0282030403614,3,3,True
vllm,shared,deepseek-ai/DeepSeek-R1-Distill-Llama-8B,6,1,3,80.0308189354837,3,3,True
vllm,shared,deepseek-ai/DeepSeek-R1-Distill-Llama-8B,6,1,4,84.10876302514225,3,3,True
vllm,shared,deepseek-ai/DeepSeek-R1-Distill-Llama-8B,6,1,5,83.8297710288316,3,3,True
vllm,shared,deepseek-ai/DeepSeek-R1-Distill-Llama-8B,6,1,6,82.90685701649636,3,3,True
vllm,shared,deepseek-ai/DeepSeek-R1-Distill-Llama-8B,6,1,7,83.67229800205678,3,3,True
vllm,shared,deepseek-ai/DeepSeek-R1-Distill-Llama-8B,6,1,8,84.08676309045404,3,3,True
vllm,shared,deepseek-ai/DeepSeek-R1-Distill-Llama-8B,6,1,9,84.7347010858357,3,3,True
vllm,shared,deepseek-ai/DeepSeek-R1-Distill-Llama-8B,6,2,0,84.79244506452233,1,1,True
vllm,shared,deepseek-ai/DeepSeek-R1-Distill-Llama-8B,6,2,1,80.81936405505985,1,1,True
vllm,shared,deepseek-ai/DeepSeek-R1-Distill-Llama-8B,6,2,2,83.31064996309578,1,1,True
vllm,shared,deepseek-ai/DeepSeek-R1-Distill-Llama-8B,6,2,3,82.2504380485043,1,1,True
vllm,shared,deepseek-ai/DeepSeek-R1-Distill-Llama-8B,6,2,4,82.27584802079946,1,1,True
vllm,shared,deepseek-ai/DeepSeek-R1-Distill-Llama-8B,6,2,5,84.29492393042892,1,1,True
vllm,shared,deepseek-ai/DeepSeek-R1-Distill-Llama-8B,6,2,6,82.55484001711011,1,1,True
vllm,shared,deepseek-ai/DeepSeek-R1-Distill-Llama-8B,6,2,7,83.47837789915502,1,1,True
vllm,shared,deepseek-ai/DeepSeek-R1-Distill-Llama-8B,6,2,8,82.71591190714389,1,1,True
vllm,shared,deepseek-ai/DeepSeek-R1-Distill-Llama-8B,6,2,9,83.25512905139476,1,1,True
vllm,shared,deepseek-ai/DeepSeek-R1-Distill-Llama-8B,6,3,0,84.2004589503631,3,3,True
vllm,shared,deepseek-ai/DeepSeek-R1-Distill-Llama-8B,6,3,1,84.65484401676804,3,3,True
vllm,shared,deepseek-ai/DeepSeek-R1-Distill-Llama-8B,6,3,2,82.2708549676463,3,3,True
vllm,shared,deepseek-ai/DeepSeek-R1-Distill-Llama-8B,6,3,3,81.00766805000603,3,3,True
vllm,shared,deepseek-ai/DeepSeek-R1-Distill-Llama-8B,6,3,4,83.57578597497195,3,3,True
vllm,shared,deepseek-ai/DeepSeek-R1-Distill-Llama-8B,6,3,5,83.18156097084284,3,3,True
vllm,shared,deepseek-ai/DeepSeek-R1-Distill-Llama-8B,6,3,6,83.03475996945053,3,3,True
vllm,shared,deepseek-ai/DeepSeek-R1-Distill-Llama-8B,6,3,7,84.33017204515636,3,3,True
vllm,shared,deepseek-ai/DeepSeek-R1-Distill-Llama-8B,6,3,8,84.48786800727248,3,3,True
vllm,shared,deepseek-ai/DeepSeek-R1-Distill-Llama-8B,6,3,9,84.73396499175578,3,3,True
vllm,shared,deepseek-ai/DeepSeek-R1-Distill-Llama-8B,6,4,0,81.74258202780038,3,2,False
vllm,shared,deepseek-ai/DeepSeek-R1-Distill-Llama-8B,6,4,1,81.73567103222013,3,2,False
vllm,shared,deepseek-ai/DeepSeek-R1-Distill-Llama-8B,6,4,2,81.71197399497032,3,2,False
vllm,shared,deepseek-ai/DeepSeek-R1-Distill-Llama-8B,6,4,3,82.04234298318624,3,2,False
vllm,shared,deepseek-ai/DeepSeek-R1-Distill-Llama-8B,6,4,4,82.61253603268415,3,2,False
vllm,shared,deepseek-ai/DeepSeek-R1-Distill-Llama-8B,6,4,5,84.38903593923897,3,2,False
vllm,shared,deepseek-ai/DeepSeek-R1-Distill-Llama-8B,6,4,6,84.22572305426002,3,2,False
vllm,shared,deepseek-ai/DeepSeek-R1-Distill-Llama-8B,6,4,7,82.64314394909889,3,2,False
vllm,shared,deepseek-ai/DeepSeek-R1-Distill-Llama-8B,6,4,8,83.67938606534153,3,2,False
vllm,shared,deepseek-ai/DeepSeek-R1-Distill-Llama-8B,6,4,9,83.54905003216118,3,2,False
vllm,shared,deepseek-ai/DeepSeek-R1-Distill-Llama-8B,6,5,0,82.40117493551224,4,4,True
vllm,shared,deepseek-ai/DeepSeek-R1-Distill-Llama-8B,6,5,1,84.26482800859958,4,4,True
vllm,shared,deepseek-ai/DeepSeek-R1-Distill-Llama-8B,6,5,2,83.17789703141898,4,4,True
vllm,shared,deepseek-ai/DeepSeek-R1-Distill-Llama-8B,6,5,3,83.09901703614742,4,4,True
vllm,shared,deepseek-ai/DeepSeek-R1-Distill-Llama-8B,6,5,4,79.92445002309978,4,4,True
vllm,shared,deepseek-ai/DeepSeek-R1-Distill-Llama-8B,6,5,5,81.92493498791009,4,4,True
vllm,shared,deepseek-ai/DeepSeek-R1-Distill-Llama-8B,6,5,6,83.12154596205801,4,4,True
vllm,shared,deepseek-ai/DeepSeek-R1-Distill-Llama-8B,6,5,7,84.74263595417142,4,4,True
vllm,shared,deepseek-ai/DeepSeek-R1-Distill-Llama-8B,6,5,8,82.47048803605139,4,4,True
vllm,shared,deepseek-ai/DeepSeek-R1-Distill-Llama-8B,6,5,9,84.06054007355124,4,4,True
vllm,shared,deepseek-ai/DeepSeek-R1-Distill-Llama-8B,7,0,0,83.48125696647912,5,5,True
vllm,shared,deepseek-ai/DeepSeek-R1-Distill-Llama-8B,7,0,1,81.99754194356501,5,5,True
vllm,shared,deepseek-ai/DeepSeek-R1-Distill-Llama-8B,7,0,2,83.71391403488815,5,5,True
vllm,shared,deepseek-ai/DeepSeek-R1-Distill-Llama-8B,7,0,3,82.70610508043319,5,5,True
vllm,shared,deepseek-ai/DeepSeek-R1-Distill-Llama-8B,7,0,4,81.25266106799245,5,5,True
vllm,shared,deepseek-ai/DeepSeek-R1-Distill-Llama-8B,7,0,5,80.07741102483124,5,5,True
vllm,shared,deepseek-ai/DeepSeek-R1-Distill-Llama-8B,7,0,6,83.30567390657961,5,5,True
vllm,shared,deepseek-ai/DeepSeek-R1-Distill-Llama-8B,7,0,7,83.05656898301095,5,5,True
vllm,shared,deepseek-ai/DeepSeek-R1-Distill-Llama-8B,7,0,8,83.72973895166069,5,5,True
vllm,shared,deepseek-ai/DeepSeek-R1-Distill-Llama-8B,7,0,9,83.27378507237881,5,5,True
vllm,shared,deepseek-ai/DeepSeek-R1-Distill-Llama-8B,7,1,0,83.10424897354096,8,8,True
vllm,shared,deepseek-ai/DeepSeek-R1-Distill-Llama-8B,7,1,1,84.38250806648284,8,8,True
vllm,shared,deepseek-ai/DeepSeek-R1-Distill-Llama-8B,7,1,2,82.82181597314775,8,8,True
vllm,shared,deepseek-ai/DeepSeek-R1-Distill-Llama-8B,7,1,3,82.91805698536336,8,8,True
vllm,shared,deepseek-ai/DeepSeek-R1-Distill-Llama-8B,7,1,4,84.08748300280422,8,8,True
vllm,shared,deepseek-ai/DeepSeek-R1-Distill-Llama-8B,7,1,5,83.75778701156378,8,8,True
vllm,shared,deepseek-ai/DeepSeek-R1-Distill-Llama-8B,7,1,6,83.05479306727648,8,8,True
vllm,shared,deepseek-ai/DeepSeek-R1-Distill-Llama-8B,7,1,7,83.15732202026993,8,8,True
vllm,shared,deepseek-ai/DeepSeek-R1-Distill-Llama-8B,7,1,8,79.72848205827177,8,8,True
vllm,shared,deepseek-ai/DeepSeek-R1-Distill-Llama-8B,7,1,9,83.58297008089721,8,8,True
vllm,shared,deepseek-ai/DeepSeek-R1-Distill-Llama-8B,7,2,0,80.49936394672841,0,0,True
vllm,shared,deepseek-ai/DeepSeek-R1-Distill-Llama-8B,7,2,1,81.85995800886303,0,0,True
vllm,shared,deepseek-ai/DeepSeek-R1-Distill-Llama-8B,7,2,2,83.42385001014918,0,0,True
vllm,shared,deepseek-ai/DeepSeek-R1-Distill-Llama-8B,7,2,3,83.2613700767979,0,0,True
vllm,shared,deepseek-ai/DeepSeek-R1-Distill-Llama-8B,7,2,4,84.0151789598167,0,0,True
vllm,shared,deepseek-ai/DeepSeek-R1-Distill-Llama-8B,7,2,5,84.39508406445384,0,0,True
vllm,shared,deepseek-ai/DeepSeek-R1-Distill-Llama-8B,7,2,6,84.84569296706468,0,0,True
vllm,shared,deepseek-ai/DeepSeek-R1-Distill-Llama-8B,7,2,7,82.78005593456328,0,0,True
vllm,shared,deepseek-ai/DeepSeek-R1-Distill-Llama-8B,7,2,8,83.6581060430035,0,0,True
vllm,shared,deepseek-ai/DeepSeek-R1-Distill-Llama-8B,7,2,9,83.63877795636654,0,0,True
vllm,shared,deepseek-ai/DeepSeek-R1-Distill-Llama-8B,7,3,0,84.49204394128174,1,1,True
vllm,shared,deepseek-ai/DeepSeek-R1-Distill-Llama-8B,7,3,1,79.75212996825576,1,1,True
vllm,shared,deepseek-ai/DeepSeek-R1-Distill-Llama-8B,7,3,2,84.03780299704522,1,1,True
vllm,shared,deepseek-ai/DeepSeek-R1-Distill-Llama-8B,7,3,3,84.01205902919173,1,1,True
vllm,shared,deepseek-ai/DeepSeek-R1-Distill-Llama-8B,7,3,4,83.04704900365323,1,1,True
vllm,shared,deepseek-ai/DeepSeek-R1-Distill-Llama-8B,7,3,5,84.53329198528081,1,1,True
vllm,shared,deepseek-ai/DeepSeek-R1-Distill-Llama-8B,7,3,6,83.0867289332673,1,1,True
vllm,shared,deepseek-ai/DeepSeek-R1-Distill-Llama-8B,7,3,7,83.21248891297728,1,1,True
vllm,shared,deepseek-ai/DeepSeek-R1-Distill-Llama-8B,7,3,8,84.0294350637123,1,1,True
vllm,shared,deepseek-ai/DeepSeek-R1-Distill-Llama-8B,7,3,9,83.03288905881345,1,1,True
vllm,shared,deepseek-ai/DeepSeek-R1-Distill-Llama-8B,7,4,0,82.88760902360082,4,4,True
vllm,shared,deepseek-ai/DeepSeek-R1-Distill-Llama-8B,7,4,1,82.39336707629263,4,4,True
vllm,shared,deepseek-ai/DeepSeek-R1-Distill-Llama-8B,7,4,2,83.21548101957887,4,4,True
vllm,shared,deepseek-ai/DeepSeek-R1-Distill-Llama-8B,7,4,3,81.76872704643756,4,4,True
vllm,shared,deepseek-ai/DeepSeek-R1-Distill-Llama-8B,7,4,4,80.23027505259961,4,4,True
vllm,shared,deepseek-ai/DeepSeek-R1-Distill-Llama-8B,7,4,5,82.7284730039537,4,4,True
vllm,shared,deepseek-ai/DeepSeek-R1-Distill-Llama-8B,7,4,6,82.57349603809416,4,4,True
vllm,shared,deepseek-ai/DeepSeek-R1-Distill-Llama-8B,7,4,7,83.29637802671641,4,4,True
vllm,shared,deepseek-ai/DeepSeek-R1-Distill-Llama-8B,7,4,8,83.23208999354392,4,4,True
vllm,shared,deepseek-ai/DeepSeek-R1-Distill-Llama-8B,7,4,9,81.93610201124102,4,4,True
vllm,shared,deepseek-ai/DeepSeek-R1-Distill-Llama-8B,7,5,0,82.86047307774425,5,5,True
vllm,shared,deepseek-ai/DeepSeek-R1-Distill-Llama-8B,7,5,1,82.5187269365415,5,5,True
vllm,shared,deepseek-ai/DeepSeek-R1-Distill-Llama-8B,7,5,2,82.77887292206287,5,5,True
vllm,shared,deepseek-ai/DeepSeek-R1-Distill-Llama-8B,7,5,3,82.56722404621542,5,5,True
vllm,shared,deepseek-ai/DeepSeek-R1-Distill-Llama-8B,7,5,4,83.39001005515456,5,5,True
vllm,shared,deepseek-ai/DeepSeek-R1-Distill-Llama-8B,7,5,5,79.84049897640944,5,5,True
vllm,shared,deepseek-ai/DeepSeek-R1-Distill-Llama-8B,7,5,6,82.54911203403026,5,5,True
vllm,shared,deepseek-ai/DeepSeek-R1-Distill-Llama-8B,7,5,7,82.6303280191496,5,5,True
vllm,shared,deepseek-ai/DeepSeek-R1-Distill-Llama-8B,7,5,8,81.47115795873106,5,5,True
vllm,shared,deepseek-ai/DeepSeek-R1-Distill-Llama-8B,7,5,9,82.1255590999499,5,5,True
vllm,shared,deepseek-ai/DeepSeek-R1-Distill-Llama-8B,8,0,0,83.33952899556607,2,2,True
vllm,shared,deepseek-ai/DeepSeek-R1-Distill-Llama-8B,8,0,1,83.3212899742648,2,2,True
vllm,shared,deepseek-ai/DeepSeek-R1-Distill-Llama-8B,8,0,2,80.412691924721,2,2,True
vllm,shared,deepseek-ai/DeepSeek-R1-Distill-Llama-8B,8,0,3,83.5950180189684,2,2,True
vllm,shared,deepseek-ai/DeepSeek-R1-Distill-Llama-8B,8,0,4,85.04548494238406,2,2,True
vllm,shared,deepseek-ai/DeepSeek-R1-Distill-Llama-8B,8,0,5,83.0142330378294,2,2,True
vllm,shared,deepseek-ai/DeepSeek-R1-Distill-Llama-8B,8,0,6,83.49388209171593,2,2,True
vllm,shared,deepseek-ai/DeepSeek-R1-Distill-Llama-8B,8,0,7,83.69951404165477,2,2,True
vllm,shared,deepseek-ai/DeepSeek-R1-Distill-Llama-8B,8,0,8,84.0510199777782,2,2,True
vllm,shared,deepseek-ai/DeepSeek-R1-Distill-Llama-8B,8,0,9,82.98311301041394,2,2,True
vllm,shared,deepseek-ai/DeepSeek-R1-Distill-Llama-8B,8,1,0,83.58949807006866,7,7,True
vllm,shared,deepseek-ai/DeepSeek-R1-Distill-Llama-8B,8,1,1,83.90938595402986,7,7,True
vllm,shared,deepseek-ai/DeepSeek-R1-Distill-Llama-8B,8,1,2,83.13776995055377,7,7,True
vllm,shared,deepseek-ai/DeepSeek-R1-Distill-Llama-8B,8,1,3,84.41820403095335,7,7,True
vllm,shared,deepseek-ai/DeepSeek-R1-Distill-Llama-8B,8,1,4,83.40276195667684,7,7,True
vllm,shared,deepseek-ai/DeepSeek-R1-Distill-Llama-8B,8,1,5,83.03573704324663,7,7,True
vllm,shared,deepseek-ai/DeepSeek-R1-Distill-Llama-8B,8,1,6,82.68712798599154,7,7,True
vllm,shared,deepseek-ai/DeepSeek-R1-Distill-Llama-8B,8,1,7,80.30082006007433,7,7,True
vllm,shared,deepseek-ai/DeepSeek-R1-Distill-Llama-8B,8,1,8,83.36460101418197,7,7,True
vllm,shared,deepseek-ai/DeepSeek-R1-Distill-Llama-8B,8,1,9,82.74240791797638,7,7,True
vllm,shared,deepseek-ai/DeepSeek-R1-Distill-Llama-8B,8,2,0,84.40127596259117,8,8,True
vllm,shared,deepseek-ai/DeepSeek-R1-Distill-Llama-8B,8,2,1,84.03394697234035,8,8,True
vllm,shared,deepseek-ai/DeepSeek-R1-Distill-Llama-8B,8,2,2,82.69764005672187,8,8,True
vllm,shared,deepseek-ai/DeepSeek-R1-Distill-Llama-8B,8,2,3,82.45359209831804,8,8,True
vllm,shared,deepseek-ai/DeepSeek-R1-Distill-Llama-8B,8,2,4,84.18028301093727,8,8,True
vllm,shared,deepseek-ai/DeepSeek-R1-Distill-Llama-8B,8,2,5,83.815578953363,8,8,True
vllm,shared,deepseek-ai/DeepSeek-R1-Distill-Llama-8B,8,2,6,83.09760899282992,8,8,True
vllm,shared,deepseek-ai/DeepSeek-R1-Distill-Llama-8B,8,2,7,83.79682700615376,8,8,True
vllm,shared,deepseek-ai/DeepSeek-R1-Distill-Llama-8B,8,2,8,79.40016197972,8,8,True
vllm,shared,deepseek-ai/DeepSeek-R1-Distill-Llama-8B,8,2,9,82.6951120980084,8,8,True
vllm,shared,deepseek-ai/DeepSeek-R1-Distill-Llama-8B,8,3,0,83.655338967219,4,4,True
vllm,shared,deepseek-ai/DeepSeek-R1-Distill-Llama-8B,8,3,1,84.16325901634991,4,4,True
vllm,shared,deepseek-ai/DeepSeek-R1-Distill-Llama-8B,8,3,2,84.59719701204449,4,4,True
vllm,shared,deepseek-ai/DeepSeek-R1-Distill-Llama-8B,8,3,3,83.0494649708271,4,4,True
vllm,shared,deepseek-ai/DeepSeek-R1-Distill-Llama-8B,8,3,4,81.11998904496431,4,4,True
vllm,shared,deepseek-ai/DeepSeek-R1-Distill-Llama-8B,8,3,5,83.65900302305818,4,4,True
vllm,shared,deepseek-ai/DeepSeek-R1-Distill-Llama-8B,8,3,6,85.68670297972858,4,4,True
vllm,shared,deepseek-ai/DeepSeek-R1-Distill-Llama-8B,8,3,7,84.7217720001936,4,4,True
vllm,shared,deepseek-ai/DeepSeek-R1-Distill-Llama-8B,8,3,8,84.62610910646617,4,4,True
vllm,shared,deepseek-ai/DeepSeek-R1-Distill-Llama-8B,8,3,9,84.61553195957094,4,4,True
vllm,shared,deepseek-ai/DeepSeek-R1-Distill-Llama-8B,8,4,0,83.08468095492572,9,9,True
vllm,shared,deepseek-ai/DeepSeek-R1-Distill-Llama-8B,8,4,1,83.32536893431097,9,9,True
vllm,shared,deepseek-ai/DeepSeek-R1-Distill-Llama-8B,8,4,2,81.42904506530613,9,9,True
vllm,shared,deepseek-ai/DeepSeek-R1-Distill-Llama-8B,8,4,3,82.96711195725948,9,9,True
vllm,shared,deepseek-ai/DeepSeek-R1-Distill-Llama-8B,8,4,4,83.35596101824194,9,9,True
vllm,shared,deepseek-ai/DeepSeek-R1-Distill-Llama-8B,8,4,5,82.82063202932477,9,9,True
vllm,shared,deepseek-ai/DeepSeek-R1-Distill-Llama-8B,8,4,6,83.23777001351118,9,9,True
vllm,shared,deepseek-ai/DeepSeek-R1-Distill-Llama-8B,8,4,7,82.1229990106076,9,9,True
vllm,shared,deepseek-ai/DeepSeek-R1-Distill-Llama-8B,8,4,8,82.38684001844376,9,9,True
vllm,shared,deepseek-ai/DeepSeek-R1-Distill-Llama-8B,8,4,9,79.10491293296218,9,9,True
vllm,shared,deepseek-ai/DeepSeek-R1-Distill-Llama-8B,8,5,0,83.41786602977663,5,5,True
vllm,shared,deepseek-ai/DeepSeek-R1-Distill-Llama-8B,8,5,1,82.01242191717029,5,5,True
vllm,shared,deepseek-ai/DeepSeek-R1-Distill-Llama-8B,8,5,2,82.26616808678955,5,5,True
vllm,shared,deepseek-ai/DeepSeek-R1-Distill-Llama-8B,8,5,3,82.19136693514884,5,5,True
vllm,shared,deepseek-ai/DeepSeek-R1-Distill-Llama-8B,8,5,4,83.3699939539656,5,5,True
vllm,shared,deepseek-ai/DeepSeek-R1-Distill-Llama-8B,8,5,5,79.80008295271546,5,5,True
vllm,shared,deepseek-ai/DeepSeek-R1-Distill-Llama-8B,8,5,6,83.04005698300898,5,5,True
vllm,shared,deepseek-ai/DeepSeek-R1-Distill-Llama-8B,8,5,7,83.72335392050445,5,5,True
vllm,shared,deepseek-ai/DeepSeek-R1-Distill-Llama-8B,8,5,8,83.92647397704422,5,5,True
vllm,shared,deepseek-ai/DeepSeek-R1-Distill-Llama-8B,8,5,9,82.39080803468823,5,5,True
vllm,shared,deepseek-ai/DeepSeek-R1-Distill-Llama-8B,9,0,0,80.06797102279961,0,0,True
vllm,shared,deepseek-ai/DeepSeek-R1-Distill-Llama-8B,9,0,1,84.54716391861439,0,0,True
vllm,shared,deepseek-ai/DeepSeek-R1-Distill-Llama-8B,9,0,2,84.84489202965051,0,0,True
vllm,shared,deepseek-ai/DeepSeek-R1-Distill-Llama-8B,9,0,3,83.68290599901229,0,0,True
vllm,shared,deepseek-ai/DeepSeek-R1-Distill-Llama-8B,9,0,4,83.86223507113755,0,0,True
vllm,shared,deepseek-ai/DeepSeek-R1-Distill-Llama-8B,9,0,5,83.98664998821914,0,0,True
vllm,shared,deepseek-ai/DeepSeek-R1-Distill-Llama-8B,9,0,6,83.32842600066215,0,0,True
vllm,shared,deepseek-ai/DeepSeek-R1-Distill-Llama-8B,9,0,7,83.85119494050741,0,0,True
vllm,shared,deepseek-ai/DeepSeek-R1-Distill-Llama-8B,9,0,8,82.51109591219574,0,0,True
vllm,shared,deepseek-ai/DeepSeek-R1-Distill-Llama-8B,9,0,9,83.52084190119058,0,0,True
vllm,shared,deepseek-ai/DeepSeek-R1-Distill-Llama-8B,9,1,0,83.22480996139348,6,6,True
vllm,shared,deepseek-ai/DeepSeek-R1-Distill-Llama-8B,9,1,1,83.49031396210194,6,6,True
vllm,shared,deepseek-ai/DeepSeek-R1-Distill-Llama-8B,9,1,2,83.76927499193698,6,6,True
vllm,shared,deepseek-ai/DeepSeek-R1-Distill-Llama-8B,9,1,3,83.99335492867976,6,6,True
vllm,shared,deepseek-ai/DeepSeek-R1-Distill-Llama-8B,9,1,4,83.98135495372117,6,6,True
vllm,shared,deepseek-ai/DeepSeek-R1-Distill-Llama-8B,9,1,5,83.18890607915819,6,6,True
vllm,shared,deepseek-ai/DeepSeek-R1-Distill-Llama-8B,9,1,6,79.18556907679886,6,6,True
vllm,shared,deepseek-ai/DeepSeek-R1-Distill-Llama-8B,9,1,7,83.67389894556254,6,6,True
vllm,shared,deepseek-ai/DeepSeek-R1-Distill-Llama-8B,9,1,8,83.35802494548261,6,6,True
vllm,shared,deepseek-ai/DeepSeek-R1-Distill-Llama-8B,9,1,9,83.4335619583726,6,6,True
vllm,shared,deepseek-ai/DeepSeek-R1-Distill-Llama-8B,9,2,0,82.51397602725774,2,2,True
vllm,shared,deepseek-ai/DeepSeek-R1-Distill-Llama-8B,9,2,1,83.9798511005938,2,2,True
vllm,shared,deepseek-ai/DeepSeek-R1-Distill-Llama-8B,9,2,2,79.97453107964247,2,2,True
vllm,shared,deepseek-ai/DeepSeek-R1-Distill-Llama-8B,9,2,3,84.04319500550628,2,2,True
vllm,shared,deepseek-ai/DeepSeek-R1-Distill-Llama-8B,9,2,4,84.09504999872297,2,2,True
vllm,shared,deepseek-ai/DeepSeek-R1-Distill-Llama-8B,9,2,5,83.35772203281522,2,2,True
vllm,shared,deepseek-ai/DeepSeek-R1-Distill-Llama-8B,9,2,6,81.7873029736802,2,2,True
vllm,shared,deepseek-ai/DeepSeek-R1-Distill-Llama-8B,9,2,7,83.02980090957135,2,2,True
vllm,shared,deepseek-ai/DeepSeek-R1-Distill-Llama-8B,9,2,8,84.16074700653553,2,2,True
vllm,shared,deepseek-ai/DeepSeek-R1-Distill-Llama-8B,9,2,9,83.44959409441799,2,2,True
vllm,shared,deepseek-ai/DeepSeek-R1-Distill-Llama-8B,9,3,0,83.61407392658293,9,9,True
vllm,shared,deepseek-ai/DeepSeek-R1-Distill-Llama-8B,9,3,1,84.59767594467849,9,9,True
vllm,shared,deepseek-ai/DeepSeek-R1-Distill-Llama-8B,9,3,2,83.59586598817259,9,9,True
vllm,shared,deepseek-ai/DeepSeek-R1-Distill-Llama-8B,9,3,3,83.42999394517392,9,9,True
vllm,shared,deepseek-ai/DeepSeek-R1-Distill-Llama-8B,9,3,4,83.60269898548722,9,9,True
vllm,shared,deepseek-ai/DeepSeek-R1-Distill-Llama-8B,9,3,5,83.30242498777807,9,9,True
vllm,shared,deepseek-ai/DeepSeek-R1-Distill-Llama-8B,9,3,6,83.20157800335437,9,9,True
vllm,shared,deepseek-ai/DeepSeek-R1-Distill-Llama-8B,9,3,7,83.41714600101113,9,9,True
vllm,shared,deepseek-ai/DeepSeek-R1-Distill-Llama-8B,9,3,8,84.23786796629429,9,9,True
vllm,shared,deepseek-ai/DeepSeek-R1-Distill-Llama-8B,9,3,9,80.70602000225335,9,9,True
vllm,shared,deepseek-ai/DeepSeek-R1-Distill-Llama-8B,9,4,0,82.36901508644223,6,6,True
vllm,shared,deepseek-ai/DeepSeek-R1-Distill-Llama-8B,9,4,1,80.43494808953255,6,6,True
vllm,shared,deepseek-ai/DeepSeek-R1-Distill-Llama-8B,9,4,2,82.04123901668936,6,6,True
vllm,shared,deepseek-ai/DeepSeek-R1-Distill-Llama-8B,9,4,3,81.89400704577565,6,6,True
vllm,shared,deepseek-ai/DeepSeek-R1-Distill-Llama-8B,9,4,4,82.1982950437814,6,6,True
vllm,shared,deepseek-ai/DeepSeek-R1-Distill-Llama-8B,9,4,5,82.86621700972319,6,6,True
vllm,shared,deepseek-ai/DeepSeek-R1-Distill-Llama-8B,9,4,6,79.21205007005483,6,6,True
vllm,shared,deepseek-ai/DeepSeek-R1-Distill-Llama-8B,9,4,7,82.82471296843141,6,6,True
vllm,shared,deepseek-ai/DeepSeek-R1-Distill-Llama-8B,9,4,8,83.64621794316918,6,6,True
vllm,shared,deepseek-ai/DeepSeek-R1-Distill-Llama-8B,9,4,9,82.77805696707219,6,6,True
vllm,shared,deepseek-ai/DeepSeek-R1-Distill-Llama-8B,9,5,0,82.73741707671434,6,6,True
vllm,shared,deepseek-ai/DeepSeek-R1-Distill-Llama-8B,9,5,1,83.90242606401443,6,6,True
vllm,shared,deepseek-ai/DeepSeek-R1-Distill-Llama-8B,9,5,2,81.73058193642646,6,6,True
vllm,shared,deepseek-ai/DeepSeek-R1-Distill-Llama-8B,9,5,3,82.38524000626057,6,6,True
vllm,shared,deepseek-ai/DeepSeek-R1-Distill-Llama-8B,9,5,4,81.99003897607327,6,6,True
vllm,shared,deepseek-ai/DeepSeek-R1-Distill-Llama-8B,9,5,5,83.06660095695406,6,6,True
vllm,shared,deepseek-ai/DeepSeek-R1-Distill-Llama-8B,9,5,6,78.22155195754021,6,6,True
vllm,shared,deepseek-ai/DeepSeek-R1-Distill-Llama-8B,9,5,7,83.07564107235521,6,6,True
vllm,shared,deepseek-ai/DeepSeek-R1-Distill-Llama-8B,9,5,8,82.76831300463527,6,6,True
vllm,shared,deepseek-ai/DeepSeek-R1-Distill-Llama-8B,9,5,9,83.27568997628987,6,6,True
vllm,shared,deepseek-ai/DeepSeek-R1-Distill-Llama-8B,10,0,0,80.54090093355626,0,0,True
vllm,shared,deepseek-ai/DeepSeek-R1-Distill-Llama-8B,10,0,1,82.5940080685541,0,0,True
vllm,shared,deepseek-ai/DeepSeek-R1-Distill-Llama-8B,10,0,2,83.34165799897164,0,0,True
vllm,shared,deepseek-ai/DeepSeek-R1-Distill-Llama-8B,10,0,3,83.37071409914643,0,0,True
vllm,shared,deepseek-ai/DeepSeek-R1-Distill-Llama-8B,10,0,4,84.37625190708786,0,0,True
vllm,shared,deepseek-ai/DeepSeek-R1-Distill-Llama-8B,10,0,5,84.00985097978264,0,0,True
vllm,shared,deepseek-ai/DeepSeek-R1-Distill-Llama-8B,10,0,6,84.45871702861041,0,0,True
vllm,shared,deepseek-ai/DeepSeek-R1-Distill-Llama-8B,10,0,7,83.41589698102325,0,0,True
vllm,shared,deepseek-ai/DeepSeek-R1-Distill-Llama-8B,10,0,8,84.30637896526605,0,0,True
vllm,shared,deepseek-ai/DeepSeek-R1-Distill-Llama-8B,10,0,9,83.61481002066284,0,0,True
vllm,shared,deepseek-ai/DeepSeek-R1-Distill-Llama-8B,10,1,0,80.74640505947173,0,0,True
vllm,shared,deepseek-ai/DeepSeek-R1-Distill-Llama-8B,10,1,1,83.98716291412711,0,0,True
vllm,shared,deepseek-ai/DeepSeek-R1-Distill-Llama-8B,10,1,2,83.87007494457066,0,0,True
vllm,shared,deepseek-ai/DeepSeek-R1-Distill-Llama-8B,10,1,3,84.11266701295972,0,0,True
vllm,shared,deepseek-ai/DeepSeek-R1-Distill-Llama-8B,10,1,4,84.37086001504213,0,0,True
vllm,shared,deepseek-ai/DeepSeek-R1-Distill-Llama-8B,10,1,5,84.71349999308586,0,0,True
vllm,shared,deepseek-ai/DeepSeek-R1-Distill-Llama-8B,10,1,6,84.70498793758452,0,0,True
vllm,shared,deepseek-ai/DeepSeek-R1-Distill-Llama-8B,10,1,7,83.6680419743061,0,0,True
vllm,shared,deepseek-ai/DeepSeek-R1-Distill-Llama-8B,10,1,8,84.43767495919019,0,0,True
vllm,shared,deepseek-ai/DeepSeek-R1-Distill-Llama-8B,10,1,9,83.4828260121867,0,0,True
vllm,shared,deepseek-ai/DeepSeek-R1-Distill-Llama-8B,10,2,0,83.11940194107592,7,7,True
vllm,shared,deepseek-ai/DeepSeek-R1-Distill-Llama-8B,10,2,1,83.15740106627345,7,7,True
vllm,shared,deepseek-ai/DeepSeek-R1-Distill-Llama-8B,10,2,2,83.83957901969552,7,7,True
vllm,shared,deepseek-ai/DeepSeek-R1-Distill-Llama-8B,10,2,3,84.05708300415426,7,7,True
vllm,shared,deepseek-ai/DeepSeek-R1-Distill-Llama-8B,10,2,4,83.5204089526087,7,7,True
vllm,shared,deepseek-ai/DeepSeek-R1-Distill-Llama-8B,10,2,5,84.61261994671077,7,7,True
vllm,shared,deepseek-ai/DeepSeek-R1-Distill-Llama-8B,10,2,6,84.58001201506704,7,7,True
vllm,shared,deepseek-ai/DeepSeek-R1-Distill-Llama-8B,10,2,7,79.46873805485666,7,7,True
vllm,shared,deepseek-ai/DeepSeek-R1-Distill-Llama-8B,10,2,8,85.06654191296548,7,7,True
vllm,shared,deepseek-ai/DeepSeek-R1-Distill-Llama-8B,10,2,9,83.64999399054796,7,7,True
vllm,shared,deepseek-ai/DeepSeek-R1-Distill-Llama-8B,10,3,0,86.2184789730236,3,3,True
vllm,shared,deepseek-ai/DeepSeek-R1-Distill-Llama-8B,10,3,1,83.42218492180109,3,3,True
vllm,shared,deepseek-ai/DeepSeek-R1-Distill-Llama-8B,10,3,2,84.05887498520315,3,3,True
vllm,shared,deepseek-ai/DeepSeek-R1-Distill-Llama-8B,10,3,3,80.04614699166268,3,3,True
vllm,shared,deepseek-ai/DeepSeek-R1-Distill-Llama-8B,10,3,4,83.86066695675254,3,3,True
vllm,shared,deepseek-ai/DeepSeek-R1-Distill-Llama-8B,10,3,5,83.84980203118175,3,3,True
vllm,shared,deepseek-ai/DeepSeek-R1-Distill-Llama-8B,10,3,6,84.49470007326454,3,3,True
vllm,shared,deepseek-ai/DeepSeek-R1-Distill-Llama-8B,10,3,7,84.27135506644845,3,3,True
vllm,shared,deepseek-ai/DeepSeek-R1-Distill-Llama-8B,10,3,8,84.6582530066371,3,3,True
vllm,shared,deepseek-ai/DeepSeek-R1-Distill-Llama-8B,10,3,9,84.71657300833613,3,3,True
vllm,shared,deepseek-ai/DeepSeek-R1-Distill-Llama-8B,10,4,0,84.08567495644093,7,7,True
vllm,shared,deepseek-ai/DeepSeek-R1-Distill-Llama-8B,10,4,1,82.31432805769145,7,7,True
vllm,shared,deepseek-ai/DeepSeek-R1-Distill-Llama-8B,10,4,2,84.19146807864308,7,7,True
vllm,shared,deepseek-ai/DeepSeek-R1-Distill-Llama-8B,10,4,3,83.00652098841965,7,7,True
vllm,shared,deepseek-ai/DeepSeek-R1-Distill-Llama-8B,10,4,4,83.58525799121708,7,7,True
vllm,shared,deepseek-ai/DeepSeek-R1-Distill-Llama-8B,10,4,5,83.71295395772904,7,7,True
vllm,shared,deepseek-ai/DeepSeek-R1-Distill-Llama-8B,10,4,6,81.55647001694888,7,7,True
vllm,shared,deepseek-ai/DeepSeek-R1-Distill-Llama-8B,10,4,7,80.8830609312281,7,7,True
vllm,shared,deepseek-ai/DeepSeek-R1-Distill-Llama-8B,10,4,8,83.86849099770188,7,7,True
vllm,shared,deepseek-ai/DeepSeek-R1-Distill-Llama-8B,10,4,9,82.74431200698018,7,7,True
vllm,shared,deepseek-ai/DeepSeek-R1-Distill-Llama-8B,10,5,0,82.92807301040739,8,8,True
vllm,shared,deepseek-ai/DeepSeek-R1-Distill-Llama-8B,10,5,1,82.32407097239047,8,8,True
vllm,shared,deepseek-ai/DeepSeek-R1-Distill-Llama-8B,10,5,2,82.6424399856478,8,8,True
vllm,shared,deepseek-ai/DeepSeek-R1-Distill-Llama-8B,10,5,3,83.33970606327057,8,8,True
vllm,shared,deepseek-ai/DeepSeek-R1-Distill-Llama-8B,10,5,4,82.32845598831773,8,8,True
vllm,shared,deepseek-ai/DeepSeek-R1-Distill-Llama-8B,10,5,5,82.89642492309213,8,8,True
vllm,shared,deepseek-ai/DeepSeek-R1-Distill-Llama-8B,10,5,6,83.74873094726354,8,8,True
vllm,shared,deepseek-ai/DeepSeek-R1-Distill-Llama-8B,10,5,7,81.75512705929577,8,8,True
vllm,shared,deepseek-ai/DeepSeek-R1-Distill-Llama-8B,10,5,8,79.55214602407068,8,8,True
vllm,shared,deepseek-ai/DeepSeek-R1-Distill-Llama-8B,10,5,9,82.91240897960961,8,8,True
vllm,shared,deepseek-ai/DeepSeek-R1-Distill-Llama-8B,11,0,0,84.64725990779698,6,6,True
vllm,shared,deepseek-ai/DeepSeek-R1-Distill-Llama-8B,11,0,1,84.3608119757846,6,6,True
vllm,shared,deepseek-ai/DeepSeek-R1-Distill-Llama-8B,11,0,2,83.56767403893173,6,6,True
vllm,shared,deepseek-ai/DeepSeek-R1-Distill-Llama-8B,11,0,3,85.02233296167105,6,6,True
vllm,shared,deepseek-ai/DeepSeek-R1-Distill-Llama-8B,11,0,4,84.97711806558073,6,6,True
vllm,shared,deepseek-ai/DeepSeek-R1-Distill-Llama-8B,11,0,5,83.15309695899487,6,6,True
vllm,shared,deepseek-ai/DeepSeek-R1-Distill-Llama-8B,11,0,6,79.29268991574645,6,6,True
vllm,shared,deepseek-ai/DeepSeek-R1-Distill-Llama-8B,11,0,7,83.74167501460761,6,6,True
vllm,shared,deepseek-ai/DeepSeek-R1-Distill-Llama-8B,11,0,8,83.43964302912354,6,6,True
vllm,shared,deepseek-ai/DeepSeek-R1-Distill-Llama-8B,11,0,9,83.18244095426053,6,6,True
vllm,shared,deepseek-ai/DeepSeek-R1-Distill-Llama-8B,11,1,0,83.92549899872392,9,9,True
vllm,shared,deepseek-ai/DeepSeek-R1-Distill-Llama-8B,11,1,1,83.7544749956578,9,9,True
vllm,shared,deepseek-ai/DeepSeek-R1-Distill-Llama-8B,11,1,2,84.28455493412912,9,9,True
vllm,shared,deepseek-ai/DeepSeek-R1-Distill-Llama-8B,11,1,3,83.44106609001756,9,9,True
vllm,shared,deepseek-ai/DeepSeek-R1-Distill-Llama-8B,11,1,4,83.57977005653083,9,9,True
vllm,shared,deepseek-ai/DeepSeek-R1-Distill-Llama-8B,11,1,5,83.22360995225608,9,9,True
vllm,shared,deepseek-ai/DeepSeek-R1-Distill-Llama-8B,11,1,6,83.9416270609945,9,9,True
vllm,shared,deepseek-ai/DeepSeek-R1-Distill-Llama-8B,11,1,7,84.30780400522053,9,9,True
vllm,shared,deepseek-ai/DeepSeek-R1-Distill-Llama-8B,11,1,8,83.36173801217228,9,9,True
vllm,shared,deepseek-ai/DeepSeek-R1-Distill-Llama-8B,11,1,9,79.38102609477937,9,9,True
vllm,shared,deepseek-ai/DeepSeek-R1-Distill-Llama-8B,11,2,0,83.52957805618644,3,3,True
vllm,shared,deepseek-ai/DeepSeek-R1-Distill-Llama-8B,11,2,1,84.31828394532204,3,3,True
vllm,shared,deepseek-ai/DeepSeek-R1-Distill-Llama-8B,11,2,2,84.57670093048364,3,3,True
vllm,shared,deepseek-ai/DeepSeek-R1-Distill-Llama-8B,11,2,3,80.17925103195012,3,3,True
vllm,shared,deepseek-ai/DeepSeek-R1-Distill-Llama-8B,11,2,4,84.86414095386863,3,3,True
vllm,shared,deepseek-ai/DeepSeek-R1-Distill-Llama-8B,11,2,5,84.85212503001094,3,3,True
vllm,shared,deepseek-ai/DeepSeek-R1-Distill-Llama-8B,11,2,6,83.29482504632324,3,3,True
vllm,shared,deepseek-ai/DeepSeek-R1-Distill-Llama-8B,11,2,7,82.825384917669,3,3,True
vllm,shared,deepseek-ai/DeepSeek-R1-Distill-Llama-8B,11,2,8,84.14210798218846,3,3,True
vllm,shared,deepseek-ai/DeepSeek-R1-Distill-Llama-8B,11,2,9,84.56498896703124,3,3,True
vllm,shared,deepseek-ai/DeepSeek-R1-Distill-Llama-8B,11,3,0,82.96840905677527,5,5,True
vllm,shared,deepseek-ai/DeepSeek-R1-Distill-Llama-8B,11,3,1,83.68932199664414,5,5,True
vllm,shared,deepseek-ai/DeepSeek-R1-Distill-Llama-8B,11,3,2,83.19439308252186,5,5,True
vllm,shared,deepseek-ai/DeepSeek-R1-Distill-Llama-8B,11,3,3,83.05447304155678,5,5,True
vllm,shared,deepseek-ai/DeepSeek-R1-Distill-Llama-8B,11,3,4,83.91249098349363,5,5,True
vllm,shared,deepseek-ai/DeepSeek-R1-Distill-Llama-8B,11,3,5,80.22752299439162,5,5,True
vllm,shared,deepseek-ai/DeepSeek-R1-Distill-Llama-8B,11,3,6,82.53586303908378,5,5,True
vllm,shared,deepseek-ai/DeepSeek-R1-Distill-Llama-8B,11,3,7,84.33273097034544,5,5,True
vllm,shared,deepseek-ai/DeepSeek-R1-Distill-Llama-8B,11,3,8,84.15890706237406,5,5,True
vllm,shared,deepseek-ai/DeepSeek-R1-Distill-Llama-8B,11,3,9,83.82961095776409,5,5,True
vllm,shared,deepseek-ai/DeepSeek-R1-Distill-Llama-8B,11,4,0,84.66830104589462,9,9,True
vllm,shared,deepseek-ai/DeepSeek-R1-Distill-Llama-8B,11,4,1,82.98375306185335,9,9,True
vllm,shared,deepseek-ai/DeepSeek-R1-Distill-Llama-8B,11,4,2,80.83835593424737,9,9,True
vllm,shared,deepseek-ai/DeepSeek-R1-Distill-Llama-8B,11,4,3,81.80858299601823,9,9,True
vllm,shared,deepseek-ai/DeepSeek-R1-Distill-Llama-8B,11,4,4,81.50584599934518,9,9,True
vllm,shared,deepseek-ai/DeepSeek-R1-Distill-Llama-8B,11,4,5,82.79794501140714,9,9,True
vllm,shared,deepseek-ai/DeepSeek-R1-Distill-Llama-8B,11,4,6,83.25204194989055,9,9,True
vllm,shared,deepseek-ai/DeepSeek-R1-Distill-Llama-8B,11,4,7,83.90746696386486,9,9,True
vllm,shared,deepseek-ai/DeepSeek-R1-Distill-Llama-8B,11,4,8,82.60768908075988,9,9,True
vllm,shared,deepseek-ai/DeepSeek-R1-Distill-Llama-8B,11,4,9,79.78275394998491,9,9,True
vllm,shared,deepseek-ai/DeepSeek-R1-Distill-Llama-8B,11,5,0,82.58980000391603,9,9,True
vllm,shared,deepseek-ai/DeepSeek-R1-Distill-Llama-8B,11,5,1,82.98228099010885,9,9,True
vllm,shared,deepseek-ai/DeepSeek-R1-Distill-Llama-8B,11,5,2,82.30020001064986,9,9,True
vllm,shared,deepseek-ai/DeepSeek-R1-Distill-Llama-8B,11,5,3,82.82828109804541,9,9,True
vllm,shared,deepseek-ai/DeepSeek-R1-Distill-Llama-8B,11,5,4,82.01755897607654,9,9,True
vllm,shared,deepseek-ai/DeepSeek-R1-Distill-Llama-8B,11,5,5,82.44659996125847,9,9,True
vllm,shared,deepseek-ai/DeepSeek-R1-Distill-Llama-8B,11,5,6,83.57428200542927,9,9,True
vllm,shared,deepseek-ai/DeepSeek-R1-Distill-Llama-8B,11,5,7,83.12895393464714,9,9,True
vllm,shared,deepseek-ai/DeepSeek-R1-Distill-Llama-8B,11,5,8,83.21156201418489,9,9,True
vllm,shared,deepseek-ai/DeepSeek-R1-Distill-Llama-8B,11,5,9,80.32229100354016,9,9,True
vllm,shared,deepseek-ai/DeepSeek-R1-Distill-Llama-8B,12,0,0,81.60807099193335,6,6,True
vllm,shared,deepseek-ai/DeepSeek-R1-Distill-Llama-8B,12,0,1,83.88316305354238,6,6,True
vllm,shared,deepseek-ai/DeepSeek-R1-Distill-Llama-8B,12,0,2,84.29041190538555,6,6,True
vllm,shared,deepseek-ai/DeepSeek-R1-Distill-Llama-8B,12,0,3,82.63187995180488,6,6,True
vllm,shared,deepseek-ai/DeepSeek-R1-Distill-Llama-8B,12,0,4,83.85389798786491,6,6,True
vllm,shared,deepseek-ai/DeepSeek-R1-Distill-Llama-8B,12,0,5,83.6674659512937,6,6,True
vllm,shared,deepseek-ai/DeepSeek-R1-Distill-Llama-8B,12,0,6,80.22390794940293,6,6,True
vllm,shared,deepseek-ai/DeepSeek-R1-Distill-Llama-8B,12,0,7,84.85935698263347,6,6,True
vllm,shared,deepseek-ai/DeepSeek-R1-Distill-Llama-8B,12,0,8,84.05961096286774,6,6,True
vllm,shared,deepseek-ai/DeepSeek-R1-Distill-Llama-8B,12,0,9,81.85187901835889,6,6,True
vllm,shared,deepseek-ai/DeepSeek-R1-Distill-Llama-8B,12,1,0,84.47121200151742,4,4,True
vllm,shared,deepseek-ai/DeepSeek-R1-Distill-Llama-8B,12,1,1,81.33563795126975,4,4,True
vllm,shared,deepseek-ai/DeepSeek-R1-Distill-Llama-8B,12,1,2,81.90883905626833,4,4,True
vllm,shared,deepseek-ai/DeepSeek-R1-Distill-Llama-8B,12,1,3,82.10842392873019,4,4,True
vllm,shared,deepseek-ai/DeepSeek-R1-Distill-Llama-8B,12,1,4,80.33729903399944,4,4,True
vllm,shared,deepseek-ai/DeepSeek-R1-Distill-Llama-8B,12,1,5,82.22437498625368,4,4,True
vllm,shared,deepseek-ai/DeepSeek-R1-Distill-Llama-8B,12,1,6,83.86564289685339,4,4,True
vllm,shared,deepseek-ai/DeepSeek-R1-Distill-Llama-8B,12,1,7,84.84551694709808,4,4,True
vllm,shared,deepseek-ai/DeepSeek-R1-Distill-Llama-8B,12,1,8,83.98353098891675,4,4,True
vllm,shared,deepseek-ai/DeepSeek-R1-Distill-Llama-8B,12,1,9,83.46345101017505,4,4,True
vllm,shared,deepseek-ai/DeepSeek-R1-Distill-Llama-8B,12,2,0,83.7072579888627,2,2,True
vllm,shared,deepseek-ai/DeepSeek-R1-Distill-Llama-8B,12,2,1,83.3598340395838,2,2,True
vllm,shared,deepseek-ai/DeepSeek-R1-Distill-Llama-8B,12,2,2,81.15818095393479,2,2,True
vllm,shared,deepseek-ai/DeepSeek-R1-Distill-Llama-8B,12,2,3,85.19507001619786,2,2,True
vllm,shared,deepseek-ai/DeepSeek-R1-Distill-Llama-8B,12,2,4,83.80277897231281,2,2,True
vllm,shared,deepseek-ai/DeepSeek-R1-Distill-Llama-8B,12,2,5,84.22986802179366,2,2,True
vllm,shared,deepseek-ai/DeepSeek-R1-Distill-Llama-8B,12,2,6,83.92954699229449,2,2,True
vllm,shared,deepseek-ai/DeepSeek-R1-Distill-Llama-8B,12,2,7,83.87783507350832,2,2,True
vllm,shared,deepseek-ai/DeepSeek-R1-Distill-Llama-8B,12,2,8,84.40823608543724,2,2,True
vllm,shared,deepseek-ai/DeepSeek-R1-Distill-Llama-8B,12,2,9,83.22520996443927,2,2,True
vllm,shared,deepseek-ai/DeepSeek-R1-Distill-Llama-8B,12,3,0,84.79772508144379,2,2,True
vllm,shared,deepseek-ai/DeepSeek-R1-Distill-Llama-8B,12,3,1,84.17394699063152,2,2,True
vllm,shared,deepseek-ai/DeepSeek-R1-Distill-Llama-8B,12,3,2,81.10069308895618,2,2,True
vllm,shared,deepseek-ai/DeepSeek-R1-Distill-Llama-8B,12,3,3,82.56442402489483,2,2,True
vllm,shared,deepseek-ai/DeepSeek-R1-Distill-Llama-8B,12,3,4,84.84682894777507,2,2,True
vllm,shared,deepseek-ai/DeepSeek-R1-Distill-Llama-8B,12,3,5,83.52756209205836,2,2,True
vllm,shared,deepseek-ai/DeepSeek-R1-Distill-Llama-8B,12,3,6,84.10626801196486,2,2,True
vllm,shared,deepseek-ai/DeepSeek-R1-Distill-Llama-8B,12,3,7,84.05071496963501,2,2,True
vllm,shared,deepseek-ai/DeepSeek-R1-Distill-Llama-8B,12,3,8,83.2211619708687,2,2,True
vllm,shared,deepseek-ai/DeepSeek-R1-Distill-Llama-8B,12,3,9,83.04130495525897,2,2,True
vllm,shared,deepseek-ai/DeepSeek-R1-Distill-Llama-8B,12,4,0,83.05698505137116,2,2,True
vllm,shared,deepseek-ai/DeepSeek-R1-Distill-Llama-8B,12,4,1,84.08897102344781,2,2,True
vllm,shared,deepseek-ai/DeepSeek-R1-Distill-Llama-8B,12,4,2,79.43419401999563,2,2,True
vllm,shared,deepseek-ai/DeepSeek-R1-Distill-Llama-8B,12,4,3,82.88184902630746,2,2,True
vllm,shared,deepseek-ai/DeepSeek-R1-Distill-Llama-8B,12,4,4,82.65250502154231,2,2,True
vllm,shared,deepseek-ai/DeepSeek-R1-Distill-Llama-8B,12,4,5,84.05337203294039,2,2,True
vllm,shared,deepseek-ai/DeepSeek-R1-Distill-Llama-8B,12,4,6,82.34797592740506,2,2,True
vllm,shared,deepseek-ai/DeepSeek-R1-Distill-Llama-8B,12,4,7,82.13178289588541,2,2,True
vllm,shared,deepseek-ai/DeepSeek-R1-Distill-Llama-8B,12,4,8,81.55590994283557,2,2,True
vllm,shared,deepseek-ai/DeepSeek-R1-Distill-Llama-8B,12,4,9,82.15523906983435,2,2,True
vllm,shared,deepseek-ai/DeepSeek-R1-Distill-Llama-8B,12,5,0,83.42183392960578,5,5,True
vllm,shared,deepseek-ai/DeepSeek-R1-Distill-Llama-8B,12,5,1,83.4571779705584,5,5,True
vllm,shared,deepseek-ai/DeepSeek-R1-Distill-Llama-8B,12,5,2,84.04180291108787,5,5,True
vllm,shared,deepseek-ai/DeepSeek-R1-Distill-Llama-8B,12,5,3,82.22580002620816,5,5,True
vllm,shared,deepseek-ai/DeepSeek-R1-Distill-Llama-8B,12,5,4,81.80195896420628,5,5,True
vllm,shared,deepseek-ai/DeepSeek-R1-Distill-Llama-8B,12,5,5,80.01709100790322,5,5,True
vllm,shared,deepseek-ai/DeepSeek-R1-Distill-Llama-8B,12,5,6,84.06410797033459,5,5,True
vllm,shared,deepseek-ai/DeepSeek-R1-Distill-Llama-8B,12,5,7,82.46610395144671,5,5,True
vllm,shared,deepseek-ai/DeepSeek-R1-Distill-Llama-8B,12,5,8,83.94708298146725,5,5,True
vllm,shared,deepseek-ai/DeepSeek-R1-Distill-Llama-8B,12,5,9,83.58189801219851,5,5,True
vllm,shared,deepseek-ai/DeepSeek-R1-Distill-Llama-8B,13,0,0,82.44884002488106,7,7,True
vllm,shared,deepseek-ai/DeepSeek-R1-Distill-Llama-8B,13,0,1,82.66364107839763,7,7,True
vllm,shared,deepseek-ai/DeepSeek-R1-Distill-Llama-8B,13,0,2,83.35677802097052,7,7,True
vllm,shared,deepseek-ai/DeepSeek-R1-Distill-Llama-8B,13,0,3,84.92799696978182,7,7,True
vllm,shared,deepseek-ai/DeepSeek-R1-Distill-Llama-8B,13,0,4,81.97890303563327,7,7,True
vllm,shared,deepseek-ai/DeepSeek-R1-Distill-Llama-8B,13,0,5,82.56693603470922,7,7,True
vllm,shared,deepseek-ai/DeepSeek-R1-Distill-Llama-8B,13,0,6,83.77039502374828,7,7,True
vllm,shared,deepseek-ai/DeepSeek-R1-Distill-Llama-8B,13,0,7,79.78227396961302,7,7,True
vllm,shared,deepseek-ai/DeepSeek-R1-Distill-Llama-8B,13,0,8,84.71668499987572,7,7,True
vllm,shared,deepseek-ai/DeepSeek-R1-Distill-Llama-8B,13,0,9,85.5725749861449,7,7,True
vllm,shared,deepseek-ai/DeepSeek-R1-Distill-Llama-8B,13,1,0,82.85010408144444,2,2,True
vllm,shared,deepseek-ai/DeepSeek-R1-Distill-Llama-8B,13,1,1,83.65940197836608,2,2,True
vllm,shared,deepseek-ai/DeepSeek-R1-Distill-Llama-8B,13,1,2,80.39890008512884,2,2,True
vllm,shared,deepseek-ai/DeepSeek-R1-Distill-Llama-8B,13,1,3,83.48287409171462,2,2,True
vllm,shared,deepseek-ai/DeepSeek-R1-Distill-Llama-8B,13,1,4,84.84092506114393,2,2,True
vllm,shared,deepseek-ai/DeepSeek-R1-Distill-Llama-8B,13,1,5,84.62749992031604,2,2,True
vllm,shared,deepseek-ai/DeepSeek-R1-Distill-Llama-8B,13,1,6,83.07762595359236,2,2,True
vllm,shared,deepseek-ai/DeepSeek-R1-Distill-Llama-8B,13,1,7,83.45284301321954,2,2,True
vllm,shared,deepseek-ai/DeepSeek-R1-Distill-Llama-8B,13,1,8,84.43625108338892,2,2,True
vllm,shared,deepseek-ai/DeepSeek-R1-Distill-Llama-8B,13,1,9,84.8804609850049,2,2,True
vllm,shared,deepseek-ai/DeepSeek-R1-Distill-Llama-8B,13,2,0,84.20130796730518,9,9,True
vllm,shared,deepseek-ai/DeepSeek-R1-Distill-Llama-8B,13,2,1,84.86175700090826,9,9,True
vllm,shared,deepseek-ai/DeepSeek-R1-Distill-Llama-8B,13,2,2,84.87290900666267,9,9,True
vllm,shared,deepseek-ai/DeepSeek-R1-Distill-Llama-8B,13,2,3,84.64103704318404,9,9,True
vllm,shared,deepseek-ai/DeepSeek-R1-Distill-Llama-8B,13,2,4,82.0363590028137,9,9,True
vllm,shared,deepseek-ai/DeepSeek-R1-Distill-Llama-8B,13,2,5,83.05159397423267,9,9,True
vllm,shared,deepseek-ai/DeepSeek-R1-Distill-Llama-8B,13,2,6,83.36104999762028,9,9,True
vllm,shared,deepseek-ai/DeepSeek-R1-Distill-Llama-8B,13,2,7,83.05621705949306,9,9,True
vllm,shared,deepseek-ai/DeepSeek-R1-Distill-Llama-8B,13,2,8,81.95149502716959,9,9,True
vllm,shared,deepseek-ai/DeepSeek-R1-Distill-Llama-8B,13,2,9,81.21504599694163,9,9,True
vllm,shared,deepseek-ai/DeepSeek-R1-Distill-Llama-8B,13,3,0,79.24784207716584,0,0,True
vllm,shared,deepseek-ai/DeepSeek-R1-Distill-Llama-8B,13,3,1,83.62487400881946,0,0,True
vllm,shared,deepseek-ai/DeepSeek-R1-Distill-Llama-8B,13,3,2,83.53849104605615,0,0,True
vllm,shared,deepseek-ai/DeepSeek-R1-Distill-Llama-8B,13,3,3,84.96654103510082,0,0,True
vllm,shared,deepseek-ai/DeepSeek-R1-Distill-Llama-8B,13,3,4,84.79530899785459,0,0,True
vllm,shared,deepseek-ai/DeepSeek-R1-Distill-Llama-8B,13,3,5,83.11140106525272,0,0,True
vllm,shared,deepseek-ai/DeepSeek-R1-Distill-Llama-8B,13,3,6,83.6806659353897,0,0,True
vllm,shared,deepseek-ai/DeepSeek-R1-Distill-Llama-8B,13,3,7,83.99108401499689,0,0,True
vllm,shared,deepseek-ai/DeepSeek-R1-Distill-Llama-8B,13,3,8,83.52554601151496,0,0,True
vllm,shared,deepseek-ai/DeepSeek-R1-Distill-Llama-8B,13,3,9,82.41052005905658,0,0,True
vllm,shared,deepseek-ai/DeepSeek-R1-Distill-Llama-8B,13,4,0,81.89067896455526,3,3,True
vllm,shared,deepseek-ai/DeepSeek-R1-Distill-Llama-8B,13,4,1,82.87464908789843,3,3,True
vllm,shared,deepseek-ai/DeepSeek-R1-Distill-Llama-8B,13,4,2,83.21716205682606,3,3,True
vllm,shared,deepseek-ai/DeepSeek-R1-Distill-Llama-8B,13,4,3,81.17530099116266,3,3,True
vllm,shared,deepseek-ai/DeepSeek-R1-Distill-Llama-8B,13,4,4,82.66031206585467,3,3,True
vllm,shared,deepseek-ai/DeepSeek-R1-Distill-Llama-8B,13,4,5,84.95719800703228,3,3,True
vllm,shared,deepseek-ai/DeepSeek-R1-Distill-Llama-8B,13,4,6,82.35023100860417,3,3,True
vllm,shared,deepseek-ai/DeepSeek-R1-Distill-Llama-8B,13,4,7,83.14362599048764,3,3,True
vllm,shared,deepseek-ai/DeepSeek-R1-Distill-Llama-8B,13,4,8,82.22173596732318,3,3,True
vllm,shared,deepseek-ai/DeepSeek-R1-Distill-Llama-8B,13,4,9,83.38813798036426,3,3,True
vllm,shared,deepseek-ai/DeepSeek-R1-Distill-Llama-8B,13,5,0,84.36337194871157,6,6,True
vllm,shared,deepseek-ai/DeepSeek-R1-Distill-Llama-8B,13,5,1,83.52276205550879,6,6,True
vllm,shared,deepseek-ai/DeepSeek-R1-Distill-Llama-8B,13,5,2,83.23845698032528,6,6,True
vllm,shared,deepseek-ai/DeepSeek-R1-Distill-Llama-8B,13,5,3,82.9982339637354,6,6,True
vllm,shared,deepseek-ai/DeepSeek-R1-Distill-Llama-8B,13,5,4,81.64173399563879,6,6,True
vllm,shared,deepseek-ai/DeepSeek-R1-Distill-Llama-8B,13,5,5,83.828697912395,6,6,True
vllm,shared,deepseek-ai/DeepSeek-R1-Distill-Llama-8B,13,5,6,80.77696501277387,6,6,True
vllm,shared,deepseek-ai/DeepSeek-R1-Distill-Llama-8B,13,5,7,84.00644303765148,6,6,True
vllm,shared,deepseek-ai/DeepSeek-R1-Distill-Llama-8B,13,5,8,83.29861797392368,6,6,True
vllm,shared,deepseek-ai/DeepSeek-R1-Distill-Llama-8B,13,5,9,84.21860390808433,6,6,True
vllm,shared,deepseek-ai/DeepSeek-R1-Distill-Llama-8B,14,0,0,84.00714700110257,9,9,True
vllm,shared,deepseek-ai/DeepSeek-R1-Distill-Llama-8B,14,0,1,84.23732407391071,9,9,True
vllm,shared,deepseek-ai/DeepSeek-R1-Distill-Llama-8B,14,0,2,84.23335594125092,9,9,True
vllm,shared,deepseek-ai/DeepSeek-R1-Distill-Llama-8B,14,0,3,83.82148295640945,9,9,True
vllm,shared,deepseek-ai/DeepSeek-R1-Distill-Llama-8B,14,0,4,84.0414030244574,9,9,True
vllm,shared,deepseek-ai/DeepSeek-R1-Distill-Llama-8B,14,0,5,83.17580097354949,9,9,True
vllm,shared,deepseek-ai/DeepSeek-R1-Distill-Llama-8B,14,0,6,83.03208893630654,9,9,True
vllm,shared,deepseek-ai/DeepSeek-R1-Distill-Llama-8B,14,0,7,84.19701899401844,9,9,True
vllm,shared,deepseek-ai/DeepSeek-R1-Distill-Llama-8B,14,0,8,85.08782100398093,9,9,True
vllm,shared,deepseek-ai/DeepSeek-R1-Distill-Llama-8B,14,0,9,79.97273898217827,9,9,True
vllm,shared,deepseek-ai/DeepSeek-R1-Distill-Llama-8B,14,1,0,83.15831294748932,1,1,True
vllm,shared,deepseek-ai/DeepSeek-R1-Distill-Llama-8B,14,1,1,78.8802249589935,1,1,True
vllm,shared,deepseek-ai/DeepSeek-R1-Distill-Llama-8B,14,1,2,83.40852207038552,1,1,True
vllm,shared,deepseek-ai/DeepSeek-R1-Distill-Llama-8B,14,1,3,82.01859903056175,1,1,True
vllm,shared,deepseek-ai/DeepSeek-R1-Distill-Llama-8B,14,1,4,83.23664905037731,1,1,True
vllm,shared,deepseek-ai/DeepSeek-R1-Distill-Llama-8B,14,1,5,82.75128807872534,1,1,True
vllm,shared,deepseek-ai/DeepSeek-R1-Distill-Llama-8B,14,1,6,83.23151397053152,1,1,True
vllm,shared,deepseek-ai/DeepSeek-R1-Distill-Llama-8B,14,1,7,83.04810605477542,1,1,True
vllm,shared,deepseek-ai/DeepSeek-R1-Distill-Llama-8B,14,1,8,84.10020300652832,1,1,True
vllm,shared,deepseek-ai/DeepSeek-R1-Distill-Llama-8B,14,1,9,81.65728603489697,1,1,True
vllm,shared,deepseek-ai/DeepSeek-R1-Distill-Llama-8B,14,2,0,86.56689699273556,1,1,True
vllm,shared,deepseek-ai/DeepSeek-R1-Distill-Llama-8B,14,2,1,77.99743895884603,1,1,True
vllm,shared,deepseek-ai/DeepSeek-R1-Distill-Llama-8B,14,2,2,83.04940105881542,1,1,True
vllm,shared,deepseek-ai/DeepSeek-R1-Distill-Llama-8B,14,2,3,84.22970795072615,1,1,True
vllm,shared,deepseek-ai/DeepSeek-R1-Distill-Llama-8B,14,2,4,84.5825569704175,1,1,True
vllm,shared,deepseek-ai/DeepSeek-R1-Distill-Llama-8B,14,2,5,84.78780498262495,1,1,True
vllm,shared,deepseek-ai/DeepSeek-R1-Distill-Llama-8B,14,2,6,84.01193097233772,1,1,True
vllm,shared,deepseek-ai/DeepSeek-R1-Distill-Llama-8B,14,2,7,82.89298601448536,1,1,True
vllm,shared,deepseek-ai/DeepSeek-R1-Distill-Llama-8B,14,2,8,82.90223206859082,1,1,True
vllm,shared,deepseek-ai/DeepSeek-R1-Distill-Llama-8B,14,2,9,83.24764098506421,1,1,True
vllm,shared,deepseek-ai/DeepSeek-R1-Distill-Llama-8B,14,3,0,84.22684308607131,3,3,True
vllm,shared,deepseek-ai/DeepSeek-R1-Distill-Llama-8B,14,3,1,83.89268291648477,3,3,True
vllm,shared,deepseek-ai/DeepSeek-R1-Distill-Llama-8B,14,3,2,83.06909701786935,3,3,True
vllm,shared,deepseek-ai/DeepSeek-R1-Distill-Llama-8B,14,3,3,79.39419394824654,3,3,True
vllm,shared,deepseek-ai/DeepSeek-R1-Distill-Llama-8B,14,3,4,84.15975596290082,3,3,True
vllm,shared,deepseek-ai/DeepSeek-R1-Distill-Llama-8B,14,3,5,84.01911496184766,3,3,True
vllm,shared,deepseek-ai/DeepSeek-R1-Distill-Llama-8B,14,3,6,81.84181398246437,3,3,True
vllm,shared,deepseek-ai/DeepSeek-R1-Distill-Llama-8B,14,3,7,80.97251690924168,3,3,True
vllm,shared,deepseek-ai/DeepSeek-R1-Distill-Llama-8B,14,3,8,83.14482599962503,3,3,True
vllm,shared,deepseek-ai/DeepSeek-R1-Distill-Llama-8B,14,3,9,83.606475032866,3,3,True
vllm,shared,deepseek-ai/DeepSeek-R1-Distill-Llama-8B,14,4,0,83.54356209747493,6,6,True
vllm,shared,deepseek-ai/DeepSeek-R1-Distill-Llama-8B,14,4,1,83.09082593768835,6,6,True
vllm,shared,deepseek-ai/DeepSeek-R1-Distill-Llama-8B,14,4,2,82.13509595952928,6,6,True
vllm,shared,deepseek-ai/DeepSeek-R1-Distill-Llama-8B,14,4,3,82.59432797785848,6,6,True
vllm,shared,deepseek-ai/DeepSeek-R1-Distill-Llama-8B,14,4,4,81.71295002102852,6,6,True
vllm,shared,deepseek-ai/DeepSeek-R1-Distill-Llama-8B,14,4,5,82.24765595514327,6,6,True
vllm,shared,deepseek-ai/DeepSeek-R1-Distill-Llama-8B,14,4,6,80.16419608611614,6,6,True
vllm,shared,deepseek-ai/DeepSeek-R1-Distill-Llama-8B,14,4,7,84.25908396020532,6,6,True
vllm,shared,deepseek-ai/DeepSeek-R1-Distill-Llama-8B,14,4,8,82.51563995145261,6,6,True
vllm,shared,deepseek-ai/DeepSeek-R1-Distill-Llama-8B,14,4,9,83.05709797423333,6,6,True
vllm,shared,deepseek-ai/DeepSeek-R1-Distill-Llama-8B,14,5,0,82.92455296032131,7,7,True
vllm,shared,deepseek-ai/DeepSeek-R1-Distill-Llama-8B,14,5,1,83.32973800133914,7,7,True
vllm,shared,deepseek-ai/DeepSeek-R1-Distill-Llama-8B,14,5,2,84.028379060328,7,7,True
vllm,shared,deepseek-ai/DeepSeek-R1-Distill-Llama-8B,14,5,3,84.08814005088061,7,7,True
vllm,shared,deepseek-ai/DeepSeek-R1-Distill-Llama-8B,14,5,4,83.67365901358426,7,7,True
vllm,shared,deepseek-ai/DeepSeek-R1-Distill-Llama-8B,14,5,5,83.5198659915477,7,7,True
vllm,shared,deepseek-ai/DeepSeek-R1-Distill-Llama-8B,14,5,6,83.46168999560177,7,7,True
vllm,shared,deepseek-ai/DeepSeek-R1-Distill-Llama-8B,14,5,7,80.63358906656504,7,7,True
vllm,shared,deepseek-ai/DeepSeek-R1-Distill-Llama-8B,14,5,8,83.2120249979198,7,7,True
vllm,shared,deepseek-ai/DeepSeek-R1-Distill-Llama-8B,14,5,9,81.83227898553014,7,7,True
vllm,shared,deepseek-ai/DeepSeek-R1-Distill-Llama-8B,15,0,0,80.51835594233125,0,0,True
vllm,shared,deepseek-ai/DeepSeek-R1-Distill-Llama-8B,15,0,1,85.88681509718299,0,0,True
vllm,shared,deepseek-ai/DeepSeek-R1-Distill-Llama-8B,15,0,2,84.4734039856121,0,0,True
vllm,shared,deepseek-ai/DeepSeek-R1-Distill-Llama-8B,15,0,3,84.84300505369902,0,0,True
vllm,shared,deepseek-ai/DeepSeek-R1-Distill-Llama-8B,15,0,4,82.75880909059197,0,0,True
vllm,shared,deepseek-ai/DeepSeek-R1-Distill-Llama-8B,15,0,5,82.30122399982065,0,0,True
vllm,shared,deepseek-ai/DeepSeek-R1-Distill-Llama-8B,15,0,6,84.43676505703479,0,0,True
vllm,shared,deepseek-ai/DeepSeek-R1-Distill-Llama-8B,15,0,7,83.88087502680719,0,0,True
vllm,shared,deepseek-ai/DeepSeek-R1-Distill-Llama-8B,15,0,8,83.27111403923482,0,0,True
vllm,shared,deepseek-ai/DeepSeek-R1-Distill-Llama-8B,15,0,9,82.51685602590442,0,0,True
vllm,shared,deepseek-ai/DeepSeek-R1-Distill-Llama-8B,15,1,0,82.82135298941284,2,2,True
vllm,shared,deepseek-ai/DeepSeek-R1-Distill-Llama-8B,15,1,1,83.7286829482764,2,2,True
vllm,shared,deepseek-ai/DeepSeek-R1-Distill-Llama-8B,15,1,2,79.95179505087435,2,2,True
vllm,shared,deepseek-ai/DeepSeek-R1-Distill-Llama-8B,15,1,3,84.14388401433825,2,2,True
vllm,shared,deepseek-ai/DeepSeek-R1-Distill-Llama-8B,15,1,4,84.90012504626065,2,2,True
vllm,shared,deepseek-ai/DeepSeek-R1-Distill-Llama-8B,15,1,5,84.15194798726588,2,2,True
vllm,shared,deepseek-ai/DeepSeek-R1-Distill-Llama-8B,15,1,6,84.38690809998661,2,2,True
vllm,shared,deepseek-ai/DeepSeek-R1-Distill-Llama-8B,15,1,7,84.90161306690425,2,2,True
vllm,shared,deepseek-ai/DeepSeek-R1-Distill-Llama-8B,15,1,8,84.30001197848469,2,2,True
vllm,shared,deepseek-ai/DeepSeek-R1-Distill-Llama-8B,15,1,9,84.72513302695006,2,2,True
vllm,shared,deepseek-ai/DeepSeek-R1-Distill-Llama-8B,15,2,0,84.41340399440378,8,8,True
vllm,shared,deepseek-ai/DeepSeek-R1-Distill-Llama-8B,15,2,1,83.84761097840965,8,8,True
vllm,shared,deepseek-ai/DeepSeek-R1-Distill-Llama-8B,15,2,2,84.34217190369964,8,8,True
vllm,shared,deepseek-ai/DeepSeek-R1-Distill-Llama-8B,15,2,3,84.96503799688071,8,8,True
vllm,shared,deepseek-ai/DeepSeek-R1-Distill-Llama-8B,15,2,4,83.04725692141801,8,8,True
vllm,shared,deepseek-ai/DeepSeek-R1-Distill-Llama-8B,15,2,5,83.1242500571534,8,8,True
vllm,shared,deepseek-ai/DeepSeek-R1-Distill-Llama-8B,15,2,6,84.45825206581503,8,8,True
vllm,shared,deepseek-ai/DeepSeek-R1-Distill-Llama-8B,15,2,7,84.3979479977861,8,8,True
vllm,shared,deepseek-ai/DeepSeek-R1-Distill-Llama-8B,15,2,8,81.43280597869307,8,8,True
vllm,shared,deepseek-ai/DeepSeek-R1-Distill-Llama-8B,15,2,9,84.00058699771762,8,8,True
vllm,shared,deepseek-ai/DeepSeek-R1-Distill-Llama-8B,15,3,0,84.11577099468559,7,7,True
vllm,shared,deepseek-ai/DeepSeek-R1-Distill-Llama-8B,15,3,1,84.03146697673947,7,7,True
vllm,shared,deepseek-ai/DeepSeek-R1-Distill-Llama-8B,15,3,2,85.07167699281126,7,7,True
vllm,shared,deepseek-ai/DeepSeek-R1-Distill-Llama-8B,15,3,3,85.10278107132763,7,7,True
vllm,shared,deepseek-ai/DeepSeek-R1-Distill-Llama-8B,15,3,4,83.27682595700026,7,7,True
vllm,shared,deepseek-ai/DeepSeek-R1-Distill-Llama-8B,15,3,5,83.12568999826908,7,7,True
vllm,shared,deepseek-ai/DeepSeek-R1-Distill-Llama-8B,15,3,6,83.13356200233102,7,7,True
vllm,shared,deepseek-ai/DeepSeek-R1-Distill-Llama-8B,15,3,7,79.97568300925195,7,7,True
vllm,shared,deepseek-ai/DeepSeek-R1-Distill-Llama-8B,15,3,8,83.99093907792121,7,7,True
vllm,shared,deepseek-ai/DeepSeek-R1-Distill-Llama-8B,15,3,9,84.31140403263271,7,7,True
vllm,shared,deepseek-ai/DeepSeek-R1-Distill-Llama-8B,15,4,0,84.41918005701154,4,4,True
vllm,shared,deepseek-ai/DeepSeek-R1-Distill-Llama-8B,15,4,1,83.32804206293076,4,4,True
vllm,shared,deepseek-ai/DeepSeek-R1-Distill-Llama-8B,15,4,2,84.37239599879831,4,4,True
vllm,shared,deepseek-ai/DeepSeek-R1-Distill-Llama-8B,15,4,3,82.7436080435291,4,4,True
vllm,shared,deepseek-ai/DeepSeek-R1-Distill-Llama-8B,15,4,4,78.630544943735,4,4,True
vllm,shared,deepseek-ai/DeepSeek-R1-Distill-Llama-8B,15,4,5,83.51441007107496,4,4,True
vllm,shared,deepseek-ai/DeepSeek-R1-Distill-Llama-8B,15,4,6,82.97778503037989,4,4,True
vllm,shared,deepseek-ai/DeepSeek-R1-Distill-Llama-8B,15,4,7,83.69128999765962,4,4,True
vllm,shared,deepseek-ai/DeepSeek-R1-Distill-Llama-8B,15,4,8,83.12039298471063,4,4,True
vllm,shared,deepseek-ai/DeepSeek-R1-Distill-Llama-8B,15,4,9,82.49903202522546,4,4,True
vllm,shared,deepseek-ai/DeepSeek-R1-Distill-Llama-8B,15,5,0,83.33919406868517,9,9,True
vllm,shared,deepseek-ai/DeepSeek-R1-Distill-Llama-8B,15,5,1,83.36269797291607,9,9,True
vllm,shared,deepseek-ai/DeepSeek-R1-Distill-Llama-8B,15,5,2,83.77167501021177,9,9,True
vllm,shared,deepseek-ai/DeepSeek-R1-Distill-Llama-8B,15,5,3,82.1099909953773,9,9,True
vllm,shared,deepseek-ai/DeepSeek-R1-Distill-Llama-8B,15,5,4,81.02438889909536,9,9,True
vllm,shared,deepseek-ai/DeepSeek-R1-Distill-Llama-8B,15,5,5,82.14229496661574,9,9,True
vllm,shared,deepseek-ai/DeepSeek-R1-Distill-Llama-8B,15,5,6,83.35162594448775,9,9,True
vllm,shared,deepseek-ai/DeepSeek-R1-Distill-Llama-8B,15,5,7,83.51223496720195,9,9,True
vllm,shared,deepseek-ai/DeepSeek-R1-Distill-Llama-8B,15,5,8,81.52192598208785,9,9,True
vllm,shared,deepseek-ai/DeepSeek-R1-Distill-Llama-8B,15,5,9,80.54819598328322,9,9,True
vllm,shared,deepseek-ai/DeepSeek-R1-Distill-Llama-8B,16,0,0,84.95014102663845,3,3,True
vllm,shared,deepseek-ai/DeepSeek-R1-Distill-Llama-8B,16,0,1,84.57318099681288,3,3,True
vllm,shared,deepseek-ai/DeepSeek-R1-Distill-Llama-8B,16,0,2,83.46640993840992,3,3,True
vllm,shared,deepseek-ai/DeepSeek-R1-Distill-Llama-8B,16,0,3,80.43706009630114,3,3,True
vllm,shared,deepseek-ai/DeepSeek-R1-Distill-Llama-8B,16,0,4,82.84919301513582,3,3,True
vllm,shared,deepseek-ai/DeepSeek-R1-Distill-Llama-8B,16,0,5,84.66486097313464,3,3,True
vllm,shared,deepseek-ai/DeepSeek-R1-Distill-Llama-8B,16,0,6,85.7607510406524,3,3,True
vllm,shared,deepseek-ai/DeepSeek-R1-Distill-Llama-8B,16,0,7,83.33815401419997,3,3,True
vllm,shared,deepseek-ai/DeepSeek-R1-Distill-Llama-8B,16,0,8,84.16081196628511,3,3,True
vllm,shared,deepseek-ai/DeepSeek-R1-Distill-Llama-8B,16,0,9,83.71193101629615,3,3,True
vllm,shared,deepseek-ai/DeepSeek-R1-Distill-Llama-8B,16,1,0,83.20735394954681,9,9,True
vllm,shared,deepseek-ai/DeepSeek-R1-Distill-Llama-8B,16,1,1,84.06042703427374,9,9,True
vllm,shared,deepseek-ai/DeepSeek-R1-Distill-Llama-8B,16,1,2,84.60257307160646,9,9,True
vllm,shared,deepseek-ai/DeepSeek-R1-Distill-Llama-8B,16,1,3,83.62732303794473,9,9,True
vllm,shared,deepseek-ai/DeepSeek-R1-Distill-Llama-8B,16,1,4,83.7679470423609,9,9,True
vllm,shared,deepseek-ai/DeepSeek-R1-Distill-Llama-8B,16,1,5,85.27207793667912,9,9,True
vllm,shared,deepseek-ai/DeepSeek-R1-Distill-Llama-8B,16,1,6,84.52034799847752,9,9,True
vllm,shared,deepseek-ai/DeepSeek-R1-Distill-Llama-8B,16,1,7,83.78804405219853,9,9,True
vllm,shared,deepseek-ai/DeepSeek-R1-Distill-Llama-8B,16,1,8,83.56296992860734,9,9,True
vllm,shared,deepseek-ai/DeepSeek-R1-Distill-Llama-8B,16,1,9,79.43528203759342,9,9,True
vllm,shared,deepseek-ai/DeepSeek-R1-Distill-Llama-8B,16,2,0,84.28809104952961,5,5,True
vllm,shared,deepseek-ai/DeepSeek-R1-Distill-Llama-8B,16,2,1,82.63679302763194,5,5,True
vllm,shared,deepseek-ai/DeepSeek-R1-Distill-Llama-8B,16,2,2,84.855452994816,5,5,True
vllm,shared,deepseek-ai/DeepSeek-R1-Distill-Llama-8B,16,2,3,83.80956295877695,5,5,True
vllm,shared,deepseek-ai/DeepSeek-R1-Distill-Llama-8B,16,2,4,85.9426069073379,5,5,True
vllm,shared,deepseek-ai/DeepSeek-R1-Distill-Llama-8B,16,2,5,80.79323591664433,5,5,True
vllm,shared,deepseek-ai/DeepSeek-R1-Distill-Llama-8B,16,2,6,83.50829791743308,5,5,True
vllm,shared,deepseek-ai/DeepSeek-R1-Distill-Llama-8B,16,2,7,84.09263601060957,5,5,True
vllm,shared,deepseek-ai/DeepSeek-R1-Distill-Llama-8B,16,2,8,83.54650600813329,5,5,True
vllm,shared,deepseek-ai/DeepSeek-R1-Distill-Llama-8B,16,2,9,83.65199505351484,5,5,True
vllm,shared,deepseek-ai/DeepSeek-R1-Distill-Llama-8B,16,3,0,84.93958204053342,4,4,True
vllm,shared,deepseek-ai/DeepSeek-R1-Distill-Llama-8B,16,3,1,84.31737101636827,4,4,True
vllm,shared,deepseek-ai/DeepSeek-R1-Distill-Llama-8B,16,3,2,83.90807500109076,4,4,True
vllm,shared,deepseek-ai/DeepSeek-R1-Distill-Llama-8B,16,3,3,84.18201201129705,4,4,True
vllm,shared,deepseek-ai/DeepSeek-R1-Distill-Llama-8B,16,3,4,80.92147705610842,4,4,True
vllm,shared,deepseek-ai/DeepSeek-R1-Distill-Llama-8B,16,3,5,83.14303401857615,4,4,True
vllm,shared,deepseek-ai/DeepSeek-R1-Distill-Llama-8B,16,3,6,85.07474896032363,4,4,True
vllm,shared,deepseek-ai/DeepSeek-R1-Distill-Llama-8B,16,3,7,85.0151339545846,4,4,True
vllm,shared,deepseek-ai/DeepSeek-R1-Distill-Llama-8B,16,3,8,83.53679394349456,4,4,True
vllm,shared,deepseek-ai/DeepSeek-R1-Distill-Llama-8B,16,3,9,83.38941796682775,4,4,True
vllm,shared,deepseek-ai/DeepSeek-R1-Distill-Llama-8B,16,4,0,84.23478004988283,3,3,True
vllm,shared,deepseek-ai/DeepSeek-R1-Distill-Llama-8B,16,4,1,82.28741609491408,3,3,True
vllm,shared,deepseek-ai/DeepSeek-R1-Distill-Llama-8B,16,4,2,84.28527601063251,3,3,True
vllm,shared,deepseek-ai/DeepSeek-R1-Distill-Llama-8B,16,4,3,78.22894409764558,3,3,True
vllm,shared,deepseek-ai/DeepSeek-R1-Distill-Llama-8B,16,4,4,82.28300011251122,3,3,True
vllm,shared,deepseek-ai/DeepSeek-R1-Distill-Llama-8B,16,4,5,83.85269902646542,3,3,True
vllm,shared,deepseek-ai/DeepSeek-R1-Distill-Llama-8B,16,4,6,81.98850299231708,3,3,True
vllm,shared,deepseek-ai/DeepSeek-R1-Distill-Llama-8B,16,4,7,83.20948202162981,3,3,True
vllm,shared,deepseek-ai/DeepSeek-R1-Distill-Llama-8B,16,4,8,85.17647802364081,3,3,True
vllm,shared,deepseek-ai/DeepSeek-R1-Distill-Llama-8B,16,4,9,81.8637190386653,3,3,True
vllm,shared,deepseek-ai/DeepSeek-R1-Distill-Llama-8B,16,5,0,82.78021693695337,1,1,True
vllm,shared,deepseek-ai/DeepSeek-R1-Distill-Llama-8B,16,5,1,80.7003250811249,1,1,True
vllm,shared,deepseek-ai/DeepSeek-R1-Distill-Llama-8B,16,5,2,83.9301070664078,1,1,True
vllm,shared,deepseek-ai/DeepSeek-R1-Distill-Llama-8B,16,5,3,83.2608420168981,1,1,True
vllm,shared,deepseek-ai/DeepSeek-R1-Distill-Llama-8B,16,5,4,84.28764494601637,1,1,True
vllm,shared,deepseek-ai/DeepSeek-R1-Distill-Llama-8B,16,5,5,83.75573891680688,1,1,True
vllm,shared,deepseek-ai/DeepSeek-R1-Distill-Llama-8B,16,5,6,83.94599496386945,1,1,True
vllm,shared,deepseek-ai/DeepSeek-R1-Distill-Llama-8B,16,5,7,83.39144999627024,1,1,True
vllm,shared,deepseek-ai/DeepSeek-R1-Distill-Llama-8B,16,5,8,83.00666592549533,1,1,True
vllm,shared,deepseek-ai/DeepSeek-R1-Distill-Llama-8B,16,5,9,82.72877708077431,1,1,True
vllm,shared,deepseek-ai/DeepSeek-R1-Distill-Llama-8B,17,0,0,82.52477599307895,1,1,True
vllm,shared,deepseek-ai/DeepSeek-R1-Distill-Llama-8B,17,0,1,78.0649910448119,1,1,True
vllm,shared,deepseek-ai/DeepSeek-R1-Distill-Llama-8B,17,0,2,84.04190000146627,1,1,True
vllm,shared,deepseek-ai/DeepSeek-R1-Distill-Llama-8B,17,0,3,84.88994906656444,1,1,True
vllm,shared,deepseek-ai/DeepSeek-R1-Distill-Llama-8B,17,0,4,85.13220597524196,1,1,True
vllm,shared,deepseek-ai/DeepSeek-R1-Distill-Llama-8B,17,0,5,84.99298896640539,1,1,True
vllm,shared,deepseek-ai/DeepSeek-R1-Distill-Llama-8B,17,0,6,84.52334103640169,1,1,True
vllm,shared,deepseek-ai/DeepSeek-R1-Distill-Llama-8B,17,0,7,84.69274907838553,1,1,True
vllm,shared,deepseek-ai/DeepSeek-R1-Distill-Llama-8B,17,0,8,84.0511949500069,1,1,True
vllm,shared,deepseek-ai/DeepSeek-R1-Distill-Llama-8B,17,0,9,83.43946596141905,1,1,True
vllm,shared,deepseek-ai/DeepSeek-R1-Distill-Llama-8B,17,1,0,85.81556705757976,8,8,True
vllm,shared,deepseek-ai/DeepSeek-R1-Distill-Llama-8B,17,1,1,84.54022102523595,8,8,True
vllm,shared,deepseek-ai/DeepSeek-R1-Distill-Llama-8B,17,1,2,83.70599499903619,8,8,True
vllm,shared,deepseek-ai/DeepSeek-R1-Distill-Llama-8B,17,1,3,83.81524297874421,8,8,True
vllm,shared,deepseek-ai/DeepSeek-R1-Distill-Llama-8B,17,1,4,84.32449190877378,8,8,True
vllm,shared,deepseek-ai/DeepSeek-R1-Distill-Llama-8B,17,1,5,84.17239598929882,8,8,True
vllm,shared,deepseek-ai/DeepSeek-R1-Distill-Llama-8B,17,1,6,83.12540093902498,8,8,True
vllm,shared,deepseek-ai/DeepSeek-R1-Distill-Llama-8B,17,1,7,84.20801197644323,8,8,True
vllm,shared,deepseek-ai/DeepSeek-R1-Distill-Llama-8B,17,1,8,81.11538097728044,8,8,True
vllm,shared,deepseek-ai/DeepSeek-R1-Distill-Llama-8B,17,1,9,83.65010702982545,8,8,True
vllm,shared,deepseek-ai/DeepSeek-R1-Distill-Llama-8B,17,2,0,83.64583493676037,2,2,True
vllm,shared,deepseek-ai/DeepSeek-R1-Distill-Llama-8B,17,2,1,84.8200770560652,2,2,True
vllm,shared,deepseek-ai/DeepSeek-R1-Distill-Llama-8B,17,2,2,79.93459503632039,2,2,True
vllm,shared,deepseek-ai/DeepSeek-R1-Distill-Llama-8B,17,2,3,84.9788619671017,2,2,True
vllm,shared,deepseek-ai/DeepSeek-R1-Distill-Llama-8B,17,2,4,83.25247303582728,2,2,True
vllm,shared,deepseek-ai/DeepSeek-R1-Distill-Llama-8B,17,2,5,83.26663298066705,2,2,True
vllm,shared,deepseek-ai/DeepSeek-R1-Distill-Llama-8B,17,2,6,83.31729006022215,2,2,True
vllm,shared,deepseek-ai/DeepSeek-R1-Distill-Llama-8B,17,2,7,84.84153298195451,2,2,True
vllm,shared,deepseek-ai/DeepSeek-R1-Distill-Llama-8B,17,2,8,84.18125996831805,2,2,True
vllm,shared,deepseek-ai/DeepSeek-R1-Distill-Llama-8B,17,2,9,83.20367406122386,2,2,True
vllm,shared,deepseek-ai/DeepSeek-R1-Distill-Llama-8B,17,3,0,83.12565798405558,9,9,True
vllm,shared,deepseek-ai/DeepSeek-R1-Distill-Llama-8B,17,3,1,83.98895501159132,9,9,True
vllm,shared,deepseek-ai/DeepSeek-R1-Distill-Llama-8B,17,3,2,84.06239608302712,9,9,True
vllm,shared,deepseek-ai/DeepSeek-R1-Distill-Llama-8B,17,3,3,83.39624991640449,9,9,True
vllm,shared,deepseek-ai/DeepSeek-R1-Distill-Llama-8B,17,3,4,83.51199398748577,9,9,True
vllm,shared,deepseek-ai/DeepSeek-R1-Distill-Llama-8B,17,3,5,84.35669995378703,9,9,True
vllm,shared,deepseek-ai/DeepSeek-R1-Distill-Llama-8B,17,3,6,84.16254003532231,9,9,True
vllm,shared,deepseek-ai/DeepSeek-R1-Distill-Llama-8B,17,3,7,83.30109808593988,9,9,True
vllm,shared,deepseek-ai/DeepSeek-R1-Distill-Llama-8B,17,3,8,85.66439896821976,9,9,True
vllm,shared,deepseek-ai/DeepSeek-R1-Distill-Llama-8B,17,3,9,80.26115596294403,9,9,True
vllm,shared,deepseek-ai/DeepSeek-R1-Distill-Llama-8B,17,4,0,84.0026669902727,1,1,True
vllm,shared,deepseek-ai/DeepSeek-R1-Distill-Llama-8B,17,4,1,80.79021295998245,1,1,True
vllm,shared,deepseek-ai/DeepSeek-R1-Distill-Llama-8B,17,4,2,83.17344996612519,1,1,True
vllm,shared,deepseek-ai/DeepSeek-R1-Distill-Llama-8B,17,4,3,81.63408702239394,1,1,True
vllm,shared,deepseek-ai/DeepSeek-R1-Distill-Llama-8B,17,4,4,82.97983300872147,1,1,True
vllm,shared,deepseek-ai/DeepSeek-R1-Distill-Llama-8B,17,4,5,84.7825090168044,1,1,True
vllm,shared,deepseek-ai/DeepSeek-R1-Distill-Llama-8B,17,4,6,83.37930589914322,1,1,True
vllm,shared,deepseek-ai/DeepSeek-R1-Distill-Llama-8B,17,4,7,84.36489198356867,1,1,True
vllm,shared,deepseek-ai/DeepSeek-R1-Distill-Llama-8B,17,4,8,84.7822850337252,1,1,True
vllm,shared,deepseek-ai/DeepSeek-R1-Distill-Llama-8B,17,4,9,83.45940103754401,1,1,True
vllm,shared,deepseek-ai/DeepSeek-R1-Distill-Llama-8B,17,5,0,83.27042602468282,8,8,True
vllm,shared,deepseek-ai/DeepSeek-R1-Distill-Llama-8B,17,5,1,83.5574179654941,8,8,True
vllm,shared,deepseek-ai/DeepSeek-R1-Distill-Llama-8B,17,5,2,82.68548001069576,8,8,True
vllm,shared,deepseek-ai/DeepSeek-R1-Distill-Llama-8B,17,5,3,83.50204292219132,8,8,True
vllm,shared,deepseek-ai/DeepSeek-R1-Distill-Llama-8B,17,5,4,83.32946605514735,8,8,True
vllm,shared,deepseek-ai/DeepSeek-R1-Distill-Llama-8B,17,5,5,83.21588207036257,8,8,True
vllm,shared,deepseek-ai/DeepSeek-R1-Distill-Llama-8B,17,5,6,84.06199491582811,8,8,True
vllm,shared,deepseek-ai/DeepSeek-R1-Distill-Llama-8B,17,5,7,83.4224580321461,8,8,True
vllm,shared,deepseek-ai/DeepSeek-R1-Distill-Llama-8B,17,5,8,80.83472494035959,8,8,True
vllm,shared,deepseek-ai/DeepSeek-R1-Distill-Llama-8B,17,5,9,84.78335698600858,8,8,True
vllm,shared,deepseek-ai/DeepSeek-R1-Distill-Llama-8B,18,0,0,83.82095501292497,1,1,True
vllm,shared,deepseek-ai/DeepSeek-R1-Distill-Llama-8B,18,0,1,80.14171500690281,1,1,True
vllm,shared,deepseek-ai/DeepSeek-R1-Distill-Llama-8B,18,0,2,84.32738808915019,1,1,True
vllm,shared,deepseek-ai/DeepSeek-R1-Distill-Llama-8B,18,0,3,84.02156399097294,1,1,True
vllm,shared,deepseek-ai/DeepSeek-R1-Distill-Llama-8B,18,0,4,84.38085997477174,1,1,True
vllm,shared,deepseek-ai/DeepSeek-R1-Distill-Llama-8B,18,0,5,84.74508498329669,1,1,True
vllm,shared,deepseek-ai/DeepSeek-R1-Distill-Llama-8B,18,0,6,84.20505200047046,1,1,True
vllm,shared,deepseek-ai/DeepSeek-R1-Distill-Llama-8B,18,0,7,84.43847706075758,1,1,True
vllm,shared,deepseek-ai/DeepSeek-R1-Distill-Llama-8B,18,0,8,83.01780105102807,1,1,True
vllm,shared,deepseek-ai/DeepSeek-R1-Distill-Llama-8B,18,0,9,84.71503807231784,1,1,True
vllm,shared,deepseek-ai/DeepSeek-R1-Distill-Llama-8B,18,1,0,84.1268269577995,9,9,True
vllm,shared,deepseek-ai/DeepSeek-R1-Distill-Llama-8B,18,1,1,82.10423099808395,9,9,True
vllm,shared,deepseek-ai/DeepSeek-R1-Distill-Llama-8B,18,1,2,85.05903696641326,9,9,True
vllm,shared,deepseek-ai/DeepSeek-R1-Distill-Llama-8B,18,1,3,83.89962709043175,9,9,True
vllm,shared,deepseek-ai/DeepSeek-R1-Distill-Llama-8B,18,1,4,84.37068399507552,9,9,True
vllm,shared,deepseek-ai/DeepSeek-R1-Distill-Llama-8B,18,1,5,84.24844406545162,9,9,True
vllm,shared,deepseek-ai/DeepSeek-R1-Distill-Llama-8B,18,1,6,83.85722700040787,9,9,True
vllm,shared,deepseek-ai/DeepSeek-R1-Distill-Llama-8B,18,1,7,83.23292201384902,9,9,True
vllm,shared,deepseek-ai/DeepSeek-R1-Distill-Llama-8B,18,1,8,84.04501900076866,9,9,True
vllm,shared,deepseek-ai/DeepSeek-R1-Distill-Llama-8B,18,1,9,79.38715408090502,9,9,True
vllm,shared,deepseek-ai/DeepSeek-R1-Distill-Llama-8B,18,2,0,83.88725901022553,9,9,True
vllm,shared,deepseek-ai/DeepSeek-R1-Distill-Llama-8B,18,2,1,84.28074792027473,9,9,True
vllm,shared,deepseek-ai/DeepSeek-R1-Distill-Llama-8B,18,2,2,84.55815596971661,9,9,True
vllm,shared,deepseek-ai/DeepSeek-R1-Distill-Llama-8B,18,2,3,84.58748401608318,9,9,True
vllm,shared,deepseek-ai/DeepSeek-R1-Distill-Llama-8B,18,2,4,83.95510003902018,9,9,True
vllm,shared,deepseek-ai/DeepSeek-R1-Distill-Llama-8B,18,2,5,85.03398089669645,9,9,True
vllm,shared,deepseek-ai/DeepSeek-R1-Distill-Llama-8B,18,2,6,84.78937391191721,9,9,True
vllm,shared,deepseek-ai/DeepSeek-R1-Distill-Llama-8B,18,2,7,84.5119160367176,9,9,True
vllm,shared,deepseek-ai/DeepSeek-R1-Distill-Llama-8B,18,2,8,84.0500759659335,9,9,True
vllm,shared,deepseek-ai/DeepSeek-R1-Distill-Llama-8B,18,2,9,79.98558704275638,9,9,True
vllm,shared,deepseek-ai/DeepSeek-R1-Distill-Llama-8B,18,3,0,84.19039600994438,1,1,True
vllm,shared,deepseek-ai/DeepSeek-R1-Distill-Llama-8B,18,3,1,80.18793992232531,1,1,True
vllm,shared,deepseek-ai/DeepSeek-R1-Distill-Llama-8B,18,3,2,84.93804500903934,1,1,True
vllm,shared,deepseek-ai/DeepSeek-R1-Distill-Llama-8B,18,3,3,84.44884500931948,1,1,True
vllm,shared,deepseek-ai/DeepSeek-R1-Distill-Llama-8B,18,3,4,84.8199650645256,1,1,True
vllm,shared,deepseek-ai/DeepSeek-R1-Distill-Llama-8B,18,3,5,83.37112993467599,1,1,True
vllm,shared,deepseek-ai/DeepSeek-R1-Distill-Llama-8B,18,3,6,83.74934003222734,1,1,True
vllm,shared,deepseek-ai/DeepSeek-R1-Distill-Llama-8B,18,3,7,83.54860194958746,1,1,True
vllm,shared,deepseek-ai/DeepSeek-R1-Distill-Llama-8B,18,3,8,84.75678099785,1,1,True
vllm,shared,deepseek-ai/DeepSeek-R1-Distill-Llama-8B,18,3,9,82.7649210114032,1,1,True
vllm,shared,deepseek-ai/DeepSeek-R1-Distill-Llama-8B,18,4,0,83.63319502677768,6,6,True
vllm,shared,deepseek-ai/DeepSeek-R1-Distill-Llama-8B,18,4,1,83.8175950339064,6,6,True
vllm,shared,deepseek-ai/DeepSeek-R1-Distill-Llama-8B,18,4,2,83.21146597154438,6,6,True
vllm,shared,deepseek-ai/DeepSeek-R1-Distill-Llama-8B,18,4,3,83.32495403010398,6,6,True
vllm,shared,deepseek-ai/DeepSeek-R1-Distill-Llama-8B,18,4,4,83.8775149313733,6,6,True
vllm,shared,deepseek-ai/DeepSeek-R1-Distill-Llama-8B,18,4,5,83.21849000640213,6,6,True
vllm,shared,deepseek-ai/DeepSeek-R1-Distill-Llama-8B,18,4,6,79.50825791340321,6,6,True
vllm,shared,deepseek-ai/DeepSeek-R1-Distill-Llama-8B,18,4,7,82.93164207134396,6,6,True
vllm,shared,deepseek-ai/DeepSeek-R1-Distill-Llama-8B,18,4,8,82.04239094629884,6,6,True
vllm,shared,deepseek-ai/DeepSeek-R1-Distill-Llama-8B,18,4,9,83.95017206203192,6,6,True
vllm,shared,deepseek-ai/DeepSeek-R1-Distill-Llama-8B,18,5,0,84.24558001570404,7,7,True
vllm,shared,deepseek-ai/DeepSeek-R1-Distill-Llama-8B,18,5,1,83.85393093340099,7,7,True
vllm,shared,deepseek-ai/DeepSeek-R1-Distill-Llama-8B,18,5,2,85.35711898002774,7,7,True
vllm,shared,deepseek-ai/DeepSeek-R1-Distill-Llama-8B,18,5,3,82.00904703699052,7,7,True
vllm,shared,deepseek-ai/DeepSeek-R1-Distill-Llama-8B,18,5,4,82.9342498909682,7,7,True
vllm,shared,deepseek-ai/DeepSeek-R1-Distill-Llama-8B,18,5,5,82.21514394972473,7,7,True
vllm,shared,deepseek-ai/DeepSeek-R1-Distill-Llama-8B,18,5,6,83.1015290459618,7,7,True
vllm,shared,deepseek-ai/DeepSeek-R1-Distill-Llama-8B,18,5,7,80.04141203127801,7,7,True
vllm,shared,deepseek-ai/DeepSeek-R1-Distill-Llama-8B,18,5,8,84.89719696808606,7,7,True
vllm,shared,deepseek-ai/DeepSeek-R1-Distill-Llama-8B,18,5,9,84.22887604683638,7,7,True
vllm,shared,deepseek-ai/DeepSeek-R1-Distill-Llama-8B,19,0,0,79.70264309551567,0,0,True
vllm,shared,deepseek-ai/DeepSeek-R1-Distill-Llama-8B,19,0,1,84.76410899311304,0,0,True
vllm,shared,deepseek-ai/DeepSeek-R1-Distill-Llama-8B,19,0,2,84.31378798559308,0,0,True
vllm,shared,deepseek-ai/DeepSeek-R1-Distill-Llama-8B,19,0,3,85.92265495099127,0,0,True
vllm,shared,deepseek-ai/DeepSeek-R1-Distill-Llama-8B,19,0,4,84.0026990044862,0,0,True
vllm,shared,deepseek-ai/DeepSeek-R1-Distill-Llama-8B,19,0,5,83.34076206665486,0,0,True
vllm,shared,deepseek-ai/DeepSeek-R1-Distill-Llama-8B,19,0,6,81.87197602819651,0,0,True
vllm,shared,deepseek-ai/DeepSeek-R1-Distill-Llama-8B,19,0,7,81.88818290363997,0,0,True
vllm,shared,deepseek-ai/DeepSeek-R1-Distill-Llama-8B,19,0,8,82.42783194873482,0,0,True
vllm,shared,deepseek-ai/DeepSeek-R1-Distill-Llama-8B,19,0,9,83.19087396375835,0,0,True
vllm,shared,deepseek-ai/DeepSeek-R1-Distill-Llama-8B,19,1,0,83.37522589135915,2,2,True
vllm,shared,deepseek-ai/DeepSeek-R1-Distill-Llama-8B,19,1,1,82.95932109467685,2,2,True
vllm,shared,deepseek-ai/DeepSeek-R1-Distill-Llama-8B,19,1,2,79.78107500821352,2,2,True
vllm,shared,deepseek-ai/DeepSeek-R1-Distill-Llama-8B,19,1,3,84.42977291997522,2,2,True
vllm,shared,deepseek-ai/DeepSeek-R1-Distill-Llama-8B,19,1,4,84.19630001299083,2,2,True
vllm,shared,deepseek-ai/DeepSeek-R1-Distill-Llama-8B,19,1,5,84.99884500633925,2,2,True
vllm,shared,deepseek-ai/DeepSeek-R1-Distill-Llama-8B,19,1,6,84.7952930489555,2,2,True
vllm,shared,deepseek-ai/DeepSeek-R1-Distill-Llama-8B,19,1,7,84.10415600519627,2,2,True
vllm,shared,deepseek-ai/DeepSeek-R1-Distill-Llama-8B,19,1,8,83.29314598813653,2,2,True
vllm,shared,deepseek-ai/DeepSeek-R1-Distill-Llama-8B,19,1,9,85.87448007892817,2,2,True
vllm,shared,deepseek-ai/DeepSeek-R1-Distill-Llama-8B,19,2,0,80.67379693966359,0,0,True
vllm,shared,deepseek-ai/DeepSeek-R1-Distill-Llama-8B,19,2,1,84.62764404248446,0,0,True
vllm,shared,deepseek-ai/DeepSeek-R1-Distill-Llama-8B,19,2,2,84.38446104992181,0,0,True
vllm,shared,deepseek-ai/DeepSeek-R1-Distill-Llama-8B,19,2,3,84.7199009731412,0,0,True
vllm,shared,deepseek-ai/DeepSeek-R1-Distill-Llama-8B,19,2,4,84.18487606104463,0,0,True
vllm,shared,deepseek-ai/DeepSeek-R1-Distill-Llama-8B,19,2,5,84.09612299874425,0,0,True
vllm,shared,deepseek-ai/DeepSeek-R1-Distill-Llama-8B,19,2,6,84.30239593144506,0,0,True
vllm,shared,deepseek-ai/DeepSeek-R1-Distill-Llama-8B,19,2,7,85.1795650087297,0,0,True
vllm,shared,deepseek-ai/DeepSeek-R1-Distill-Llama-8B,19,2,8,83.81493901833892,0,0,True
vllm,shared,deepseek-ai/DeepSeek-R1-Distill-Llama-8B,19,2,9,85.04335791803896,0,0,True
vllm,shared,deepseek-ai/DeepSeek-R1-Distill-Llama-8B,19,3,0,83.84927397128195,6,6,True
vllm,shared,deepseek-ai/DeepSeek-R1-Distill-Llama-8B,19,3,1,83.51637807209045,6,6,True
vllm,shared,deepseek-ai/DeepSeek-R1-Distill-Llama-8B,19,3,2,84.16906802449375,6,6,True
vllm,shared,deepseek-ai/DeepSeek-R1-Distill-Llama-8B,19,3,3,83.12463294714689,6,6,True
vllm,shared,deepseek-ai/DeepSeek-R1-Distill-Llama-8B,19,3,4,84.22797999810427,6,6,True
vllm,shared,deepseek-ai/DeepSeek-R1-Distill-Llama-8B,19,3,5,83.68681103456765,6,6,True
vllm,shared,deepseek-ai/DeepSeek-R1-Distill-Llama-8B,19,3,6,79.6127540525049,6,6,True
vllm,shared,deepseek-ai/DeepSeek-R1-Distill-Llama-8B,19,3,7,83.7300750426948,6,6,True
vllm,shared,deepseek-ai/DeepSeek-R1-Distill-Llama-8B,19,3,8,83.17696896847337,6,6,True
vllm,shared,deepseek-ai/DeepSeek-R1-Distill-Llama-8B,19,3,9,84.14167608134449,6,6,True
vllm,shared,deepseek-ai/DeepSeek-R1-Distill-Llama-8B,19,4,0,83.17103399895132,3,3,True
vllm,shared,deepseek-ai/DeepSeek-R1-Distill-Llama-8B,19,4,1,82.63885695487261,3,3,True
vllm,shared,deepseek-ai/DeepSeek-R1-Distill-Llama-8B,19,4,2,84.10788304172456,3,3,True
vllm,shared,deepseek-ai/DeepSeek-R1-Distill-Llama-8B,19,4,3,80.34662797581404,3,3,True
vllm,shared,deepseek-ai/DeepSeek-R1-Distill-Llama-8B,19,4,4,83.17074598744512,3,3,True
vllm,shared,deepseek-ai/DeepSeek-R1-Distill-Llama-8B,19,4,5,83.27145001385361,3,3,True
vllm,shared,deepseek-ai/DeepSeek-R1-Distill-Llama-8B,19,4,6,83.45463406294584,3,3,True
vllm,shared,deepseek-ai/DeepSeek-R1-Distill-Llama-8B,19,4,7,82.87295396439731,3,3,True
vllm,shared,deepseek-ai/DeepSeek-R1-Distill-Llama-8B,19,4,8,81.41419803723693,3,3,True
vllm,shared,deepseek-ai/DeepSeek-R1-Distill-Llama-8B,19,4,9,84.02303606271744,3,3,True
vllm,shared,deepseek-ai/DeepSeek-R1-Distill-Llama-8B,19,5,0,82.38957601133734,5,5,True
vllm,shared,deepseek-ai/DeepSeek-R1-Distill-Llama-8B,19,5,1,83.76127504743636,5,5,True
vllm,shared,deepseek-ai/DeepSeek-R1-Distill-Llama-8B,19,5,2,80.41718788444996,5,5,True
vllm,shared,deepseek-ai/DeepSeek-R1-Distill-Llama-8B,19,5,3,83.52247497532517,5,5,True
vllm,shared,deepseek-ai/DeepSeek-R1-Distill-Llama-8B,19,5,4,84.25673202145845,5,5,True
vllm,shared,deepseek-ai/DeepSeek-R1-Distill-Llama-8B,19,5,5,80.0066590309143,5,5,True
vllm,shared,deepseek-ai/DeepSeek-R1-Distill-Llama-8B,19,5,6,83.35564297158271,5,5,True
vllm,shared,deepseek-ai/DeepSeek-R1-Distill-Llama-8B,19,5,7,84.00689100380987,5,5,True
vllm,shared,deepseek-ai/DeepSeek-R1-Distill-Llama-8B,19,5,8,83.23788200505078,5,5,True
vllm,shared,deepseek-ai/DeepSeek-R1-Distill-Llama-8B,19,5,9,84.64910101611167,5,5,True
vllm,shared,deepseek-ai/DeepSeek-R1-Distill-Llama-8B,20,0,0,84.09913198556751,1,1,True
vllm,shared,deepseek-ai/DeepSeek-R1-Distill-Llama-8B,20,0,1,80.03259496763349,1,1,True
vllm,shared,deepseek-ai/DeepSeek-R1-Distill-Llama-8B,20,0,2,84.95563000906259,1,1,True
vllm,shared,deepseek-ai/DeepSeek-R1-Distill-Llama-8B,20,0,3,84.14279599674046,1,1,True
vllm,shared,deepseek-ai/DeepSeek-R1-Distill-Llama-8B,20,0,4,82.37844100221992,1,1,True
vllm,shared,deepseek-ai/DeepSeek-R1-Distill-Llama-8B,20,0,5,83.80489004775882,1,1,True
vllm,shared,deepseek-ai/DeepSeek-R1-Distill-Llama-8B,20,0,6,84.19570897240192,1,1,True
vllm,shared,deepseek-ai/DeepSeek-R1-Distill-Llama-8B,20,0,7,82.55394408479333,1,1,True
vllm,shared,deepseek-ai/DeepSeek-R1-Distill-Llama-8B,20,0,8,86.43516898155212,1,1,True
vllm,shared,deepseek-ai/DeepSeek-R1-Distill-Llama-8B,20,0,9,84.11228400655091,1,1,True
vllm,shared,deepseek-ai/DeepSeek-R1-Distill-Llama-8B,20,1,0,83.68999406229705,8,8,True
vllm,shared,deepseek-ai/DeepSeek-R1-Distill-Llama-8B,20,1,1,83.51636293809861,8,8,True
vllm,shared,deepseek-ai/DeepSeek-R1-Distill-Llama-8B,20,1,2,84.08572303596884,8,8,True
vllm,shared,deepseek-ai/DeepSeek-R1-Distill-Llama-8B,20,1,3,82.84538495354354,8,8,True
vllm,shared,deepseek-ai/DeepSeek-R1-Distill-Llama-8B,20,1,4,84.36430001165718,8,8,True
vllm,shared,deepseek-ai/DeepSeek-R1-Distill-Llama-8B,20,1,5,84.63668392505497,8,8,True
vllm,shared,deepseek-ai/DeepSeek-R1-Distill-Llama-8B,20,1,6,84.46724491659552,8,8,True
vllm,shared,deepseek-ai/DeepSeek-R1-Distill-Llama-8B,20,1,7,84.18775594327599,8,8,True
vllm,shared,deepseek-ai/DeepSeek-R1-Distill-Llama-8B,20,1,8,81.24493400100619,8,8,True
vllm,shared,deepseek-ai/DeepSeek-R1-Distill-Llama-8B,20,1,9,84.97092500329018,8,8,True
vllm,shared,deepseek-ai/DeepSeek-R1-Distill-Llama-8B,20,2,0,85.30551800504327,5,5,True
vllm,shared,deepseek-ai/DeepSeek-R1-Distill-Llama-8B,20,2,1,85.35710198339075,5,5,True
vllm,shared,deepseek-ai/DeepSeek-R1-Distill-Llama-8B,20,2,2,83.52097007445991,5,5,True
vllm,shared,deepseek-ai/DeepSeek-R1-Distill-Llama-8B,20,2,3,83.34136998746544,5,5,True
vllm,shared,deepseek-ai/DeepSeek-R1-Distill-Llama-8B,20,2,4,83.78569094929844,5,5,True
vllm,shared,deepseek-ai/DeepSeek-R1-Distill-Llama-8B,20,2,5,81.24056598171592,5,5,True
vllm,shared,deepseek-ai/DeepSeek-R1-Distill-Llama-8B,20,2,6,84.77721305098385,5,5,True
vllm,shared,deepseek-ai/DeepSeek-R1-Distill-Llama-8B,20,2,7,84.26509995479137,5,5,True
vllm,shared,deepseek-ai/DeepSeek-R1-Distill-Llama-8B,20,2,8,83.13232997898012,5,5,True
vllm,shared,deepseek-ai/DeepSeek-R1-Distill-Llama-8B,20,2,9,85.053501999937,5,5,True
vllm,shared,deepseek-ai/DeepSeek-R1-Distill-Llama-8B,20,3,0,84.151532035321,7,7,True
vllm,shared,deepseek-ai/DeepSeek-R1-Distill-Llama-8B,20,3,1,84.42095608916134,7,7,True
vllm,shared,deepseek-ai/DeepSeek-R1-Distill-Llama-8B,20,3,2,84.82793404255062,7,7,True
vllm,shared,deepseek-ai/DeepSeek-R1-Distill-Llama-8B,20,3,3,83.67852203082293,7,7,True
vllm,shared,deepseek-ai/DeepSeek-R1-Distill-Llama-8B,20,3,4,84.32668400928378,7,7,True
vllm,shared,deepseek-ai/DeepSeek-R1-Distill-Llama-8B,20,3,5,85.04315000027418,7,7,True
vllm,shared,deepseek-ai/DeepSeek-R1-Distill-Llama-8B,20,3,6,83.71911500580609,7,7,True
vllm,shared,deepseek-ai/DeepSeek-R1-Distill-Llama-8B,20,3,7,79.55347397364676,7,7,True
vllm,shared,deepseek-ai/DeepSeek-R1-Distill-Llama-8B,20,3,8,84.98046093154699,7,7,True
vllm,shared,deepseek-ai/DeepSeek-R1-Distill-Llama-8B,20,3,9,83.8684750488028,7,7,True
vllm,shared,deepseek-ai/DeepSeek-R1-Distill-Llama-8B,20,4,0,83.60444195568562,6,6,True
vllm,shared,deepseek-ai/DeepSeek-R1-Distill-Llama-8B,20,4,1,83.88337097130716,6,6,True
vllm,shared,deepseek-ai/DeepSeek-R1-Distill-Llama-8B,20,4,2,83.26487394515425,6,6,True
vllm,shared,deepseek-ai/DeepSeek-R1-Distill-Llama-8B,20,4,3,82.07615197170526,6,6,True
vllm,shared,deepseek-ai/DeepSeek-R1-Distill-Llama-8B,20,4,4,84.23500403296202,6,6,True
vllm,shared,deepseek-ai/DeepSeek-R1-Distill-Llama-8B,20,4,5,82.91935303714126,6,6,True
vllm,shared,deepseek-ai/DeepSeek-R1-Distill-Llama-8B,20,4,6,81.01512596476823,6,6,True
vllm,shared,deepseek-ai/DeepSeek-R1-Distill-Llama-8B,20,4,7,83.8765079388395,6,6,True
vllm,shared,deepseek-ai/DeepSeek-R1-Distill-Llama-8B,20,4,8,83.21263291873038,6,6,True
vllm,shared,deepseek-ai/DeepSeek-R1-Distill-Llama-8B,20,4,9,83.86501902714372,6,6,True
vllm,shared,deepseek-ai/DeepSeek-R1-Distill-Llama-8B,20,5,0,83.0009380588308,3,3,True
vllm,shared,deepseek-ai/DeepSeek-R1-Distill-Llama-8B,20,5,1,83.27172207646072,3,3,True
vllm,shared,deepseek-ai/DeepSeek-R1-Distill-Llama-8B,20,5,2,83.33600999321789,3,3,True
vllm,shared,deepseek-ai/DeepSeek-R1-Distill-Llama-8B,20,5,3,81.15159010048956,3,3,True
vllm,shared,deepseek-ai/DeepSeek-R1-Distill-Llama-8B,20,5,4,83.82914692629129,3,3,True
vllm,shared,deepseek-ai/DeepSeek-R1-Distill-Llama-8B,20,5,5,84.1252269456163,3,3,True
vllm,shared,deepseek-ai/DeepSeek-R1-Distill-Llama-8B,20,5,6,83.43162701930851,3,3,True
vllm,shared,deepseek-ai/DeepSeek-R1-Distill-Llama-8B,20,5,7,83.89593102037907,3,3,True
vllm,shared,deepseek-ai/DeepSeek-R1-Distill-Llama-8B,20,5,8,84.28754901979119,3,3,True
vllm,shared,deepseek-ai/DeepSeek-R1-Distill-Llama-8B,20,5,9,84.76377301849425,3,3,True
vllm,shared,deepseek-ai/DeepSeek-R1-Distill-Llama-8B,21,0,0,85.54291108157486,8,8,True
vllm,shared,deepseek-ai/DeepSeek-R1-Distill-Llama-8B,21,0,1,84.57862096838653,8,8,True
vllm,shared,deepseek-ai/DeepSeek-R1-Distill-Llama-8B,21,0,2,84.66209296602756,8,8,True
vllm,shared,deepseek-ai/DeepSeek-R1-Distill-Llama-8B,21,0,3,84.71212501171976,8,8,True
vllm,shared,deepseek-ai/DeepSeek-R1-Distill-Llama-8B,21,0,4,83.97607610095292,8,8,True
vllm,shared,deepseek-ai/DeepSeek-R1-Distill-Llama-8B,21,0,5,84.0763789601624,8,8,True
vllm,shared,deepseek-ai/DeepSeek-R1-Distill-Llama-8B,21,0,6,84.56158102490008,8,8,True
vllm,shared,deepseek-ai/DeepSeek-R1-Distill-Llama-8B,21,0,7,83.70252302847803,8,8,True
vllm,shared,deepseek-ai/DeepSeek-R1-Distill-Llama-8B,21,0,8,80.2173480624333,8,8,True
vllm,shared,deepseek-ai/DeepSeek-R1-Distill-Llama-8B,21,0,9,83.06524204090238,8,8,True
vllm,shared,deepseek-ai/DeepSeek-R1-Distill-Llama-8B,21,1,0,84.13479605223984,8,8,True
vllm,shared,deepseek-ai/DeepSeek-R1-Distill-Llama-8B,21,1,1,82.94624905101955,8,8,True
vllm,shared,deepseek-ai/DeepSeek-R1-Distill-Llama-8B,21,1,2,84.97402898501605,8,8,True
vllm,shared,deepseek-ai/DeepSeek-R1-Distill-Llama-8B,21,1,3,84.31885996833444,8,8,True
vllm,shared,deepseek-ai/DeepSeek-R1-Distill-Llama-8B,21,1,4,84.72681301645935,8,8,True
vllm,shared,deepseek-ai/DeepSeek-R1-Distill-Llama-8B,21,1,5,84.54636496026069,8,8,True
vllm,shared,deepseek-ai/DeepSeek-R1-Distill-Llama-8B,21,1,6,84.03834805358201,8,8,True
vllm,shared,deepseek-ai/DeepSeek-R1-Distill-Llama-8B,21,1,7,84.20226804446429,8,8,True
vllm,shared,deepseek-ai/DeepSeek-R1-Distill-Llama-8B,21,1,8,81.80335094220936,8,8,True
vllm,shared,deepseek-ai/DeepSeek-R1-Distill-Llama-8B,21,1,9,83.94700405187905,8,8,True
vllm,shared,deepseek-ai/DeepSeek-R1-Distill-Llama-8B,21,2,0,79.8951709875837,0,0,True
vllm,shared,deepseek-ai/DeepSeek-R1-Distill-Llama-8B,21,2,1,83.54948298074305,0,0,True
vllm,shared,deepseek-ai/DeepSeek-R1-Distill-Llama-8B,21,2,2,84.08017200417817,0,0,True
vllm,shared,deepseek-ai/DeepSeek-R1-Distill-Llama-8B,21,2,3,84.03789903968573,0,0,True
vllm,shared,deepseek-ai/DeepSeek-R1-Distill-Llama-8B,21,2,4,85.22854198236018,0,0,True
vllm,shared,deepseek-ai/DeepSeek-R1-Distill-Llama-8B,21,2,5,83.25213799253106,0,0,True
vllm,shared,deepseek-ai/DeepSeek-R1-Distill-Llama-8B,21,2,6,82.51656801439822,0,0,True
vllm,shared,deepseek-ai/DeepSeek-R1-Distill-Llama-8B,21,2,7,82.99298491328955,0,0,True
vllm,shared,deepseek-ai/DeepSeek-R1-Distill-Llama-8B,21,2,8,83.47572200000286,0,0,True
vllm,shared,deepseek-ai/DeepSeek-R1-Distill-Llama-8B,21,2,9,84.91681306622922,0,0,True
vllm,shared,deepseek-ai/DeepSeek-R1-Distill-Llama-8B,21,3,0,81.47133502643555,0,0,True
vllm,shared,deepseek-ai/DeepSeek-R1-Distill-Llama-8B,21,3,1,82.72260101512074,0,0,True
vllm,shared,deepseek-ai/DeepSeek-R1-Distill-Llama-8B,21,3,2,83.15389801282436,0,0,True
vllm,shared,deepseek-ai/DeepSeek-R1-Distill-Llama-8B,21,3,3,84.28783598355949,0,0,True
vllm,shared,deepseek-ai/DeepSeek-R1-Distill-Llama-8B,21,3,4,83.98690796457231,0,0,True
vllm,shared,deepseek-ai/DeepSeek-R1-Distill-Llama-8B,21,3,5,84.38191597815603,0,0,True
vllm,shared,deepseek-ai/DeepSeek-R1-Distill-Llama-8B,21,3,6,83.73617101460695,0,0,True
vllm,shared,deepseek-ai/DeepSeek-R1-Distill-Llama-8B,21,3,7,84.17210797779262,0,0,True
vllm,shared,deepseek-ai/DeepSeek-R1-Distill-Llama-8B,21,3,8,85.07559797726572,0,0,True
vllm,shared,deepseek-ai/DeepSeek-R1-Distill-Llama-8B,21,3,9,84.11466795951128,0,0,True
vllm,shared,deepseek-ai/DeepSeek-R1-Distill-Llama-8B,21,4,0,83.22639402467757,1,1,True
vllm,shared,deepseek-ai/DeepSeek-R1-Distill-Llama-8B,21,4,1,80.50493302289397,1,1,True
vllm,shared,deepseek-ai/DeepSeek-R1-Distill-Llama-8B,21,4,2,83.29367300029844,1,1,True
vllm,shared,deepseek-ai/DeepSeek-R1-Distill-Llama-8B,21,4,3,83.3707950077951,1,1,True
vllm,shared,deepseek-ai/DeepSeek-R1-Distill-Llama-8B,21,4,4,82.98144908621907,1,1,True
vllm,shared,deepseek-ai/DeepSeek-R1-Distill-Llama-8B,21,4,5,83.23724195361137,1,1,True
vllm,shared,deepseek-ai/DeepSeek-R1-Distill-Llama-8B,21,4,6,83.47151393536478,1,1,True
vllm,shared,deepseek-ai/DeepSeek-R1-Distill-Llama-8B,21,4,7,82.67325698398054,1,1,True
vllm,shared,deepseek-ai/DeepSeek-R1-Distill-Llama-8B,21,4,8,84.33287602383643,1,1,True
vllm,shared,deepseek-ai/DeepSeek-R1-Distill-Llama-8B,21,4,9,83.1973539898172,1,1,True
vllm,shared,deepseek-ai/DeepSeek-R1-Distill-Llama-8B,21,5,0,82.95508101582527,2,2,True
vllm,shared,deepseek-ai/DeepSeek-R1-Distill-Llama-8B,21,5,1,83.71234696824104,2,2,True
vllm,shared,deepseek-ai/DeepSeek-R1-Distill-Llama-8B,21,5,2,79.487010021694,2,2,True
vllm,shared,deepseek-ai/DeepSeek-R1-Distill-Llama-8B,21,5,3,82.9242980107665,2,2,True
vllm,shared,deepseek-ai/DeepSeek-R1-Distill-Llama-8B,21,5,4,84.2889720806852,2,2,True
vllm,shared,deepseek-ai/DeepSeek-R1-Distill-Llama-8B,21,5,5,82.93053694069386,2,2,True
vllm,shared,deepseek-ai/DeepSeek-R1-Distill-Llama-8B,21,5,6,83.00721005070955,2,2,True
vllm,shared,deepseek-ai/DeepSeek-R1-Distill-Llama-8B,21,5,7,83.09780200943351,2,2,True
vllm,shared,deepseek-ai/DeepSeek-R1-Distill-Llama-8B,21,5,8,82.92197703849524,2,2,True
vllm,shared,deepseek-ai/DeepSeek-R1-Distill-Llama-8B,21,5,9,83.5694830166176,2,2,True
vllm,shared,deepseek-ai/DeepSeek-R1-Distill-Llama-8B,22,0,0,83.11343309469521,5,5,True
vllm,shared,deepseek-ai/DeepSeek-R1-Distill-Llama-8B,22,0,1,83.14290596172214,5,5,True
vllm,shared,deepseek-ai/DeepSeek-R1-Distill-Llama-8B,22,0,2,84.1528280870989,5,5,True
vllm,shared,deepseek-ai/DeepSeek-R1-Distill-Llama-8B,22,0,3,84.20738810673356,5,5,True
vllm,shared,deepseek-ai/DeepSeek-R1-Distill-Llama-8B,22,0,4,84.95566202327609,5,5,True
vllm,shared,deepseek-ai/DeepSeek-R1-Distill-Llama-8B,22,0,5,81.01165306288749,5,5,True
vllm,shared,deepseek-ai/DeepSeek-R1-Distill-Llama-8B,22,0,6,84.20943701639771,5,5,True
vllm,shared,deepseek-ai/DeepSeek-R1-Distill-Llama-8B,22,0,7,84.11439508199692,5,5,True
vllm,shared,deepseek-ai/DeepSeek-R1-Distill-Llama-8B,22,0,8,84.34414106886834,5,5,True
vllm,shared,deepseek-ai/DeepSeek-R1-Distill-Llama-8B,22,0,9,83.89417105354369,5,5,True
vllm,shared,deepseek-ai/DeepSeek-R1-Distill-Llama-8B,22,1,0,85.00798209570348,2,2,True
vllm,shared,deepseek-ai/DeepSeek-R1-Distill-Llama-8B,22,1,1,85.52258997224271,2,2,True
vllm,shared,deepseek-ai/DeepSeek-R1-Distill-Llama-8B,22,1,2,80.77798900194466,2,2,True
vllm,shared,deepseek-ai/DeepSeek-R1-Distill-Llama-8B,22,1,3,83.72084295842797,2,2,True
vllm,shared,deepseek-ai/DeepSeek-R1-Distill-Llama-8B,22,1,4,84.44383600726724,2,2,True
vllm,shared,deepseek-ai/DeepSeek-R1-Distill-Llama-8B,22,1,5,83.98202806711197,2,2,True
vllm,shared,deepseek-ai/DeepSeek-R1-Distill-Llama-8B,22,1,6,83.12735403887928,2,2,True
vllm,shared,deepseek-ai/DeepSeek-R1-Distill-Llama-8B,22,1,7,85.11721401009709,2,2,True
vllm,shared,deepseek-ai/DeepSeek-R1-Distill-Llama-8B,22,1,8,84.25146795343608,2,2,True
vllm,shared,deepseek-ai/DeepSeek-R1-Distill-Llama-8B,22,1,9,85.35489498171955,2,2,True
vllm,shared,deepseek-ai/DeepSeek-R1-Distill-Llama-8B,22,2,0,79.920195043087,0,0,True
vllm,shared,deepseek-ai/DeepSeek-R1-Distill-Llama-8B,22,2,1,84.16437997948378,0,0,True
vllm,shared,deepseek-ai/DeepSeek-R1-Distill-Llama-8B,22,2,2,84.69121297821403,0,0,True
vllm,shared,deepseek-ai/DeepSeek-R1-Distill-Llama-8B,22,2,3,84.28407600149512,0,0,True
vllm,shared,deepseek-ai/DeepSeek-R1-Distill-Llama-8B,22,2,4,84.12244403734803,0,0,True
vllm,shared,deepseek-ai/DeepSeek-R1-Distill-Llama-8B,22,2,5,83.60444300342351,0,0,True
vllm,shared,deepseek-ai/DeepSeek-R1-Distill-Llama-8B,22,2,6,83.34948308765888,0,0,True
vllm,shared,deepseek-ai/DeepSeek-R1-Distill-Llama-8B,22,2,7,84.40785203129053,0,0,True
vllm,shared,deepseek-ai/DeepSeek-R1-Distill-Llama-8B,22,2,8,84.92033404763788,0,0,True
vllm,shared,deepseek-ai/DeepSeek-R1-Distill-Llama-8B,22,2,9,85.01630194950849,0,0,True
vllm,shared,deepseek-ai/DeepSeek-R1-Distill-Llama-8B,22,3,0,82.81804097350687,5,5,True
vllm,shared,deepseek-ai/DeepSeek-R1-Distill-Llama-8B,22,3,1,82.73517701309174,5,5,True
vllm,shared,deepseek-ai/DeepSeek-R1-Distill-Llama-8B,22,3,2,84.09606001805514,5,5,True
vllm,shared,deepseek-ai/DeepSeek-R1-Distill-Llama-8B,22,3,3,84.22068401705474,5,5,True
vllm,shared,deepseek-ai/DeepSeek-R1-Distill-Llama-8B,22,3,4,83.70085898786783,5,5,True
vllm,shared,deepseek-ai/DeepSeek-R1-Distill-Llama-8B,22,3,5,81.49816701188684,5,5,True
vllm,shared,deepseek-ai/DeepSeek-R1-Distill-Llama-8B,22,3,6,84.79252504184842,5,5,True
vllm,shared,deepseek-ai/DeepSeek-R1-Distill-Llama-8B,22,3,7,85.16113390214741,5,5,True
vllm,shared,deepseek-ai/DeepSeek-R1-Distill-Llama-8B,22,3,8,84.15602799504995,5,5,True
vllm,shared,deepseek-ai/DeepSeek-R1-Distill-Llama-8B,22,3,9,83.6307629942894,5,5,True
vllm,shared,deepseek-ai/DeepSeek-R1-Distill-Llama-8B,22,4,0,82.46351289562881,8,8,True
vllm,shared,deepseek-ai/DeepSeek-R1-Distill-Llama-8B,22,4,1,83.14952894579619,8,8,True
vllm,shared,deepseek-ai/DeepSeek-R1-Distill-Llama-8B,22,4,2,83.21847405750304,8,8,True
vllm,shared,deepseek-ai/DeepSeek-R1-Distill-Llama-8B,22,4,3,84.73598002456129,8,8,True
vllm,shared,deepseek-ai/DeepSeek-R1-Distill-Llama-8B,22,4,4,84.3107799300924,8,8,True
vllm,shared,deepseek-ai/DeepSeek-R1-Distill-Llama-8B,22,4,5,82.24971999879926,8,8,True
vllm,shared,deepseek-ai/DeepSeek-R1-Distill-Llama-8B,22,4,6,82.86117704119533,8,8,True
vllm,shared,deepseek-ai/DeepSeek-R1-Distill-Llama-8B,22,4,7,83.75652297399938,8,8,True
vllm,shared,deepseek-ai/DeepSeek-R1-Distill-Llama-8B,22,4,8,80.73458098806441,8,8,True
vllm,shared,deepseek-ai/DeepSeek-R1-Distill-Llama-8B,22,4,9,84.22793296631426,8,8,True
vllm,shared,deepseek-ai/DeepSeek-R1-Distill-Llama-8B,22,5,0,82.93407293967903,4,4,True
vllm,shared,deepseek-ai/DeepSeek-R1-Distill-Llama-8B,22,5,1,82.25047204177827,4,4,True
vllm,shared,deepseek-ai/DeepSeek-R1-Distill-Llama-8B,22,5,2,81.45168703049421,4,4,True
vllm,shared,deepseek-ai/DeepSeek-R1-Distill-Llama-8B,22,5,3,82.26819999981672,4,4,True
vllm,shared,deepseek-ai/DeepSeek-R1-Distill-Llama-8B,22,5,4,80.31853206921369,4,4,True
vllm,shared,deepseek-ai/DeepSeek-R1-Distill-Llama-8B,22,5,5,83.84556300006807,4,4,True
vllm,shared,deepseek-ai/DeepSeek-R1-Distill-Llama-8B,22,5,6,83.31711497157812,4,4,True
vllm,shared,deepseek-ai/DeepSeek-R1-Distill-Llama-8B,22,5,7,84.79134098161012,4,4,True
vllm,shared,deepseek-ai/DeepSeek-R1-Distill-Llama-8B,22,5,8,83.26264994684607,4,4,True
vllm,shared,deepseek-ai/DeepSeek-R1-Distill-Llama-8B,22,5,9,84.07625195104629,4,4,True
vllm,shared,deepseek-ai/DeepSeek-R1-Distill-Llama-8B,23,0,0,80.0569630227983,0,0,True
vllm,shared,deepseek-ai/DeepSeek-R1-Distill-Llama-8B,23,0,1,84.20777204446495,0,0,True
vllm,shared,deepseek-ai/DeepSeek-R1-Distill-Llama-8B,23,0,2,85.20259102806449,0,0,True
vllm,shared,deepseek-ai/DeepSeek-R1-Distill-Llama-8B,23,0,3,83.31770601216704,0,0,True
vllm,shared,deepseek-ai/DeepSeek-R1-Distill-Llama-8B,23,0,4,84.71494098193944,0,0,True
vllm,shared,deepseek-ai/DeepSeek-R1-Distill-Llama-8B,23,0,5,83.07213801890612,0,0,True
vllm,shared,deepseek-ai/DeepSeek-R1-Distill-Llama-8B,23,0,6,83.57733907178044,0,0,True
vllm,shared,deepseek-ai/DeepSeek-R1-Distill-Llama-8B,23,0,7,84.65399697888643,0,0,True
vllm,shared,deepseek-ai/DeepSeek-R1-Distill-Llama-8B,23,0,8,84.3731639906764,0,0,True
vllm,shared,deepseek-ai/DeepSeek-R1-Distill-Llama-8B,23,0,9,84.95721302460879,0,0,True
vllm,shared,deepseek-ai/DeepSeek-R1-Distill-Llama-8B,23,1,0,82.96100201550871,0,0,True
vllm,shared,deepseek-ai/DeepSeek-R1-Distill-Llama-8B,23,1,1,84.52478004619479,0,0,True
vllm,shared,deepseek-ai/DeepSeek-R1-Distill-Llama-8B,23,1,2,84.72470100969076,0,0,True
vllm,shared,deepseek-ai/DeepSeek-R1-Distill-Llama-8B,23,1,3,84.36788397375494,0,0,True
vllm,shared,deepseek-ai/DeepSeek-R1-Distill-Llama-8B,23,1,4,83.99799501057714,0,0,True
vllm,shared,deepseek-ai/DeepSeek-R1-Distill-Llama-8B,23,1,5,85.01066907774657,0,0,True
vllm,shared,deepseek-ai/DeepSeek-R1-Distill-Llama-8B,23,1,6,83.99573899805546,0,0,True
vllm,shared,deepseek-ai/DeepSeek-R1-Distill-Llama-8B,23,1,7,83.10492092277855,0,0,True
vllm,shared,deepseek-ai/DeepSeek-R1-Distill-Llama-8B,23,1,8,85.23023896850646,0,0,True
vllm,shared,deepseek-ai/DeepSeek-R1-Distill-Llama-8B,23,1,9,83.99836299940944,0,0,True
vllm,shared,deepseek-ai/DeepSeek-R1-Distill-Llama-8B,23,2,0,84.4334369758144,2,2,True
vllm,shared,deepseek-ai/DeepSeek-R1-Distill-Llama-8B,23,2,1,84.80385295115411,2,2,True
vllm,shared,deepseek-ai/DeepSeek-R1-Distill-Llama-8B,23,2,2,81.03978203143924,2,2,True
vllm,shared,deepseek-ai/DeepSeek-R1-Distill-Llama-8B,23,2,3,84.4829719280824,2,2,True
vllm,shared,deepseek-ai/DeepSeek-R1-Distill-Llama-8B,23,2,4,84.03177093714476,2,2,True
vllm,shared,deepseek-ai/DeepSeek-R1-Distill-Llama-8B,23,2,5,83.91084405593574,2,2,True
vllm,shared,deepseek-ai/DeepSeek-R1-Distill-Llama-8B,23,2,6,84.17938800994307,2,2,True
vllm,shared,deepseek-ai/DeepSeek-R1-Distill-Llama-8B,23,2,7,83.0384090077132,2,2,True
vllm,shared,deepseek-ai/DeepSeek-R1-Distill-Llama-8B,23,2,8,83.31841102335602,2,2,True
vllm,shared,deepseek-ai/DeepSeek-R1-Distill-Llama-8B,23,2,9,83.82453897502273,2,2,True
vllm,shared,deepseek-ai/DeepSeek-R1-Distill-Llama-8B,23,3,0,83.72701902408153,8,8,True
vllm,shared,deepseek-ai/DeepSeek-R1-Distill-Llama-8B,23,3,1,84.34444502927363,8,8,True
vllm,shared,deepseek-ai/DeepSeek-R1-Distill-Llama-8B,23,3,2,84.5326849957928,8,8,True
vllm,shared,deepseek-ai/DeepSeek-R1-Distill-Llama-8B,23,3,3,84.53014004044235,8,8,True
vllm,shared,deepseek-ai/DeepSeek-R1-Distill-Llama-8B,23,3,4,85.57727898005396,8,8,True
vllm,shared,deepseek-ai/DeepSeek-R1-Distill-Llama-8B,23,3,5,84.75295803509653,8,8,True
vllm,shared,deepseek-ai/DeepSeek-R1-Distill-Llama-8B,23,3,6,84.15986795444041,8,8,True
vllm,shared,deepseek-ai/DeepSeek-R1-Distill-Llama-8B,23,3,7,84.66135594062507,8,8,True
vllm,shared,deepseek-ai/DeepSeek-R1-Distill-Llama-8B,23,3,8,80.38597193080932,8,8,True
vllm,shared,deepseek-ai/DeepSeek-R1-Distill-Llama-8B,23,3,9,83.96164397709072,8,8,True
vllm,shared,deepseek-ai/DeepSeek-R1-Distill-Llama-8B,23,4,0,85.01900499686599,1,1,True
vllm,shared,deepseek-ai/DeepSeek-R1-Distill-Llama-8B,23,4,1,80.10144403669983,1,1,True
vllm,shared,deepseek-ai/DeepSeek-R1-Distill-Llama-8B,23,4,2,84.4081889372319,1,1,True
vllm,shared,deepseek-ai/DeepSeek-R1-Distill-Llama-8B,23,4,3,84.55658901948482,1,1,True
vllm,shared,deepseek-ai/DeepSeek-R1-Distill-Llama-8B,23,4,4,82.48997700866312,1,1,True
vllm,shared,deepseek-ai/DeepSeek-R1-Distill-Llama-8B,23,4,5,82.69392896909267,1,1,True
vllm,shared,deepseek-ai/DeepSeek-R1-Distill-Llama-8B,23,4,6,83.49860203452408,1,1,True
vllm,shared,deepseek-ai/DeepSeek-R1-Distill-Llama-8B,23,4,7,83.88716401532292,1,1,True
vllm,shared,deepseek-ai/DeepSeek-R1-Distill-Llama-8B,23,4,8,83.96511594764888,1,1,True
vllm,shared,deepseek-ai/DeepSeek-R1-Distill-Llama-8B,23,4,9,83.33564200438559,1,1,True
vllm,shared,deepseek-ai/DeepSeek-R1-Distill-Llama-8B,23,5,0,84.01593193411827,6,6,True
vllm,shared,deepseek-ai/DeepSeek-R1-Distill-Llama-8B,23,5,1,82.94508198741823,6,6,True
vllm,shared,deepseek-ai/DeepSeek-R1-Distill-Llama-8B,23,5,2,83.26503401622176,6,6,True
vllm,shared,deepseek-ai/DeepSeek-R1-Distill-Llama-8B,23,5,3,83.28759390860796,6,6,True
vllm,shared,deepseek-ai/DeepSeek-R1-Distill-Llama-8B,23,5,4,83.14972196239978,6,6,True
vllm,shared,deepseek-ai/DeepSeek-R1-Distill-Llama-8B,23,5,5,82.20554399304092,6,6,True
vllm,shared,deepseek-ai/DeepSeek-R1-Distill-Llama-8B,23,5,6,80.82774898502976,6,6,True
vllm,shared,deepseek-ai/DeepSeek-R1-Distill-Llama-8B,23,5,7,84.01682798285037,6,6,True
vllm,shared,deepseek-ai/DeepSeek-R1-Distill-Llama-8B,23,5,8,81.88240707386285,6,6,True
vllm,shared,deepseek-ai/DeepSeek-R1-Distill-Llama-8B,23,5,9,83.485322073102,6,6,True
vllm,shared,deepseek-ai/DeepSeek-R1-Distill-Llama-8B,24,0,0,83.1233529606834,6,6,True
vllm,shared,deepseek-ai/DeepSeek-R1-Distill-Llama-8B,24,0,1,84.08514701295644,6,6,True
vllm,shared,deepseek-ai/DeepSeek-R1-Distill-Llama-8B,24,0,2,84.54754808917642,6,6,True
vllm,shared,deepseek-ai/DeepSeek-R1-Distill-Llama-8B,24,0,3,84.3598369974643,6,6,True
vllm,shared,deepseek-ai/DeepSeek-R1-Distill-Llama-8B,24,0,4,84.45457299239933,6,6,True
vllm,shared,deepseek-ai/DeepSeek-R1-Distill-Llama-8B,24,0,5,84.31902003940195,6,6,True
vllm,shared,deepseek-ai/DeepSeek-R1-Distill-Llama-8B,24,0,6,81.87338395509869,6,6,True
vllm,shared,deepseek-ai/DeepSeek-R1-Distill-Llama-8B,24,0,7,83.81853892933577,6,6,True
vllm,shared,deepseek-ai/DeepSeek-R1-Distill-Llama-8B,24,0,8,84.27375601604581,6,6,True
vllm,shared,deepseek-ai/DeepSeek-R1-Distill-Llama-8B,24,0,9,83.616234944202,6,6,True
vllm,shared,deepseek-ai/DeepSeek-R1-Distill-Llama-8B,24,1,0,82.26903202012181,5,5,True
vllm,shared,deepseek-ai/DeepSeek-R1-Distill-Llama-8B,24,1,1,84.32909997645766,5,5,True
vllm,shared,deepseek-ai/DeepSeek-R1-Distill-Llama-8B,24,1,2,83.21649092249572,5,5,True
vllm,shared,deepseek-ai/DeepSeek-R1-Distill-Llama-8B,24,1,3,84.32180399540812,5,5,True
vllm,shared,deepseek-ai/DeepSeek-R1-Distill-Llama-8B,24,1,4,84.49989999644458,5,5,True
vllm,shared,deepseek-ai/DeepSeek-R1-Distill-Llama-8B,24,1,5,81.53664600104094,5,5,True
vllm,shared,deepseek-ai/DeepSeek-R1-Distill-Llama-8B,24,1,6,84.34874890372157,5,5,True
vllm,shared,deepseek-ai/DeepSeek-R1-Distill-Llama-8B,24,1,7,85.5844309553504,5,5,True
vllm,shared,deepseek-ai/DeepSeek-R1-Distill-Llama-8B,24,1,8,84.91910097654909,5,5,True
vllm,shared,deepseek-ai/DeepSeek-R1-Distill-Llama-8B,24,1,9,84.79054202325642,5,5,True
vllm,shared,deepseek-ai/DeepSeek-R1-Distill-Llama-8B,24,2,0,83.618905977346,8,8,True
vllm,shared,deepseek-ai/DeepSeek-R1-Distill-Llama-8B,24,2,1,85.56639903690666,8,8,True
vllm,shared,deepseek-ai/DeepSeek-R1-Distill-Llama-8B,24,2,2,83.67765799630433,8,8,True
vllm,shared,deepseek-ai/DeepSeek-R1-Distill-Llama-8B,24,2,3,83.2836099434644,8,8,True
vllm,shared,deepseek-ai/DeepSeek-R1-Distill-Llama-8B,24,2,4,83.3358820527792,8,8,True
vllm,shared,deepseek-ai/DeepSeek-R1-Distill-Llama-8B,24,2,5,83.78889097366482,8,8,True
vllm,shared,deepseek-ai/DeepSeek-R1-Distill-Llama-8B,24,2,6,83.8931150501594,8,8,True
vllm,shared,deepseek-ai/DeepSeek-R1-Distill-Llama-8B,24,2,7,84.30884405970573,8,8,True
vllm,shared,deepseek-ai/DeepSeek-R1-Distill-Llama-8B,24,2,8,78.94756901077926,8,8,True
vllm,shared,deepseek-ai/DeepSeek-R1-Distill-Llama-8B,24,2,9,84.31449299678206,8,8,True
vllm,shared,deepseek-ai/DeepSeek-R1-Distill-Llama-8B,24,3,0,82.88418594747782,7,7,True
vllm,shared,deepseek-ai/DeepSeek-R1-Distill-Llama-8B,24,3,1,85.1414060452953,7,7,True
vllm,shared,deepseek-ai/DeepSeek-R1-Distill-Llama-8B,24,3,2,86.3039999967441,7,7,True
vllm,shared,deepseek-ai/DeepSeek-R1-Distill-Llama-8B,24,3,3,84.89452500361949,7,7,True
vllm,shared,deepseek-ai/DeepSeek-R1-Distill-Llama-8B,24,3,4,84.11601197440177,7,7,True
vllm,shared,deepseek-ai/DeepSeek-R1-Distill-Llama-8B,24,3,5,84.26621998660266,7,7,True
vllm,shared,deepseek-ai/DeepSeek-R1-Distill-Llama-8B,24,3,6,83.79303605761379,7,7,True
vllm,shared,deepseek-ai/DeepSeek-R1-Distill-Llama-8B,24,3,7,80.25027601979673,7,7,True
vllm,shared,deepseek-ai/DeepSeek-R1-Distill-Llama-8B,24,3,8,85.20967804361135,7,7,True
vllm,shared,deepseek-ai/DeepSeek-R1-Distill-Llama-8B,24,3,9,86.00174402818084,7,7,True
vllm,shared,deepseek-ai/DeepSeek-R1-Distill-Llama-8B,24,4,0,83.309625973925,6,6,True
vllm,shared,deepseek-ai/DeepSeek-R1-Distill-Llama-8B,24,4,1,83.68661999702454,6,6,True
vllm,shared,deepseek-ai/DeepSeek-R1-Distill-Llama-8B,24,4,2,84.40308400895447,6,6,True
vllm,shared,deepseek-ai/DeepSeek-R1-Distill-Llama-8B,24,4,3,83.84601201396435,6,6,True
vllm,shared,deepseek-ai/DeepSeek-R1-Distill-Llama-8B,24,4,4,83.01845798268914,6,6,True
vllm,shared,deepseek-ai/DeepSeek-R1-Distill-Llama-8B,24,4,5,83.80413905251771,6,6,True
vllm,shared,deepseek-ai/DeepSeek-R1-Distill-Llama-8B,24,4,6,81.6393670393154,6,6,True
vllm,shared,deepseek-ai/DeepSeek-R1-Distill-Llama-8B,24,4,7,83.91049189958721,6,6,True
vllm,shared,deepseek-ai/DeepSeek-R1-Distill-Llama-8B,24,4,8,82.68888900056481,6,6,True
vllm,shared,deepseek-ai/DeepSeek-R1-Distill-Llama-8B,24,4,9,83.75489106401801,6,6,True
vllm,shared,deepseek-ai/DeepSeek-R1-Distill-Llama-8B,24,5,0,84.05359601601958,1,1,True
vllm,shared,deepseek-ai/DeepSeek-R1-Distill-Llama-8B,24,5,1,82.294343970716,1,1,True
vllm,shared,deepseek-ai/DeepSeek-R1-Distill-Llama-8B,24,5,2,83.94047489855438,1,1,True
vllm,shared,deepseek-ai/DeepSeek-R1-Distill-Llama-8B,24,5,3,84.10959597676992,1,1,True
vllm,shared,deepseek-ai/DeepSeek-R1-Distill-Llama-8B,24,5,4,83.85116409044713,1,1,True
vllm,shared,deepseek-ai/DeepSeek-R1-Distill-Llama-8B,24,5,5,83.49951496347785,1,1,True
vllm,shared,deepseek-ai/DeepSeek-R1-Distill-Llama-8B,24,5,6,83.975899964571,1,1,True
vllm,shared,deepseek-ai/DeepSeek-R1-Distill-Llama-8B,24,5,7,83.01823399960995,1,1,True
vllm,shared,deepseek-ai/DeepSeek-R1-Distill-Llama-8B,24,5,8,83.35751399863511,1,1,True
vllm,shared,deepseek-ai/DeepSeek-R1-Distill-Llama-8B,24,5,9,83.86119501665235,1,1,True
vllm,shared,deepseek-ai/DeepSeek-R1-Distill-Llama-8B,25,0,0,84.03774001635611,1,1,True
vllm,shared,deepseek-ai/DeepSeek-R1-Distill-Llama-8B,25,0,1,80.99221298471093,1,1,True
vllm,shared,deepseek-ai/DeepSeek-R1-Distill-Llama-8B,25,0,2,85.26262198574841,1,1,True
vllm,shared,deepseek-ai/DeepSeek-R1-Distill-Llama-8B,25,0,3,84.03178805019706,1,1,True
vllm,shared,deepseek-ai/DeepSeek-R1-Distill-Llama-8B,25,0,4,84.39490792807192,1,1,True
vllm,shared,deepseek-ai/DeepSeek-R1-Distill-Llama-8B,25,0,5,84.1890360461548,1,1,True
vllm,shared,deepseek-ai/DeepSeek-R1-Distill-Llama-8B,25,0,6,83.84321199264377,1,1,True
vllm,shared,deepseek-ai/DeepSeek-R1-Distill-Llama-8B,25,0,7,84.99073295388371,1,1,True
vllm,shared,deepseek-ai/DeepSeek-R1-Distill-Llama-8B,25,0,8,85.34036704804748,1,1,True
vllm,shared,deepseek-ai/DeepSeek-R1-Distill-Llama-8B,25,0,9,83.87756301090121,1,1,True
vllm,shared,deepseek-ai/DeepSeek-R1-Distill-Llama-8B,25,1,0,84.18182004243135,4,4,True
vllm,shared,deepseek-ai/DeepSeek-R1-Distill-Llama-8B,25,1,1,83.58069905079901,4,4,True
vllm,shared,deepseek-ai/DeepSeek-R1-Distill-Llama-8B,25,1,2,83.9778680820018,4,4,True
vllm,shared,deepseek-ai/DeepSeek-R1-Distill-Llama-8B,25,1,3,85.78831900376827,4,4,True
vllm,shared,deepseek-ai/DeepSeek-R1-Distill-Llama-8B,25,1,4,81.0319259762764,4,4,True
vllm,shared,deepseek-ai/DeepSeek-R1-Distill-Llama-8B,25,1,5,83.74893898144364,4,4,True
vllm,shared,deepseek-ai/DeepSeek-R1-Distill-Llama-8B,25,1,6,84.57802899647504,4,4,True
vllm,shared,deepseek-ai/DeepSeek-R1-Distill-Llama-8B,25,1,7,83.51375500205904,4,4,True
vllm,shared,deepseek-ai/DeepSeek-R1-Distill-Llama-8B,25,1,8,84.95441300328821,4,4,True
vllm,shared,deepseek-ai/DeepSeek-R1-Distill-Llama-8B,25,1,9,86.34865691419691,4,4,True
vllm,shared,deepseek-ai/DeepSeek-R1-Distill-Llama-8B,25,2,0,84.54254094976932,8,8,True
vllm,shared,deepseek-ai/DeepSeek-R1-Distill-Llama-8B,25,2,1,83.72108300682157,8,8,True
vllm,shared,deepseek-ai/DeepSeek-R1-Distill-Llama-8B,25,2,2,83.46033096313477,8,8,True
vllm,shared,deepseek-ai/DeepSeek-R1-Distill-Llama-8B,25,2,3,83.82471592631191,8,8,True
vllm,shared,deepseek-ai/DeepSeek-R1-Distill-Llama-8B,25,2,4,84.05644400045276,8,8,True
vllm,shared,deepseek-ai/DeepSeek-R1-Distill-Llama-8B,25,2,5,84.19210801366717,8,8,True
vllm,shared,deepseek-ai/DeepSeek-R1-Distill-Llama-8B,25,2,6,85.30764596071094,8,8,True
vllm,shared,deepseek-ai/DeepSeek-R1-Distill-Llama-8B,25,2,7,85.10127803310752,8,8,True
vllm,shared,deepseek-ai/DeepSeek-R1-Distill-Llama-8B,25,2,8,80.71670902427286,8,8,True
vllm,shared,deepseek-ai/DeepSeek-R1-Distill-Llama-8B,25,2,9,85.57521505281329,8,8,True
vllm,shared,deepseek-ai/DeepSeek-R1-Distill-Llama-8B,25,3,0,85.28921392280608,2,2,True
vllm,shared,deepseek-ai/DeepSeek-R1-Distill-Llama-8B,25,3,1,85.41943901218474,2,2,True
vllm,shared,deepseek-ai/DeepSeek-R1-Distill-Llama-8B,25,3,2,80.18648391589522,2,2,True
vllm,shared,deepseek-ai/DeepSeek-R1-Distill-Llama-8B,25,3,3,83.50911503657699,2,2,True
vllm,shared,deepseek-ai/DeepSeek-R1-Distill-Llama-8B,25,3,4,84.26193206105381,2,2,True
vllm,shared,deepseek-ai/DeepSeek-R1-Distill-Llama-8B,25,3,5,83.87820399366319,2,2,True
vllm,shared,deepseek-ai/DeepSeek-R1-Distill-Llama-8B,25,3,6,84.05455609317869,2,2,True
vllm,shared,deepseek-ai/DeepSeek-R1-Distill-Llama-8B,25,3,7,84.99492600094527,2,2,True
vllm,shared,deepseek-ai/DeepSeek-R1-Distill-Llama-8B,25,3,8,84.18485999573022,2,2,True
vllm,shared,deepseek-ai/DeepSeek-R1-Distill-Llama-8B,25,3,9,84.20565992128104,2,2,True
vllm,shared,deepseek-ai/DeepSeek-R1-Distill-Llama-8B,25,4,0,82.86709699314088,5,5,True
vllm,shared,deepseek-ai/DeepSeek-R1-Distill-Llama-8B,25,4,1,84.07617104239762,5,5,True
vllm,shared,deepseek-ai/DeepSeek-R1-Distill-Llama-8B,25,4,2,83.40732206124812,5,5,True
vllm,shared,deepseek-ai/DeepSeek-R1-Distill-Llama-8B,25,4,3,84.7815660526976,5,5,True
vllm,shared,deepseek-ai/DeepSeek-R1-Distill-Llama-8B,25,4,4,83.45040993299335,5,5,True
vllm,shared,deepseek-ai/DeepSeek-R1-Distill-Llama-8B,25,4,5,81.0585010331124,5,5,True
vllm,shared,deepseek-ai/DeepSeek-R1-Distill-Llama-8B,25,4,6,84.11513199098408,5,5,True
vllm,shared,deepseek-ai/DeepSeek-R1-Distill-Llama-8B,25,4,7,82.85164192784578,5,5,True
vllm,shared,deepseek-ai/DeepSeek-R1-Distill-Llama-8B,25,4,8,83.297178032808,5,5,True
vllm,shared,deepseek-ai/DeepSeek-R1-Distill-Llama-8B,25,4,9,84.49510100763291,5,5,True
vllm,shared,deepseek-ai/DeepSeek-R1-Distill-Llama-8B,25,5,0,82.66229694709182,6,6,True
vllm,shared,deepseek-ai/DeepSeek-R1-Distill-Llama-8B,25,5,1,83.99383607320487,6,6,True
vllm,shared,deepseek-ai/DeepSeek-R1-Distill-Llama-8B,25,5,2,82.9986979952082,6,6,True
vllm,shared,deepseek-ai/DeepSeek-R1-Distill-Llama-8B,25,5,3,83.65924307145178,6,6,True
vllm,shared,deepseek-ai/DeepSeek-R1-Distill-Llama-8B,25,5,4,85.35851107444614,6,6,True
vllm,shared,deepseek-ai/DeepSeek-R1-Distill-Llama-8B,25,5,5,84.24026798456907,6,6,True
vllm,shared,deepseek-ai/DeepSeek-R1-Distill-Llama-8B,25,5,6,79.98734805732965,6,6,True
vllm,shared,deepseek-ai/DeepSeek-R1-Distill-Llama-8B,25,5,7,84.22831597272307,6,6,True
vllm,shared,deepseek-ai/DeepSeek-R1-Distill-Llama-8B,25,5,8,85.04046208690852,6,6,True
vllm,shared,deepseek-ai/DeepSeek-R1-Distill-Llama-8B,25,5,9,83.36132194381207,6,6,True
vllm,shared,deepseek-ai/DeepSeek-R1-Distill-Llama-8B,26,0,0,82.04954396933317,0,0,True
vllm,shared,deepseek-ai/DeepSeek-R1-Distill-Llama-8B,26,0,1,83.72137101832777,0,0,True
vllm,shared,deepseek-ai/DeepSeek-R1-Distill-Llama-8B,26,0,2,84.72007804084569,0,0,True
vllm,shared,deepseek-ai/DeepSeek-R1-Distill-Llama-8B,26,0,3,86.07127901632339,0,0,True
vllm,shared,deepseek-ai/DeepSeek-R1-Distill-Llama-8B,26,0,4,83.8536600349471,0,0,True
vllm,shared,deepseek-ai/DeepSeek-R1-Distill-Llama-8B,26,0,5,83.4344740724191,0,0,True
vllm,shared,deepseek-ai/DeepSeek-R1-Distill-Llama-8B,26,0,6,87.74168300442398,0,0,True
vllm,shared,deepseek-ai/DeepSeek-R1-Distill-Llama-8B,26,0,7,84.4194529345259,0,0,True
vllm,shared,deepseek-ai/DeepSeek-R1-Distill-Llama-8B,26,0,8,84.92708497215062,0,0,True
vllm,shared,deepseek-ai/DeepSeek-R1-Distill-Llama-8B,26,0,9,84.0522029902786,0,0,True
vllm,shared,deepseek-ai/DeepSeek-R1-Distill-Llama-8B,26,1,0,84.97108495794237,1,1,True
vllm,shared,deepseek-ai/DeepSeek-R1-Distill-Llama-8B,26,1,1,80.19542798865587,1,1,True
vllm,shared,deepseek-ai/DeepSeek-R1-Distill-Llama-8B,26,1,2,84.03500402346253,1,1,True
vllm,shared,deepseek-ai/DeepSeek-R1-Distill-Llama-8B,26,1,3,85.10988601483405,1,1,True
vllm,shared,deepseek-ai/DeepSeek-R1-Distill-Llama-8B,26,1,4,85.02394903916866,1,1,True
vllm,shared,deepseek-ai/DeepSeek-R1-Distill-Llama-8B,26,1,5,84.37169308308512,1,1,True
vllm,shared,deepseek-ai/DeepSeek-R1-Distill-Llama-8B,26,1,6,85.00617404934019,1,1,True
vllm,shared,deepseek-ai/DeepSeek-R1-Distill-Llama-8B,26,1,7,84.28245992399752,1,1,True
vllm,shared,deepseek-ai/DeepSeek-R1-Distill-Llama-8B,26,1,8,83.15541897900403,1,1,True
vllm,shared,deepseek-ai/DeepSeek-R1-Distill-Llama-8B,26,1,9,84.06066801398993,1,1,True
vllm,shared,deepseek-ai/DeepSeek-R1-Distill-Llama-8B,26,2,0,84.07932298723608,5,5,True
vllm,shared,deepseek-ai/DeepSeek-R1-Distill-Llama-8B,26,2,1,81.90602308604866,5,5,True
vllm,shared,deepseek-ai/DeepSeek-R1-Distill-Llama-8B,26,2,2,83.00362597219646,5,5,True
vllm,shared,deepseek-ai/DeepSeek-R1-Distill-Llama-8B,26,2,3,84.37642792705446,5,5,True
vllm,shared,deepseek-ai/DeepSeek-R1-Distill-Llama-8B,26,2,4,84.12420505192131,5,5,True
vllm,shared,deepseek-ai/DeepSeek-R1-Distill-Llama-8B,26,2,5,79.78429005015641,5,5,True
vllm,shared,deepseek-ai/DeepSeek-R1-Distill-Llama-8B,26,2,6,83.1745871109888,5,5,True
vllm,shared,deepseek-ai/DeepSeek-R1-Distill-Llama-8B,26,2,7,83.95764301531017,5,5,True
vllm,shared,deepseek-ai/DeepSeek-R1-Distill-Llama-8B,26,2,8,82.90796098299325,5,5,True
vllm,shared,deepseek-ai/DeepSeek-R1-Distill-Llama-8B,26,2,9,83.4307469194755,5,5,True
vllm,shared,deepseek-ai/DeepSeek-R1-Distill-Llama-8B,26,3,0,84.23085999675095,7,7,True
vllm,shared,deepseek-ai/DeepSeek-R1-Distill-Llama-8B,26,3,1,82.926330040209,7,7,True
vllm,shared,deepseek-ai/DeepSeek-R1-Distill-Llama-8B,26,3,2,84.94654193054885,7,7,True
vllm,shared,deepseek-ai/DeepSeek-R1-Distill-Llama-8B,26,3,3,85.45673405751586,7,7,True
vllm,shared,deepseek-ai/DeepSeek-R1-Distill-Llama-8B,26,3,4,84.8170859972015,7,7,True
vllm,shared,deepseek-ai/DeepSeek-R1-Distill-Llama-8B,26,3,5,84.06797994393855,7,7,True
vllm,shared,deepseek-ai/DeepSeek-R1-Distill-Llama-8B,26,3,6,85.58387099765241,7,7,True
vllm,shared,deepseek-ai/DeepSeek-R1-Distill-Llama-8B,26,3,7,80.27186000254005,7,7,True
vllm,shared,deepseek-ai/DeepSeek-R1-Distill-Llama-8B,26,3,8,83.86057196184993,7,7,True
vllm,shared,deepseek-ai/DeepSeek-R1-Distill-Llama-8B,26,3,9,84.03562800958753,7,7,True
vllm,shared,deepseek-ai/DeepSeek-R1-Distill-Llama-8B,26,4,0,83.11952999792993,3,3,True
vllm,shared,deepseek-ai/DeepSeek-R1-Distill-Llama-8B,26,4,1,83.1359620206058,3,3,True
vllm,shared,deepseek-ai/DeepSeek-R1-Distill-Llama-8B,26,4,2,85.52091103047132,3,3,True
vllm,shared,deepseek-ai/DeepSeek-R1-Distill-Llama-8B,26,4,3,80.71130095049739,3,3,True
vllm,shared,deepseek-ai/DeepSeek-R1-Distill-Llama-8B,26,4,4,83.86199502274394,3,3,True
vllm,shared,deepseek-ai/DeepSeek-R1-Distill-Llama-8B,26,4,5,83.3306509302929,3,3,True
vllm,shared,deepseek-ai/DeepSeek-R1-Distill-Llama-8B,26,4,6,83.80721102003008,3,3,True
vllm,shared,deepseek-ai/DeepSeek-R1-Distill-Llama-8B,26,4,7,84.77762993425131,3,3,True
vllm,shared,deepseek-ai/DeepSeek-R1-Distill-Llama-8B,26,4,8,84.59858899004757,3,3,True
vllm,shared,deepseek-ai/DeepSeek-R1-Distill-Llama-8B,26,4,9,84.05809197574854,3,3,True
vllm,shared,deepseek-ai/DeepSeek-R1-Distill-Llama-8B,26,5,0,83.85348308365792,7,7,True
vllm,shared,deepseek-ai/DeepSeek-R1-Distill-Llama-8B,26,5,1,83.13496899791062,7,7,True
vllm,shared,deepseek-ai/DeepSeek-R1-Distill-Llama-8B,26,5,2,82.7901849988848,7,7,True
vllm,shared,deepseek-ai/DeepSeek-R1-Distill-Llama-8B,26,5,3,83.52229895535856,7,7,True
vllm,shared,deepseek-ai/DeepSeek-R1-Distill-Llama-8B,26,5,4,83.63233099225909,7,7,True
vllm,shared,deepseek-ai/DeepSeek-R1-Distill-Llama-8B,26,5,5,83.66541797295213,7,7,True
vllm,shared,deepseek-ai/DeepSeek-R1-Distill-Llama-8B,26,5,6,82.92544900905341,7,7,True
vllm,shared,deepseek-ai/DeepSeek-R1-Distill-Llama-8B,26,5,7,80.67928499076515,7,7,True
vllm,shared,deepseek-ai/DeepSeek-R1-Distill-Llama-8B,26,5,8,82.82607304863632,7,7,True
vllm,shared,deepseek-ai/DeepSeek-R1-Distill-Llama-8B,26,5,9,84.29062098730356,7,7,True
vllm,shared,deepseek-ai/DeepSeek-R1-Distill-Llama-8B,27,0,0,83.77957891207188,7,7,True
vllm,shared,deepseek-ai/DeepSeek-R1-Distill-Llama-8B,27,0,1,84.2749250587076,7,7,True
vllm,shared,deepseek-ai/DeepSeek-R1-Distill-Llama-8B,27,0,2,82.96808903105557,7,7,True
vllm,shared,deepseek-ai/DeepSeek-R1-Distill-Llama-8B,27,0,3,83.10516201891005,7,7,True
vllm,shared,deepseek-ai/DeepSeek-R1-Distill-Llama-8B,27,0,4,84.17594898492098,7,7,True
vllm,shared,deepseek-ai/DeepSeek-R1-Distill-Llama-8B,27,0,5,86.10404806677252,7,7,True
vllm,shared,deepseek-ai/DeepSeek-R1-Distill-Llama-8B,27,0,6,84.54882900696248,7,7,True
vllm,shared,deepseek-ai/DeepSeek-R1-Distill-Llama-8B,27,0,7,81.6138950176537,7,7,True
vllm,shared,deepseek-ai/DeepSeek-R1-Distill-Llama-8B,27,0,8,82.92749803513288,7,7,True
vllm,shared,deepseek-ai/DeepSeek-R1-Distill-Llama-8B,27,0,9,84.32759705465287,7,7,True
vllm,shared,deepseek-ai/DeepSeek-R1-Distill-Llama-8B,27,1,0,84.30631598457694,5,5,True
vllm,shared,deepseek-ai/DeepSeek-R1-Distill-Llama-8B,27,1,1,84.24990100320429,5,5,True
vllm,shared,deepseek-ai/DeepSeek-R1-Distill-Llama-8B,27,1,2,83.84377090260386,5,5,True
vllm,shared,deepseek-ai/DeepSeek-R1-Distill-Llama-8B,27,1,3,84.81388608925045,5,5,True
vllm,shared,deepseek-ai/DeepSeek-R1-Distill-Llama-8B,27,1,4,83.38496997021139,5,5,True
vllm,shared,deepseek-ai/DeepSeek-R1-Distill-Llama-8B,27,1,5,80.37230896297842,5,5,True
vllm,shared,deepseek-ai/DeepSeek-R1-Distill-Llama-8B,27,1,6,84.78657307568938,5,5,True
vllm,shared,deepseek-ai/DeepSeek-R1-Distill-Llama-8B,27,1,7,86.12488093785942,5,5,True
vllm,shared,deepseek-ai/DeepSeek-R1-Distill-Llama-8B,27,1,8,84.79908504523337,5,5,True
vllm,shared,deepseek-ai/DeepSeek-R1-Distill-Llama-8B,27,1,9,84.76258895825595,5,5,True
vllm,shared,deepseek-ai/DeepSeek-R1-Distill-Llama-8B,27,2,0,84.09138803835958,6,6,True
vllm,shared,deepseek-ai/DeepSeek-R1-Distill-Llama-8B,27,2,1,84.43382102996111,6,6,True
vllm,shared,deepseek-ai/DeepSeek-R1-Distill-Llama-8B,27,2,2,83.0107299843803,6,6,True
vllm,shared,deepseek-ai/DeepSeek-R1-Distill-Llama-8B,27,2,3,84.20017303433269,6,6,True
vllm,shared,deepseek-ai/DeepSeek-R1-Distill-Llama-8B,27,2,4,85.07898892275989,6,6,True
vllm,shared,deepseek-ai/DeepSeek-R1-Distill-Llama-8B,27,2,5,84.12204403430223,6,6,True
vllm,shared,deepseek-ai/DeepSeek-R1-Distill-Llama-8B,27,2,6,81.02954202331603,6,6,True
vllm,shared,deepseek-ai/DeepSeek-R1-Distill-Llama-8B,27,2,7,84.01039498858154,6,6,True
vllm,shared,deepseek-ai/DeepSeek-R1-Distill-Llama-8B,27,2,8,84.81252600904554,6,6,True
vllm,shared,deepseek-ai/DeepSeek-R1-Distill-Llama-8B,27,2,9,83.81026703864336,6,6,True
vllm,shared,deepseek-ai/DeepSeek-R1-Distill-Llama-8B,27,3,0,84.77996604051441,6,9,False
vllm,shared,deepseek-ai/DeepSeek-R1-Distill-Llama-8B,27,3,1,83.95452389959246,6,9,False
vllm,shared,deepseek-ai/DeepSeek-R1-Distill-Llama-8B,27,3,2,84.06189898960292,6,9,False
vllm,shared,deepseek-ai/DeepSeek-R1-Distill-Llama-8B,27,3,3,85.28123004361987,6,9,False
vllm,shared,deepseek-ai/DeepSeek-R1-Distill-Llama-8B,27,3,4,85.12663806322962,6,9,False
vllm,shared,deepseek-ai/DeepSeek-R1-Distill-Llama-8B,27,3,5,84.01417196728289,6,9,False
vllm,shared,deepseek-ai/DeepSeek-R1-Distill-Llama-8B,27,3,6,82.72792992647737,6,9,False
vllm,shared,deepseek-ai/DeepSeek-R1-Distill-Llama-8B,27,3,7,84.7082050750032,6,9,False
vllm,shared,deepseek-ai/DeepSeek-R1-Distill-Llama-8B,27,3,8,84.43767693825066,6,9,False
vllm,shared,deepseek-ai/DeepSeek-R1-Distill-Llama-8B,27,3,9,82.44743291288614,6,9,False
vllm,shared,deepseek-ai/DeepSeek-R1-Distill-Llama-8B,27,4,0,84.18858796358109,3,3,True
vllm,shared,deepseek-ai/DeepSeek-R1-Distill-Llama-8B,27,4,1,83.78365891985595,3,3,True
vllm,shared,deepseek-ai/DeepSeek-R1-Distill-Llama-8B,27,4,2,83.53701909072697,3,3,True
vllm,shared,deepseek-ai/DeepSeek-R1-Distill-Llama-8B,27,4,3,80.29523608274758,3,3,True
vllm,shared,deepseek-ai/DeepSeek-R1-Distill-Llama-8B,27,4,4,82.63172104489058,3,3,True
vllm,shared,deepseek-ai/DeepSeek-R1-Distill-Llama-8B,27,4,5,83.06911308318377,3,3,True
vllm,shared,deepseek-ai/DeepSeek-R1-Distill-Llama-8B,27,4,6,84.5321089727804,3,3,True
vllm,shared,deepseek-ai/DeepSeek-R1-Distill-Llama-8B,27,4,7,83.58642703387886,3,3,True
vllm,shared,deepseek-ai/DeepSeek-R1-Distill-Llama-8B,27,4,8,83.01700104493648,3,3,True
vllm,shared,deepseek-ai/DeepSeek-R1-Distill-Llama-8B,27,4,9,84.18340398930013,3,3,True
vllm,shared,deepseek-ai/DeepSeek-R1-Distill-Llama-8B,27,5,0,83.97303591482341,7,7,True
vllm,shared,deepseek-ai/DeepSeek-R1-Distill-Llama-8B,27,5,1,83.37469899561256,7,7,True
vllm,shared,deepseek-ai/DeepSeek-R1-Distill-Llama-8B,27,5,2,84.86270089633763,7,7,True
vllm,shared,deepseek-ai/DeepSeek-R1-Distill-Llama-8B,27,5,3,83.67020299192518,7,7,True
vllm,shared,deepseek-ai/DeepSeek-R1-Distill-Llama-8B,27,5,4,82.82213599886745,7,7,True
vllm,shared,deepseek-ai/DeepSeek-R1-Distill-Llama-8B,27,5,5,82.18565594870597,7,7,True
vllm,shared,deepseek-ai/DeepSeek-R1-Distill-Llama-8B,27,5,6,82.72381697315723,7,7,True
vllm,shared,deepseek-ai/DeepSeek-R1-Distill-Llama-8B,27,5,7,79.55539494287223,7,7,True
vllm,shared,deepseek-ai/DeepSeek-R1-Distill-Llama-8B,27,5,8,85.39737504906952,7,7,True
vllm,shared,deepseek-ai/DeepSeek-R1-Distill-Llama-8B,27,5,9,83.31692195497453,7,7,True
vllm,shared,deepseek-ai/DeepSeek-R1-Distill-Llama-8B,28,0,0,80.8837820077315,9,0,False
vllm,shared,deepseek-ai/DeepSeek-R1-Distill-Llama-8B,28,0,1,84.14458797778934,9,0,False
vllm,shared,deepseek-ai/DeepSeek-R1-Distill-Llama-8B,28,0,2,83.77639495301992,9,0,False
vllm,shared,deepseek-ai/DeepSeek-R1-Distill-Llama-8B,28,0,3,85.17892600502819,9,0,False
vllm,shared,deepseek-ai/DeepSeek-R1-Distill-Llama-8B,28,0,4,84.29122902452946,9,0,False
vllm,shared,deepseek-ai/DeepSeek-R1-Distill-Llama-8B,28,0,5,84.33377207256854,9,0,False
vllm,shared,deepseek-ai/DeepSeek-R1-Distill-Llama-8B,28,0,6,84.68628500122577,9,0,False
vllm,shared,deepseek-ai/DeepSeek-R1-Distill-Llama-8B,28,0,7,83.50359497126192,9,0,False
vllm,shared,deepseek-ai/DeepSeek-R1-Distill-Llama-8B,28,0,8,83.20637803990394,9,0,False
vllm,shared,deepseek-ai/DeepSeek-R1-Distill-Llama-8B,28,0,9,81.8632710725069,9,0,False
vllm,shared,deepseek-ai/DeepSeek-R1-Distill-Llama-8B,28,1,0,84.96164600364864,5,2,False
vllm,shared,deepseek-ai/DeepSeek-R1-Distill-Llama-8B,28,1,1,83.80975504405797,5,2,False
vllm,shared,deepseek-ai/DeepSeek-R1-Distill-Llama-8B,28,1,2,80.74323704931885,5,2,False
vllm,shared,deepseek-ai/DeepSeek-R1-Distill-Llama-8B,28,1,3,84.08255595713854,5,2,False
vllm,shared,deepseek-ai/DeepSeek-R1-Distill-Llama-8B,28,1,4,83.5573710501194,5,2,False
vllm,shared,deepseek-ai/DeepSeek-R1-Distill-Llama-8B,28,1,5,82.13602402247488,5,2,False
vllm,shared,deepseek-ai/DeepSeek-R1-Distill-Llama-8B,28,1,6,85.11596696916968,5,2,False
vllm,shared,deepseek-ai/DeepSeek-R1-Distill-Llama-8B,28,1,7,85.21143801044673,5,2,False
vllm,shared,deepseek-ai/DeepSeek-R1-Distill-Llama-8B,28,1,8,85.0184140726924,5,2,False
vllm,shared,deepseek-ai/DeepSeek-R1-Distill-Llama-8B,28,1,9,85.1289100246504,5,2,False
vllm,shared,deepseek-ai/DeepSeek-R1-Distill-Llama-8B,28,2,0,80.33678808715194,0,0,True
vllm,shared,deepseek-ai/DeepSeek-R1-Distill-Llama-8B,28,2,1,84.14780499879271,0,0,True
vllm,shared,deepseek-ai/DeepSeek-R1-Distill-Llama-8B,28,2,2,84.90771008655429,0,0,True
vllm,shared,deepseek-ai/DeepSeek-R1-Distill-Llama-8B,28,2,3,84.2983479378745,0,0,True
vllm,shared,deepseek-ai/DeepSeek-R1-Distill-Llama-8B,28,2,4,83.29522598069161,0,0,True
vllm,shared,deepseek-ai/DeepSeek-R1-Distill-Llama-8B,28,2,5,83.95981905050576,0,0,True
vllm,shared,deepseek-ai/DeepSeek-R1-Distill-Llama-8B,28,2,6,83.19274603854865,0,0,True
vllm,shared,deepseek-ai/DeepSeek-R1-Distill-Llama-8B,28,2,7,85.57505498174578,0,0,True
vllm,shared,deepseek-ai/DeepSeek-R1-Distill-Llama-8B,28,2,8,84.61471693590283,0,0,True
vllm,shared,deepseek-ai/DeepSeek-R1-Distill-Llama-8B,28,2,9,84.05870001297444,0,0,True
vllm,shared,deepseek-ai/DeepSeek-R1-Distill-Llama-8B,28,3,0,84.71034897956997,6,6,True
vllm,shared,deepseek-ai/DeepSeek-R1-Distill-Llama-8B,28,3,1,85.05487791262567,6,6,True
vllm,shared,deepseek-ai/DeepSeek-R1-Distill-Llama-8B,28,3,2,84.36164492741227,6,6,True
vllm,shared,deepseek-ai/DeepSeek-R1-Distill-Llama-8B,28,3,3,85.92700795270503,6,6,True
vllm,shared,deepseek-ai/DeepSeek-R1-Distill-Llama-8B,28,3,4,84.14381998591125,6,6,True
vllm,shared,deepseek-ai/DeepSeek-R1-Distill-Llama-8B,28,3,5,84.87756596878171,6,6,True
vllm,shared,deepseek-ai/DeepSeek-R1-Distill-Llama-8B,28,3,6,81.54509507585317,6,6,True
vllm,shared,deepseek-ai/DeepSeek-R1-Distill-Llama-8B,28,3,7,84.52594897244126,6,6,True
vllm,shared,deepseek-ai/DeepSeek-R1-Distill-Llama-8B,28,3,8,83.67191499564797,6,6,True
vllm,shared,deepseek-ai/DeepSeek-R1-Distill-Llama-8B,28,3,9,85.82644700072706,6,6,True
vllm,shared,deepseek-ai/DeepSeek-R1-Distill-Llama-8B,28,4,0,84.0897400630638,3,3,True
vllm,shared,deepseek-ai/DeepSeek-R1-Distill-Llama-8B,28,4,1,83.31423404160887,3,3,True
vllm,shared,deepseek-ai/DeepSeek-R1-Distill-Llama-8B,28,4,2,84.21393297612667,3,3,True
vllm,shared,deepseek-ai/DeepSeek-R1-Distill-Llama-8B,28,4,3,80.05936304107308,3,3,True
vllm,shared,deepseek-ai/DeepSeek-R1-Distill-Llama-8B,28,4,4,83.00818596035242,3,3,True
vllm,shared,deepseek-ai/DeepSeek-R1-Distill-Llama-8B,28,4,5,84.1271800454706,3,3,True
vllm,shared,deepseek-ai/DeepSeek-R1-Distill-Llama-8B,28,4,6,81.66356000583619,3,3,True
vllm,shared,deepseek-ai/DeepSeek-R1-Distill-Llama-8B,28,4,7,82.66954496502876,3,3,True
vllm,shared,deepseek-ai/DeepSeek-R1-Distill-Llama-8B,28,4,8,82.78599299956113,3,3,True
vllm,shared,deepseek-ai/DeepSeek-R1-Distill-Llama-8B,28,4,9,82.316072890535,3,3,True
vllm,shared,deepseek-ai/DeepSeek-R1-Distill-Llama-8B,28,5,0,83.28335406258702,5,5,True
vllm,shared,deepseek-ai/DeepSeek-R1-Distill-Llama-8B,28,5,1,84.77870200295001,5,5,True
vllm,shared,deepseek-ai/DeepSeek-R1-Distill-Llama-8B,28,5,2,83.99164397269487,5,5,True
vllm,shared,deepseek-ai/DeepSeek-R1-Distill-Llama-8B,28,5,3,83.33620196208358,5,5,True
vllm,shared,deepseek-ai/DeepSeek-R1-Distill-Llama-8B,28,5,4,83.97634804714471,5,5,True
vllm,shared,deepseek-ai/DeepSeek-R1-Distill-Llama-8B,28,5,5,80.09123499505222,5,5,True
vllm,shared,deepseek-ai/DeepSeek-R1-Distill-Llama-8B,28,5,6,82.77090499177575,5,5,True
vllm,shared,deepseek-ai/DeepSeek-R1-Distill-Llama-8B,28,5,7,82.12551206815988,5,5,True
vllm,shared,deepseek-ai/DeepSeek-R1-Distill-Llama-8B,28,5,8,82.96234591398388,5,5,True
vllm,shared,deepseek-ai/DeepSeek-R1-Distill-Llama-8B,28,5,9,83.17994594108313,5,5,True
vllm,shared,deepseek-ai/DeepSeek-R1-Distill-Llama-8B,29,0,0,83.87977094389498,8,8,True
vllm,shared,deepseek-ai/DeepSeek-R1-Distill-Llama-8B,29,0,1,84.08065198455006,8,8,True
vllm,shared,deepseek-ai/DeepSeek-R1-Distill-Llama-8B,29,0,2,85.20835102535784,8,8,True
vllm,shared,deepseek-ai/DeepSeek-R1-Distill-Llama-8B,29,0,3,84.09183600451797,8,8,True
vllm,shared,deepseek-ai/DeepSeek-R1-Distill-Llama-8B,29,0,4,84.32834793347865,8,8,True
vllm,shared,deepseek-ai/DeepSeek-R1-Distill-Llama-8B,29,0,5,83.8915960630402,8,8,True
vllm,shared,deepseek-ai/DeepSeek-R1-Distill-Llama-8B,29,0,6,84.10289196763188,8,8,True
vllm,shared,deepseek-ai/DeepSeek-R1-Distill-Llama-8B,29,0,7,84.38873302657157,8,8,True
vllm,shared,deepseek-ai/DeepSeek-R1-Distill-Llama-8B,29,0,8,82.84492196980864,8,8,True
vllm,shared,deepseek-ai/DeepSeek-R1-Distill-Llama-8B,29,0,9,84.10631597507745,8,8,True
vllm,shared,deepseek-ai/DeepSeek-R1-Distill-Llama-8B,29,1,0,84.81972489971668,7,7,True
vllm,shared,deepseek-ai/DeepSeek-R1-Distill-Llama-8B,29,1,1,85.23753401823342,7,7,True
vllm,shared,deepseek-ai/DeepSeek-R1-Distill-Llama-8B,29,1,2,85.3009270504117,7,7,True
vllm,shared,deepseek-ai/DeepSeek-R1-Distill-Llama-8B,29,1,3,84.88300594035536,7,7,True
vllm,shared,deepseek-ai/DeepSeek-R1-Distill-Llama-8B,29,1,4,83.82234699092805,7,7,True
vllm,shared,deepseek-ai/DeepSeek-R1-Distill-Llama-8B,29,1,5,84.46015696972609,7,7,True
vllm,shared,deepseek-ai/DeepSeek-R1-Distill-Llama-8B,29,1,6,84.24204494804144,7,7,True
vllm,shared,deepseek-ai/DeepSeek-R1-Distill-Llama-8B,29,1,7,80.03413106780499,7,7,True
vllm,shared,deepseek-ai/DeepSeek-R1-Distill-Llama-8B,29,1,8,82.88919401820749,7,7,True
vllm,shared,deepseek-ai/DeepSeek-R1-Distill-Llama-8B,29,1,9,84.04804405290633,7,7,True
vllm,shared,deepseek-ai/DeepSeek-R1-Distill-Llama-8B,29,2,0,83.38373899459839,2,2,True
vllm,shared,deepseek-ai/DeepSeek-R1-Distill-Llama-8B,29,2,1,83.9504599571228,2,2,True
vllm,shared,deepseek-ai/DeepSeek-R1-Distill-Llama-8B,29,2,2,80.95786103513092,2,2,True
vllm,shared,deepseek-ai/DeepSeek-R1-Distill-Llama-8B,29,2,3,84.51247704215348,2,2,True
vllm,shared,deepseek-ai/DeepSeek-R1-Distill-Llama-8B,29,2,4,84.05274793040007,2,2,True
vllm,shared,deepseek-ai/DeepSeek-R1-Distill-Llama-8B,29,2,5,83.76310009043664,2,2,True
vllm,shared,deepseek-ai/DeepSeek-R1-Distill-Llama-8B,29,2,6,85.30878194142133,2,2,True
vllm,shared,deepseek-ai/DeepSeek-R1-Distill-Llama-8B,29,2,7,84.20730894431472,2,2,True
vllm,shared,deepseek-ai/DeepSeek-R1-Distill-Llama-8B,29,2,8,85.1418060483411,2,2,True
vllm,shared,deepseek-ai/DeepSeek-R1-Distill-Llama-8B,29,2,9,83.864506916143,2,2,True
vllm,shared,deepseek-ai/DeepSeek-R1-Distill-Llama-8B,29,3,0,80.98240592516959,0,0,True
vllm,shared,deepseek-ai/DeepSeek-R1-Distill-Llama-8B,29,3,1,83.5333860013634,0,0,True
vllm,shared,deepseek-ai/DeepSeek-R1-Distill-Llama-8B,29,3,2,84.6205250127241,0,0,True
vllm,shared,deepseek-ai/DeepSeek-R1-Distill-Llama-8B,29,3,3,86.16940805222839,0,0,True
vllm,shared,deepseek-ai/DeepSeek-R1-Distill-Llama-8B,29,3,4,84.1477729845792,0,0,True
vllm,shared,deepseek-ai/DeepSeek-R1-Distill-Llama-8B,29,3,5,84.1867639683187,0,0,True
vllm,shared,deepseek-ai/DeepSeek-R1-Distill-Llama-8B,29,3,6,83.97457201499492,0,0,True
vllm,shared,deepseek-ai/DeepSeek-R1-Distill-Llama-8B,29,3,7,84.92067002225667,0,0,True
vllm,shared,deepseek-ai/DeepSeek-R1-Distill-Llama-8B,29,3,8,84.5820929389447,0,0,True
vllm,shared,deepseek-ai/DeepSeek-R1-Distill-Llama-8B,29,3,9,82.84324104897678,0,0,True
vllm,shared,deepseek-ai/DeepSeek-R1-Distill-Llama-8B,29,4,0,83.01976998336613,2,2,True
vllm,shared,deepseek-ai/DeepSeek-R1-Distill-Llama-8B,29,4,1,84.00754700414836,2,2,True
vllm,shared,deepseek-ai/DeepSeek-R1-Distill-Llama-8B,29,4,2,81.16022904869169,2,2,True
vllm,shared,deepseek-ai/DeepSeek-R1-Distill-Llama-8B,29,4,3,85.01059003174305,2,2,True
vllm,shared,deepseek-ai/DeepSeek-R1-Distill-Llama-8B,29,4,4,84.48737196158618,2,2,True
vllm,shared,deepseek-ai/DeepSeek-R1-Distill-Llama-8B,29,4,5,82.93428109027445,2,2,True
vllm,shared,deepseek-ai/DeepSeek-R1-Distill-Llama-8B,29,4,6,83.89937097672373,2,2,True
vllm,shared,deepseek-ai/DeepSeek-R1-Distill-Llama-8B,29,4,7,84.16646101977676,2,2,True
vllm,shared,deepseek-ai/DeepSeek-R1-Distill-Llama-8B,29,4,8,83.19263404700905,2,2,True
vllm,shared,deepseek-ai/DeepSeek-R1-Distill-Llama-8B,29,4,9,83.965242956765,2,2,True
vllm,shared,deepseek-ai/DeepSeek-R1-Distill-Llama-8B,29,5,0,84.47495696600527,6,6,True
vllm,shared,deepseek-ai/DeepSeek-R1-Distill-Llama-8B,29,5,1,84.02913191821426,6,6,True
vllm,shared,deepseek-ai/DeepSeek-R1-Distill-Llama-8B,29,5,2,83.73820304404944,6,6,True
vllm,shared,deepseek-ai/DeepSeek-R1-Distill-Llama-8B,29,5,3,83.3462659502402,6,6,True
vllm,shared,deepseek-ai/DeepSeek-R1-Distill-Llama-8B,29,5,4,83.72596302069724,6,6,True
vllm,shared,deepseek-ai/DeepSeek-R1-Distill-Llama-8B,29,5,5,83.51618691813201,6,6,True
vllm,shared,deepseek-ai/DeepSeek-R1-Distill-Llama-8B,29,5,6,80.12134802993387,6,6,True
vllm,shared,deepseek-ai/DeepSeek-R1-Distill-Llama-8B,29,5,7,83.38577102404088,6,6,True
vllm,shared,deepseek-ai/DeepSeek-R1-Distill-Llama-8B,29,5,8,83.5805389797315,6,6,True
vllm,shared,deepseek-ai/DeepSeek-R1-Distill-Llama-8B,29,5,9,83.56375503353775,6,6,True
