framework,cache_mode,trial,position,probe_digit,wall_clock_latency,ground_truth_digit,position_guess,position_correct
sglang,cache-disabled,0,0,0,0.15353820299787913,7,4,False
sglang,cache-disabled,0,0,1,0.1484619099937845,7,4,False
sglang,cache-disabled,0,0,2,0.1499954579921905,7,4,False
sglang,cache-disabled,0,0,3,0.15336112999648321,7,4,False
sglang,cache-disabled,0,0,4,0.14840115699917078,7,4,False
sglang,cache-disabled,0,0,5,0.15424814399739262,7,4,False
sglang,cache-disabled,0,0,6,0.15018856299866457,7,4,False
sglang,cache-disabled,0,0,7,0.15228827399550937,7,4,False
sglang,cache-disabled,0,0,8,0.1485091420036042,7,4,False
sglang,cache-disabled,0,0,9,0.15012739501253236,7,4,False
sglang,cache-disabled,0,1,0,0.15397649399528746,9,2,False
sglang,cache-disabled,0,1,1,0.1538647499983199,9,2,False
sglang,cache-disabled,0,1,2,0.1470388589950744,9,2,False
sglang,cache-disabled,0,1,3,0.15037309200852178,9,2,False
sglang,cache-disabled,0,1,4,0.1498605599917937,9,2,False
sglang,cache-disabled,0,1,5,0.15343980200123042,9,2,False
sglang,cache-disabled,0,1,6,0.1499354089901317,9,2,False
sglang,cache-disabled,0,1,7,0.1546250749961473,9,2,False
sglang,cache-disabled,0,1,8,0.14880213599826675,9,2,False
sglang,cache-disabled,0,1,9,0.1496228789910674,9,2,False
sglang,cache-disabled,0,2,0,0.15198969500488602,1,4,False
sglang,cache-disabled,0,2,1,0.15002491300401744,1,4,False
sglang,cache-disabled,0,2,2,0.15136044299288187,1,4,False
sglang,cache-disabled,0,2,3,0.1536283960012952,1,4,False
sglang,cache-disabled,0,2,4,0.14801859499129932,1,4,False
sglang,cache-disabled,0,2,5,0.15213297599984799,1,4,False
sglang,cache-disabled,0,2,6,0.15062994199979585,1,4,False
sglang,cache-disabled,0,2,7,0.15023857798951212,1,4,False
sglang,cache-disabled,0,2,8,0.15088133500830736,1,4,False
sglang,cache-disabled,0,2,9,0.15144980400509667,1,4,False
sglang,cache-disabled,0,3,0,0.1511291450005956,0,8,False
sglang,cache-disabled,0,3,1,0.14994479999586474,0,8,False
sglang,cache-disabled,0,3,2,0.14983513500192203,0,8,False
sglang,cache-disabled,0,3,3,0.15078266299678944,0,8,False
sglang,cache-disabled,0,3,4,0.1517208770092111,0,8,False
sglang,cache-disabled,0,3,5,0.15085519100830425,0,8,False
sglang,cache-disabled,0,3,6,0.15328610499273054,0,8,False
sglang,cache-disabled,0,3,7,0.15191902298829518,0,8,False
sglang,cache-disabled,0,3,8,0.1485743109951727,0,8,False
sglang,cache-disabled,0,3,9,0.1500487690063892,0,8,False
sglang,cache-disabled,0,4,0,0.15107997599989176,2,5,False
sglang,cache-disabled,0,4,1,0.1508233350032242,2,5,False
sglang,cache-disabled,0,4,2,0.15097752799920272,2,5,False
sglang,cache-disabled,0,4,3,0.15186671799165197,2,5,False
sglang,cache-disabled,0,4,4,0.15255569900909904,2,5,False
sglang,cache-disabled,0,4,5,0.14875461500196252,2,5,False
sglang,cache-disabled,0,4,6,0.15076810200116597,2,5,False
sglang,cache-disabled,0,4,7,0.15005329699488357,2,5,False
sglang,cache-disabled,0,4,8,0.15092994300357532,2,5,False
sglang,cache-disabled,0,4,9,0.1493251959909685,2,5,False
sglang,cache-disabled,0,5,0,0.15186993400857318,6,8,False
sglang,cache-disabled,0,5,1,0.15205169600085355,6,8,False
sglang,cache-disabled,0,5,2,0.15140292300202418,6,8,False
sglang,cache-disabled,0,5,3,0.1498532629921101,6,8,False
sglang,cache-disabled,0,5,4,0.150234275002731,6,8,False
sglang,cache-disabled,0,5,5,0.1498702550015878,6,8,False
sglang,cache-disabled,0,5,6,0.1526970759878168,6,8,False
sglang,cache-disabled,0,5,7,0.15112396101176273,6,8,False
sglang,cache-disabled,0,5,8,0.14834757200151216,6,8,False
sglang,cache-disabled,0,5,9,0.1540471660118783,6,8,False
sglang,cache-disabled,1,0,0,0.1509918480005581,4,1,False
sglang,cache-disabled,1,0,1,0.14905384900339413,4,1,False
sglang,cache-disabled,1,0,2,0.1523281129921088,4,1,False
sglang,cache-disabled,1,0,3,0.14954367600148544,4,1,False
sglang,cache-disabled,1,0,4,0.1522876160015585,4,1,False
sglang,cache-disabled,1,0,5,0.15146495499357115,4,1,False
sglang,cache-disabled,1,0,6,0.1496014849981293,4,1,False
sglang,cache-disabled,1,0,7,0.15022956900065765,4,1,False
sglang,cache-disabled,1,0,8,0.15081047000421677,4,1,False
sglang,cache-disabled,1,0,9,0.14951311600452755,4,1,False
sglang,cache-disabled,1,1,0,0.1495458199933637,5,0,False
sglang,cache-disabled,1,1,1,0.15112333599245176,5,0,False
sglang,cache-disabled,1,1,2,0.15252491499995813,5,0,False
sglang,cache-disabled,1,1,3,0.15015993699489627,5,0,False
sglang,cache-disabled,1,1,4,0.15053046800312586,5,0,False
sglang,cache-disabled,1,1,5,0.15097184700425714,5,0,False
sglang,cache-disabled,1,1,6,0.1503820030047791,5,0,False
sglang,cache-disabled,1,1,7,0.15170025201223325,5,0,False
sglang,cache-disabled,1,1,8,0.15112314399448223,5,0,False
sglang,cache-disabled,1,1,9,0.1504150109976763,5,0,False
sglang,cache-disabled,1,2,0,0.15525221399730071,5,6,False
sglang,cache-disabled,1,2,1,0.14988913499109913,5,6,False
sglang,cache-disabled,1,2,2,0.14935729099670425,5,6,False
sglang,cache-disabled,1,2,3,0.15285538000171073,5,6,False
sglang,cache-disabled,1,2,4,0.14854770099918824,5,6,False
sglang,cache-disabled,1,2,5,0.15273101099592168,5,6,False
sglang,cache-disabled,1,2,6,0.1485185490018921,5,6,False
sglang,cache-disabled,1,2,7,0.15046702699328307,5,6,False
sglang,cache-disabled,1,2,8,0.15141309799219016,5,6,False
sglang,cache-disabled,1,2,9,0.1514964109956054,5,6,False
sglang,cache-disabled,1,3,0,0.15039779400103725,7,6,False
sglang,cache-disabled,1,3,1,0.1499608000012813,7,6,False
sglang,cache-disabled,1,3,2,0.1514873539999826,7,6,False
sglang,cache-disabled,1,3,3,0.1496200130059151,7,6,False
sglang,cache-disabled,1,3,4,0.15010334399994463,7,6,False
sglang,cache-disabled,1,3,5,0.15462233699508943,7,6,False
sglang,cache-disabled,1,3,6,0.14841899600287434,7,6,False
sglang,cache-disabled,1,3,7,0.15023750500404276,7,6,False
sglang,cache-disabled,1,3,8,0.15067261199874338,7,6,False
sglang,cache-disabled,1,3,9,0.15182732499670237,7,6,False
sglang,cache-disabled,1,4,0,0.150797636990319,9,6,False
sglang,cache-disabled,1,4,1,0.15084354199643712,9,6,False
sglang,cache-disabled,1,4,2,0.15205823800351936,9,6,False
sglang,cache-disabled,1,4,3,0.15146145000471734,9,6,False
sglang,cache-disabled,1,4,4,0.151150471996516,9,6,False
sglang,cache-disabled,1,4,5,0.15338746400084347,9,6,False
sglang,cache-disabled,1,4,6,0.14902258400979917,9,6,False
sglang,cache-disabled,1,4,7,0.15070165299403016,9,6,False
sglang,cache-disabled,1,4,8,0.15151498600607738,9,6,False
sglang,cache-disabled,1,4,9,0.15325711100012995,9,6,False
sglang,cache-disabled,1,5,0,0.14956324400554877,8,0,False
sglang,cache-disabled,1,5,1,0.1510754789924249,8,0,False
sglang,cache-disabled,1,5,2,0.15029884901014157,8,0,False
sglang,cache-disabled,1,5,3,0.1507314609916648,8,0,False
sglang,cache-disabled,1,5,4,0.15098134998697788,8,0,False
sglang,cache-disabled,1,5,5,0.15275173098780215,8,0,False
sglang,cache-disabled,1,5,6,0.15133003999653738,8,0,False
sglang,cache-disabled,1,5,7,0.15426009400107432,8,0,False
sglang,cache-disabled,1,5,8,0.15030744099931326,8,0,False
sglang,cache-disabled,1,5,9,0.15328090300317854,8,0,False
sglang,cache-disabled,2,0,0,0.1509138129913481,4,9,False
sglang,cache-disabled,2,0,1,0.15000390300701838,4,9,False
sglang,cache-disabled,2,0,2,0.15033504100574646,4,9,False
sglang,cache-disabled,2,0,3,0.14986255699477624,4,9,False
sglang,cache-disabled,2,0,4,0.15013039899349678,4,9,False
sglang,cache-disabled,2,0,5,0.14998982299584895,4,9,False
sglang,cache-disabled,2,0,6,0.15041441799257882,4,9,False
sglang,cache-disabled,2,0,7,0.1509253969998099,4,9,False
sglang,cache-disabled,2,0,8,0.1525808500009589,4,9,False
sglang,cache-disabled,2,0,9,0.14906055199389812,4,9,False
sglang,cache-disabled,2,1,0,0.15214174200082198,8,7,False
sglang,cache-disabled,2,1,1,0.14964597999642137,8,7,False
sglang,cache-disabled,2,1,2,0.15042000099492725,8,7,False
sglang,cache-disabled,2,1,3,0.15094563699676655,8,7,False
sglang,cache-disabled,2,1,4,0.15206247799505945,8,7,False
sglang,cache-disabled,2,1,5,0.15088779700454324,8,7,False
sglang,cache-disabled,2,1,6,0.15312648499093484,8,7,False
sglang,cache-disabled,2,1,7,0.14881258200330194,8,7,False
sglang,cache-disabled,2,1,8,0.15040830500947777,8,7,False
sglang,cache-disabled,2,1,9,0.15101565400254913,8,7,False
sglang,cache-disabled,2,2,0,0.150341471991851,7,3,False
sglang,cache-disabled,2,2,1,0.15115147799951956,7,3,False
sglang,cache-disabled,2,2,2,0.15305194100074004,7,3,False
sglang,cache-disabled,2,2,3,0.1479664319922449,7,3,False
sglang,cache-disabled,2,2,4,0.15098251699237153,7,3,False
sglang,cache-disabled,2,2,5,0.15122503199381754,7,3,False
sglang,cache-disabled,2,2,6,0.15581752799334936,7,3,False
sglang,cache-disabled,2,2,7,0.14946324299671687,7,3,False
sglang,cache-disabled,2,2,8,0.15126128699921537,7,3,False
sglang,cache-disabled,2,2,9,0.15616567499819212,7,3,False
sglang,cache-disabled,2,3,0,0.1494133700034581,4,2,False
sglang,cache-disabled,2,3,1,0.15265782599453814,4,2,False
sglang,cache-disabled,2,3,2,0.14752241199312266,4,2,False
sglang,cache-disabled,2,3,3,0.15005601500160992,4,2,False
sglang,cache-disabled,2,3,4,0.15015635099553037,4,2,False
sglang,cache-disabled,2,3,5,0.1505179060040973,4,2,False
sglang,cache-disabled,2,3,6,0.14952954700856935,4,2,False
sglang,cache-disabled,2,3,7,0.15125413500936702,4,2,False
sglang,cache-disabled,2,3,8,0.14936839300207794,4,2,False
sglang,cache-disabled,2,3,9,0.15139525600534398,4,2,False
sglang,cache-disabled,2,4,0,0.15135986398672685,8,4,False
sglang,cache-disabled,2,4,1,0.15161253699625377,8,4,False
sglang,cache-disabled,2,4,2,0.15023427100095432,8,4,False
sglang,cache-disabled,2,4,3,0.15474953700322658,8,4,False
sglang,cache-disabled,2,4,4,0.1482444650027901,8,4,False
sglang,cache-disabled,2,4,5,0.15000705399143044,8,4,False
sglang,cache-disabled,2,4,6,0.15019075099553447,8,4,False
sglang,cache-disabled,2,4,7,0.15162493800744414,8,4,False
sglang,cache-disabled,2,4,8,0.1507761310058413,8,4,False
sglang,cache-disabled,2,4,9,0.14898829499725252,8,4,False
sglang,cache-disabled,2,5,0,0.1513638640026329,0,2,False
sglang,cache-disabled,2,5,1,0.1511497340106871,0,2,False
sglang,cache-disabled,2,5,2,0.14930751199426595,0,2,False
sglang,cache-disabled,2,5,3,0.15025039900501724,0,2,False
sglang,cache-disabled,2,5,4,0.15066721900075208,0,2,False
sglang,cache-disabled,2,5,5,0.15076832300110254,0,2,False
sglang,cache-disabled,2,5,6,0.15089040400926024,0,2,False
sglang,cache-disabled,2,5,7,0.15105742900050245,0,2,False
sglang,cache-disabled,2,5,8,0.15137323999078944,0,2,False
sglang,cache-disabled,2,5,9,0.15099170099711046,0,2,False
sglang,cache-disabled,3,0,0,0.1507819070102414,3,3,True
sglang,cache-disabled,3,0,1,0.1507815710065188,3,3,True
sglang,cache-disabled,3,0,2,0.15410741900268476,3,3,True
sglang,cache-disabled,3,0,3,0.14842795400181785,3,3,True
sglang,cache-disabled,3,0,4,0.14877840400731657,3,3,True
sglang,cache-disabled,3,0,5,0.15133379900362343,3,3,True
sglang,cache-disabled,3,0,6,0.15343976599979214,3,3,True
sglang,cache-disabled,3,0,7,0.15273800100840162,3,3,True
sglang,cache-disabled,3,0,8,0.1488878930103965,3,3,True
sglang,cache-disabled,3,0,9,0.15048412900068797,3,3,True
sglang,cache-disabled,3,1,0,0.15396327400230803,1,5,False
sglang,cache-disabled,3,1,1,0.15042406499560457,1,5,False
sglang,cache-disabled,3,1,2,0.1518956910003908,1,5,False
sglang,cache-disabled,3,1,3,0.15064761799294502,1,5,False
sglang,cache-disabled,3,1,4,0.14962709799874574,1,5,False
sglang,cache-disabled,3,1,5,0.14951597800245509,1,5,False
sglang,cache-disabled,3,1,6,0.15193983500648756,1,5,False
sglang,cache-disabled,3,1,7,0.1501832630019635,1,5,False
sglang,cache-disabled,3,1,8,0.15040548800607212,1,5,False
sglang,cache-disabled,3,1,9,0.15163639299862552,1,5,False
sglang,cache-disabled,3,2,0,0.14950164199399296,4,8,False
sglang,cache-disabled,3,2,1,0.1497088259930024,4,8,False
sglang,cache-disabled,3,2,2,0.15160983298846986,4,8,False
sglang,cache-disabled,3,2,3,0.14994138899783138,4,8,False
sglang,cache-disabled,3,2,4,0.15032758300367277,4,8,False
sglang,cache-disabled,3,2,5,0.15114202100085095,4,8,False
sglang,cache-disabled,3,2,6,0.14965733799908776,4,8,False
sglang,cache-disabled,3,2,7,0.1546385910041863,4,8,False
sglang,cache-disabled,3,2,8,0.14826494400040247,4,8,False
sglang,cache-disabled,3,2,9,0.15062067400140222,4,8,False
sglang,cache-disabled,3,3,0,0.14925133500946686,7,2,False
sglang,cache-disabled,3,3,1,0.15406276199792046,7,2,False
sglang,cache-disabled,3,3,2,0.14877270799479447,7,2,False
sglang,cache-disabled,3,3,3,0.14975455500825774,7,2,False
sglang,cache-disabled,3,3,4,0.15108942899678368,7,2,False
sglang,cache-disabled,3,3,5,0.1533455570024671,7,2,False
sglang,cache-disabled,3,3,6,0.14985157999035437,7,2,False
sglang,cache-disabled,3,3,7,0.15071760199498385,7,2,False
sglang,cache-disabled,3,3,8,0.1509432999882847,7,2,False
sglang,cache-disabled,3,3,9,0.15096851500857156,7,2,False
sglang,cache-disabled,3,4,0,0.1508142420061631,2,3,False
sglang,cache-disabled,3,4,1,0.1510781010001665,2,3,False
sglang,cache-disabled,3,4,2,0.15377314400393516,2,3,False
sglang,cache-disabled,3,4,3,0.14921423100167885,2,3,False
sglang,cache-disabled,3,4,4,0.15042155199625995,2,3,False
sglang,cache-disabled,3,4,5,0.15160904799995478,2,3,False
sglang,cache-disabled,3,4,6,0.1505348010105081,2,3,False
sglang,cache-disabled,3,4,7,0.15031211099994835,2,3,False
sglang,cache-disabled,3,4,8,0.15057225599593949,2,3,False
sglang,cache-disabled,3,4,9,0.1504697120108176,2,3,False
sglang,cache-disabled,3,5,0,0.1505459530017106,8,1,False
sglang,cache-disabled,3,5,1,0.14957834499364253,8,1,False
sglang,cache-disabled,3,5,2,0.15108193999913055,8,1,False
sglang,cache-disabled,3,5,3,0.15006988399545662,8,1,False
sglang,cache-disabled,3,5,4,0.15048241600743495,8,1,False
sglang,cache-disabled,3,5,5,0.15072272199904546,8,1,False
sglang,cache-disabled,3,5,6,0.15021284599788487,8,1,False
sglang,cache-disabled,3,5,7,0.1509385949902935,8,1,False
sglang,cache-disabled,3,5,8,0.1496322019957006,8,1,False
sglang,cache-disabled,3,5,9,0.15078110600006767,8,1,False
sglang,cache-disabled,4,0,0,0.15201577098923735,4,9,False
sglang,cache-disabled,4,0,1,0.15031775800161995,4,9,False
sglang,cache-disabled,4,0,2,0.1500039959937567,4,9,False
sglang,cache-disabled,4,0,3,0.1502280450076796,4,9,False
sglang,cache-disabled,4,0,4,0.15080782600853126,4,9,False
sglang,cache-disabled,4,0,5,0.15064489700307604,4,9,False
sglang,cache-disabled,4,0,6,0.1513760379893938,4,9,False
sglang,cache-disabled,4,0,7,0.15067998500308022,4,9,False
sglang,cache-disabled,4,0,8,0.15521036999416538,4,9,False
sglang,cache-disabled,4,0,9,0.14911557400773745,4,9,False
sglang,cache-disabled,4,1,0,0.15145791000395548,0,6,False
sglang,cache-disabled,4,1,1,0.15161267899384256,0,6,False
sglang,cache-disabled,4,1,2,0.1484629920014413,0,6,False
sglang,cache-disabled,4,1,3,0.15047993599728215,0,6,False
sglang,cache-disabled,4,1,4,0.15107859500858467,0,6,False
sglang,cache-disabled,4,1,5,0.15286299200670328,0,6,False
sglang,cache-disabled,4,1,6,0.1480884140037233,0,6,False
sglang,cache-disabled,4,1,7,0.1502944769890746,0,6,False
sglang,cache-disabled,4,1,8,0.15152071000193246,0,6,False
sglang,cache-disabled,4,1,9,0.15361182900960557,0,6,False
sglang,cache-disabled,4,2,0,0.14789815599215217,4,0,False
sglang,cache-disabled,4,2,1,0.15137214900460094,4,0,False
sglang,cache-disabled,4,2,2,0.15117274000658654,4,0,False
sglang,cache-disabled,4,2,3,0.1500786199903814,4,0,False
sglang,cache-disabled,4,2,4,0.15115157199034002,4,0,False
sglang,cache-disabled,4,2,5,0.15013330899819266,4,0,False
sglang,cache-disabled,4,2,6,0.15077552098955493,4,0,False
sglang,cache-disabled,4,2,7,0.15023977401142474,4,0,False
sglang,cache-disabled,4,2,8,0.15056078400812112,4,0,False
sglang,cache-disabled,4,2,9,0.15283059199282434,4,0,False
sglang,cache-disabled,4,3,0,0.15038227000331972,7,5,False
sglang,cache-disabled,4,3,1,0.1514248849998694,7,5,False
sglang,cache-disabled,4,3,2,0.14977573799842503,7,5,False
sglang,cache-disabled,4,3,3,0.15102337799908128,7,5,False
sglang,cache-disabled,4,3,4,0.153498452011263,7,5,False
sglang,cache-disabled,4,3,5,0.1489067869988503,7,5,False
sglang,cache-disabled,4,3,6,0.1517445680074161,7,5,False
sglang,cache-disabled,4,3,7,0.15375906199915335,7,5,False
sglang,cache-disabled,4,3,8,0.15032774199789856,7,5,False
sglang,cache-disabled,4,3,9,0.1499098030035384,7,5,False
sglang,cache-disabled,4,4,0,0.15025482900091447,3,5,False
sglang,cache-disabled,4,4,1,0.15320049799629487,3,5,False
sglang,cache-disabled,4,4,2,0.1505128309945576,3,5,False
sglang,cache-disabled,4,4,3,0.1505912319989875,3,5,False
sglang,cache-disabled,4,4,4,0.1508246409939602,3,5,False
sglang,cache-disabled,4,4,5,0.1501348760066321,3,5,False
sglang,cache-disabled,4,4,6,0.1507205759990029,3,5,False
sglang,cache-disabled,4,4,7,0.1508647050068248,3,5,False
sglang,cache-disabled,4,4,8,0.15097409801092,3,5,False
sglang,cache-disabled,4,4,9,0.1515472699975362,3,5,False
sglang,cache-disabled,4,5,0,0.14941760699730366,0,6,False
sglang,cache-disabled,4,5,1,0.15295089599385392,0,6,False
sglang,cache-disabled,4,5,2,0.1500426510028774,0,6,False
sglang,cache-disabled,4,5,3,0.15032542099652346,0,6,False
sglang,cache-disabled,4,5,4,0.15407874500670005,0,6,False
sglang,cache-disabled,4,5,5,0.1499897870089626,0,6,False
sglang,cache-disabled,4,5,6,0.14769453801272903,0,6,False
sglang,cache-disabled,4,5,7,0.15123160400253255,0,6,False
sglang,cache-disabled,4,5,8,0.15253122900321614,0,6,False
sglang,cache-disabled,4,5,9,0.14872861000185367,0,6,False
sglang,cache-disabled,5,0,0,0.15392143098870292,8,4,False
sglang,cache-disabled,5,0,1,0.14927659700333606,8,4,False
sglang,cache-disabled,5,0,2,0.15247530900523998,8,4,False
sglang,cache-disabled,5,0,3,0.1517028389935149,8,4,False
sglang,cache-disabled,5,0,4,0.14877392200287431,8,4,False
sglang,cache-disabled,5,0,5,0.1494319909979822,8,4,False
sglang,cache-disabled,5,0,6,0.15098734600178432,8,4,False
sglang,cache-disabled,5,0,7,0.1505335020046914,8,4,False
sglang,cache-disabled,5,0,8,0.15109085099538788,8,4,False
sglang,cache-disabled,5,0,9,0.15074110400746576,8,4,False
sglang,cache-disabled,5,1,0,0.15016846000798978,4,6,False
sglang,cache-disabled,5,1,1,0.14969117600412574,4,6,False
sglang,cache-disabled,5,1,2,0.1500359310011845,4,6,False
sglang,cache-disabled,5,1,3,0.1507551999966381,4,6,False
sglang,cache-disabled,5,1,4,0.15321110599325038,4,6,False
sglang,cache-disabled,5,1,5,0.15072161599528044,4,6,False
sglang,cache-disabled,5,1,6,0.14890520300832577,4,6,False
sglang,cache-disabled,5,1,7,0.1523634829936782,4,6,False
sglang,cache-disabled,5,1,8,0.15023140399716794,4,6,False
sglang,cache-disabled,5,1,9,0.15115558699471876,4,6,False
sglang,cache-disabled,5,2,0,0.15474906899908092,7,1,False
sglang,cache-disabled,5,2,1,0.1483159349882044,7,1,False
sglang,cache-disabled,5,2,2,0.15107907399942633,7,1,False
sglang,cache-disabled,5,2,3,0.15139442001236603,7,1,False
sglang,cache-disabled,5,2,4,0.1500856110069435,7,1,False
sglang,cache-disabled,5,2,5,0.14989504900586326,7,1,False
sglang,cache-disabled,5,2,6,0.15005641100287903,7,1,False
sglang,cache-disabled,5,2,7,0.15224129000853281,7,1,False
sglang,cache-disabled,5,2,8,0.15092777599056717,7,1,False
sglang,cache-disabled,5,2,9,0.15023170800122898,7,1,False
sglang,cache-disabled,5,3,0,0.15212807299394626,9,1,False
sglang,cache-disabled,5,3,1,0.14802015598979779,9,1,False
sglang,cache-disabled,5,3,2,0.15325275300710928,9,1,False
sglang,cache-disabled,5,3,3,0.15106304100481793,9,1,False
sglang,cache-disabled,5,3,4,0.14840521400037687,9,1,False
sglang,cache-disabled,5,3,5,0.14974037600040901,9,1,False
sglang,cache-disabled,5,3,6,0.15372917300555855,9,1,False
sglang,cache-disabled,5,3,7,0.14980064900009893,9,1,False
sglang,cache-disabled,5,3,8,0.1517816550040152,9,1,False
sglang,cache-disabled,5,3,9,0.15101364901056513,9,1,False
sglang,cache-disabled,5,4,0,0.14946869399864227,7,7,True
sglang,cache-disabled,5,4,1,0.14935586099454667,7,7,True
sglang,cache-disabled,5,4,2,0.15373494899540674,7,7,True
sglang,cache-disabled,5,4,3,0.14947325499088038,7,7,True
sglang,cache-disabled,5,4,4,0.15378854901064187,7,7,True
sglang,cache-disabled,5,4,5,0.14836273400578648,7,7,True
sglang,cache-disabled,5,4,6,0.1533439220074797,7,7,True
sglang,cache-disabled,5,4,7,0.14788657099416014,7,7,True
sglang,cache-disabled,5,4,8,0.15404522301105317,7,7,True
sglang,cache-disabled,5,4,9,0.14966155900037847,7,7,True
sglang,cache-disabled,5,5,0,0.14999887299200054,6,5,False
sglang,cache-disabled,5,5,1,0.14997677800420206,6,5,False
sglang,cache-disabled,5,5,2,0.15129128299304284,6,5,False
sglang,cache-disabled,5,5,3,0.1522193690034328,6,5,False
sglang,cache-disabled,5,5,4,0.15303785499418154,6,5,False
sglang,cache-disabled,5,5,5,0.14890084900252987,6,5,False
sglang,cache-disabled,5,5,6,0.15283502200327348,6,5,False
sglang,cache-disabled,5,5,7,0.15188421499624383,6,5,False
sglang,cache-disabled,5,5,8,0.15070727899728809,6,5,False
sglang,cache-disabled,5,5,9,0.1553064479958266,6,5,False
sglang,cache-disabled,6,0,0,0.15034247600124218,5,7,False
sglang,cache-disabled,6,0,1,0.15102323300379794,5,7,False
sglang,cache-disabled,6,0,2,0.1497129519993905,5,7,False
sglang,cache-disabled,6,0,3,0.1523330499912845,5,7,False
sglang,cache-disabled,6,0,4,0.1512497310031904,5,7,False
sglang,cache-disabled,6,0,5,0.15232274599839002,5,7,False
sglang,cache-disabled,6,0,6,0.15085780700610485,5,7,False
sglang,cache-disabled,6,0,7,0.14818495699728373,5,7,False
sglang,cache-disabled,6,0,8,0.15821771700575482,5,7,False
sglang,cache-disabled,6,0,9,0.15061763000267092,5,7,False
sglang,cache-disabled,6,1,0,0.1523081539926352,4,1,False
sglang,cache-disabled,6,1,1,0.14869766400079243,4,1,False
sglang,cache-disabled,6,1,2,0.1507045430043945,4,1,False
sglang,cache-disabled,6,1,3,0.14987747999839485,4,1,False
sglang,cache-disabled,6,1,4,0.1491312189900782,4,1,False
sglang,cache-disabled,6,1,5,0.15420380000432488,4,1,False
sglang,cache-disabled,6,1,6,0.15029399500053842,4,1,False
sglang,cache-disabled,6,1,7,0.14974069499294274,4,1,False
sglang,cache-disabled,6,1,8,0.1508046069939155,4,1,False
sglang,cache-disabled,6,1,9,0.1508411989925662,4,1,False
sglang,cache-disabled,6,2,0,0.1525462670106208,9,2,False
sglang,cache-disabled,6,2,1,0.1520980729983421,9,2,False
sglang,cache-disabled,6,2,2,0.14946546099963598,9,2,False
sglang,cache-disabled,6,2,3,0.15225506499700714,9,2,False
sglang,cache-disabled,6,2,4,0.1508133750030538,9,2,False
sglang,cache-disabled,6,2,5,0.15013805800117552,9,2,False
sglang,cache-disabled,6,2,6,0.1507448139891494,9,2,False
sglang,cache-disabled,6,2,7,0.15072575799422339,9,2,False
sglang,cache-disabled,6,2,8,0.15040052399854176,9,2,False
sglang,cache-disabled,6,2,9,0.14990344799298327,9,2,False
sglang,cache-disabled,6,3,0,0.1515169159974903,6,9,False
sglang,cache-disabled,6,3,1,0.15450122600304894,6,9,False
sglang,cache-disabled,6,3,2,0.14973576700140256,6,9,False
sglang,cache-disabled,6,3,3,0.1503495950018987,6,9,False
sglang,cache-disabled,6,3,4,0.15181386200129054,6,9,False
sglang,cache-disabled,6,3,5,0.14975627900275867,6,9,False
sglang,cache-disabled,6,3,6,0.15243890600686427,6,9,False
sglang,cache-disabled,6,3,7,0.15053671698842663,6,9,False
sglang,cache-disabled,6,3,8,0.14985159199568443,6,9,False
sglang,cache-disabled,6,3,9,0.14930880400061142,6,9,False
sglang,cache-disabled,6,4,0,0.150317707011709,9,6,False
sglang,cache-disabled,6,4,1,0.15150453201204073,9,6,False
sglang,cache-disabled,6,4,2,0.15094623900949955,9,6,False
sglang,cache-disabled,6,4,3,0.1507521900057327,9,6,False
sglang,cache-disabled,6,4,4,0.15174632500566076,9,6,False
sglang,cache-disabled,6,4,5,0.15250378700147849,9,6,False
sglang,cache-disabled,6,4,6,0.14819319600064773,9,6,False
sglang,cache-disabled,6,4,7,0.1517415889975382,9,6,False
sglang,cache-disabled,6,4,8,0.1527794370049378,9,6,False
sglang,cache-disabled,6,4,9,0.1510148639936233,9,6,False
sglang,cache-disabled,6,5,0,0.15051007599686272,1,7,False
sglang,cache-disabled,6,5,1,0.1517257170053199,1,7,False
sglang,cache-disabled,6,5,2,0.1504648760019336,1,7,False
sglang,cache-disabled,6,5,3,0.15024781800457276,1,7,False
sglang,cache-disabled,6,5,4,0.15450781700201333,1,7,False
sglang,cache-disabled,6,5,5,0.15050174000498373,1,7,False
sglang,cache-disabled,6,5,6,0.153121439012466,1,7,False
sglang,cache-disabled,6,5,7,0.14816806001181249,1,7,False
sglang,cache-disabled,6,5,8,0.152568074001465,1,7,False
sglang,cache-disabled,6,5,9,0.15065446100197732,1,7,False
sglang,cache-disabled,7,0,0,0.15113147300144192,3,2,False
sglang,cache-disabled,7,0,1,0.15334140800405294,3,2,False
sglang,cache-disabled,7,0,2,0.14899963300558738,3,2,False
sglang,cache-disabled,7,0,3,0.1527222989971051,3,2,False
sglang,cache-disabled,7,0,4,0.150156600997434,3,2,False
sglang,cache-disabled,7,0,5,0.15037567500257865,3,2,False
sglang,cache-disabled,7,0,6,0.15075918201182503,3,2,False
sglang,cache-disabled,7,0,7,0.15159917199343909,3,2,False
sglang,cache-disabled,7,0,8,0.1510044629976619,3,2,False
sglang,cache-disabled,7,0,9,0.15165062798769213,3,2,False
sglang,cache-disabled,7,1,0,0.1511584169929847,7,4,False
sglang,cache-disabled,7,1,1,0.15050429999246262,7,4,False
sglang,cache-disabled,7,1,2,0.1508721739955945,7,4,False
sglang,cache-disabled,7,1,3,0.150912190991221,7,4,False
sglang,cache-disabled,7,1,4,0.14959088500472717,7,4,False
sglang,cache-disabled,7,1,5,0.1529621570080053,7,4,False
sglang,cache-disabled,7,1,6,0.14982877399597783,7,4,False
sglang,cache-disabled,7,1,7,0.14981645499938168,7,4,False
sglang,cache-disabled,7,1,8,0.1496102770033758,7,4,False
sglang,cache-disabled,7,1,9,0.14966237399494275,7,4,False
sglang,cache-disabled,7,2,0,0.151561203005258,3,5,False
sglang,cache-disabled,7,2,1,0.15003951299877372,3,5,False
sglang,cache-disabled,7,2,2,0.15030074599781074,3,5,False
sglang,cache-disabled,7,2,3,0.15039199400052894,3,5,False
sglang,cache-disabled,7,2,4,0.15411731699714437,3,5,False
sglang,cache-disabled,7,2,5,0.14743773399095517,3,5,False
sglang,cache-disabled,7,2,6,0.15234730500378646,3,5,False
sglang,cache-disabled,7,2,7,0.15081571000337135,3,5,False
sglang,cache-disabled,7,2,8,0.15052039500733372,3,5,False
sglang,cache-disabled,7,2,9,0.15161766699748114,3,5,False
sglang,cache-disabled,7,3,0,0.15192109400231857,3,1,False
sglang,cache-disabled,7,3,1,0.14964229299221188,3,1,False
sglang,cache-disabled,7,3,2,0.15017106498999055,3,1,False
sglang,cache-disabled,7,3,3,0.1515098429954378,3,1,False
sglang,cache-disabled,7,3,4,0.15074265300063416,3,1,False
sglang,cache-disabled,7,3,5,0.1498960549943149,3,1,False
sglang,cache-disabled,7,3,6,0.15027205800288357,3,1,False
sglang,cache-disabled,7,3,7,0.15023847299744375,3,1,False
sglang,cache-disabled,7,3,8,0.14971999000408687,3,1,False
sglang,cache-disabled,7,3,9,0.15021599300962407,3,1,False
sglang,cache-disabled,7,4,0,0.1512090410105884,4,2,False
sglang,cache-disabled,7,4,1,0.15284775600594003,4,2,False
sglang,cache-disabled,7,4,2,0.14827229900402017,4,2,False
sglang,cache-disabled,7,4,3,0.150527627003612,4,2,False
sglang,cache-disabled,7,4,4,0.14969037400442176,4,2,False
sglang,cache-disabled,7,4,5,0.14987275798921473,4,2,False
sglang,cache-disabled,7,4,6,0.1506814690073952,4,2,False
sglang,cache-disabled,7,4,7,0.15155285100627225,4,2,False
sglang,cache-disabled,7,4,8,0.15132347200415097,4,2,False
sglang,cache-disabled,7,4,9,0.15230147900001612,4,2,False
sglang,cache-disabled,7,5,0,0.14904284798831213,9,4,False
sglang,cache-disabled,7,5,1,0.1532085270009702,9,4,False
sglang,cache-disabled,7,5,2,0.14913995300594252,9,4,False
sglang,cache-disabled,7,5,3,0.15463498499593697,9,4,False
sglang,cache-disabled,7,5,4,0.14844721199187916,9,4,False
sglang,cache-disabled,7,5,5,0.1498048539942829,9,4,False
sglang,cache-disabled,7,5,6,0.15048893900529947,9,4,False
sglang,cache-disabled,7,5,7,0.1499677350075217,9,4,False
sglang,cache-disabled,7,5,8,0.14972086899797432,9,4,False
sglang,cache-disabled,7,5,9,0.1530944459955208,9,4,False
sglang,cache-disabled,8,0,0,0.1500303760112729,3,4,False
sglang,cache-disabled,8,0,1,0.15235431199835148,3,4,False
sglang,cache-disabled,8,0,2,0.14946494699688628,3,4,False
sglang,cache-disabled,8,0,3,0.15276777099643368,3,4,False
sglang,cache-disabled,8,0,4,0.14827041000535246,3,4,False
sglang,cache-disabled,8,0,5,0.15062820400635246,3,4,False
sglang,cache-disabled,8,0,6,0.1502609690069221,3,4,False
sglang,cache-disabled,8,0,7,0.14954645099351183,3,4,False
sglang,cache-disabled,8,0,8,0.1515095849899808,3,4,False
sglang,cache-disabled,8,0,9,0.15453581599285826,3,4,False
sglang,cache-disabled,8,1,0,0.15062101899820846,2,7,False
sglang,cache-disabled,8,1,1,0.15140283199434634,2,7,False
sglang,cache-disabled,8,1,2,0.1514958409970859,2,7,False
sglang,cache-disabled,8,1,3,0.15011639099975582,2,7,False
sglang,cache-disabled,8,1,4,0.1508551169972634,2,7,False
sglang,cache-disabled,8,1,5,0.1516130259988131,2,7,False
sglang,cache-disabled,8,1,6,0.14984362199902534,2,7,False
sglang,cache-disabled,8,1,7,0.1490780799940694,2,7,False
sglang,cache-disabled,8,1,8,0.15132998400076758,2,7,False
sglang,cache-disabled,8,1,9,0.15300124400528148,2,7,False
sglang,cache-disabled,8,2,0,0.14898392000759486,5,3,False
sglang,cache-disabled,8,2,1,0.1527392099960707,5,3,False
sglang,cache-disabled,8,2,2,0.15299754799343646,5,3,False
sglang,cache-disabled,8,2,3,0.14816352899651974,5,3,False
sglang,cache-disabled,8,2,4,0.15045978600392118,5,3,False
sglang,cache-disabled,8,2,5,0.15456234398880042,5,3,False
sglang,cache-disabled,8,2,6,0.14825535399722867,5,3,False
sglang,cache-disabled,8,2,7,0.1504358329984825,5,3,False
sglang,cache-disabled,8,2,8,0.15083172400773037,5,3,False
sglang,cache-disabled,8,2,9,0.15032112901099026,5,3,False
sglang,cache-disabled,8,3,0,0.15284682699711993,5,1,False
sglang,cache-disabled,8,3,1,0.14845498799695633,5,1,False
sglang,cache-disabled,8,3,2,0.15168560200254433,5,1,False
sglang,cache-disabled,8,3,3,0.15183589099615347,5,1,False
sglang,cache-disabled,8,3,4,0.1494668340019416,5,1,False
sglang,cache-disabled,8,3,5,0.15231315900746267,5,1,False
sglang,cache-disabled,8,3,6,0.15044625000155065,5,1,False
sglang,cache-disabled,8,3,7,0.15066708299855236,5,1,False
sglang,cache-disabled,8,3,8,0.15131230400584172,5,1,False
sglang,cache-disabled,8,3,9,0.1518879400100559,5,1,False
sglang,cache-disabled,8,4,0,0.14987194098648615,8,3,False
sglang,cache-disabled,8,4,1,0.15408693200151902,8,3,False
sglang,cache-disabled,8,4,2,0.15193997199821752,8,3,False
sglang,cache-disabled,8,4,3,0.14756846900854725,8,3,False
sglang,cache-disabled,8,4,4,0.15105698999832384,8,3,False
sglang,cache-disabled,8,4,5,0.15228890300204512,8,3,False
sglang,cache-disabled,8,4,6,0.152817881986266,8,3,False
sglang,cache-disabled,8,4,7,0.14817519299685955,8,3,False
sglang,cache-disabled,8,4,8,0.1513392950000707,8,3,False
sglang,cache-disabled,8,4,9,0.15373614500276744,8,3,False
sglang,cache-disabled,8,5,0,0.15070013899821788,9,1,False
sglang,cache-disabled,8,5,1,0.14769661299942527,9,1,False
sglang,cache-disabled,8,5,2,0.15098316500370856,9,1,False
sglang,cache-disabled,8,5,3,0.15167121800186578,9,1,False
sglang,cache-disabled,8,5,4,0.14965630799997598,9,1,False
sglang,cache-disabled,8,5,5,0.1513056950061582,9,1,False
sglang,cache-disabled,8,5,6,0.1502907120011514,9,1,False
sglang,cache-disabled,8,5,7,0.15001947899872903,9,1,False
sglang,cache-disabled,8,5,8,0.15220005399896763,9,1,False
sglang,cache-disabled,8,5,9,0.1543023239937611,9,1,False
sglang,cache-disabled,9,0,0,0.15064812199852895,4,9,False
sglang,cache-disabled,9,0,1,0.1516107690113131,4,9,False
sglang,cache-disabled,9,0,2,0.1498953169939341,4,9,False
sglang,cache-disabled,9,0,3,0.15037394499813672,4,9,False
sglang,cache-disabled,9,0,4,0.15033659999608062,4,9,False
sglang,cache-disabled,9,0,5,0.1564844840031583,4,9,False
sglang,cache-disabled,9,0,6,0.14851090700540226,4,9,False
sglang,cache-disabled,9,0,7,0.15380790500785224,4,9,False
sglang,cache-disabled,9,0,8,0.15096641299896874,4,9,False
sglang,cache-disabled,9,0,9,0.1481224720046157,4,9,False
sglang,cache-disabled,9,1,0,0.15540215600049123,3,6,False
sglang,cache-disabled,9,1,1,0.1506370980059728,3,6,False
sglang,cache-disabled,9,1,2,0.15375476899498608,3,6,False
sglang,cache-disabled,9,1,3,0.15405040299810935,3,6,False
sglang,cache-disabled,9,1,4,0.15214578098675702,3,6,False
sglang,cache-disabled,9,1,5,0.15076293901074678,3,6,False
sglang,cache-disabled,9,1,6,0.14972989101079293,3,6,False
sglang,cache-disabled,9,1,7,0.1514217119984096,3,6,False
sglang,cache-disabled,9,1,8,0.15167372999712825,3,6,False
sglang,cache-disabled,9,1,9,0.14993858098750934,3,6,False
sglang,cache-disabled,9,2,0,0.15082633199926931,8,1,False
sglang,cache-disabled,9,2,1,0.14985150800202973,8,1,False
sglang,cache-disabled,9,2,2,0.15092990000266582,8,1,False
sglang,cache-disabled,9,2,3,0.1509416280023288,8,1,False
sglang,cache-disabled,9,2,4,0.1507812269992428,8,1,False
sglang,cache-disabled,9,2,5,0.15032938399235718,8,1,False
sglang,cache-disabled,9,2,6,0.15243829500104766,8,1,False
sglang,cache-disabled,9,2,7,0.15181073799612932,8,1,False
sglang,cache-disabled,9,2,8,0.15145963200484402,8,1,False
sglang,cache-disabled,9,2,9,0.15078175500093494,8,1,False
sglang,cache-disabled,9,3,0,0.15061517800495494,6,5,False
sglang,cache-disabled,9,3,1,0.1507659299968509,6,5,False
sglang,cache-disabled,9,3,2,0.15059199300594628,6,5,False
sglang,cache-disabled,9,3,3,0.1500022129912395,6,5,False
sglang,cache-disabled,9,3,4,0.1540890739997849,6,5,False
sglang,cache-disabled,9,3,5,0.14893193400348537,6,5,False
sglang,cache-disabled,9,3,6,0.14979877199220937,6,5,False
sglang,cache-disabled,9,3,7,0.1526774160010973,6,5,False
sglang,cache-disabled,9,3,8,0.14923926300252788,6,5,False
sglang,cache-disabled,9,3,9,0.15429912399849854,6,5,False
sglang,cache-disabled,9,4,0,0.1521095880016219,7,2,False
sglang,cache-disabled,9,4,1,0.1512439340003766,7,2,False
sglang,cache-disabled,9,4,2,0.14913771099236328,7,2,False
sglang,cache-disabled,9,4,3,0.15098455600673333,7,2,False
sglang,cache-disabled,9,4,4,0.1508675639925059,7,2,False
sglang,cache-disabled,9,4,5,0.15186064199951943,7,2,False
sglang,cache-disabled,9,4,6,0.1498994599969592,7,2,False
sglang,cache-disabled,9,4,7,0.15102730799117126,7,2,False
sglang,cache-disabled,9,4,8,0.15192969900090247,7,2,False
sglang,cache-disabled,9,4,9,0.15013344600447454,7,2,False
sglang,cache-disabled,9,5,0,0.15217803600535262,0,8,False
sglang,cache-disabled,9,5,1,0.15069250600936357,0,8,False
sglang,cache-disabled,9,5,2,0.15174820899846964,0,8,False
sglang,cache-disabled,9,5,3,0.15206880400364753,0,8,False
sglang,cache-disabled,9,5,4,0.15213579600094818,0,8,False
sglang,cache-disabled,9,5,5,0.15336455700162333,0,8,False
sglang,cache-disabled,9,5,6,0.15150865599571262,0,8,False
sglang,cache-disabled,9,5,7,0.15065344900358468,0,8,False
sglang,cache-disabled,9,5,8,0.14968577898980584,0,8,False
sglang,cache-disabled,9,5,9,0.15200209899921902,0,8,False
sglang,cache-disabled,10,0,0,0.15164012799505144,5,4,False
sglang,cache-disabled,10,0,1,0.15049228000862058,5,4,False
sglang,cache-disabled,10,0,2,0.15059100100188516,5,4,False
sglang,cache-disabled,10,0,3,0.15398379300313536,5,4,False
sglang,cache-disabled,10,0,4,0.14940568000019994,5,4,False
sglang,cache-disabled,10,0,5,0.1512167809996754,5,4,False
sglang,cache-disabled,10,0,6,0.15194945900293533,5,4,False
sglang,cache-disabled,10,0,7,0.1538251679885434,5,4,False
sglang,cache-disabled,10,0,8,0.15075084200361744,5,4,False
sglang,cache-disabled,10,0,9,0.15036535199033096,5,4,False
sglang,cache-disabled,10,1,0,0.1516215040028328,9,8,False
sglang,cache-disabled,10,1,1,0.15299340199271683,9,8,False
sglang,cache-disabled,10,1,2,0.1531644589995267,9,8,False
sglang,cache-disabled,10,1,3,0.15167670500522945,9,8,False
sglang,cache-disabled,10,1,4,0.15094860299723223,9,8,False
sglang,cache-disabled,10,1,5,0.14990024399594404,9,8,False
sglang,cache-disabled,10,1,6,0.15213718700397294,9,8,False
sglang,cache-disabled,10,1,7,0.15354676499555353,9,8,False
sglang,cache-disabled,10,1,8,0.14955355299753137,9,8,False
sglang,cache-disabled,10,1,9,0.1523526450037025,9,8,False
sglang,cache-disabled,10,2,0,0.1504325520072598,0,7,False
sglang,cache-disabled,10,2,1,0.15091402700636536,0,7,False
sglang,cache-disabled,10,2,2,0.15117879598983563,0,7,False
sglang,cache-disabled,10,2,3,0.1518757300073048,0,7,False
sglang,cache-disabled,10,2,4,0.15183611400425434,0,7,False
sglang,cache-disabled,10,2,5,0.1513771820027614,0,7,False
sglang,cache-disabled,10,2,6,0.15231094900809694,0,7,False
sglang,cache-disabled,10,2,7,0.15002118800475728,0,7,False
sglang,cache-disabled,10,2,8,0.15023811800347175,0,7,False
sglang,cache-disabled,10,2,9,0.15109690799727105,0,7,False
sglang,cache-disabled,10,3,0,0.15055994401336648,2,7,False
sglang,cache-disabled,10,3,1,0.15023317400482483,2,7,False
sglang,cache-disabled,10,3,2,0.15125254000304267,2,7,False
sglang,cache-disabled,10,3,3,0.1502893180004321,2,7,False
sglang,cache-disabled,10,3,4,0.15030999000009615,2,7,False
sglang,cache-disabled,10,3,5,0.1551249369949801,2,7,False
sglang,cache-disabled,10,3,6,0.15383857599226758,2,7,False
sglang,cache-disabled,10,3,7,0.14986805099761114,2,7,False
sglang,cache-disabled,10,3,8,0.15289661700080615,2,7,False
sglang,cache-disabled,10,3,9,0.15093192999484017,2,7,False
sglang,cache-disabled,10,4,0,0.15438653199817054,9,2,False
sglang,cache-disabled,10,4,1,0.1522796200006269,9,2,False
sglang,cache-disabled,10,4,2,0.14935372699983418,9,2,False
sglang,cache-disabled,10,4,3,0.15054066300217528,9,2,False
sglang,cache-disabled,10,4,4,0.1501733009936288,9,2,False
sglang,cache-disabled,10,4,5,0.1545228210015921,9,2,False
sglang,cache-disabled,10,4,6,0.15105001100164372,9,2,False
sglang,cache-disabled,10,4,7,0.1496823530032998,9,2,False
sglang,cache-disabled,10,4,8,0.15064626499952283,9,2,False
sglang,cache-disabled,10,4,9,0.15106503499555402,9,2,False
sglang,cache-disabled,10,5,0,0.15052536698931362,4,6,False
sglang,cache-disabled,10,5,1,0.15040696700452827,4,6,False
sglang,cache-disabled,10,5,2,0.15378924700780772,4,6,False
sglang,cache-disabled,10,5,3,0.15008200400916394,4,6,False
sglang,cache-disabled,10,5,4,0.15024554199771956,4,6,False
sglang,cache-disabled,10,5,5,0.15072535299987067,4,6,False
sglang,cache-disabled,10,5,6,0.14995265900506638,4,6,False
sglang,cache-disabled,10,5,7,0.1506571130012162,4,6,False
sglang,cache-disabled,10,5,8,0.15068701600830536,4,6,False
sglang,cache-disabled,10,5,9,0.15324364200932905,4,6,False
sglang,cache-disabled,11,0,0,0.15096540200465824,5,9,False
sglang,cache-disabled,11,0,1,0.15079973700630944,5,9,False
sglang,cache-disabled,11,0,2,0.15097146699554287,5,9,False
sglang,cache-disabled,11,0,3,0.15262091800104827,5,9,False
sglang,cache-disabled,11,0,4,0.14994417899288237,5,9,False
sglang,cache-disabled,11,0,5,0.15214227499382105,5,9,False
sglang,cache-disabled,11,0,6,0.1500417479983298,5,9,False
sglang,cache-disabled,11,0,7,0.15511012000206392,5,9,False
sglang,cache-disabled,11,0,8,0.15210782700160053,5,9,False
sglang,cache-disabled,11,0,9,0.14851234400703106,5,9,False
sglang,cache-disabled,11,1,0,0.14946166300796904,1,6,False
sglang,cache-disabled,11,1,1,0.1514650699973572,1,6,False
sglang,cache-disabled,11,1,2,0.1500138440023875,1,6,False
sglang,cache-disabled,11,1,3,0.15048355898761656,1,6,False
sglang,cache-disabled,11,1,4,0.1522520029975567,1,6,False
sglang,cache-disabled,11,1,5,0.15261011799157131,1,6,False
sglang,cache-disabled,11,1,6,0.14915743700112216,1,6,False
sglang,cache-disabled,11,1,7,0.1537952939979732,1,6,False
sglang,cache-disabled,11,1,8,0.1501163240027381,1,6,False
sglang,cache-disabled,11,1,9,0.14981123399047647,1,6,False
sglang,cache-disabled,11,2,0,0.15059479199408088,0,1,False
sglang,cache-disabled,11,2,1,0.14984996999555733,0,1,False
sglang,cache-disabled,11,2,2,0.15020896500209346,0,1,False
sglang,cache-disabled,11,2,3,0.15111021899792831,0,1,False
sglang,cache-disabled,11,2,4,0.15103652198740747,0,1,False
sglang,cache-disabled,11,2,5,0.14985949000401888,0,1,False
sglang,cache-disabled,11,2,6,0.14999843499390408,0,1,False
sglang,cache-disabled,11,2,7,0.1517221269896254,0,1,False
sglang,cache-disabled,11,2,8,0.15024741301022004,0,1,False
sglang,cache-disabled,11,2,9,0.1509802660002606,0,1,False
sglang,cache-disabled,11,3,0,0.1510468419874087,6,5,False
sglang,cache-disabled,11,3,1,0.1514305729942862,6,5,False
sglang,cache-disabled,11,3,2,0.15023317201121245,6,5,False
sglang,cache-disabled,11,3,3,0.14963070400699507,6,5,False
sglang,cache-disabled,11,3,4,0.1544432670052629,6,5,False
sglang,cache-disabled,11,3,5,0.14958171200123616,6,5,False
sglang,cache-disabled,11,3,6,0.1525384370033862,6,5,False
sglang,cache-disabled,11,3,7,0.15107657099724747,6,5,False
sglang,cache-disabled,11,3,8,0.15039053300279193,6,5,False
sglang,cache-disabled,11,3,9,0.14994704199489206,6,5,False
sglang,cache-disabled,11,4,0,0.15076453700021375,4,5,False
sglang,cache-disabled,11,4,1,0.15119724300166126,4,5,False
sglang,cache-disabled,11,4,2,0.15307999300421216,4,5,False
sglang,cache-disabled,11,4,3,0.1505935749883065,4,5,False
sglang,cache-disabled,11,4,4,0.15039800500380807,4,5,False
sglang,cache-disabled,11,4,5,0.1497137929982273,4,5,False
sglang,cache-disabled,11,4,6,0.15197552100289613,4,5,False
sglang,cache-disabled,11,4,7,0.15113994698913302,4,5,False
sglang,cache-disabled,11,4,8,0.14995284999895375,4,5,False
sglang,cache-disabled,11,4,9,0.15204180899308994,4,5,False
sglang,cache-disabled,11,5,0,0.15186081599676982,2,2,True
sglang,cache-disabled,11,5,1,0.1525446130108321,2,2,True
sglang,cache-disabled,11,5,2,0.14935943800082896,2,2,True
sglang,cache-disabled,11,5,3,0.14994707400910556,2,2,True
sglang,cache-disabled,11,5,4,0.15220648299145978,2,2,True
sglang,cache-disabled,11,5,5,0.15046701299434062,2,2,True
sglang,cache-disabled,11,5,6,0.15100344900565688,2,2,True
sglang,cache-disabled,11,5,7,0.1517038869933458,2,2,True
sglang,cache-disabled,11,5,8,0.1502388679946307,2,2,True
sglang,cache-disabled,11,5,9,0.15044246999605093,2,2,True
sglang,cache-disabled,12,0,0,0.14995328200166114,7,8,False
sglang,cache-disabled,12,0,1,0.14981248100230005,7,8,False
sglang,cache-disabled,12,0,2,0.15021637199970428,7,8,False
sglang,cache-disabled,12,0,3,0.15214782499242574,7,8,False
sglang,cache-disabled,12,0,4,0.14973436899890658,7,8,False
sglang,cache-disabled,12,0,5,0.15025785999023356,7,8,False
sglang,cache-disabled,12,0,6,0.15304962400114164,7,8,False
sglang,cache-disabled,12,0,7,0.15127445899997838,7,8,False
sglang,cache-disabled,12,0,8,0.14953062300628517,7,8,False
sglang,cache-disabled,12,0,9,0.15007017899188213,7,8,False
sglang,cache-disabled,12,1,0,0.14929526099876966,4,2,False
sglang,cache-disabled,12,1,1,0.14991270599421114,4,2,False
sglang,cache-disabled,12,1,2,0.14917020399298053,4,2,False
sglang,cache-disabled,12,1,3,0.151725086994702,4,2,False
sglang,cache-disabled,12,1,4,0.15420951999840327,4,2,False
sglang,cache-disabled,12,1,5,0.15140394799527712,4,2,False
sglang,cache-disabled,12,1,6,0.1499133460019948,4,2,False
sglang,cache-disabled,12,1,7,0.15014241899189074,4,2,False
sglang,cache-disabled,12,1,8,0.14989067299757153,4,2,False
sglang,cache-disabled,12,1,9,0.15089882499887608,4,2,False
sglang,cache-disabled,12,2,0,0.15057674200215843,2,5,False
sglang,cache-disabled,12,2,1,0.1512807949911803,2,5,False
sglang,cache-disabled,12,2,2,0.15187105600489303,2,5,False
sglang,cache-disabled,12,2,3,0.15203827199002262,2,5,False
sglang,cache-disabled,12,2,4,0.1513040749996435,2,5,False
sglang,cache-disabled,12,2,5,0.14920095600245986,2,5,False
sglang,cache-disabled,12,2,6,0.15145922800002154,2,5,False
sglang,cache-disabled,12,2,7,0.14972590400429908,2,5,False
sglang,cache-disabled,12,2,8,0.15002614600234665,2,5,False
sglang,cache-disabled,12,2,9,0.15072690299712121,2,5,False
sglang,cache-disabled,12,3,0,0.15102928900159895,8,5,False
sglang,cache-disabled,12,3,1,0.1509474320046138,8,5,False
sglang,cache-disabled,12,3,2,0.15096589700260665,8,5,False
sglang,cache-disabled,12,3,3,0.15067456699034665,8,5,False
sglang,cache-disabled,12,3,4,0.15014403499662876,8,5,False
sglang,cache-disabled,12,3,5,0.14976260799448937,8,5,False
sglang,cache-disabled,12,3,6,0.151325883998652,8,5,False
sglang,cache-disabled,12,3,7,0.15156980499159545,8,5,False
sglang,cache-disabled,12,3,8,0.15194865499506705,8,5,False
sglang,cache-disabled,12,3,9,0.15110765700228512,8,5,False
sglang,cache-disabled,12,4,0,0.15096367300429847,6,5,False
sglang,cache-disabled,12,4,1,0.1498113440029556,6,5,False
sglang,cache-disabled,12,4,2,0.15085210399411153,6,5,False
sglang,cache-disabled,12,4,3,0.15114319398708176,6,5,False
sglang,cache-disabled,12,4,4,0.15016798600845505,6,5,False
sglang,cache-disabled,12,4,5,0.1497780000063358,6,5,False
sglang,cache-disabled,12,4,6,0.15155924500140827,6,5,False
sglang,cache-disabled,12,4,7,0.15157356500276364,6,5,False
sglang,cache-disabled,12,4,8,0.1506775900052162,6,5,False
sglang,cache-disabled,12,4,9,0.15256361999490764,6,5,False
sglang,cache-disabled,12,5,0,0.15132501900370698,1,8,False
sglang,cache-disabled,12,5,1,0.150832918996457,1,8,False
sglang,cache-disabled,12,5,2,0.15084765500796493,1,8,False
sglang,cache-disabled,12,5,3,0.15080787900660653,1,8,False
sglang,cache-disabled,12,5,4,0.15066963799472433,1,8,False
sglang,cache-disabled,12,5,5,0.15022405100171454,1,8,False
sglang,cache-disabled,12,5,6,0.15138381900032982,1,8,False
sglang,cache-disabled,12,5,7,0.15382070100167766,1,8,False
sglang,cache-disabled,12,5,8,0.14834994199918583,1,8,False
sglang,cache-disabled,12,5,9,0.1529241340031149,1,8,False
sglang,cache-disabled,13,0,0,0.1498970249958802,1,7,False
sglang,cache-disabled,13,0,1,0.15160614099295344,1,7,False
sglang,cache-disabled,13,0,2,0.150526772995363,1,7,False
sglang,cache-disabled,13,0,3,0.15022065800440032,1,7,False
sglang,cache-disabled,13,0,4,0.1508161350066075,1,7,False
sglang,cache-disabled,13,0,5,0.15254109099623747,1,7,False
sglang,cache-disabled,13,0,6,0.15069637399574276,1,7,False
sglang,cache-disabled,13,0,7,0.1485992389934836,1,7,False
sglang,cache-disabled,13,0,8,0.1507703740062425,1,7,False
sglang,cache-disabled,13,0,9,0.14965703900088556,1,7,False
sglang,cache-disabled,13,1,0,0.15035128399904352,6,6,True
sglang,cache-disabled,13,1,1,0.1504301320092054,6,6,True
sglang,cache-disabled,13,1,2,0.15052592499705497,6,6,True
sglang,cache-disabled,13,1,3,0.1502013139979681,6,6,True
sglang,cache-disabled,13,1,4,0.15061837300891057,6,6,True
sglang,cache-disabled,13,1,5,0.15293747799296398,6,6,True
sglang,cache-disabled,13,1,6,0.14986342399788555,6,6,True
sglang,cache-disabled,13,1,7,0.15073175000725314,6,6,True
sglang,cache-disabled,13,1,8,0.15283672499936074,6,6,True
sglang,cache-disabled,13,1,9,0.15444990400283132,6,6,True
sglang,cache-disabled,13,2,0,0.1499219529941911,9,0,False
sglang,cache-disabled,13,2,1,0.1511707450117683,9,0,False
sglang,cache-disabled,13,2,2,0.151140920992475,9,0,False
sglang,cache-disabled,13,2,3,0.1511618649965385,9,0,False
sglang,cache-disabled,13,2,4,0.15305502999399323,9,0,False
sglang,cache-disabled,13,2,5,0.15148953199968673,9,0,False
sglang,cache-disabled,13,2,6,0.15199521400791127,9,0,False
sglang,cache-disabled,13,2,7,0.15040365200547967,9,0,False
sglang,cache-disabled,13,2,8,0.15138738599489443,9,0,False
sglang,cache-disabled,13,2,9,0.1513777220097836,9,0,False
sglang,cache-disabled,13,3,0,0.15352740199887194,0,1,False
sglang,cache-disabled,13,3,1,0.1484374610008672,0,1,False
sglang,cache-disabled,13,3,2,0.15029789099935442,0,1,False
sglang,cache-disabled,13,3,3,0.15448564900725614,0,1,False
sglang,cache-disabled,13,3,4,0.1499067999975523,0,1,False
sglang,cache-disabled,13,3,5,0.1496419019968016,0,1,False
sglang,cache-disabled,13,3,6,0.15021606600203086,0,1,False
sglang,cache-disabled,13,3,7,0.15062254900112748,0,1,False
sglang,cache-disabled,13,3,8,0.15229804901173338,0,1,False
sglang,cache-disabled,13,3,9,0.15095562300120946,0,1,False
sglang,cache-disabled,13,4,0,0.1521187199978158,6,6,True
sglang,cache-disabled,13,4,1,0.1532590159913525,6,6,True
sglang,cache-disabled,13,4,2,0.15115154501108918,6,6,True
sglang,cache-disabled,13,4,3,0.15090013499138877,6,6,True
sglang,cache-disabled,13,4,4,0.15089503000490367,6,6,True
sglang,cache-disabled,13,4,5,0.15069208601198625,6,6,True
sglang,cache-disabled,13,4,6,0.15028059399628546,6,6,True
sglang,cache-disabled,13,4,7,0.15089525499206502,6,6,True
sglang,cache-disabled,13,4,8,0.15058128398959525,6,6,True
sglang,cache-disabled,13,4,9,0.1522891690110555,6,6,True
sglang,cache-disabled,13,5,0,0.14967602999240626,8,0,False
sglang,cache-disabled,13,5,1,0.15133002599759493,8,0,False
sglang,cache-disabled,13,5,2,0.15016147300775629,8,0,False
sglang,cache-disabled,13,5,3,0.1504386119922856,8,0,False
sglang,cache-disabled,13,5,4,0.1549716029985575,8,0,False
sglang,cache-disabled,13,5,5,0.15094325500831474,8,0,False
sglang,cache-disabled,13,5,6,0.15189018999808468,8,0,False
sglang,cache-disabled,13,5,7,0.1499582399992505,8,0,False
sglang,cache-disabled,13,5,8,0.1516795649949927,8,0,False
sglang,cache-disabled,13,5,9,0.15145874599693343,8,0,False
sglang,cache-disabled,14,0,0,0.15434734300652053,1,9,False
sglang,cache-disabled,14,0,1,0.1515962830017088,1,9,False
sglang,cache-disabled,14,0,2,0.15605335499276407,1,9,False
sglang,cache-disabled,14,0,3,0.15160250800545327,1,9,False
sglang,cache-disabled,14,0,4,0.15133183400030248,1,9,False
sglang,cache-disabled,14,0,5,0.1517900600010762,1,9,False
sglang,cache-disabled,14,0,6,0.15150300299865194,1,9,False
sglang,cache-disabled,14,0,7,0.15186463700956665,1,9,False
sglang,cache-disabled,14,0,8,0.1511672409978928,1,9,False
sglang,cache-disabled,14,0,9,0.15055459599534515,1,9,False
sglang,cache-disabled,14,1,0,0.1534180570015451,5,4,False
sglang,cache-disabled,14,1,1,0.15044430700072553,5,4,False
sglang,cache-disabled,14,1,2,0.15112538399989717,5,4,False
sglang,cache-disabled,14,1,3,0.15558835900446866,5,4,False
sglang,cache-disabled,14,1,4,0.1483846279879799,5,4,False
sglang,cache-disabled,14,1,5,0.15118384799279738,5,4,False
sglang,cache-disabled,14,1,6,0.15145410699187778,5,4,False
sglang,cache-disabled,14,1,7,0.15528886900574435,5,4,False
sglang,cache-disabled,14,1,8,0.14870967100432608,5,4,False
sglang,cache-disabled,14,1,9,0.15245680100633763,5,4,False
sglang,cache-disabled,14,2,0,0.15096229399205185,7,5,False
sglang,cache-disabled,14,2,1,0.15073662900249474,7,5,False
sglang,cache-disabled,14,2,2,0.1495333560014842,7,5,False
sglang,cache-disabled,14,2,3,0.1538498359877849,7,5,False
sglang,cache-disabled,14,2,4,0.1528865159925772,7,5,False
sglang,cache-disabled,14,2,5,0.14946102000249084,7,5,False
sglang,cache-disabled,14,2,6,0.15115231199888512,7,5,False
sglang,cache-disabled,14,2,7,0.14996883099956904,7,5,False
sglang,cache-disabled,14,2,8,0.14992631900531705,7,5,False
sglang,cache-disabled,14,2,9,0.15198591799708083,7,5,False
sglang,cache-disabled,14,3,0,0.15074362099403515,4,7,False
sglang,cache-disabled,14,3,1,0.15033976201084442,4,7,False
sglang,cache-disabled,14,3,2,0.15013286500470713,4,7,False
sglang,cache-disabled,14,3,3,0.1509174139937386,4,7,False
sglang,cache-disabled,14,3,4,0.15030622600170318,4,7,False
sglang,cache-disabled,14,3,5,0.1517667320003966,4,7,False
sglang,cache-disabled,14,3,6,0.1512070489989128,4,7,False
sglang,cache-disabled,14,3,7,0.1500100150005892,4,7,False
sglang,cache-disabled,14,3,8,0.15309464500751346,4,7,False
sglang,cache-disabled,14,3,9,0.15009926400671247,4,7,False
sglang,cache-disabled,14,4,0,0.15019089600536972,5,4,False
sglang,cache-disabled,14,4,1,0.15073430800111964,5,4,False
sglang,cache-disabled,14,4,2,0.15097989501373377,5,4,False
sglang,cache-disabled,14,4,3,0.15402252400235739,5,4,False
sglang,cache-disabled,14,4,4,0.14925209000648465,5,4,False
sglang,cache-disabled,14,4,5,0.15099986300629098,5,4,False
sglang,cache-disabled,14,4,6,0.1526422739989357,5,4,False
sglang,cache-disabled,14,4,7,0.15362696899683215,5,4,False
sglang,cache-disabled,14,4,8,0.1499396940052975,5,4,False
sglang,cache-disabled,14,4,9,0.15331240600789897,5,4,False
sglang,cache-disabled,14,5,0,0.15846549900015816,5,1,False
sglang,cache-disabled,14,5,1,0.14712016998964828,5,1,False
sglang,cache-disabled,14,5,2,0.15097669399983715,5,1,False
sglang,cache-disabled,14,5,3,0.15081237300182693,5,1,False
sglang,cache-disabled,14,5,4,0.15173570699698757,5,1,False
sglang,cache-disabled,14,5,5,0.15074450099200476,5,1,False
sglang,cache-disabled,14,5,6,0.15388850698946044,5,1,False
sglang,cache-disabled,14,5,7,0.15275510599894915,5,1,False
sglang,cache-disabled,14,5,8,0.1510811430052854,5,1,False
sglang,cache-disabled,14,5,9,0.15246035199379548,5,1,False
sglang,cache-disabled,15,0,0,0.14989193399378564,3,3,True
sglang,cache-disabled,15,0,1,0.15171983600885142,3,3,True
sglang,cache-disabled,15,0,2,0.15187276501092128,3,3,True
sglang,cache-disabled,15,0,3,0.14923744898987934,3,3,True
sglang,cache-disabled,15,0,4,0.15404487599153072,3,3,True
sglang,cache-disabled,15,0,5,0.14974980500119273,3,3,True
sglang,cache-disabled,15,0,6,0.15131770400330424,3,3,True
sglang,cache-disabled,15,0,7,0.15021544000774156,3,3,True
sglang,cache-disabled,15,0,8,0.1555650149966823,3,3,True
sglang,cache-disabled,15,0,9,0.1511553830059711,3,3,True
sglang,cache-disabled,15,1,0,0.1478157110104803,1,0,False
sglang,cache-disabled,15,1,1,0.1515849699935643,1,0,False
sglang,cache-disabled,15,1,2,0.15152767399558797,1,0,False
sglang,cache-disabled,15,1,3,0.15067941100278404,1,0,False
sglang,cache-disabled,15,1,4,0.15027105700573884,1,0,False
sglang,cache-disabled,15,1,5,0.15119429500191472,1,0,False
sglang,cache-disabled,15,1,6,0.152505297010066,1,0,False
sglang,cache-disabled,15,1,7,0.1496667160099605,1,0,False
sglang,cache-disabled,15,1,8,0.15446159899875056,1,0,False
sglang,cache-disabled,15,1,9,0.15194794799026567,1,0,False
sglang,cache-disabled,15,2,0,0.15275065800233278,5,2,False
sglang,cache-disabled,15,2,1,0.15161202600575052,5,2,False
sglang,cache-disabled,15,2,2,0.15002875099889934,5,2,False
sglang,cache-disabled,15,2,3,0.15197966099367477,5,2,False
sglang,cache-disabled,15,2,4,0.1515576900128508,5,2,False
sglang,cache-disabled,15,2,5,0.15146912899217568,5,2,False
sglang,cache-disabled,15,2,6,0.152856194996275,5,2,False
sglang,cache-disabled,15,2,7,0.15172770600474905,5,2,False
sglang,cache-disabled,15,2,8,0.15524104400537908,5,2,False
sglang,cache-disabled,15,2,9,0.1516839299874846,5,2,False
sglang,cache-disabled,15,3,0,0.1500283670029603,8,7,False
sglang,cache-disabled,15,3,1,0.15076209999097046,8,7,False
sglang,cache-disabled,15,3,2,0.15115931899345014,8,7,False
sglang,cache-disabled,15,3,3,0.1501863349985797,8,7,False
sglang,cache-disabled,15,3,4,0.1518885080004111,8,7,False
sglang,cache-disabled,15,3,5,0.1505321940057911,8,7,False
sglang,cache-disabled,15,3,6,0.15190900399466045,8,7,False
sglang,cache-disabled,15,3,7,0.14967996400082484,8,7,False
sglang,cache-disabled,15,3,8,0.15138551199925132,8,7,False
sglang,cache-disabled,15,3,9,0.15005766200192738,8,7,False
sglang,cache-disabled,15,4,0,0.15016518300399184,0,9,False
sglang,cache-disabled,15,4,1,0.15481182499206625,0,9,False
sglang,cache-disabled,15,4,2,0.14917956000135746,0,9,False
sglang,cache-disabled,15,4,3,0.1493376580037875,0,9,False
sglang,cache-disabled,15,4,4,0.15180487500037998,0,9,False
sglang,cache-disabled,15,4,5,0.15041676900000311,0,9,False
sglang,cache-disabled,15,4,6,0.14996428599988576,0,9,False
sglang,cache-disabled,15,4,7,0.15110200599883683,0,9,False
sglang,cache-disabled,15,4,8,0.15635049200500362,0,9,False
sglang,cache-disabled,15,4,9,0.1490303590107942,0,9,False
sglang,cache-disabled,15,5,0,0.15131203999044374,9,9,True
sglang,cache-disabled,15,5,1,0.1524308310035849,9,9,True
sglang,cache-disabled,15,5,2,0.15089203699608333,9,9,True
sglang,cache-disabled,15,5,3,0.15057201799936593,9,9,True
sglang,cache-disabled,15,5,4,0.15260771299654152,9,9,True
sglang,cache-disabled,15,5,5,0.1508210119936848,9,9,True
sglang,cache-disabled,15,5,6,0.15130336699075997,9,9,True
sglang,cache-disabled,15,5,7,0.1519462680007564,9,9,True
sglang,cache-disabled,15,5,8,0.15185762700275518,9,9,True
sglang,cache-disabled,15,5,9,0.1499226050073048,9,9,True
sglang,cache-disabled,16,0,0,0.15093525299744215,1,7,False
sglang,cache-disabled,16,0,1,0.15137703200161923,1,7,False
sglang,cache-disabled,16,0,2,0.15165917700505815,1,7,False
sglang,cache-disabled,16,0,3,0.15095155700691976,1,7,False
sglang,cache-disabled,16,0,4,0.15083125200180802,1,7,False
sglang,cache-disabled,16,0,5,0.15037307199963834,1,7,False
sglang,cache-disabled,16,0,6,0.1508553320018109,1,7,False
sglang,cache-disabled,16,0,7,0.1493338650034275,1,7,False
sglang,cache-disabled,16,0,8,0.15022601500095334,1,7,False
sglang,cache-disabled,16,0,9,0.15032769599929452,1,7,False
sglang,cache-disabled,16,1,0,0.15375383300124668,5,5,True
sglang,cache-disabled,16,1,1,0.15197333999094553,5,5,True
sglang,cache-disabled,16,1,2,0.1516801849938929,5,5,True
sglang,cache-disabled,16,1,3,0.15202391598722897,5,5,True
sglang,cache-disabled,16,1,4,0.15702761500142515,5,5,True
sglang,cache-disabled,16,1,5,0.14966338699741755,5,5,True
sglang,cache-disabled,16,1,6,0.15269982499012258,5,5,True
sglang,cache-disabled,16,1,7,0.15123080600460526,5,5,True
sglang,cache-disabled,16,1,8,0.15040033699187916,5,5,True
sglang,cache-disabled,16,1,9,0.14984246100357268,5,5,True
sglang,cache-disabled,16,2,0,0.15362028000527062,6,8,False
sglang,cache-disabled,16,2,1,0.14825721700617578,6,8,False
sglang,cache-disabled,16,2,2,0.151225270004943,6,8,False
sglang,cache-disabled,16,2,3,0.15339373399910983,6,8,False
sglang,cache-disabled,16,2,4,0.1501671509904554,6,8,False
sglang,cache-disabled,16,2,5,0.1524322229961399,6,8,False
sglang,cache-disabled,16,2,6,0.15091984398895875,6,8,False
sglang,cache-disabled,16,2,7,0.1521593569923425,6,8,False
sglang,cache-disabled,16,2,8,0.14813659198989626,6,8,False
sglang,cache-disabled,16,2,9,0.15180583400069736,6,8,False
sglang,cache-disabled,16,3,0,0.1513205020019086,1,7,False
sglang,cache-disabled,16,3,1,0.15058508999936748,1,7,False
sglang,cache-disabled,16,3,2,0.1504306719871238,1,7,False
sglang,cache-disabled,16,3,3,0.15117291700153146,1,7,False
sglang,cache-disabled,16,3,4,0.1511355580005329,1,7,False
sglang,cache-disabled,16,3,5,0.15468540599977132,1,7,False
sglang,cache-disabled,16,3,6,0.1499939650093438,1,7,False
sglang,cache-disabled,16,3,7,0.1490610460023163,1,7,False
sglang,cache-disabled,16,3,8,0.1506608499912545,1,7,False
sglang,cache-disabled,16,3,9,0.15226537300623022,1,7,False
sglang,cache-disabled,16,4,0,0.15042337600607425,9,1,False
sglang,cache-disabled,16,4,1,0.14994745299918577,9,1,False
sglang,cache-disabled,16,4,2,0.15003787000023294,9,1,False
sglang,cache-disabled,16,4,3,0.1531612840044545,9,1,False
sglang,cache-disabled,16,4,4,0.15058044900069945,9,1,False
sglang,cache-disabled,16,4,5,0.15064997000445146,9,1,False
sglang,cache-disabled,16,4,6,0.15044411200506147,9,1,False
sglang,cache-disabled,16,4,7,0.15363587900355924,9,1,False
sglang,cache-disabled,16,4,8,0.1510926129994914,9,1,False
sglang,cache-disabled,16,4,9,0.15015492599923164,9,1,False
sglang,cache-disabled,16,5,0,0.15150832700601313,4,7,False
sglang,cache-disabled,16,5,1,0.15187930699903518,4,7,False
sglang,cache-disabled,16,5,2,0.15023756699520163,4,7,False
sglang,cache-disabled,16,5,3,0.15105838800081983,4,7,False
sglang,cache-disabled,16,5,4,0.15094485100416932,4,7,False
sglang,cache-disabled,16,5,5,0.15146215200365987,4,7,False
sglang,cache-disabled,16,5,6,0.15070008199836593,4,7,False
sglang,cache-disabled,16,5,7,0.14972897100960836,4,7,False
sglang,cache-disabled,16,5,8,0.15018747000431176,4,7,False
sglang,cache-disabled,16,5,9,0.15138978300092276,4,7,False
sglang,cache-disabled,17,0,0,0.14911346300505102,5,0,False
sglang,cache-disabled,17,0,1,0.1500886529975105,5,0,False
sglang,cache-disabled,17,0,2,0.15163933699659538,5,0,False
sglang,cache-disabled,17,0,3,0.15062422498886008,5,0,False
sglang,cache-disabled,17,0,4,0.15123127000697423,5,0,False
sglang,cache-disabled,17,0,5,0.15162760800740216,5,0,False
sglang,cache-disabled,17,0,6,0.15000812499783933,5,0,False
sglang,cache-disabled,17,0,7,0.15166805699118413,5,0,False
sglang,cache-disabled,17,0,8,0.1547145419899607,5,0,False
sglang,cache-disabled,17,0,9,0.15013950198772363,5,0,False
sglang,cache-disabled,17,1,0,0.1490952229942195,6,3,False
sglang,cache-disabled,17,1,1,0.1505575679911999,6,3,False
sglang,cache-disabled,17,1,2,0.15336128399940208,6,3,False
sglang,cache-disabled,17,1,3,0.14810465500340797,6,3,False
sglang,cache-disabled,17,1,4,0.15027354999620002,6,3,False
sglang,cache-disabled,17,1,5,0.1523926859954372,6,3,False
sglang,cache-disabled,17,1,6,0.15096453099977225,6,3,False
sglang,cache-disabled,17,1,7,0.1530124500131933,6,3,False
sglang,cache-disabled,17,1,8,0.1485668350069318,6,3,False
sglang,cache-disabled,17,1,9,0.150148013010039,6,3,False
sglang,cache-disabled,17,2,0,0.15474454200011678,6,6,True
sglang,cache-disabled,17,2,1,0.14997444399341475,6,6,True
sglang,cache-disabled,17,2,2,0.15120944500085898,6,6,True
sglang,cache-disabled,17,2,3,0.1493978319922462,6,6,True
sglang,cache-disabled,17,2,4,0.1504697749915067,6,6,True
sglang,cache-disabled,17,2,5,0.15368187900457997,6,6,True
sglang,cache-disabled,17,2,6,0.14844467399234418,6,6,True
sglang,cache-disabled,17,2,7,0.14960759300447535,6,6,True
sglang,cache-disabled,17,2,8,0.1510547880025115,6,6,True
sglang,cache-disabled,17,2,9,0.1500057880039094,6,6,True
sglang,cache-disabled,17,3,0,0.15032519900705665,8,7,False
sglang,cache-disabled,17,3,1,0.15054612800304312,8,7,False
sglang,cache-disabled,17,3,2,0.15074728200852405,8,7,False
sglang,cache-disabled,17,3,3,0.15027783799450845,8,7,False
sglang,cache-disabled,17,3,4,0.1503816629992798,8,7,False
sglang,cache-disabled,17,3,5,0.15142714299145155,8,7,False
sglang,cache-disabled,17,3,6,0.15289539301011246,8,7,False
sglang,cache-disabled,17,3,7,0.1485606420028489,8,7,False
sglang,cache-disabled,17,3,8,0.15111136400082614,8,7,False
sglang,cache-disabled,17,3,9,0.15024962999450509,8,7,False
sglang,cache-disabled,17,4,0,0.15428580300067551,4,7,False
sglang,cache-disabled,17,4,1,0.1494768239936093,4,7,False
sglang,cache-disabled,17,4,2,0.15145712699450087,4,7,False
sglang,cache-disabled,17,4,3,0.1499493080045795,4,7,False
sglang,cache-disabled,17,4,4,0.15040380699792877,4,7,False
sglang,cache-disabled,17,4,5,0.15135368600022048,4,7,False
sglang,cache-disabled,17,4,6,0.15312653000000864,4,7,False
sglang,cache-disabled,17,4,7,0.14844616100890562,4,7,False
sglang,cache-disabled,17,4,8,0.15153947900398634,4,7,False
sglang,cache-disabled,17,4,9,0.15192866598954424,4,7,False
sglang,cache-disabled,17,5,0,0.1505460800108267,1,6,False
sglang,cache-disabled,17,5,1,0.15184196099289693,1,6,False
sglang,cache-disabled,17,5,2,0.15033209401008207,1,6,False
sglang,cache-disabled,17,5,3,0.1524411179998424,1,6,False
sglang,cache-disabled,17,5,4,0.15073332900647074,1,6,False
sglang,cache-disabled,17,5,5,0.14987932299845852,1,6,False
sglang,cache-disabled,17,5,6,0.14951562401256524,1,6,False
sglang,cache-disabled,17,5,7,0.15038369499961846,1,6,False
sglang,cache-disabled,17,5,8,0.15200832999835256,1,6,False
sglang,cache-disabled,17,5,9,0.15073182500782423,1,6,False
sglang,cache-disabled,18,0,0,0.15123547600524034,0,5,False
sglang,cache-disabled,18,0,1,0.1506898569932673,0,5,False
sglang,cache-disabled,18,0,2,0.15053031999559607,0,5,False
sglang,cache-disabled,18,0,3,0.1534204360068543,0,5,False
sglang,cache-disabled,18,0,4,0.15101593900180887,0,5,False
sglang,cache-disabled,18,0,5,0.15029700599552598,0,5,False
sglang,cache-disabled,18,0,6,0.1524574049981311,0,5,False
sglang,cache-disabled,18,0,7,0.15192450500035193,0,5,False
sglang,cache-disabled,18,0,8,0.15127208500052802,0,5,False
sglang,cache-disabled,18,0,9,0.15294961699692067,0,5,False
sglang,cache-disabled,18,1,0,0.15018956499989145,4,5,False
sglang,cache-disabled,18,1,1,0.15003495599376038,4,5,False
sglang,cache-disabled,18,1,2,0.15158071099722292,4,5,False
sglang,cache-disabled,18,1,3,0.1514062770002056,4,5,False
sglang,cache-disabled,18,1,4,0.1534057800017763,4,5,False
sglang,cache-disabled,18,1,5,0.14763585099717602,4,5,False
sglang,cache-disabled,18,1,6,0.15066891199967358,4,5,False
sglang,cache-disabled,18,1,7,0.1531588340003509,4,5,False
sglang,cache-disabled,18,1,8,0.15129070900729857,4,5,False
sglang,cache-disabled,18,1,9,0.15443517900712322,4,5,False
sglang,cache-disabled,18,2,0,0.15331355499802157,6,2,False
sglang,cache-disabled,18,2,1,0.15096205000008922,6,2,False
sglang,cache-disabled,18,2,2,0.14972941800078843,6,2,False
sglang,cache-disabled,18,2,3,0.1506104639993282,6,2,False
sglang,cache-disabled,18,2,4,0.15050587100267876,6,2,False
sglang,cache-disabled,18,2,5,0.1510464349994436,6,2,False
sglang,cache-disabled,18,2,6,0.15577245199528988,6,2,False
sglang,cache-disabled,18,2,7,0.1512441319937352,6,2,False
sglang,cache-disabled,18,2,8,0.15090553800109774,6,2,False
sglang,cache-disabled,18,2,9,0.15094512200448662,6,2,False
sglang,cache-disabled,18,3,0,0.15305145700403955,6,9,False
sglang,cache-disabled,18,3,1,0.15141579700866714,6,9,False
sglang,cache-disabled,18,3,2,0.1520883300108835,6,9,False
sglang,cache-disabled,18,3,3,0.15205674500612076,6,9,False
sglang,cache-disabled,18,3,4,0.15032831800635904,6,9,False
sglang,cache-disabled,18,3,5,0.15140181299648248,6,9,False
sglang,cache-disabled,18,3,6,0.15079686499666423,6,9,False
sglang,cache-disabled,18,3,7,0.1511466279916931,6,9,False
sglang,cache-disabled,18,3,8,0.152522445001523,6,9,False
sglang,cache-disabled,18,3,9,0.1497836900089169,6,9,False
sglang,cache-disabled,18,4,0,0.1512533320055809,1,7,False
sglang,cache-disabled,18,4,1,0.1501345400029095,1,7,False
sglang,cache-disabled,18,4,2,0.15068468799290713,1,7,False
sglang,cache-disabled,18,4,3,0.15247247699880973,1,7,False
sglang,cache-disabled,18,4,4,0.1513693649903871,1,7,False
sglang,cache-disabled,18,4,5,0.15057799901114777,1,7,False
sglang,cache-disabled,18,4,6,0.15625613598967902,1,7,False
sglang,cache-disabled,18,4,7,0.1498632099974202,1,7,False
sglang,cache-disabled,18,4,8,0.1505443829955766,1,7,False
sglang,cache-disabled,18,4,9,0.1538781349954661,1,7,False
sglang,cache-disabled,18,5,0,0.14893381101137493,2,0,False
sglang,cache-disabled,18,5,1,0.15132688400626648,2,0,False
sglang,cache-disabled,18,5,2,0.1532155379973119,2,0,False
sglang,cache-disabled,18,5,3,0.15134752399171703,2,0,False
sglang,cache-disabled,18,5,4,0.15363008400890976,2,0,False
sglang,cache-disabled,18,5,5,0.15009017199918162,2,0,False
sglang,cache-disabled,18,5,6,0.15340285099227913,2,0,False
sglang,cache-disabled,18,5,7,0.15353573199536186,2,0,False
sglang,cache-disabled,18,5,8,0.15002149900828954,2,0,False
sglang,cache-disabled,18,5,9,0.15355794000788592,2,0,False
sglang,cache-disabled,19,0,0,0.15164362199720927,9,1,False
sglang,cache-disabled,19,0,1,0.14832343799935188,9,1,False
sglang,cache-disabled,19,0,2,0.15312611300032586,9,1,False
sglang,cache-disabled,19,0,3,0.15086849700310268,9,1,False
sglang,cache-disabled,19,0,4,0.14981231400452089,9,1,False
sglang,cache-disabled,19,0,5,0.15204280898615252,9,1,False
sglang,cache-disabled,19,0,6,0.14998642599675804,9,1,False
sglang,cache-disabled,19,0,7,0.14978245699603576,9,1,False
sglang,cache-disabled,19,0,8,0.15061287900607567,9,1,False
sglang,cache-disabled,19,0,9,0.15037993299483787,9,1,False
sglang,cache-disabled,19,1,0,0.15015116400900297,6,5,False
sglang,cache-disabled,19,1,1,0.15041252599621657,6,5,False
sglang,cache-disabled,19,1,2,0.15115558600518852,6,5,False
sglang,cache-disabled,19,1,3,0.15206233000208158,6,5,False
sglang,cache-disabled,19,1,4,0.15273452599649318,6,5,False
sglang,cache-disabled,19,1,5,0.14918699600093532,6,5,False
sglang,cache-disabled,19,1,6,0.15024748499854468,6,5,False
sglang,cache-disabled,19,1,7,0.151132177998079,6,5,False
sglang,cache-disabled,19,1,8,0.1515050460002385,6,5,False
sglang,cache-disabled,19,1,9,0.15053201399859972,6,5,False
sglang,cache-disabled,19,2,0,0.15066137499525212,3,4,False
sglang,cache-disabled,19,2,1,0.15091414500784595,3,4,False
sglang,cache-disabled,19,2,2,0.15110205100791063,3,4,False
sglang,cache-disabled,19,2,3,0.1522594179987209,3,4,False
sglang,cache-disabled,19,2,4,0.15015233198937494,3,4,False
sglang,cache-disabled,19,2,5,0.1521030010044342,3,4,False
sglang,cache-disabled,19,2,6,0.15154749300563708,3,4,False
sglang,cache-disabled,19,2,7,0.15047558100195602,3,4,False
sglang,cache-disabled,19,2,8,0.152347291004844,3,4,False
sglang,cache-disabled,19,2,9,0.15109797001059633,3,4,False
sglang,cache-disabled,19,3,0,0.1509721449983772,4,6,False
sglang,cache-disabled,19,3,1,0.15118851499573793,4,6,False
sglang,cache-disabled,19,3,2,0.15643999200256076,4,6,False
sglang,cache-disabled,19,3,3,0.14932045299792662,4,6,False
sglang,cache-disabled,19,3,4,0.15297323200502433,4,6,False
sglang,cache-disabled,19,3,5,0.15542305700364523,4,6,False
sglang,cache-disabled,19,3,6,0.14801922799961176,4,6,False
sglang,cache-disabled,19,3,7,0.15256950000184588,4,6,False
sglang,cache-disabled,19,3,8,0.1498789370089071,4,6,False
sglang,cache-disabled,19,3,9,0.15181283900165,4,6,False
sglang,cache-disabled,19,4,0,0.15043726199655794,9,5,False
sglang,cache-disabled,19,4,1,0.15168786200229079,9,5,False
sglang,cache-disabled,19,4,2,0.15161887000431307,9,5,False
sglang,cache-disabled,19,4,3,0.1504409249901073,9,5,False
sglang,cache-disabled,19,4,4,0.15279306999582332,9,5,False
sglang,cache-disabled,19,4,5,0.15003922599134967,9,5,False
sglang,cache-disabled,19,4,6,0.15067433500371408,9,5,False
sglang,cache-disabled,19,4,7,0.15009807399474084,9,5,False
sglang,cache-disabled,19,4,8,0.15078089499729685,9,5,False
sglang,cache-disabled,19,4,9,0.15020636400731746,9,5,False
sglang,cache-disabled,19,5,0,0.15096672100480646,4,8,False
sglang,cache-disabled,19,5,1,0.15534638399549294,4,8,False
sglang,cache-disabled,19,5,2,0.15043297299416736,4,8,False
sglang,cache-disabled,19,5,3,0.15030911599751562,4,8,False
sglang,cache-disabled,19,5,4,0.15186755899048876,4,8,False
sglang,cache-disabled,19,5,5,0.1511723540024832,4,8,False
sglang,cache-disabled,19,5,6,0.15095039999869186,4,8,False
sglang,cache-disabled,19,5,7,0.1535904510092223,4,8,False
sglang,cache-disabled,19,5,8,0.14900675498938654,4,8,False
sglang,cache-disabled,19,5,9,0.1500297699967632,4,8,False
sglang,cache-disabled,20,0,0,0.15021476399851963,8,5,False
sglang,cache-disabled,20,0,1,0.15226554500986822,8,5,False
sglang,cache-disabled,20,0,2,0.15273993300797883,8,5,False
sglang,cache-disabled,20,0,3,0.15012106599169783,8,5,False
sglang,cache-disabled,20,0,4,0.15504103701096028,8,5,False
sglang,cache-disabled,20,0,5,0.14887736199307255,8,5,False
sglang,cache-disabled,20,0,6,0.15059178999217693,8,5,False
sglang,cache-disabled,20,0,7,0.15207236100104637,8,5,False
sglang,cache-disabled,20,0,8,0.15124443400418386,8,5,False
sglang,cache-disabled,20,0,9,0.15092718400410376,8,5,False
sglang,cache-disabled,20,1,0,0.15127846598625183,2,8,False
sglang,cache-disabled,20,1,1,0.1500772580038756,2,8,False
sglang,cache-disabled,20,1,2,0.14991151299909689,2,8,False
sglang,cache-disabled,20,1,3,0.15144712399342097,2,8,False
sglang,cache-disabled,20,1,4,0.15169442200567573,2,8,False
sglang,cache-disabled,20,1,5,0.15029117900121491,2,8,False
sglang,cache-disabled,20,1,6,0.1503166190086631,2,8,False
sglang,cache-disabled,20,1,7,0.15335902600781992,2,8,False
sglang,cache-disabled,20,1,8,0.14790785100194626,2,8,False
sglang,cache-disabled,20,1,9,0.15006783400895074,2,8,False
sglang,cache-disabled,20,2,0,0.15269658899342176,1,6,False
sglang,cache-disabled,20,2,1,0.15185611801280174,1,6,False
sglang,cache-disabled,20,2,2,0.1502561870001955,1,6,False
sglang,cache-disabled,20,2,3,0.1520613519969629,1,6,False
sglang,cache-disabled,20,2,4,0.15129174700996373,1,6,False
sglang,cache-disabled,20,2,5,0.15349678599159233,1,6,False
sglang,cache-disabled,20,2,6,0.1499348090001149,1,6,False
sglang,cache-disabled,20,2,7,0.150931328011211,1,6,False
sglang,cache-disabled,20,2,8,0.1507389750040602,1,6,False
sglang,cache-disabled,20,2,9,0.15184560600027908,1,6,False
sglang,cache-disabled,20,3,0,0.15198413499456365,6,4,False
sglang,cache-disabled,20,3,1,0.15096596800140105,6,4,False
sglang,cache-disabled,20,3,2,0.15181538301112596,6,4,False
sglang,cache-disabled,20,3,3,0.15286964499682654,6,4,False
sglang,cache-disabled,20,3,4,0.15061460599827114,6,4,False
sglang,cache-disabled,20,3,5,0.1508585910050897,6,4,False
sglang,cache-disabled,20,3,6,0.15259930799948052,6,4,False
sglang,cache-disabled,20,3,7,0.15203490400745068,6,4,False
sglang,cache-disabled,20,3,8,0.15452300099423155,6,4,False
sglang,cache-disabled,20,3,9,0.1518639260029886,6,4,False
sglang,cache-disabled,20,4,0,0.15334446499764454,7,8,False
sglang,cache-disabled,20,4,1,0.15073815899086185,7,8,False
sglang,cache-disabled,20,4,2,0.15198575099930167,7,8,False
sglang,cache-disabled,20,4,3,0.1526434679981321,7,8,False
sglang,cache-disabled,20,4,4,0.14964154199697077,7,8,False
sglang,cache-disabled,20,4,5,0.1517045170039637,7,8,False
sglang,cache-disabled,20,4,6,0.151179761000094,7,8,False
sglang,cache-disabled,20,4,7,0.1527333730045939,7,8,False
sglang,cache-disabled,20,4,8,0.14963733400509227,7,8,False
sglang,cache-disabled,20,4,9,0.1500366020045476,7,8,False
sglang,cache-disabled,20,5,0,0.15351035400817636,8,7,False
sglang,cache-disabled,20,5,1,0.1493605810101144,8,7,False
sglang,cache-disabled,20,5,2,0.15020992999779992,8,7,False
sglang,cache-disabled,20,5,3,0.15248277899809182,8,7,False
sglang,cache-disabled,20,5,4,0.1501971300021978,8,7,False
sglang,cache-disabled,20,5,5,0.15031345200259238,8,7,False
sglang,cache-disabled,20,5,6,0.15449285598879214,8,7,False
sglang,cache-disabled,20,5,7,0.148733711001114,8,7,False
sglang,cache-disabled,20,5,8,0.15109721598855685,8,7,False
sglang,cache-disabled,20,5,9,0.1514402750035515,8,7,False
sglang,cache-disabled,21,0,0,0.149919449002482,6,4,False
sglang,cache-disabled,21,0,1,0.15254839500994422,6,4,False
sglang,cache-disabled,21,0,2,0.14993981599400286,6,4,False
sglang,cache-disabled,21,0,3,0.15432839200366288,6,4,False
sglang,cache-disabled,21,0,4,0.14894998499948997,6,4,False
sglang,cache-disabled,21,0,5,0.15304571099113673,6,4,False
sglang,cache-disabled,21,0,6,0.15053311600058805,6,4,False
sglang,cache-disabled,21,0,7,0.15181718999519944,6,4,False
sglang,cache-disabled,21,0,8,0.15132998600893188,6,4,False
sglang,cache-disabled,21,0,9,0.15359974598686676,6,4,False
sglang,cache-disabled,21,1,0,0.15403627698833589,7,3,False
sglang,cache-disabled,21,1,1,0.1503811790025793,7,3,False
sglang,cache-disabled,21,1,2,0.1529179649951402,7,3,False
sglang,cache-disabled,21,1,3,0.14806740199855994,7,3,False
sglang,cache-disabled,21,1,4,0.1527928609866649,7,3,False
sglang,cache-disabled,21,1,5,0.1513255379977636,7,3,False
sglang,cache-disabled,21,1,6,0.15230408900242765,7,3,False
sglang,cache-disabled,21,1,7,0.15040290699107572,7,3,False
sglang,cache-disabled,21,1,8,0.15063825299148448,7,3,False
sglang,cache-disabled,21,1,9,0.15233736899972428,7,3,False
sglang,cache-disabled,21,2,0,0.15390078800555784,9,1,False
sglang,cache-disabled,21,2,1,0.1497531109926058,9,1,False
sglang,cache-disabled,21,2,2,0.15283919699140824,9,1,False
sglang,cache-disabled,21,2,3,0.15043661900563166,9,1,False
sglang,cache-disabled,21,2,4,0.1513435219967505,9,1,False
sglang,cache-disabled,21,2,5,0.1500920410035178,9,1,False
sglang,cache-disabled,21,2,6,0.1507471969962353,9,1,False
sglang,cache-disabled,21,2,7,0.15159283501270693,9,1,False
sglang,cache-disabled,21,2,8,0.15051348399720155,9,1,False
sglang,cache-disabled,21,2,9,0.1511232810007641,9,1,False
sglang,cache-disabled,21,3,0,0.15241968900954816,0,6,False
sglang,cache-disabled,21,3,1,0.1507511019881349,0,6,False
sglang,cache-disabled,21,3,2,0.15228640800341964,0,6,False
sglang,cache-disabled,21,3,3,0.15217968699289486,0,6,False
sglang,cache-disabled,21,3,4,0.15072313400742132,0,6,False
sglang,cache-disabled,21,3,5,0.15358457699767314,0,6,False
sglang,cache-disabled,21,3,6,0.1482809239969356,0,6,False
sglang,cache-disabled,21,3,7,0.15296919699176215,0,6,False
sglang,cache-disabled,21,3,8,0.15290473299683072,0,6,False
sglang,cache-disabled,21,3,9,0.14896760099509265,0,6,False
sglang,cache-disabled,21,4,0,0.15279305199510418,0,5,False
sglang,cache-disabled,21,4,1,0.1503935310029192,0,5,False
sglang,cache-disabled,21,4,2,0.1512745779909892,0,5,False
sglang,cache-disabled,21,4,3,0.1505208440066781,0,5,False
sglang,cache-disabled,21,4,4,0.15462971999659203,0,5,False
sglang,cache-disabled,21,4,5,0.14937393899890594,0,5,False
sglang,cache-disabled,21,4,6,0.14984066199394874,0,5,False
sglang,cache-disabled,21,4,7,0.15141212999878917,0,5,False
sglang,cache-disabled,21,4,8,0.15132289699977264,0,5,False
sglang,cache-disabled,21,4,9,0.15020196199475322,0,5,False
sglang,cache-disabled,21,5,0,0.15266002700082026,2,1,False
sglang,cache-disabled,21,5,1,0.1476142309984425,2,1,False
sglang,cache-disabled,21,5,2,0.15329972800100222,2,1,False
sglang,cache-disabled,21,5,3,0.14896976100862958,2,1,False
sglang,cache-disabled,21,5,4,0.15184693298942875,2,1,False
sglang,cache-disabled,21,5,5,0.15226543199969456,2,1,False
sglang,cache-disabled,21,5,6,0.15025156100455206,2,1,False
sglang,cache-disabled,21,5,7,0.1502025209920248,2,1,False
sglang,cache-disabled,21,5,8,0.15078294200066011,2,1,False
sglang,cache-disabled,21,5,9,0.15096356598951388,2,1,False
sglang,cache-disabled,22,0,0,0.153872772003524,3,4,False
sglang,cache-disabled,22,0,1,0.15052597899921238,3,4,False
sglang,cache-disabled,22,0,2,0.15232308000850026,3,4,False
sglang,cache-disabled,22,0,3,0.15221357499831356,3,4,False
sglang,cache-disabled,22,0,4,0.1491846099961549,3,4,False
sglang,cache-disabled,22,0,5,0.14989002300717402,3,4,False
sglang,cache-disabled,22,0,6,0.15233100000477862,3,4,False
sglang,cache-disabled,22,0,7,0.1505922040087171,3,4,False
sglang,cache-disabled,22,0,8,0.15205424599116668,3,4,False
sglang,cache-disabled,22,0,9,0.14978584699565545,3,4,False
sglang,cache-disabled,22,1,0,0.15025624899135437,0,8,False
sglang,cache-disabled,22,1,1,0.1499611439940054,0,8,False
sglang,cache-disabled,22,1,2,0.1500430000014603,0,8,False
sglang,cache-disabled,22,1,3,0.151430353987962,0,8,False
sglang,cache-disabled,22,1,4,0.15157403399643954,0,8,False
sglang,cache-disabled,22,1,5,0.15063247599755414,0,8,False
sglang,cache-disabled,22,1,6,0.15330555100808851,0,8,False
sglang,cache-disabled,22,1,7,0.15450103199691512,0,8,False
sglang,cache-disabled,22,1,8,0.14923638600157574,0,8,False
sglang,cache-disabled,22,1,9,0.15381854699808173,0,8,False
sglang,cache-disabled,22,2,0,0.14870563099975698,2,0,False
sglang,cache-disabled,22,2,1,0.1509372780128615,2,0,False
sglang,cache-disabled,22,2,2,0.15441786299925297,2,0,False
sglang,cache-disabled,22,2,3,0.14930273800564464,2,0,False
sglang,cache-disabled,22,2,4,0.15186565299518406,2,0,False
sglang,cache-disabled,22,2,5,0.1518720210005995,2,0,False
sglang,cache-disabled,22,2,6,0.15142179299436975,2,0,False
sglang,cache-disabled,22,2,7,0.1513245289970655,2,0,False
sglang,cache-disabled,22,2,8,0.1511288480105577,2,0,False
sglang,cache-disabled,22,2,9,0.15119676799804438,2,0,False
sglang,cache-disabled,22,3,0,0.15192731699789874,1,8,False
sglang,cache-disabled,22,3,1,0.1497481979895383,1,8,False
sglang,cache-disabled,22,3,2,0.15024820099642966,1,8,False
sglang,cache-disabled,22,3,3,0.15278505100286566,1,8,False
sglang,cache-disabled,22,3,4,0.15131449700857047,1,8,False
sglang,cache-disabled,22,3,5,0.15140051300113555,1,8,False
sglang,cache-disabled,22,3,6,0.15143518599506933,1,8,False
sglang,cache-disabled,22,3,7,0.1552437399950577,1,8,False
sglang,cache-disabled,22,3,8,0.14818841000669636,1,8,False
sglang,cache-disabled,22,3,9,0.1513532969984226,1,8,False
sglang,cache-disabled,22,4,0,0.15061556300497614,0,5,False
sglang,cache-disabled,22,4,1,0.1510357419901993,0,5,False
sglang,cache-disabled,22,4,2,0.15106959900003858,0,5,False
sglang,cache-disabled,22,4,3,0.15325638200738467,0,5,False
sglang,cache-disabled,22,4,4,0.15165366700966842,0,5,False
sglang,cache-disabled,22,4,5,0.14956582800368778,0,5,False
sglang,cache-disabled,22,4,6,0.15188717299315613,0,5,False
sglang,cache-disabled,22,4,7,0.15144819399574772,0,5,False
sglang,cache-disabled,22,4,8,0.15079314800095744,0,5,False
sglang,cache-disabled,22,4,9,0.15470671300136019,0,5,False
sglang,cache-disabled,22,5,0,0.15249964100075886,6,2,False
sglang,cache-disabled,22,5,1,0.15232411999022588,6,2,False
sglang,cache-disabled,22,5,2,0.14906537599745207,6,2,False
sglang,cache-disabled,22,5,3,0.15077946899691597,6,2,False
sglang,cache-disabled,22,5,4,0.1522072380030295,6,2,False
sglang,cache-disabled,22,5,5,0.1510986859939294,6,2,False
sglang,cache-disabled,22,5,6,0.14967961999354884,6,2,False
sglang,cache-disabled,22,5,7,0.15295897200121544,6,2,False
sglang,cache-disabled,22,5,8,0.1514922890055459,6,2,False
sglang,cache-disabled,22,5,9,0.1511798879946582,6,2,False
sglang,cache-disabled,23,0,0,0.15101220601354726,8,7,False
sglang,cache-disabled,23,0,1,0.1509065569989616,8,7,False
sglang,cache-disabled,23,0,2,0.1505989079887513,8,7,False
sglang,cache-disabled,23,0,3,0.15055503400799353,8,7,False
sglang,cache-disabled,23,0,4,0.15043433000391815,8,7,False
sglang,cache-disabled,23,0,5,0.15125348800211214,8,7,False
sglang,cache-disabled,23,0,6,0.15567399900464807,8,7,False
sglang,cache-disabled,23,0,7,0.15010557499772403,8,7,False
sglang,cache-disabled,23,0,8,0.15263629800756462,8,7,False
sglang,cache-disabled,23,0,9,0.15327943798911292,8,7,False
sglang,cache-disabled,23,1,0,0.1500558469997486,8,4,False
sglang,cache-disabled,23,1,1,0.15079086099285632,8,4,False
sglang,cache-disabled,23,1,2,0.15050533799512777,8,4,False
sglang,cache-disabled,23,1,3,0.15014277599402703,8,4,False
sglang,cache-disabled,23,1,4,0.149561412006733,8,4,False
sglang,cache-disabled,23,1,5,0.15157572900352534,8,4,False
sglang,cache-disabled,23,1,6,0.14994733400817495,8,4,False
sglang,cache-disabled,23,1,7,0.15000962300109677,8,4,False
sglang,cache-disabled,23,1,8,0.15050039399648085,8,4,False
sglang,cache-disabled,23,1,9,0.15085433301283047,8,4,False
sglang,cache-disabled,23,2,0,0.14994800600106828,0,8,False
sglang,cache-disabled,23,2,1,0.1502514479943784,0,8,False
sglang,cache-disabled,23,2,2,0.15326420600467827,0,8,False
sglang,cache-disabled,23,2,3,0.14966200399794616,0,8,False
sglang,cache-disabled,23,2,4,0.15017776800959837,0,8,False
sglang,cache-disabled,23,2,5,0.15077206000569277,0,8,False
sglang,cache-disabled,23,2,6,0.15057741898635868,0,8,False
sglang,cache-disabled,23,2,7,0.15045175299746916,0,8,False
sglang,cache-disabled,23,2,8,0.1494591539958492,0,8,False
sglang,cache-disabled,23,2,9,0.1512878399953479,0,8,False
sglang,cache-disabled,23,3,0,0.15122038300614804,3,6,False
sglang,cache-disabled,23,3,1,0.1515270249947207,3,6,False
sglang,cache-disabled,23,3,2,0.1539291230001254,3,6,False
sglang,cache-disabled,23,3,3,0.15103444599662907,3,6,False
sglang,cache-disabled,23,3,4,0.15092458900471684,3,6,False
sglang,cache-disabled,23,3,5,0.1524040549993515,3,6,False
sglang,cache-disabled,23,3,6,0.15014851999876555,3,6,False
sglang,cache-disabled,23,3,7,0.15016927100077737,3,6,False
sglang,cache-disabled,23,3,8,0.15032813700963743,3,6,False
sglang,cache-disabled,23,3,9,0.15173477100324817,3,6,False
sglang,cache-disabled,23,4,0,0.1492607370018959,0,3,False
sglang,cache-disabled,23,4,1,0.14942947401141282,0,3,False
sglang,cache-disabled,23,4,2,0.15396107400010806,0,3,False
sglang,cache-disabled,23,4,3,0.14706523400673177,0,3,False
sglang,cache-disabled,23,4,4,0.1510063649911899,0,3,False
sglang,cache-disabled,23,4,5,0.1510872610087972,0,3,False
sglang,cache-disabled,23,4,6,0.15091911600029562,0,3,False
sglang,cache-disabled,23,4,7,0.15003211799194105,0,3,False
sglang,cache-disabled,23,4,8,0.15175349099445157,0,3,False
sglang,cache-disabled,23,4,9,0.14980902800743934,0,3,False
sglang,cache-disabled,23,5,0,0.1508856599975843,5,9,False
sglang,cache-disabled,23,5,1,0.15109198199934326,5,9,False
sglang,cache-disabled,23,5,2,0.1516830740001751,5,9,False
sglang,cache-disabled,23,5,3,0.15097609300573822,5,9,False
sglang,cache-disabled,23,5,4,0.15186414700292516,5,9,False
sglang,cache-disabled,23,5,5,0.15066562700667419,5,9,False
sglang,cache-disabled,23,5,6,0.15447547698568087,5,9,False
sglang,cache-disabled,23,5,7,0.15116775799833704,5,9,False
sglang,cache-disabled,23,5,8,0.15123809500073548,5,9,False
sglang,cache-disabled,23,5,9,0.15029909599979874,5,9,False
sglang,cache-disabled,24,0,0,0.14803507999749854,8,0,False
sglang,cache-disabled,24,0,1,0.15040765699814074,8,0,False
sglang,cache-disabled,24,0,2,0.15014791100111324,8,0,False
sglang,cache-disabled,24,0,3,0.15175675399950705,8,0,False
sglang,cache-disabled,24,0,4,0.1516084009926999,8,0,False
sglang,cache-disabled,24,0,5,0.1508031630073674,8,0,False
sglang,cache-disabled,24,0,6,0.15118755000003148,8,0,False
sglang,cache-disabled,24,0,7,0.1511659179959679,8,0,False
sglang,cache-disabled,24,0,8,0.15109727800881956,8,0,False
sglang,cache-disabled,24,0,9,0.15518610599974636,8,0,False
sglang,cache-disabled,24,1,0,0.1503692719998071,2,8,False
sglang,cache-disabled,24,1,1,0.155136218003463,2,8,False
sglang,cache-disabled,24,1,2,0.14950416299689095,2,8,False
sglang,cache-disabled,24,1,3,0.15222566900774837,2,8,False
sglang,cache-disabled,24,1,4,0.15014488699671347,2,8,False
sglang,cache-disabled,24,1,5,0.14956041899858974,2,8,False
sglang,cache-disabled,24,1,6,0.1505826659995364,2,8,False
sglang,cache-disabled,24,1,7,0.15160345699405298,2,8,False
sglang,cache-disabled,24,1,8,0.14947891399788205,2,8,False
sglang,cache-disabled,24,1,9,0.15284612200048286,2,8,False
sglang,cache-disabled,24,2,0,0.14764949299569707,8,0,False
sglang,cache-disabled,24,2,1,0.1548207599989837,8,0,False
sglang,cache-disabled,24,2,2,0.1517048500099918,8,0,False
sglang,cache-disabled,24,2,3,0.15056956199987326,8,0,False
sglang,cache-disabled,24,2,4,0.1503894160123309,8,0,False
sglang,cache-disabled,24,2,5,0.15270381700247526,8,0,False
sglang,cache-disabled,24,2,6,0.1490338229923509,8,0,False
sglang,cache-disabled,24,2,7,0.15236336599627975,8,0,False
sglang,cache-disabled,24,2,8,0.15327318100025877,8,0,False
sglang,cache-disabled,24,2,9,0.15106574099627323,8,0,False
sglang,cache-disabled,24,3,0,0.14987653300340753,8,2,False
sglang,cache-disabled,24,3,1,0.15327583700127434,8,2,False
sglang,cache-disabled,24,3,2,0.1482341049995739,8,2,False
sglang,cache-disabled,24,3,3,0.15019171900348738,8,2,False
sglang,cache-disabled,24,3,4,0.151083421005751,8,2,False
sglang,cache-disabled,24,3,5,0.1501266779960133,8,2,False
sglang,cache-disabled,24,3,6,0.15027093498792965,8,2,False
sglang,cache-disabled,24,3,7,0.1519084669998847,8,2,False
sglang,cache-disabled,24,3,8,0.15049112899578176,8,2,False
sglang,cache-disabled,24,3,9,0.15013627799635287,8,2,False
sglang,cache-disabled,24,4,0,0.1523837669956265,0,2,False
sglang,cache-disabled,24,4,1,0.15383065599598922,0,2,False
sglang,cache-disabled,24,4,2,0.14930334499513265,0,2,False
sglang,cache-disabled,24,4,3,0.14955798599112313,0,2,False
sglang,cache-disabled,24,4,4,0.15141089499229565,0,2,False
sglang,cache-disabled,24,4,5,0.15047821700864006,0,2,False
sglang,cache-disabled,24,4,6,0.15035387998796068,0,2,False
sglang,cache-disabled,24,4,7,0.15134431900514755,0,2,False
sglang,cache-disabled,24,4,8,0.15137849500752054,0,2,False
sglang,cache-disabled,24,4,9,0.15009087001089938,0,2,False
sglang,cache-disabled,24,5,0,0.15073303399549332,5,2,False
sglang,cache-disabled,24,5,1,0.15002634200209286,5,2,False
sglang,cache-disabled,24,5,2,0.1497411070013186,5,2,False
sglang,cache-disabled,24,5,3,0.1503940239927033,5,2,False
sglang,cache-disabled,24,5,4,0.15189443501003552,5,2,False
sglang,cache-disabled,24,5,5,0.15097276399319526,5,2,False
sglang,cache-disabled,24,5,6,0.1527634969970677,5,2,False
sglang,cache-disabled,24,5,7,0.15065821800089907,5,2,False
sglang,cache-disabled,24,5,8,0.14985155599424616,5,2,False
sglang,cache-disabled,24,5,9,0.15108530900033657,5,2,False
sglang,cache-disabled,25,0,0,0.15340817300602794,0,3,False
sglang,cache-disabled,25,0,1,0.15213525199214928,0,3,False
sglang,cache-disabled,25,0,2,0.15151401598996017,0,3,False
sglang,cache-disabled,25,0,3,0.14869927600375377,0,3,False
sglang,cache-disabled,25,0,4,0.1506726340012392,0,3,False
sglang,cache-disabled,25,0,5,0.14966910700604785,0,3,False
sglang,cache-disabled,25,0,6,0.15280684099707287,0,3,False
sglang,cache-disabled,25,0,7,0.14985875600541476,0,3,False
sglang,cache-disabled,25,0,8,0.1508031139965169,0,3,False
sglang,cache-disabled,25,0,9,0.1519792030012468,0,3,False
sglang,cache-disabled,25,1,0,0.15042039199033752,6,2,False
sglang,cache-disabled,25,1,1,0.15280336899741087,6,2,False
sglang,cache-disabled,25,1,2,0.1490527340065455,6,2,False
sglang,cache-disabled,25,1,3,0.15207779599586502,6,2,False
sglang,cache-disabled,25,1,4,0.15000123699428514,6,2,False
sglang,cache-disabled,25,1,5,0.15110338799422607,6,2,False
sglang,cache-disabled,25,1,6,0.1524711429956369,6,2,False
sglang,cache-disabled,25,1,7,0.1537305749952793,6,2,False
sglang,cache-disabled,25,1,8,0.14982230799796525,6,2,False
sglang,cache-disabled,25,1,9,0.15137210999091621,6,2,False
sglang,cache-disabled,25,2,0,0.1510018989938544,1,8,False
sglang,cache-disabled,25,2,1,0.1502635420038132,1,8,False
sglang,cache-disabled,25,2,2,0.15131524599564727,1,8,False
sglang,cache-disabled,25,2,3,0.15134604700142518,1,8,False
sglang,cache-disabled,25,2,4,0.15024227798858192,1,8,False
sglang,cache-disabled,25,2,5,0.15040899999439716,1,8,False
sglang,cache-disabled,25,2,6,0.15521560900378972,1,8,False
sglang,cache-disabled,25,2,7,0.1517076320014894,1,8,False
sglang,cache-disabled,25,2,8,0.1500049640017096,1,8,False
sglang,cache-disabled,25,2,9,0.15291981800692156,1,8,False
sglang,cache-disabled,25,3,0,0.15020787800312974,1,1,True
sglang,cache-disabled,25,3,1,0.148598954998306,1,1,True
sglang,cache-disabled,25,3,2,0.15329965999990236,1,1,True
sglang,cache-disabled,25,3,3,0.1494857130019227,1,1,True
sglang,cache-disabled,25,3,4,0.1537828470027307,1,1,True
sglang,cache-disabled,25,3,5,0.15056263199949171,1,1,True
sglang,cache-disabled,25,3,6,0.1510178519965848,1,1,True
sglang,cache-disabled,25,3,7,0.15020583001023624,1,1,True
sglang,cache-disabled,25,3,8,0.14986475600744598,1,1,True
sglang,cache-disabled,25,3,9,0.1524528700101655,1,1,True
sglang,cache-disabled,25,4,0,0.1506983129947912,7,3,False
sglang,cache-disabled,25,4,1,0.14931488000729587,7,3,False
sglang,cache-disabled,25,4,2,0.15342620499723125,7,3,False
sglang,cache-disabled,25,4,3,0.14700075100699905,7,3,False
sglang,cache-disabled,25,4,4,0.15155894300551154,7,3,False
sglang,cache-disabled,25,4,5,0.15111599599185865,7,3,False
sglang,cache-disabled,25,4,6,0.15174256099271588,7,3,False
sglang,cache-disabled,25,4,7,0.15222829199046828,7,3,False
sglang,cache-disabled,25,4,8,0.1512368929979857,7,3,False
sglang,cache-disabled,25,4,9,0.14930035200086422,7,3,False
sglang,cache-disabled,25,5,0,0.1503387420088984,0,5,False
sglang,cache-disabled,25,5,1,0.15026971900078934,0,5,False
sglang,cache-disabled,25,5,2,0.150973995012464,0,5,False
sglang,cache-disabled,25,5,3,0.1511461399932159,0,5,False
sglang,cache-disabled,25,5,4,0.15315944999747444,0,5,False
sglang,cache-disabled,25,5,5,0.15004650100308936,0,5,False
sglang,cache-disabled,25,5,6,0.15192477000528015,0,5,False
sglang,cache-disabled,25,5,7,0.15124900499358773,0,5,False
sglang,cache-disabled,25,5,8,0.15055855199170765,0,5,False
sglang,cache-disabled,25,5,9,0.15094953100197017,0,5,False
sglang,cache-disabled,26,0,0,0.15044224698795006,7,9,False
sglang,cache-disabled,26,0,1,0.15082857001107186,7,9,False
sglang,cache-disabled,26,0,2,0.15080780199787114,7,9,False
sglang,cache-disabled,26,0,3,0.1509410989965545,7,9,False
sglang,cache-disabled,26,0,4,0.1505986970005324,7,9,False
sglang,cache-disabled,26,0,5,0.15034695000213105,7,9,False
sglang,cache-disabled,26,0,6,0.15077973800362088,7,9,False
sglang,cache-disabled,26,0,7,0.15505770400341135,7,9,False
sglang,cache-disabled,26,0,8,0.14958468900294974,7,9,False
sglang,cache-disabled,26,0,9,0.14927483099745587,7,9,False
sglang,cache-disabled,26,1,0,0.14912134199403226,0,7,False
sglang,cache-disabled,26,1,1,0.15082234599685762,0,7,False
sglang,cache-disabled,26,1,2,0.1496102249948308,0,7,False
sglang,cache-disabled,26,1,3,0.14923204699880444,0,7,False
sglang,cache-disabled,26,1,4,0.1515562230051728,0,7,False
sglang,cache-disabled,26,1,5,0.15119412400235888,0,7,False
sglang,cache-disabled,26,1,6,0.15270674299972598,0,7,False
sglang,cache-disabled,26,1,7,0.14807787800964434,0,7,False
sglang,cache-disabled,26,1,8,0.15177067198965233,0,7,False
sglang,cache-disabled,26,1,9,0.15123826800845563,0,7,False
sglang,cache-disabled,26,2,0,0.15027837401430588,6,3,False
sglang,cache-disabled,26,2,1,0.1510843159921933,6,3,False
sglang,cache-disabled,26,2,2,0.15525959301157854,6,3,False
sglang,cache-disabled,26,2,3,0.14952337599243037,6,3,False
sglang,cache-disabled,26,2,4,0.15158574300585315,6,3,False
sglang,cache-disabled,26,2,5,0.15046490299573634,6,3,False
sglang,cache-disabled,26,2,6,0.15065460000187159,6,3,False
sglang,cache-disabled,26,2,7,0.1503800389909884,6,3,False
sglang,cache-disabled,26,2,8,0.15185275200929027,6,3,False
sglang,cache-disabled,26,2,9,0.15111917899048422,6,3,False
sglang,cache-disabled,26,3,0,0.1510608120006509,9,6,False
sglang,cache-disabled,26,3,1,0.15048943099100143,9,6,False
sglang,cache-disabled,26,3,2,0.15294312800688203,9,6,False
sglang,cache-disabled,26,3,3,0.1507106329954695,9,6,False
sglang,cache-disabled,26,3,4,0.1527052550081862,9,6,False
sglang,cache-disabled,26,3,5,0.15285250400484074,9,6,False
sglang,cache-disabled,26,3,6,0.148376728000585,9,6,False
sglang,cache-disabled,26,3,7,0.15306930600490887,9,6,False
sglang,cache-disabled,26,3,8,0.15266186199733056,9,6,False
sglang,cache-disabled,26,3,9,0.1513208609976573,9,6,False
sglang,cache-disabled,26,4,0,0.1511071959976107,9,2,False
sglang,cache-disabled,26,4,1,0.15089802599686664,9,2,False
sglang,cache-disabled,26,4,2,0.149263853993034,9,2,False
sglang,cache-disabled,26,4,3,0.15011846899869852,9,2,False
sglang,cache-disabled,26,4,4,0.15059659999678843,9,2,False
sglang,cache-disabled,26,4,5,0.15049853500386234,9,2,False
sglang,cache-disabled,26,4,6,0.15051195900014136,9,2,False
sglang,cache-disabled,26,4,7,0.15098032999958377,9,2,False
sglang,cache-disabled,26,4,8,0.15035306199570186,9,2,False
sglang,cache-disabled,26,4,9,0.1500726759986719,9,2,False
sglang,cache-disabled,26,5,0,0.1510957880091155,0,6,False
sglang,cache-disabled,26,5,1,0.15236963599454612,0,6,False
sglang,cache-disabled,26,5,2,0.1511154030013131,0,6,False
sglang,cache-disabled,26,5,3,0.15087500200024806,0,6,False
sglang,cache-disabled,26,5,4,0.15060892001201864,0,6,False
sglang,cache-disabled,26,5,5,0.15295984799740836,0,6,False
sglang,cache-disabled,26,5,6,0.14865295399795286,0,6,False
sglang,cache-disabled,26,5,7,0.1514740940037882,0,6,False
sglang,cache-disabled,26,5,8,0.15386145500815473,0,6,False
sglang,cache-disabled,26,5,9,0.15253278899763245,0,6,False
sglang,cache-disabled,27,0,0,0.15126250800676644,4,9,False
sglang,cache-disabled,27,0,1,0.15117759500571992,4,9,False
sglang,cache-disabled,27,0,2,0.1511041540070437,4,9,False
sglang,cache-disabled,27,0,3,0.1511063789948821,4,9,False
sglang,cache-disabled,27,0,4,0.15058698299981188,4,9,False
sglang,cache-disabled,27,0,5,0.15065000799950212,4,9,False
sglang,cache-disabled,27,0,6,0.1502285330061568,4,9,False
sglang,cache-disabled,27,0,7,0.15025886899093166,4,9,False
sglang,cache-disabled,27,0,8,0.15312175299914088,4,9,False
sglang,cache-disabled,27,0,9,0.14887641099630855,4,9,False
sglang,cache-disabled,27,1,0,0.15122132400574628,4,4,True
sglang,cache-disabled,27,1,1,0.1510894509992795,4,4,True
sglang,cache-disabled,27,1,2,0.15016482000646647,4,4,True
sglang,cache-disabled,27,1,3,0.15513522300170735,4,4,True
sglang,cache-disabled,27,1,4,0.1478567239973927,4,4,True
sglang,cache-disabled,27,1,5,0.1513356119976379,4,4,True
sglang,cache-disabled,27,1,6,0.15227134800807107,4,4,True
sglang,cache-disabled,27,1,7,0.15071957600594033,4,4,True
sglang,cache-disabled,27,1,8,0.151059929994517,4,4,True
sglang,cache-disabled,27,1,9,0.1509426499978872,4,4,True
sglang,cache-disabled,27,2,0,0.15141022099123802,9,1,False
sglang,cache-disabled,27,2,1,0.14973569700669032,9,1,False
sglang,cache-disabled,27,2,2,0.15108503500232473,9,1,False
sglang,cache-disabled,27,2,3,0.15007496300677303,9,1,False
sglang,cache-disabled,27,2,4,0.150171412009513,9,1,False
sglang,cache-disabled,27,2,5,0.1499047539982712,9,1,False
sglang,cache-disabled,27,2,6,0.15070224700320978,9,1,False
sglang,cache-disabled,27,2,7,0.1526504050125368,9,1,False
sglang,cache-disabled,27,2,8,0.1517914559954079,9,1,False
sglang,cache-disabled,27,2,9,0.1503661010065116,9,1,False
sglang,cache-disabled,27,3,0,0.1500015540077584,6,6,True
sglang,cache-disabled,27,3,1,0.1511925069935387,6,6,True
sglang,cache-disabled,27,3,2,0.15034342900617048,6,6,True
sglang,cache-disabled,27,3,3,0.15087381599005312,6,6,True
sglang,cache-disabled,27,3,4,0.15018510799563956,6,6,True
sglang,cache-disabled,27,3,5,0.15287592700042296,6,6,True
sglang,cache-disabled,27,3,6,0.148518136003986,6,6,True
sglang,cache-disabled,27,3,7,0.1505547429987928,6,6,True
sglang,cache-disabled,27,3,8,0.15140894099022262,6,6,True
sglang,cache-disabled,27,3,9,0.15086496800358873,6,6,True
sglang,cache-disabled,27,4,0,0.15001001799828373,1,3,False
sglang,cache-disabled,27,4,1,0.1497221290046582,1,3,False
sglang,cache-disabled,27,4,2,0.1523953639989486,1,3,False
sglang,cache-disabled,27,4,3,0.14896466700884048,1,3,False
sglang,cache-disabled,27,4,4,0.14994102700438816,1,3,False
sglang,cache-disabled,27,4,5,0.15112205799960066,1,3,False
sglang,cache-disabled,27,4,6,0.15146634899429046,1,3,False
sglang,cache-disabled,27,4,7,0.1525977650017012,1,3,False
sglang,cache-disabled,27,4,8,0.14989440199860837,1,3,False
sglang,cache-disabled,27,4,9,0.15174447900790256,1,3,False
sglang,cache-disabled,27,5,0,0.1535232429887401,1,1,True
sglang,cache-disabled,27,5,1,0.1478306599892676,1,1,True
sglang,cache-disabled,27,5,2,0.15264179700170644,1,1,True
sglang,cache-disabled,27,5,3,0.15096634499786887,1,1,True
sglang,cache-disabled,27,5,4,0.14995859398914035,1,1,True
sglang,cache-disabled,27,5,5,0.1507015120005235,1,1,True
sglang,cache-disabled,27,5,6,0.1516750860027969,1,1,True
sglang,cache-disabled,27,5,7,0.1497627850039862,1,1,True
sglang,cache-disabled,27,5,8,0.14953108699410222,1,1,True
sglang,cache-disabled,27,5,9,0.15025307600444648,1,1,True
sglang,cache-disabled,28,0,0,0.15037411799130496,5,7,False
sglang,cache-disabled,28,0,1,0.15200657599780243,5,7,False
sglang,cache-disabled,28,0,2,0.1499786589993164,5,7,False
sglang,cache-disabled,28,0,3,0.1505919420014834,5,7,False
sglang,cache-disabled,28,0,4,0.15246520400978625,5,7,False
sglang,cache-disabled,28,0,5,0.15090696899278555,5,7,False
sglang,cache-disabled,28,0,6,0.15302834399335552,5,7,False
sglang,cache-disabled,28,0,7,0.14859242500097025,5,7,False
sglang,cache-disabled,28,0,8,0.15057275800791103,5,7,False
sglang,cache-disabled,28,0,9,0.14992908999556676,5,7,False
sglang,cache-disabled,28,1,0,0.15073173500422854,8,1,False
sglang,cache-disabled,28,1,1,0.1497322720097145,8,1,False
sglang,cache-disabled,28,1,2,0.1510085049958434,8,1,False
sglang,cache-disabled,28,1,3,0.15047894899907988,8,1,False
sglang,cache-disabled,28,1,4,0.1508479769981932,8,1,False
sglang,cache-disabled,28,1,5,0.15208516900020186,8,1,False
sglang,cache-disabled,28,1,6,0.14995251299114898,8,1,False
sglang,cache-disabled,28,1,7,0.1502486429963028,8,1,False
sglang,cache-disabled,28,1,8,0.15089484000054654,8,1,False
sglang,cache-disabled,28,1,9,0.1537185880006291,8,1,False
sglang,cache-disabled,28,2,0,0.14832210200256668,9,7,False
sglang,cache-disabled,28,2,1,0.15077999199274927,9,7,False
sglang,cache-disabled,28,2,2,0.15086997600155883,9,7,False
sglang,cache-disabled,28,2,3,0.15075738400628325,9,7,False
sglang,cache-disabled,28,2,4,0.14994667300197762,9,7,False
sglang,cache-disabled,28,2,5,0.15136949899897445,9,7,False
sglang,cache-disabled,28,2,6,0.15284698200412095,9,7,False
sglang,cache-disabled,28,2,7,0.14830523800628725,9,7,False
sglang,cache-disabled,28,2,8,0.1517229419987416,9,7,False
sglang,cache-disabled,28,2,9,0.1510697690100642,9,7,False
sglang,cache-disabled,28,3,0,0.15159337299701292,4,4,True
sglang,cache-disabled,28,3,1,0.15385722900100518,4,4,True
sglang,cache-disabled,28,3,2,0.1489889869990293,4,4,True
sglang,cache-disabled,28,3,3,0.15418078399670776,4,4,True
sglang,cache-disabled,28,3,4,0.1473477749968879,4,4,True
sglang,cache-disabled,28,3,5,0.15192388799914625,4,4,True
sglang,cache-disabled,28,3,6,0.1508287430042401,4,4,True
sglang,cache-disabled,28,3,7,0.1503376839973498,4,4,True
sglang,cache-disabled,28,3,8,0.1532083760102978,4,4,True
sglang,cache-disabled,28,3,9,0.15118340300978161,4,4,True
sglang,cache-disabled,28,4,0,0.1503069000027608,6,3,False
sglang,cache-disabled,28,4,1,0.1509591130015906,6,3,False
sglang,cache-disabled,28,4,2,0.15025721900747158,6,3,False
sglang,cache-disabled,28,4,3,0.1502092349983286,6,3,False
sglang,cache-disabled,28,4,4,0.1504983729973901,6,3,False
sglang,cache-disabled,28,4,5,0.15186651100520976,6,3,False
sglang,cache-disabled,28,4,6,0.15022621100069955,6,3,False
sglang,cache-disabled,28,4,7,0.15117698600806762,6,3,False
sglang,cache-disabled,28,4,8,0.1517773099913029,6,3,False
sglang,cache-disabled,28,4,9,0.15112692200636957,6,3,False
sglang,cache-disabled,28,5,0,0.1499750729999505,1,4,False
sglang,cache-disabled,28,5,1,0.1510861209972063,1,4,False
sglang,cache-disabled,28,5,2,0.14960665500257164,1,4,False
sglang,cache-disabled,28,5,3,0.15494814900739584,1,4,False
sglang,cache-disabled,28,5,4,0.14919221999298315,1,4,False
sglang,cache-disabled,28,5,5,0.15236086599179544,1,4,False
sglang,cache-disabled,28,5,6,0.1500734739965992,1,4,False
sglang,cache-disabled,28,5,7,0.15117615400231443,1,4,False
sglang,cache-disabled,28,5,8,0.15179958300723229,1,4,False
sglang,cache-disabled,28,5,9,0.15028853100375272,1,4,False
sglang,cache-disabled,29,0,0,0.15072117499948945,5,5,True
sglang,cache-disabled,29,0,1,0.15040173201123253,5,5,True
sglang,cache-disabled,29,0,2,0.1509529199975077,5,5,True
sglang,cache-disabled,29,0,3,0.15122941799927503,5,5,True
sglang,cache-disabled,29,0,4,0.15033701198990457,5,5,True
sglang,cache-disabled,29,0,5,0.14977955199719872,5,5,True
sglang,cache-disabled,29,0,6,0.1502469950064551,5,5,True
sglang,cache-disabled,29,0,7,0.1510920409928076,5,5,True
sglang,cache-disabled,29,0,8,0.15082916000392288,5,5,True
sglang,cache-disabled,29,0,9,0.15265390800777823,5,5,True
sglang,cache-disabled,29,1,0,0.1497267840022687,7,0,False
sglang,cache-disabled,29,1,1,0.14997937699081376,7,0,False
sglang,cache-disabled,29,1,2,0.1506993670045631,7,0,False
sglang,cache-disabled,29,1,3,0.15064163801434916,7,0,False
sglang,cache-disabled,29,1,4,0.15029568299360108,7,0,False
sglang,cache-disabled,29,1,5,0.1516770849993918,7,0,False
sglang,cache-disabled,29,1,6,0.15086407199851237,7,0,False
sglang,cache-disabled,29,1,7,0.15090906400291715,7,0,False
sglang,cache-disabled,29,1,8,0.15052914099942427,7,0,False
sglang,cache-disabled,29,1,9,0.15314579900586978,7,0,False
sglang,cache-disabled,29,2,0,0.1495603020011913,5,6,False
sglang,cache-disabled,29,2,1,0.15039885199803393,5,6,False
sglang,cache-disabled,29,2,2,0.1500602739979513,5,6,False
sglang,cache-disabled,29,2,3,0.15152137199766003,5,6,False
sglang,cache-disabled,29,2,4,0.14910588299972005,5,6,False
sglang,cache-disabled,29,2,5,0.15397812500305008,5,6,False
sglang,cache-disabled,29,2,6,0.1490733230020851,5,6,False
sglang,cache-disabled,29,2,7,0.15084093499172013,5,6,False
sglang,cache-disabled,29,2,8,0.15048101299908012,5,6,False
sglang,cache-disabled,29,2,9,0.15038638800615445,5,6,False
sglang,cache-disabled,29,3,0,0.15051491701160558,1,5,False
sglang,cache-disabled,29,3,1,0.15079834300559014,1,5,False
sglang,cache-disabled,29,3,2,0.1500863380060764,1,5,False
sglang,cache-disabled,29,3,3,0.15078550999169238,1,5,False
sglang,cache-disabled,29,3,4,0.15099330400698818,1,5,False
sglang,cache-disabled,29,3,5,0.15004417698946781,1,5,False
sglang,cache-disabled,29,3,6,0.15044853200379293,1,5,False
sglang,cache-disabled,29,3,7,0.15103898500092328,1,5,False
sglang,cache-disabled,29,3,8,0.15170564499567263,1,5,False
sglang,cache-disabled,29,3,9,0.15307791100349277,1,5,False
sglang,cache-disabled,29,4,0,0.15051898099773098,3,2,False
sglang,cache-disabled,29,4,1,0.15319703199202195,3,2,False
sglang,cache-disabled,29,4,2,0.14807222700619604,3,2,False
sglang,cache-disabled,29,4,3,0.15142261900473386,3,2,False
sglang,cache-disabled,29,4,4,0.15008204900368582,3,2,False
sglang,cache-disabled,29,4,5,0.15107447300397325,3,2,False
sglang,cache-disabled,29,4,6,0.15064661300857551,3,2,False
sglang,cache-disabled,29,4,7,0.15097119100391865,3,2,False
sglang,cache-disabled,29,4,8,0.15075055100896861,3,2,False
sglang,cache-disabled,29,4,9,0.15037598701019306,3,2,False
sglang,cache-disabled,29,5,0,0.15169370800140314,3,2,False
sglang,cache-disabled,29,5,1,0.15306024700112175,3,2,False
sglang,cache-disabled,29,5,2,0.14878034399589524,3,2,False
sglang,cache-disabled,29,5,3,0.1507289659930393,3,2,False
sglang,cache-disabled,29,5,4,0.14932721199875232,3,2,False
sglang,cache-disabled,29,5,5,0.1502072339935694,3,2,False
sglang,cache-disabled,29,5,6,0.1500070250040153,3,2,False
sglang,cache-disabled,29,5,7,0.151293450006051,3,2,False
sglang,cache-disabled,29,5,8,0.14980956799990963,3,2,False
sglang,cache-disabled,29,5,9,0.15352764099952765,3,2,False
